persona,scenario,modifier,query,answer,retrieved_articles,hits
eu_freelancer_traveling_uae_male_29,fraud_unauthorised_atm_withdrawal,empty,"I see an ATM withdrawal on my account that I didn't make, how can I report this?","Freeze your card in the app to secure your account, then follow the instructions to report the fraudulent ATM withdrawal.","Report a fraudulent ATM withdrawal,Report a fraudulent transfer,My card has been swallowed by an ATM,Report a card payment as a scam or fraud",4
eu_freelancer_traveling_uae_male_29,fraud_unauthorised_atm_withdrawal,calm_at_home,A suspicious ATM withdrawal appeared today that I did not make. Could you guide me on how to address and report this issue?,"To address and report a suspicious ATM withdrawal you did not make, follow these steps:
- Freeze or terminate your card using the app
- Contact the ATM provider for further instructions on resolving the issue.","Report a fraudulent ATM withdrawal,Report a fraudulent transfer,My card has been swallowed by an ATM,Report a card payment as a scam or fraud",4
eu_freelancer_traveling_uae_male_29,fraud_unauthorised_atm_withdrawal,panic_security_fear,"urgent! atm cash withdrawal just appeared on my account but it's not me, need help now to fix this!","If you see an unauthorized ATM withdrawal in your account, follow these urgent steps to secure your account and report the fraudulent transaction:

1. Freeze your card in the app to prevent further unauthorized transactions.
2. Contact the ATM provider to discuss next steps for resolving the issue.

If you need further assistance, please let me know.","My card has been swallowed by an ATM,Report a fraudulent ATM withdrawal,Why was my ATM withdrawal declined?,Why is my ATM withdrawal pending?",4
eu_freelancer_traveling_uae_male_29,fraud_unauthorised_atm_withdrawal,angry_after_waiting,JUST SAW ATM withdrawal I DIDN'T MAKE! Need this fixed NOW. Why is this taking so long?,"Report the fraudulent ATM withdrawal immediately following the steps in the ""Report a fraudulent ATM withdrawal"" article to secure your account and address the issue promptly.","Why is my ATM withdrawal pending?,My card has been swallowed by an ATM,Why was my ATM withdrawal declined?,Report a fraudulent ATM withdrawal",4
eu_freelancer_traveling_uae_male_29,fraud_unauthorised_atm_withdrawal,confused_by_app_updates,There's an ATM withdrawal on my account that I didn't make. What should I do to report this? I'm not sure where to find the option in the app.,"To report a fraudulent ATM withdrawal in the app:
1. Go to 'Home' on the bottom menu
2. Tap the card icon in the top-right corner
3. Select the card you want to freeze and tap 'Freeze'

If you're unsure where to find the option, please follow the steps mentioned above.","Report a fraudulent ATM withdrawal,My card has been swallowed by an ATM,Report a fraudulent transfer,Why was my ATM withdrawal declined?",4
eu_freelancer_traveling_uae_male_29,fraud_unauthorised_atm_withdrawal,rushing_with_typos,"atm cash taken but i didnt withdraw it, need to report urgent, what do i do pls","Freeze your card immediately to prevent any unauthorized transactions by following these steps:
1. Go to 'Home' on the bottom menu
2. Tap the card icon in the top-right corner
3. Select the card you want to freeze, and tap 'Freeze'. ","Report a fraudulent ATM withdrawal,My card has been swallowed by an ATM,Why is my ATM withdrawal pending?,Why was my ATM withdrawal declined?",4
eu_freelancer_traveling_uae_male_29,fraud_unauthorised_atm_withdrawal,on_the_go_direct,"unauthorized withdrawal from my account at atm today, act now","To secure your account and report the fraudulent ATM withdrawal, follow these steps:

- Freeze your card by going to 'Home' on the bottom menu, tapping the card icon in the top-right corner, selecting the card you want to freeze, and tapping 'Freeze.'

After freezing your card, follow the steps in the ""Report a fraudulent ATM withdrawal"" article to report the unauthorized transaction.","Report a fraudulent ATM withdrawal,My card has been swallowed by an ATM,Why was my ATM withdrawal declined?,Limits",4
eu_freelancer_traveling_uae_male_29,fraud_unauthorised_atm_withdrawal,voice_transcription,uh so there's an atm withdrawal on my account today and i definitely didn't make this transaction and i'm really worried can you help me with how to report it cause i need this sorted asap,"Please freeze your card in the app to secure your account and then follow the steps provided in the article ""Report a fraudulent ATM withdrawal"" to report the unauthorized transaction.","Report a fraudulent ATM withdrawal,My card has been swallowed by an ATM,Report a fraudulent transfer,Why was my ATM withdrawal declined?",4
eu_freelancer_traveling_uae_male_29,fraud_unauthorised_atm_withdrawal,poor_internet_connection,i see atm withdrawal i didn't make while my app struggles to load can i report it despite connection issues stuck retrying,"If you see an ATM withdrawal you didn't make while your app struggles to load, you can report it by following these steps:
- Freeze your card by tapping the card icon in the top-right corner of the app
- Fill out this form: [link to form]","Report a fraudulent ATM withdrawal,My card has been swallowed by an ATM,Why was my ATM withdrawal declined?,Report a fraudulent transfer",4
eu_freelancer_traveling_uae_male_29,fraud_unauthorised_atm_withdrawal,vague_first_message,unexpected atm withdrawal in dubai just now but it wasn't me what do i do urgently,"To secure your account and report the fraudulent ATM withdrawal in Dubai, follow these steps immediately:

1. Freeze your card in the app by following the steps mentioned in the ""Report a fraudulent ATM withdrawal"" article.

2. Contact our Customer Support team via the in-app chat to report the unauthorized transaction and get further assistance in keeping your account safe.","Report a fraudulent ATM withdrawal,My card has been swallowed by an ATM,I received a transfer from an unknown sender,Report a fraudulent transfer",4
eu_freelancer_traveling_uae_male_29,fraud_unrecognised_card_payment,empty,I saw a card payment I don't recognize. How can I report it as fraudulent?,"Tap the transaction in your transactions list and report it as a fraudulent payment in your Revolut app. Then, follow the necessary steps to secure your account.","Report a card payment as a scam or fraud,My card has been used fraudulently,Report a fraudulent ATM withdrawal,Report a fraudulent transfer",4
eu_freelancer_traveling_uae_male_29,fraud_unrecognised_card_payment,calm_at_home,"I noticed an unexpected charge on my Revolut account in AED, and I’m concerned it might be fraudulent. Could you guide me on how to report this correctly?","Report the AED transaction as fraudulent by tapping the transaction in your transactions list. If you have multiple transactions in the list, tap on the specific transaction you want to report.","Report a fraudulent ATM withdrawal,Report a fraudulent transfer,Report a card payment as a scam or fraud,How to report a suspicious call, email, link, or text",4
eu_freelancer_traveling_uae_male_29,fraud_unrecognised_card_payment,panic_security_fear,"urgent! just saw unknown card payment, seems like fraud please help asap what should i do","Report the unknown card payment as fraudulent immediately by following the steps in the article ""Report a card transaction as fraudulent"" from your Revolut app. This will help you secure your account and address the issue promptly.","Report a card payment as a scam or fraud,My card has been used fraudulently,Report a fraudulent transfer,Report a fraudulent ATM withdrawal",4
eu_freelancer_traveling_uae_male_29,fraud_unrecognised_card_payment,angry_after_waiting,"Unrecognized card payment in AED. NOT me! Tried solving before, no help. THIS IS A SCAM. Need immediate action now!","Please report the unrecognized card payment as a scam or fraud by following the steps in the article ""Report a card payment as a scam or fraud"" and ""My card has been used fraudulently."" This will help you secure your account and prevent further fraudulent activity.","Report a card payment as a scam or fraud,My card has been used fraudulently,Report a fraudulent transfer,My card payment was declined by the security system",4
eu_freelancer_traveling_uae_male_29,fraud_unrecognised_card_payment,confused_by_app_updates,"i see a card payment I don't recognize, looks like fraud but i’m confused how to report this, where do i find this feature in the app?","To report a card payment as fraud in the app, go to 'Home' on the bottom menu, then tap the transaction in your transactions list and follow the steps outlined in the article ""Report a card payment as a scam or fraud.""","Report a card payment as a scam or fraud,Report a fraudulent transfer,My card has been used fraudulently,Report a fraudulent ATM withdrawal",4
eu_freelancer_traveling_uae_male_29,fraud_unrecognised_card_payment,rushing_with_typos,saw a card charge i dont recognize looked like fraud pls fix what steps should i take,"If you believe you've been the victim of a fraudulent card charge, you can report it as a fraudulent transaction in your Revolut app. Go to 'Home' on the bottom menu and then to 'Transactions'. Tap the transaction in question and follow the steps to report it as fraudulent.","Report a card payment as a scam or fraud,My card has been used fraudulently,Report a fraudulent transfer,I want to cancel my transfer to a card",4
eu_freelancer_traveling_uae_male_29,fraud_unrecognised_card_payment,on_the_go_direct,"unauthorized charge on my card, not my purchase, stop this now","To report an unauthorized charge on your card, follow these steps:
- Go to 'Home' on the bottom menu of the app
- Go to transactionshttps://app.revolut.com/transactions
- Tap the transaction you want to report as fraudulent.","My card has been used fraudulently,Report a card payment as a scam or fraud,Strange small charges on your card?,I want to cancel my transfer to a card",4
eu_freelancer_traveling_uae_male_29,fraud_unrecognised_card_payment,voice_transcription,uh i see this charge on my card today like i did not make it looks wrong uh could this be fraud i'm kinda worried what should i do,"Report the charge as a fraudulent transaction in your Revolut app. Go to 'Home' on the bottom menu, then go to 'Transactions.' Make sure to report any unauthorized charges as soon as possible.","My card has been used fraudulently,Report a card payment as a scam or fraud,Strange small charges on your card?,I want to cancel my transfer to a card",4
eu_freelancer_traveling_uae_male_29,fraud_unrecognised_card_payment,poor_internet_connection,"noticed a suspicious card payment from yesterday but it wasn’t me. experiencing issues with app loading slowly and error message, will the report go through despite this?","Go to 'Home' on the bottom menu and select the suspicious card payment you wish to report. Complete the questionnaire in the app to report the fraudulent transaction. If you are experiencing app loading issues, you may try reporting the transaction through a different device or contacting support for assistance.","My card payment was declined by the security system,Report a card payment as a scam or fraud,My card has been used fraudulently,Report a fraudulent transfer",4
eu_freelancer_traveling_uae_male_29,fraud_unrecognised_card_payment,vague_first_message,just saw card payment i didn't make what should i do now because money's gone without me knowing,"Report the unauthorized transaction as fraudulent immediately to prevent further loss. Follow these steps in your Revolut app:
1. Go to 'Home' on the bottom menu
2. Go to transactions
3. Tap the unauthorized transaction
4. Report it as fraudulent.","My card has been used fraudulently,My card was stolen. What should I do?,My card has been swallowed by an ATM,Report a card payment as a scam or fraud",4
eu_freelancer_traveling_uae_male_29,cross_border_transfer_delay,empty,I'm waiting for a transfer but it's not arrived yet. Could the IBAN I provided be incorrect?,I don't have the direct answer to your question based on the articles provided.,"Why is my transfer to a bank account still pending?,My beneficiary has not received my card transfer,Why is my incoming transfer pending?,Locate a bank transfer sent from Revolut",4
eu_freelancer_traveling_uae_male_29,cross_border_transfer_delay,calm_at_home,"I was expecting a EUR transfer from the UK, but it's not in my account yet. Could there be an issue with the IBAN details provided?","The EUR transfer from the UK may be pending due to final checks. If the transfer is not in your account, it might be awaiting additional information from the sending bank.","Why is my transfer to a bank account still pending?,What account details should I use for incoming transfers?,I can't send a transfer or create a recipient,Why is my incoming transfer pending?",4
eu_freelancer_traveling_uae_male_29,cross_border_transfer_delay,panic_security_fear,"transfer sent to my revolut account in euro but not arrived yet, worried something wrong with IBAN or details please help emergency","To track the transfer sent to your Revolut account in Euro, use the in-app incoming transfer tracker. If the funds have not arrived, check the general transfer timeframes. If the issue persists, you may need to contact support for assistance.","Locate a bank transfer sent from Revolut,Locate a bank transfer sent to my Revolut account,My beneficiary has not received my card transfer,Why is my transfer to a bank account still pending?",4
eu_freelancer_traveling_uae_male_29,cross_border_transfer_delay,angry_after_waiting,"Why hasn't my transfer arrived yet? Checked IBAN, it's correct. Stop delaying, need my money NOW. This is unacceptable.",I don't know.,"Why is my transfer to a bank account still pending?,Why is my incoming transfer pending?,My beneficiary has not received my card transfer,Locate a bank transfer sent to my Revolut account",4
eu_freelancer_traveling_uae_male_29,cross_border_transfer_delay,confused_by_app_updates,i expected a eur transfer from abroad but nothing in my account yet i checked the iban but unsure it’s right can’t find where to confirm details in the app,"To confirm your account details for incoming transfers in the Revolut app, follow these steps:
1. Go to 'Home' on the bottom menu
2. Tap 'Accounts'
3. Select the currency you wish to receive money in
4. Below your account balance, tap 'Details'
5. Choose 'Local' or 'International'

If you're still unsure about the transfer status, use the in-app incoming transfer tracker or seek help through the 'Get help' option for specific troubleshooting steps.","Locate a bank transfer sent to my Revolut account,Locate a bank transfer sent from Revolut,Why was the transfer to my account reverted?,What account details should I use for incoming transfers?",4
eu_freelancer_traveling_uae_male_29,cross_border_transfer_delay,rushing_with_typos,expecting transfer in eur from abroad didn't come yet check iban details pls,"To locate a bank transfer sent to your Revolut account, use the in-app incoming transfer tracker. You can track your transfer and get transfer timelines there. If the transfer is still pending, it may be due to various reasons mentioned in the article on pending transfers.","Locate a bank transfer sent to my Revolut account,Locate a bank transfer sent from Revolut,Why is my transfer to a bank account still pending?,My beneficiary has not received my card transfer",4
eu_freelancer_traveling_uae_male_29,cross_border_transfer_delay,on_the_go_direct,"transfer from uk hasn't arrived yet, check my iban details please","To check the status of your transfer from the UK, you can use the ""Outbound transfer status"" feature in the Revolut app. Here's how to access it: Tap your profile icon in the top-left corner, select 'Help', and go to Outbound transfer status. If your transfer hasn't arrived, you can also download the transfer confirmation and share it with your recipient's bank for more information on when the funds will arrive.","My beneficiary has not received my card transfer,Locate a bank transfer sent from Revolut,Why is my transfer to a bank account still pending?,Locate a bank transfer sent to my Revolut account",4
eu_freelancer_traveling_uae_male_29,cross_border_transfer_delay,voice_transcription,hey so i'm waiting for a transfer i should have received from the UK but it hasn't arrived uh i'm worried like maybe the IBAN i gave is wrong or something how do i check this,"Locate and check the latest status of the bank transfer sent to your Revolut account using the in-app incoming transfer tracker. If the transfer is not located, contact Customer Support for further assistance.","I received a transfer from an unknown sender,Locate a bank transfer sent to my Revolut account,Locate a bank transfer sent from Revolut,My beneficiary has not received my card transfer",4
eu_freelancer_traveling_uae_male_29,cross_border_transfer_delay,poor_internet_connection,"my transfer from uk hasn't arrived yet and i'm worried about my iban details, app gets stuck loading when checking, will the transfer go through?","When a transfer is pending, it may take extra time due to various reasons such as processing checks or additional information needed. If your app is stuck loading when checking the transfer status, you can try refreshing the page or logging out and back in. If you're concerned about your IBAN details, you can double-check them and reach out to support for assistance.","Why is my transfer to a bank account still pending?,Why is my incoming transfer pending?,Why is my card transfer still pending?,My beneficiary has not received my card transfer",4
eu_freelancer_traveling_uae_male_29,cross_border_transfer_delay,vague_first_message,i was expecting a euro transfer but nothing in my account yet is my info wrong,"If you were expecting a Euro transfer but haven't received it yet, you can do the following:
1. Double-check with the sender that they used the correct details, such as your RevTag or phone number.
2. Check your other currency accounts in the app.

If you still don't see the transfer, you can contact our Customer Support team for further assistance.","Why is my transfer to a bank account still pending?,I received a transfer from an unknown sender,My transfer to or from someone on Revolut wasn't received,Locate a bank transfer sent from Revolut",4
eu_freelancer_traveling_uae_male_29,plans_billing_1,empty,Who handles the trip cancellation coverage under my Ultra plan?,Qover handles the trip cancellation coverage under your Ultra plan.,"My supplier won’t let me cancel my trip/event. Am I covered with Ultra trip and event cancellation protection?,Who provides Ultra trip and event cancellation protection?,Am I covered by Ultra trip cancellation protection if I need to cancel a flight while abroad?,Ultra trip & event cancellation with companion coverage",4
eu_freelancer_traveling_uae_male_29,plans_billing_1,calm_at_home,I'm reviewing my plan benefits and need clarification on who manages the event cancellation protection within the Ultra plan. Could you provide some details on this aspect?,"We currently work exclusively with Qover to provide trip and cancellation insurance for all of our Ultra customers. Qover arranges and administers the policy for the insurer, Wakam.","My supplier won’t let me cancel my trip/event. Am I covered with Ultra trip and event cancellation protection?,What is an event?,Who provides Ultra trip and event cancellation protection?,Am I covered by Ultra trip cancellation protection if I need to cancel a flight while abroad?",4
eu_freelancer_traveling_uae_male_29,plans_billing_1,panic_security_fear,"had premium travel insurance but now removed, can i still claim for trip issues please urgent need to know now","If your trip took place before July 25, 2024, when travel insurance was removed from the Premium plan benefits, you can contact Chubb directly to submit your claim.","Claiming after Premium travel insurance removal,Am I covered by Ultra trip cancellation protection if I need to cancel a flight while abroad?,My supplier won’t let me cancel my trip/event. Am I covered with Ultra trip and event cancellation protection?,Cover for delayed trips",4
eu_freelancer_traveling_uae_male_29,plans_billing_1,angry_after_waiting,"Why does Ultra plan not cover event cancellations anymore? You removed my insurance, and I'm fed up with waiting for clear answers!","As of now, the Ultra trip and event cancellation protection is still covered under your plan. Revolut works exclusively with Qover to provide this coverage. If you are having issues with the coverage, we recommend reaching out to our Support team for further assistance.","Who provides Ultra trip and event cancellation protection?,My supplier won’t let me cancel my trip/event. Am I covered with Ultra trip and event cancellation protection?,What is an event?,Will I get a full refund for my trip or event cancellation?",4
eu_freelancer_traveling_uae_male_29,plans_billing_1,confused_by_app_updates,"I'm trying to understand the travel insurance part after my plan change, where exactly can I find details about making claims if something goes wrong during a trip?","If you have questions about making claims on your Revolut travel insurance after a plan change, you can contact Chubb or access the T&Cs in the Revolut app.","Cover for delayed trips,Travel insurance coverage,How do I make a travel insurance claim?,Cover for cancelled and interrupted trips",4
eu_freelancer_traveling_uae_male_29,plans_billing_1,rushing_with_typos,ultra plan here does it cover event cancellation i need 2 know for my trip thx,Ultra trip and event cancellation protection covers expenses if you need to cancel a trip or event before it starts. It doesn't cover flight cancellations mid-trip.,"Am I covered by Ultra trip cancellation protection if I need to cancel a flight while abroad?,What is an event?,My supplier won’t let me cancel my trip/event. Am I covered with Ultra trip and event cancellation protection?,Ultra trip & event cancellation with companion coverage",4
eu_freelancer_traveling_uae_male_29,plans_billing_1,on_the_go_direct,"boarding soon, how does trip cancellation work on ultra plan?","Trip cancellations on the Ultra plan cover expenses if you need to cancel a trip before it starts, not for flight cancellations mid-trip or while boarding soon.","Am I covered by Ultra trip cancellation protection if I need to cancel a flight while abroad?,My supplier won’t let me cancel my trip/event. Am I covered with Ultra trip and event cancellation protection?,What is a trip?,Ultra trip & event cancellation with companion coverage",4
eu_freelancer_traveling_uae_male_29,plans_billing_1,voice_transcription,Hey so I heard like trip cancellations are no longer covered in my plan and I'm wondering who's gonna cover that now 'cause I'm uh planning a trip soon and wanna be sure about the details thanks,I don't know.,"Cover for cancelled and interrupted trips,Am I covered by Ultra trip cancellation protection if I need to cancel a flight while abroad?,My supplier won’t let me cancel my trip/event. Am I covered with Ultra trip and event cancellation protection?,What is a trip?",4
eu_freelancer_traveling_uae_male_29,plans_billing_1,poor_internet_connection,"while trying to check trip cancellation protection under ultra plan the screen keeps loading and upload fails if connection drops, will my protection still be valid or need to retry?","If you experience issues while trying to check trip cancellation protection under the Ultra plan and the upload fails, you may need to retry to ensure your protection is valid.","My supplier won’t let me cancel my trip/event. Am I covered with Ultra trip and event cancellation protection?,Am I covered by Ultra trip cancellation protection if I need to cancel a flight while abroad?,Am I covered for trips or events that I didn't purchase with my Revolut account with Ultra trip and event cancellation protection?,Who provides Ultra trip and event cancellation protection?",4
eu_freelancer_traveling_uae_male_29,plans_billing_1,vague_first_message,i heard something about covering my trips but not sure if i still have it after changing my plan can you clarify,Your insurance cover remains the same even after changing your plan. You can still make a claim for trip cancellations or delays if eligible and covered by the new plan's Terms and Conditions.,"Cover for cancelled and interrupted trips,Cover for delayed trips,Does the account transfer impact my plan insurance cover?,Am I covered for trips or events that I didn't purchase with my Revolut account with Ultra trip and event cancellation protection?",4
eu_freelancer_traveling_uae_male_29,fx_exchange_1,empty,"What exchange rates does Revolut use for converting EUR and GBP to AED, and how does it affect my spending?","To check the exchange rates for converting EUR and GBP to AED on Revolut, visit the currency converter on our website. Revolut offers competitive rates based on data from multiple independent sources. Your balance will be automatically converted to the currency you're paying in.","What exchange rates does Revolut offer?,What currencies are supported for spending?,Supported currencies for holding,What currency will I be charged in?",4
eu_freelancer_traveling_uae_male_29,fx_exchange_1,calm_at_home,Can you explain how your conversion process works when I use my card in Dubai? I'm trying to understand if I should choose local currency or not.,"To ensure you get the best exchange rate when using your Revolut card in Dubai, you should always choose to be charged in the local currency (AED). This will help you avoid Dynamic Currency Conversion (DCC) charges.","What is Dynamic Currency Conversion (DCC)?,Tips for spending in a foreign currency,Supported currencies for holding,Can I make a local transfer in a different currency?",4
eu_freelancer_traveling_uae_male_29,fx_exchange_1,panic_security_fear,"used card in dubai, charged more than expected, is there some hidden conversion fee? please help, emergency, worried about fraud","To ensure you are not charged unexpected conversion fees when using your card, please follow the steps outlined in the article ""I was charged extra by my bank for a Ramp payment. Why?"". It is important to pay attention to the currency you are transacting in to avoid additional charges. If you suspect fraudulent activity, please contact our fraud team immediately.","Why was I charged more than I was shown?,What is Dynamic Currency Conversion (DCC)?,Strange small charges on your card?,I was charged extra by my bank for a Ramp payment. Why?",4
eu_freelancer_traveling_uae_male_29,fx_exchange_1,angry_after_waiting,Sick of getting a worse rate with DCC. Why doesn't Revolut automatically use the best rate every time? Fix this now!,Please refer to our article on Dynamic Currency Conversion (DCC) to understand how you can ensure you always get the best rate when making transactions. Revolut offers competitive exchange rates based on multiple independent sources.,"What is Dynamic Currency Conversion (DCC)?,What exchange rates does Revolut offer?,Rate decrease on my Instant Access Savings,Auto top-ups",4
eu_freelancer_traveling_uae_male_29,fx_exchange_1,confused_by_app_updates,"I'm confused about what exchange rate I'm getting with transactions in AED. It mentions something called Dynamic Currency Conversion, but where do I see that option in the app? Not sure what it means.","To view the exchange rate for transactions in AED and understand Dynamic Currency Conversion, please go to Accounts in the app. If you encounter the option during a transaction, remember to choose the local currency for the best rate.","What is Dynamic Currency Conversion (DCC)?,Why are my statement balance and in-app balance different?,What exchange rates does Revolut offer?,How do I exchange money?",4
eu_freelancer_traveling_uae_male_29,fx_exchange_1,rushing_with_typos,need to knw fx rates revolut use when spendng AED from EUR accnt thx,"To check the exchange rates Revolut offers for spending AED from your EUR account, you can view the current currency exchange rates on their website. [Click here to check the rates](https://www.revolut.com/currency-converter/?geo-redirect=true).","Tips for spending in a foreign currency,Supported currencies for holding,What currencies are supported for spending?,What exchange rates does Revolut offer?",4
eu_freelancer_traveling_uae_male_29,fx_exchange_1,on_the_go_direct,at checkout app shows higher card rate fix this,I don't know.,"Why is my card added to Click to Pay not shown at checkout?,Why did my payment amount change?,Why are my statement balance and in-app balance different?,Failed payment on Tap to Pay on iPhone",4
eu_freelancer_traveling_uae_male_29,fx_exchange_1,voice_transcription,"hey so I'm in Dubai working and not sure if I should use my card's local currency or AED, um like what's better for exchanges uh do I get better rates if I avoid the automatic conversion stuff","To ensure the best exchange rates while in Dubai, it is recommended to choose to be charged in AED rather than your card's local currency. Avoiding the automatic currency conversion can help you get better rates.","What is Dynamic Currency Conversion (DCC)?,Tips for spending in a foreign currency,Fees for card payments in a foreign currency,Supported currencies for holding",4
eu_freelancer_traveling_uae_male_29,fx_exchange_1,poor_internet_connection,"exchange rate page keeps timing out, can't see if my rates are set for AED spending. Help with rates while app issues?",I don't know.,"Why are my statement balance and in-app balance different?,What exchange rates does Revolut offer?,Currency exchange fees and limits,Supported currencies for holding",4
eu_freelancer_traveling_uae_male_29,fx_exchange_1,vague_first_message,why was i charged extra when i paid in aed thought it converts automatically,I don't know.,"Why was I charged more than I was shown?,I was charged extra by my bank for a Ramp payment. Why?,What is Dynamic Currency Conversion (DCC)?,Fees for card payments in a foreign currency",4
eu_freelancer_traveling_uae_male_29,crypto_1,empty,Can you explain how staking my crypto works and if there are any fees involved?,"Staking your cryptocurrency involves actively participating in block validation on proof-of-stake blockchains, supporting network security, and earning token rewards. Revolut does not charge any fees on staking rewards. For some blockchains, third-party validators may deduct a fee of up to 3% of gross staking rewards. To start staking in your Revolut app, go to 'Crypto,' select a supported token, and tap 'Stake.'","How does crypto staking work?,Is there a fee associated with crypto staking?,Stake and unstake crypto,Fees for trading crypto",4
eu_freelancer_traveling_uae_male_29,crypto_1,calm_at_home,I'm considering staking my cryptocurrencies through the Revolut app. Could you explain how staking works and if there are any fees involved?,"To stake cryptocurrency in Revolut, select a supported token, tap 'Stake' in the 'Crypto' section, and start earning rewards. Revolut doesn't charge fees on staking rewards. Staking supports network security and earns token rewards.","Stake and unstake crypto,Is there a fee associated with crypto staking?,How does crypto staking work?,Crypto withdrawal fees",4
eu_freelancer_traveling_uae_male_29,crypto_1,panic_security_fear,crypto staking just done on my account without my action fees deducted why? is it safe please help emergency,"Revolut doesn’t charge any fees on your staking rewards. We give you 100% of the staking rewards we receive on-chain, and no extra fees are taken by Revolut. It is safe to stake with Revolut.","How does crypto staking work?,Stake and unstake crypto,Is there a fee associated with crypto staking?,Failed crypto deposits",4
eu_freelancer_traveling_uae_male_29,crypto_1,angry_after_waiting,Why is there a FEE for staking crypto? I wasn't INFORMED. Need answers NOW. Unacceptable service delay.,"As mentioned in the article ""Is there a fee associated with crypto staking?"", Revolut doesn't charge any fees on your staking rewards. The small validator fee of up to 3% of gross staking rewards is deducted on-chain by third-party validators.","Is there a fee associated with crypto staking?,Stake and unstake crypto,Fees for trading crypto,How does crypto staking work?",4
eu_freelancer_traveling_uae_male_29,crypto_1,confused_by_app_updates,"i am trying to understand crypto staking in the app but feel lost, what does staking mean exactly and where can i find it in the menu?","Staking is participating in block validation on PoS blockchains to support network security and earn rewards. You can find staking in the app by going to 'Crypto' on the bottom menu, selecting a supported token, and tapping 'Stake'.","Stake and unstake crypto,How does crypto staking work?,Is there a fee associated with crypto staking?,Pending crypto withdrawals",4
eu_freelancer_traveling_uae_male_29,crypto_1,rushing_with_typos,how does crpto staking work on revolut r there any fees involved pls let me know thx,"Revolut doesn’t charge any fees on your staking rewards. We give you 100% of the staking rewards we receive on-chain, and no extra fees are taken by Revolut. Staking is the process of actively participating in block validation on proof-of-stake (PoS) blockchains, similar to mining on proof-of-work blockchains.","Is there a fee associated with crypto staking?,Stake and unstake crypto,How does crypto staking work?,Fees for trading crypto",4
eu_freelancer_traveling_uae_male_29,crypto_1,on_the_go_direct,"crypto staking, how much does it cost, any fees?",There are no fees associated with crypto staking on Revolut. Revolut does not charge any fees on your staking rewards.,"Is there a fee associated with crypto staking?,How does crypto staking work?,Stake and unstake crypto,Fees for trading crypto",4
eu_freelancer_traveling_uae_male_29,crypto_1,voice_transcription,hey i'm trying to figure out how this crypto staking thing works because i'm interested in doing it but like are there any fees involved or anything i need to watch out for before i start,"There are no fees for crypto staking with Revolut, and you will receive 100% of the staking rewards. Simply follow the steps in the article ""Stake and unstake crypto"" to get started with staking your supported tokens in the Revolut app.","Is there a fee associated with crypto staking?,Stake and unstake crypto,How does crypto staking work?,Fees for trading crypto",4
eu_freelancer_traveling_uae_male_29,crypto_1,poor_internet_connection,"trying to stake crypto but app is stuck loading, is there a fee and will it retry automatically if connection fails","You can find information about failed crypto deposits in the provided article. The article on crypto staking fees explains if there are any associated fees. Unfortunately, I couldn't find information on automatic retries in these articles.","Failed crypto deposits,Stake and unstake crypto,Is there a fee associated with crypto staking?,How does crypto staking work?",4
eu_freelancer_traveling_uae_male_29,crypto_1,vague_first_message,what does that crypto thing actually do to earn money and are there hidden costs involved because i cannot find details,"Revolut doesn’t charge any fees on your staking rewards, and you can calculate your Profit and Loss by downloading your transaction statements in-app. To access your crypto statements, go to 'Crypto' > select token > tap 'Statement'.","Taxes on crypto,Benefits and risks of trading crypto ETNs,Looking for a high return?,Is there a fee associated with crypto staking?",4
eu_freelancer_traveling_uae_male_29,card_profile_restricted_security_system,empty,"My card payment was declined due to a security issue, can you advise on how to resolve this while I'm in Dubai?","To resolve the security issue causing your card payment to be declined while you're in Dubai:
1. Go to the home page of your Revolut app.
2. Tap the relevant tile to access the in-app questionnaire for the security system.
3. Review and complete the questionnaire to address the security concern.
If the issue persists, contact our support team for further assistance.","My card payment was declined by the security system,My card payment was declined,Declined card payment isn't visible,Card security settings",4
eu_freelancer_traveling_uae_male_29,card_profile_restricted_security_system,calm_at_home,"I tried to make a card payment today, but it was declined due to a security system restriction. Can you help me resolve this issue?",Please review the payment by completing the in-app questionnaire. You can access it by going to the home page of your Revolut app and tapping the relevant tile.,"My card payment was declined by the security system,My card payment was declined,Declined card payment isn't visible,Problems with my card PIN",4
eu_freelancer_traveling_uae_male_29,card_profile_restricted_security_system,panic_security_fear,"urgent! my revolut card got declined in dubai, says security issue, worried about fraud, need it fixed now please!","To address the declined card issue due to security concerns in Dubai, you need to review the payment by completing an in-app questionnaire. To access the questionnaire, go to the home page of your Revolut app and tap the relevant tile. If you believe the card might have been used fraudulently, you should also report this as soon as possible from the Transactions section of the app.","My card payment was declined by the security system,My card has been used fraudulently,My card payment was declined,Declined card payment isn't visible",4
eu_freelancer_traveling_uae_male_29,card_profile_restricted_security_system,angry_after_waiting,"CARD DECLINED AGAIN! I’m in Dubai. Tried payments but blocked. Your system’s messing up my business! Fix this NOW. Already contacted, no response!","You can access the questionnaire in the app to review the payment by going to the home page of your Revolut app and tapping the relevant tile. If your card is declined but the transaction isn't showing, it could be due to technical disruptions on the merchant's side or regional restrictions imposed by the merchant. If your card top-ups are blocked, it may be due to previous payment declines or multiple unsuccessful attempts within 30 days.","My card payment was declined by the security system,My card payment was declined,Declined card payment isn't visible,Why your card top-ups may be blocked",4
eu_freelancer_traveling_uae_male_29,card_profile_restricted_security_system,confused_by_app_updates,"i tried to pay with my card but it got declined due to security reasons, where do i find the reason or fix it because i'm not sure what to do","To find the reason for the declined payment due to security reasons, you can access the in-app questionnaire by going to the home page of your Revolut app and tapping the relevant tile. This will help you review the payment and take necessary actions.","My card payment was declined,My card payment was declined by the security system,Declined card payment isn't visible,Decline reasons on Apple Pay and Google Pay",4
eu_freelancer_traveling_uae_male_29,card_profile_restricted_security_system,rushing_with_typos,tried to pay but card declined sys said security reasons pls tell what i can do thx,"If your card payment was declined due to security reasons, you need to review the payment by completing an in-app questionnaire. Access the questionnaire by going to the home page of your Revolut app and tapping the relevant tile.","My card payment was declined by the security system,My card payment was declined,Declined card payment isn't visible,Why your card top-ups may be blocked",4
eu_freelancer_traveling_uae_male_29,card_profile_restricted_security_system,on_the_go_direct,card declined at restaurant security blocked it need access now,"To access and review the declined transaction due to security reasons, please follow these steps:   
1. Go to the home page of your Revolut app.   
2. Tap the relevant tile to complete the in-app questionnaire.   
This process will help verify and potentially unblock the transaction.","My card payment was declined by the security system,Card security settings,Problems with my card PIN,How do regulatory limits affect my usage?",4
eu_freelancer_traveling_uae_male_29,card_profile_restricted_security_system,voice_transcription,uh my card got declined like i was shopping and it said something about security restrictions i don't understand why it's blocked can you help me fix it i need my card for payments,"To address the security restriction blocking your card, please access the in-app questionnaire following the steps outlined in the article ""My card payment was declined by the security system."" This will help resolve the issue and allow you to use your card for payments.","My card payment was declined by the security system,My card payment was declined,Why your card top-ups may be blocked,Problems with my card PIN",4
eu_freelancer_traveling_uae_male_29,card_profile_restricted_security_system,poor_internet_connection,"tried to pay in AED but card blocked by security, app not loading solutions, connectivity issues, what should I do, does it retry automatically despite error?","You can try the following solutions:
1. Check if your card details are correct and try again.
2. Ensure there is enough money in the account you're paying from.
3. Confirm if 3DS authentication is working correctly.
If the issue persists, you can fill out this form: [Form Link](https://app.revolut.com/form/13ef84b4-1e3b-48eb-8e8b-0030e7e08adc).","Why your card top-ups may be blocked,My card payment was declined,Failed payments on the Revolut Terminal,My Ramp payment failed. What should I do?",4
eu_freelancer_traveling_uae_male_29,card_profile_restricted_security_system,vague_first_message,"tried paying at a restaurant, it says blocked or restricted, what happened to my card?","Your card may have been blocked due to a previous declined payment using the same card or multiple unsuccessful attempts to make a payment. These blocks can last up to 30 days. Additionally, a transaction may be declined if potential fraud is identified by the security system. To review the payment, complete the in-app questionnaire.","Why your card top-ups may be blocked,My card payment was declined by the security system,My card payment was declined,Why has my card payment been reverted?",4
eu_freelancer_traveling_uae_male_29,maintenance_fee_plan_billing,empty,Why did I get charged a plan fee when my premium subscription is supposed to cover this?,"To resolve the issue of being charged a plan fee despite having a Premium subscription, you can top up your account with enough funds to cover the plan fees. Once funds are available, the outstanding plan fee will be automatically collected. You can locate the plan fees in your transaction history under 'Plan fees'.","Pay for your missed plan payment,Paid plan downgrade fees ,Premium plan,Fees for card payments in a foreign currency",4
eu_freelancer_traveling_uae_male_29,maintenance_fee_plan_billing,calm_at_home,"I was recently charged a fee on my Revolut account, but I thought my premium subscription was already paid. Could you clarify why this charge occurred?","To clarify the charge on your account, please review your transaction history for any 'Plan fees' transactions. Make sure there were enough funds to cover the Premium plan cost of £7.9. If the charge remains unclear, contact our support team for further assistance.","Why was I charged more than I was shown?,Pay for your missed plan payment,Premium plan,What are the fees for Trading Pro?",4
eu_freelancer_traveling_uae_male_29,maintenance_fee_plan_billing,panic_security_fear,"charged fee today, my plan is active and paid up, why was this deducted? please help, urgent!","To determine why a fee was charged to your account, please follow these steps:
1. Go to your transaction history
2. Look for 'Plan fees' transaction
3. Tap the transaction to view the details and download the invoice
This will help you understand the reason for the fee deduction.","Pay for your missed plan payment,Paid plan downgrade fees ,Fees for card payments in a foreign currency,Paid plan payment status",4
eu_freelancer_traveling_uae_male_29,maintenance_fee_plan_billing,angry_after_waiting,Why am I charged a plan fee again this month? It should not be billed like this. FIX IT NOW!,"To understand why you were charged a plan fee, please check your billing details in the app by following these steps:
1. Tap your profile icon in the top-left corner
2. Tap 'Your plan'
3. Tap 'Billing' to view your plan fees and payment information.","Pay for your missed plan payment,Paid plan downgrade fees ,Managing your paid plan billing,Next payment date for your paid plan",4
eu_freelancer_traveling_uae_male_29,maintenance_fee_plan_billing,confused_by_app_updates,"i noticed a plan fee on my account but i thought my premium plan was already covered, did i miss something or is there another charge i don’t see?","To view the plan fees and understand any charges on your account, you can check your transaction history in the app. Look for 'Plan fees' transactions. If needed, you can top up to cover any missed plan payments.","Pay for your missed plan payment,Premium plan,Managing your paid plan billing,Paid plan downgrade fees ",4
eu_freelancer_traveling_uae_male_29,maintenance_fee_plan_billing,rushing_with_typos,charged extra fee on plan dont kno why active premium pls explain mismatch thx,"To clarify the extra fee on your plan, please top up your account to cover any missed plan payment. Once sufficient funds are available, the outstanding plan fee will be automatically collected. You can check for 'Plan fees' in your transaction history for more details.","Why was I charged more than I was shown?,Pay for your missed plan payment,I was charged extra by my bank for a Ramp payment. Why?,Fees for card payments in a foreign currency",4
eu_freelancer_traveling_uae_male_29,maintenance_fee_plan_billing,on_the_go_direct,"unexpected charge on my plan, why is this happening? fix it","Refer to this article: 'Pay for your missed plan payment'. To resolve the unexpected charge on your plan, top up your account with enough funds to cover your plan fees. Revolut will automatically collect the outstanding plan fee once funds are available.","Pay for your missed plan payment,Why did my payment amount change?,Why is my balance now negative?,Why was my top-up reverted?",4
eu_freelancer_traveling_uae_male_29,maintenance_fee_plan_billing,voice_transcription,um i just got charged some fee on my premium plan but i thought i already paid my subscription so why is this fee showing up it doesn't make sense to me right now,"To understand why you were charged a fee on your premium plan, you can locate the plan fees in your transaction history. You can do this by going to your transaction history and looking for 'Plan fees'. If you need more information, you can tap the transaction to download the details.","Pay for your missed plan payment,Why was I charged more than I was shown?,Managing your paid plan billing,Paid plan downgrade fees ",4
eu_freelancer_traveling_uae_male_29,maintenance_fee_plan_billing,poor_internet_connection,i noticed a plan fee charged but i have connectivity issues app not loading properly will the transaction retry or fail when connection improves,I don't know.,"Pay for your missed plan payment,Paid plan downgrade fees ,Failed payments on the Revolut Terminal,Managing mobile plans and add-ons",4
eu_freelancer_traveling_uae_male_29,maintenance_fee_plan_billing,vague_first_message,why am i seeing a charge for my plan when i thought it's covered already,"To check why you are seeing a charge for your plan, you can view the payment status in your transaction history and download the invoice. Go to 'Home' on the app, locate the 'Plan fee' transaction, and tap it to view details. This will help you clarify any discrepancies in the charges.","Pay for your missed plan payment,Managing your paid plan billing,Paid plan payment status,Why was I charged more than I was shown?",4
eu_freelancer_traveling_uae_male_29,crypto_2,empty,I am unable to log into my account. Does my current location affect crypto deposit options?,"I'm sorry, based on the provided articles, I don't have information related to how your current location may affect crypto deposit options.","Failed crypto withdrawals,Can't see my deposit in-app,Failed crypto deposits,Return or manage crypto deposits",4
eu_freelancer_traveling_uae_male_29,crypto_2,calm_at_home,"Can I withdraw or convert crypto deposits to my account given my current location in Dubai, and are there any network restrictions I should be aware of?",I don't know.,"Failed crypto withdrawals,Return or manage crypto deposits,Send (withdraw) crypto to an external address,Crypto withdrawal limits",4
eu_freelancer_traveling_uae_male_29,crypto_2,panic_security_fear,"can’t login after crypto transfer, worried network issue or wrong address please help immediately emergency","I'm sorry, I don't have an article that addresses your specific issue. Please contact our Customer Support team for immediate assistance through the in-app chat.","I sent crypto to an incorrect wallet address. What can I do?,Failed crypto deposits,My Ramp payment was completed but I didn’t receive the crypto. What should I do?,I received a transfer from an unknown sender",4
eu_freelancer_traveling_uae_male_29,crypto_2,angry_after_waiting,Can't log in. Crypto deposit failed. No support. WHAT addresses and currencies are supported? Fix this NOW!,"You can find the list of supported addresses and currencies for crypto deposits in the ""Addresses supported for withdrawing and reverting crypto deposits"" article.","Addresses supported for withdrawing and reverting crypto deposits,Can't see my deposit in-app,Failed crypto withdrawals,Failed crypto deposits",4
eu_freelancer_traveling_uae_male_29,crypto_2,confused_by_app_updates,"I'm trying to log in and see crypto options, but I don't understand what the supported networks are. Where can I find details on currency compatibility for deposits?","To find details on currency compatibility for deposits, follow these steps:
- Go to 'Crypto' on the bottom menu
- Tap 'More'
- Tap 'Limits and fees'
- Tap 'Multi-network transfer'

This will show you the supported tokens and networks for deposits.","Supported crypto deposit currencies, networks, and exchanges,Cryptocurrencies and networks available for withdrawals,Cryptocurrency networks,Can't see my deposit in-app",4
eu_freelancer_traveling_uae_male_29,crypto_2,rushing_with_typos,cant log in after crypto deposit is my address supported or did i do wrongly pls help thx,"To check if your address is supported or if there was an issue with your crypto deposit causing login problems, please review the articles: ""Can't see my deposit in-app"", ""Failed crypto deposits"", and ""Failed crypto withdrawals"". These articles provide information on why a deposit may not appear, what causes failed deposits, and possible issues with withdrawals.","Can't see my deposit in-app,Failed crypto deposits,I sent crypto to an incorrect wallet address. What can I do?,Failed crypto withdrawals",4
eu_freelancer_traveling_uae_male_29,crypto_2,on_the_go_direct,"can't access crypto deposits in app, need fast resolution please. urgent transaction.","I'm sorry, I couldn't find a direct answer to your query in the provided articles.","Failed crypto deposits,Can't see my deposit in-app,How to ensure my crypto is transferred successfully?,Return or manage crypto deposits",4
eu_freelancer_traveling_uae_male_29,crypto_2,voice_transcription,"uh when i try to log into my revolut app it keeps asking me about this crypto address thing and i don’t know how to set it up right for my location, any ideas what i should do?","You can log in to the Revolut app using your phone number associated with your account. If you're facing issues with the crypto address, you may need to review the requirements for setting it up correctly.","How do I log in to my Revolut Terminal?,Difficulty logging in,Change my phone number,Failed crypto withdrawals",4
eu_freelancer_traveling_uae_male_29,crypto_2,poor_internet_connection,"i'm stuck at loading screen on login, is it due to poor connection or can crypto deposits still go through in such cases?",I don't know.,"Failed crypto deposits,Pending crypto withdrawals,Pending crypto deposits,Failed crypto withdrawals",4
eu_freelancer_traveling_uae_male_29,crypto_2,vague_first_message,"can't log in after putting crypto in but it's not showing in my funds, am i using the wrong address or something else?","Unfortunately, the provided articles do not directly address the issue of being unable to log in after putting crypto in but it's not showing in your funds. I recommend contacting Revolut customer support for personalized assistance.","I sent crypto to an incorrect wallet address. What can I do?,Failed crypto deposits,Can't see my deposit in-app,Failed crypto withdrawals",4
ultra_globetrotter_executive_female_42,plans_billing_1,empty,Who covers the trip and event cancellation protection for Ultra plan holders?,"Qover arranges and administers the policy for the insurer, Wakam, to provide trip and cancellation insurance for all Ultra customers.","Who provides Ultra trip and event cancellation protection?,My supplier won’t let me cancel my trip/event. Am I covered with Ultra trip and event cancellation protection?,Ultra trip & event cancellation with companion coverage,Am I covered by Ultra trip cancellation protection if I need to cancel a flight while abroad?",4
ultra_globetrotter_executive_female_42,plans_billing_1,calm_at_home,"As I'm deciding between travel coverage options with Revolut, could you clarify who provides the event and trip cancellation protection under the Ultra plan?",Revolut provides the event and trip cancellation protection under the Ultra plan.,"Am I covered for trips or events that I didn't purchase with my Revolut account with Ultra trip and event cancellation protection?,What is an event?,Will I get a full refund for my trip or event cancellation?,Am I covered by Ultra trip cancellation protection if I need to cancel a flight while abroad?",4
ultra_globetrotter_executive_female_42,plans_billing_1,panic_security_fear,"I’m moving to the UK soon and worried about trip cancellations. Who covers this if something goes wrong? Please, it’s urgent!","If you have the Metal plan, your travel insurance covers trip cancellations if your trip is eligible and the cancellation reason is covered by the policy's T&Cs. Cover is available for non-refundable costs and cancellation fees up to £5,000 per insured person.","Cover for cancelled and interrupted trips,My supplier won’t let me cancel my trip/event. Am I covered with Ultra trip and event cancellation protection?,Cover for delayed trips,Am I covered by Ultra trip cancellation protection if I need to cancel a flight while abroad?",4
ultra_globetrotter_executive_female_42,plans_billing_1,angry_after_waiting,Ultra travel insurance removed. Need help claiming refund. Who is responsible? Delays unacceptable. FIX this NOW!,"If you need to claim a refund for Ultra travel insurance, you should contact Chubb directly to submit your claim. Additionally, you can claim compensation for delays if they meet the policy criteria provided for Ultra plan holders.","Claiming after Premium travel insurance removal,My supplier won’t let me cancel my trip/event. Am I covered with Ultra trip and event cancellation protection?,Cover for delayed trips,How do I make a travel insurance claim?",4
ultra_globetrotter_executive_female_42,plans_billing_1,confused_by_app_updates,"I'm trying to understand the travel insurance change. Since it's not part of my plan now, who exactly handles cancellations and how do I make a claim? Not seeing clear info.",Qover manages all cancel for any reason protection claims. You can contact Qover directly for cancellations and claims related to travel insurance.,"Cover for cancelled and interrupted trips,How do I make a cancel for any reason protection claim?,Claiming after Premium travel insurance removal,How do I get an update on my existing claim?",4
ultra_globetrotter_executive_female_42,plans_billing_1,rushing_with_typos,"what's th policy on claming travel insurance after it's cancelled? worried about UAE trip, pls advise","Ultra trip cancellation protection covers expenses if you need to cancel a trip before it starts. It doesn't cover flight cancellations mid-trip. If you need to make a claim, follow the steps in the ""How do I make a cancel for any reason protection claim?"" article.","Am I covered by Ultra trip cancellation protection if I need to cancel a flight while abroad?,My supplier won’t let me cancel my trip/event. Am I covered with Ultra trip and event cancellation protection?,Cover for cancelled and interrupted trips,How do I make a cancel for any reason protection claim?",4
ultra_globetrotter_executive_female_42,plans_billing_1,on_the_go_direct,"boarding with no Ultra trip coverage, how's cancellation protection now?","If you are boarding with no Ultra trip coverage, please refer to your original booking/travel insurance policy for information on cancellation protection during your trip.","Am I covered by Ultra trip cancellation protection if I need to cancel a flight while abroad?,Ultra trip & event cancellation with companion coverage,My supplier won’t let me cancel my trip/event. Am I covered with Ultra trip and event cancellation protection?,Who provides Ultra trip and event cancellation protection?",4
ultra_globetrotter_executive_female_42,plans_billing_1,voice_transcription,um so with my premium plan like i removed the travel insurance but i'm wondering if i can still get coverage for any recent trips that got canceled um who do i need to contact about that,"If your claim is for an event that occurred before the removal of travel insurance on July 25, 2024, you can contact Chubb directly for coverage. Contact them using the provided details in the article ""Claiming after Premium travel insurance removal.""","Cover for cancelled and interrupted trips,Am I covered by Ultra trip cancellation protection if I need to cancel a flight while abroad?,Claiming after Premium travel insurance removal,My supplier won’t let me cancel my trip/event. Am I covered with Ultra trip and event cancellation protection?",4
ultra_globetrotter_executive_female_42,plans_billing_1,poor_internet_connection,I’m trying to upload travel insurance documents but they keep failing. Will my claim still be processed if I retry when connection improves?,"You can submit your travel insurance claim online using this website: https://intake.sedgwick.com/u/ChubbTravel/RevolutTravelClaims. If you encounter issues with uploading documents, you can contact the Chubb assistance helpline at +44 (0) 203 964 3005 for guidance.","Submitting documents for a travel insurance claim,Documents needed for an Ultra trip and event cancellation protection claim,Cover for damaged, lost, or delayed baggage,How do I make a travel insurance claim?",4
ultra_globetrotter_executive_female_42,plans_billing_1,vague_first_message,"Just removed travel cover, now can I claim on recent trip cancellation? Not sure who's in charge of that process.","You can contact Chubb directly if your claim is for an event that occurred before the travel insurance removal date. Details on how to submit your claim can be found in the help article ""Claiming after Premium travel insurance removal"".","Claiming after Premium travel insurance removal,Cover for cancelled and interrupted trips,Am I covered by Ultra trip cancellation protection if I need to cancel a flight while abroad?,How do I make a cancel for any reason protection claim?",4
ultra_globetrotter_executive_female_42,travel_benefits_1,empty,"Does my travel insurance cover destinations currently experiencing conflict, like some areas I might visit on my next trip?",Your travel insurance does not cover any claims caused by a war or act of war in areas experiencing conflict.,"Travel insurance for areas affected by conflict,Cover for delayed trips,Travel insurance coverage,Cover for cancelled and interrupted trips",4
ultra_globetrotter_executive_female_42,travel_benefits_1,calm_at_home,I'm planning a trip between the UAE and UK. Could you clarify if my travel insurance extends to regions that might currently be considered conflict zones?,"Your travel insurance through Revolut does not cover any claims caused by a war or act of war in conflict areas. For further clarification on your coverage, contact Chubb or refer to the terms and conditions in the Revolut app.","Travel insurance for areas affected by conflict,Getting started with travel insurance,Trips covered by travel insurance,Travel insurance coverage",4
ultra_globetrotter_executive_female_42,travel_benefits_1,panic_security_fear,"urgent need to know if my travel insurance covers me in war zones, flying to a conflict area for business soon, please help now","Your travel insurance doesn't cover any claims caused by a war or act of war, whether or not one has been declared. Please refer to the Travel insurance for areas affected by conflict article for more information on how your cover works.","Travel insurance for areas affected by conflict,Emergency medical assistance abroad,Getting started with travel insurance,Travel insurance coverage",4
ultra_globetrotter_executive_female_42,travel_benefits_1,angry_after_waiting,"Travel insurance claim denied due to conflict zone? I was assured coverage. FIX THIS NOW. Ridiculous delay in response, I need action immediately!","I'm sorry, I don't know the answer to this question.","Travel insurance for areas affected by conflict,Cover for delayed trips,How do I get an update on my existing claim?,How do I make a travel insurance claim?",4
ultra_globetrotter_executive_female_42,travel_benefits_1,confused_by_app_updates,"I'm planning to travel between the UAE and the UK soon, but I'm confused about what my travel insurance covers in areas with potential conflicts. Where can I find this information in the app?","You can find information on what your travel insurance covers in areas affected by conflict by following these steps in the Revolut app:

1. Tap on the 'Travel' tab
2. Scroll down and click on 'Getting started with travel insurance'
3. Read through the article to learn about coverage in conflict areas","Travel insurance for areas affected by conflict,Travel insurance coverage,Cover for delayed trips,Getting started with travel insurance",4
ultra_globetrotter_executive_female_42,travel_benefits_1,rushing_with_typos,im in uae n worried abt my travel insurance if i visit conflict zones does it still cover any emergencies pls clarify thnks,"Your travel insurance doesn't cover any claims caused by a war or act of war, whether or not one has been declared. It's crucial to be aware of this exclusion when visiting conflict zones.","Travel insurance for areas affected by conflict,Cover for medical expenses abroad,Travel insurance coverage,Getting started with travel insurance",4
ultra_globetrotter_executive_female_42,travel_benefits_1,on_the_go_direct,"Is my travel insurance valid in conflict zones? Boarding now, need clarity.","Your travel insurance doesn't cover any claims caused by a war or act of war, whether or not one has been declared.","Travel insurance for areas affected by conflict,Cover for delayed trips,Travel insurance coverage,Getting started with travel insurance",4
ultra_globetrotter_executive_female_42,travel_benefits_1,voice_transcription,hey uh so i'm heading to a country that's like kinda risky right now conflict and all that just wondering does my travel insurance cover stuff like that or do i need to get something extra? thanks,Your travel insurance won't cover any claims caused by a war or act of war in a conflict area. Check with Chubb for specific coverage details.,"Travel insurance for areas affected by conflict,Travel insurance coverage,Getting started with travel insurance,Cover for sports and activities",4
ultra_globetrotter_executive_female_42,travel_benefits_1,poor_internet_connection,"I’m trying to check my travel insurance details for areas with potential conflict, but the app keeps timing out. Will the coverage still apply if the connection drops?","I'm sorry, I don't have that information.","Travel insurance for areas affected by conflict,Cover for delayed trips,Cover for cancelled and interrupted trips,Travel insurance coverage",4
ultra_globetrotter_executive_female_42,travel_benefits_1,vague_first_message,Is my travel insurance still valid if I go to a new conflict area for work?,Your travel insurance will not cover any claims caused by a war or act of war if you go to a new conflict area for work.,"Travel insurance for areas affected by conflict,Does moving home impact my travel insurance?,Does moving home affect Ultra trip and event coverage?,Getting started with travel insurance",4
ultra_globetrotter_executive_female_42,travel_insurance_claim_question,empty,Could you explain how trip cancellation coverage works and how I can file a claim for it?,"If your trip is eligible, and the cancellation reason is covered by the policy's T&Cs, the Metal plan provides coverage for trip cancellations up to £5,000 per insured person. To file a claim for trip cancellation, you may need to gather documents and contact your supplier.","Cover for cancelled and interrupted trips,My supplier won’t let me cancel my trip/event. Am I covered with Ultra trip and event cancellation protection?,Am I covered by Ultra trip cancellation protection if I need to cancel a flight while abroad?,What is a trip?",4
ultra_globetrotter_executive_female_42,travel_insurance_claim_question,calm_at_home,"I’m reviewing travel insurance details and need clarification on the process for claiming a refund due to trip cancellations. Specifically, what are the steps involved if I cancel for any reason?","To claim a refund due to trip cancellations for any reason with Revolut's Ultra cancel for any reason protection, follow these steps:

1. Notify your supplier.
2. Submit your claim no less than one day before the trip or event starts.","How do I make a cancel for any reason protection claim?,What are the limits of cover and deductibles?,Will I get a full refund for my trip or event cancellation?,Getting started with cancel for any reason protection",4
ultra_globetrotter_executive_female_42,travel_insurance_claim_question,panic_security_fear,"Trip got cancelled, need to know if I'll get a full refund and how to claim. Emergency, please help now!","If your trip got canceled, you may be eligible for a full refund under the Ultra cancel for any reason protection if the reason is covered in the policy. Contact your supplier for a refund, credit, or reschedule option first. Gather all necessary documents and submit a claim as outlined in the Ultra trip and event cancellation protection article.","My supplier won’t let me cancel my trip/event. Am I covered with Ultra trip and event cancellation protection?,Am I covered by Ultra trip cancellation protection if I need to cancel a flight while abroad?,Will I get a full refund for my trip or event cancellation?,Cover for cancelled and interrupted trips",4
ultra_globetrotter_executive_female_42,travel_insurance_claim_question,angry_after_waiting,WHY is my trip cancellation claim STILL not resolved? I need details on full refund process now. Extremely dissatisfied with your support!,"To resolve your trip cancellation claim, you need to contact the supplier, negotiate for a refund, credit, or reschedule option, and gather all necessary documents for a smooth claims experience. If you are eligible, Ultra cancel for any reason protection covers 100% of non-refundable costs for specific reasons like death, serious injury, or sickness.","My supplier won’t let me cancel my trip/event. Am I covered with Ultra trip and event cancellation protection?,How do I make a cancel for any reason protection claim?,Am I covered by Ultra trip cancellation protection if I need to cancel a flight while abroad?,Will I get a full refund for my trip or event cancellation?",4
ultra_globetrotter_executive_female_42,travel_insurance_claim_question,rushing_with_typos,if my trip cancels how much refund do i get pls and how to start claim,"In case of trip cancellation, you can get a full refund of non-refundable costs if the reason falls under specific covered conditions such as death, serious injury, or sickness. You need to notify your supplier and follow the steps outlined in the ""How do I make a cancel for any reason protection claim?"" article to start the claim process.","How do I make a cancel for any reason protection claim?,Will I get a full refund for my trip or event cancellation?,Cover for cancelled and interrupted trips,My supplier won’t let me cancel my trip/event. Am I covered with Ultra trip and event cancellation protection?",4
ultra_globetrotter_executive_female_42,travel_insurance_claim_question,on_the_go_direct,trip cancelled. need full refund. how do i claim it fast?,"To claim a refund for a cancelled trip, if you are a Revolut Ultra plan customer, you must submit a claim no less than one day before the trip/event is due to start. Notify your supplier and gather necessary documents for your claim. If your supplier doesn't allow cancellations, try negotiating with your supplier directly for a refund or credit.","How do I make a cancel for any reason protection claim?,My supplier won’t let me cancel my trip/event. Am I covered with Ultra trip and event cancellation protection?,Can I cancel an Airport Fast Track pass? ,Am I covered by Ultra trip cancellation protection if I need to cancel a flight while abroad?",4
ultra_globetrotter_executive_female_42,travel_insurance_claim_question,voice_transcription,hey uh just wondering if my trip gets canceled like will I get the whole amount refunded or what steps do I need to take to claim something like that,"To get a full refund for your trip cancellation under the Ultra policy, you need to cancel for an eligible reason stated in the policy, such as death, serious injury, or sickness. If you need to make a claim, follow the steps outlined in the help article ""How do I make a cancel for any reason protection claim?"" at least one day before the trip is due to start.","Will I get a full refund for my trip or event cancellation?,My supplier won’t let me cancel my trip/event. Am I covered with Ultra trip and event cancellation protection?,How do I make a cancel for any reason protection claim?,Am I covered by Ultra trip cancellation protection if I need to cancel a flight while abroad?",4
ultra_globetrotter_executive_female_42,travel_insurance_claim_question,poor_internet_connection,"My app gets stuck loading, so I'm unsure if my trip cancellation will be fully refunded. How do I complete the claim if the connection keeps dropping?","If your app is causing issues with submitting a claim for trip cancellation, you can still file a claim through the Revolut app. Follow these steps to file a claim for protection insurance: 
- Tap this link or go to 'Home' on the bottom menu, look for the search bar at the top of the screen, and search for 'insurance'
- Then, select ‘Purchase’ and tap ‘Claim’","My supplier won’t let me cancel my trip/event. Am I covered with Ultra trip and event cancellation protection?,How do I make a cancel for any reason protection claim?,Am I covered by Ultra trip cancellation protection if I need to cancel a flight while abroad?,How do I make a protection insurance claim?",4
ultra_globetrotter_executive_female_42,travel_insurance_claim_question,vague_first_message,can i get my trip money back if it's canceled and how do i start claiming?,"To get your trip money back if canceled, contact your supplier to negotiate refund or credit options. If unsuccessful, submit a claim for Ultra trip and event cancellation protection by following the steps detailed in the article ""How do I make a cancel for any reason protection claim?"".","How do I make a cancel for any reason protection claim?,My supplier won’t let me cancel my trip/event. Am I covered with Ultra trip and event cancellation protection?,Cover for cancelled and interrupted trips,Am I covered by Ultra trip cancellation protection if I need to cancel a flight while abroad?",4
ultra_globetrotter_executive_female_42,cards_atm_1,empty,Why is my card deposit restricted when trying to add funds from my UAE bank account?,"Why is my card deposit restricted when trying to add funds from my UAE bank account?
Restricted card deposits could be due to changes in card scheme rules or issues with your issuing bank. It is recommended to contact customer support for further assistance if you encounter any restrictions.","How to add money with a card,Why your card top-ups may be blocked,Restricted card deposits,My card deposit didn't work",4
ultra_globetrotter_executive_female_42,cards_atm_1,calm_at_home,"I'm trying to deposit funds into my account, but there seems to be a restriction. Could this be related to my card settings, considering my frequent travels between the UAE and UK?","The new restrictions on card deposits are due to changes in card scheme rules. Your card deposits may also be blocked if your issuing bank declined a previous payment, or if there were multiple unsuccessful attempts. You can check the status of your deposit in your in-app transactions list.","Restricted card deposits,Why your card top-ups may be blocked,How to add money with a card,My card deposit didn't work",4
ultra_globetrotter_executive_female_42,cards_atm_1,panic_security_fear,"card suddenly blocked during top-up attempt in Ukraine, says restricted deposit, but I’m in UK now. Please help immediately. Is this fraud prevention?","Your transaction may be declined if our security system identifies potential fraud. To keep your money safe, we need you to review the payment by completing our in-app questionnaire. You can access the questionnaire by going to the home page of your Revolut app and tapping the relevant tile.","My card payment was declined by the security system,My card has been used fraudulently,Ukraine card top-up limits,Why your card top-ups may be blocked",4
ultra_globetrotter_executive_female_42,cards_atm_1,angry_after_waiting,"Card deposit blocked again. No explanation, no warning. FIX THIS NOW, I need access immediately! Your previous response was useless. Totally unacceptable.","I'm sorry for the inconvenience. When your card deposit is blocked, it may be due to your issuing bank or security checks. To resolve this and get immediate access, you can review the payment through the in-app questionnaire as instructed in our security system article.","Why your card top-ups may be blocked,My card payment was declined by the security system,My card deposit didn't work,My card has been used fraudulently",4
ultra_globetrotter_executive_female_42,cards_atm_1,confused_by_app_updates,I'm trying to add funds to my card but it's saying something about a restriction. I'm not sure what this means or why it's happening. Where can I get clarity?,"You may be experiencing a restriction on your card top-up. This could be due to a declined payment from your issuing bank or multiple unsuccessful attempts. The restriction can last up to 30 days. If you need further assistance, you can reach out to us through this form: https://app.revolut.com/form/13ef84b4-1e3b-48eb-8e8b-0030e7e08adc?faqEntryPoint=que","Why your card top-ups may be blocked,My card payment was declined,Pro account under review or payments not working,My card payment was declined by the security system",4
ultra_globetrotter_executive_female_42,cards_atm_1,rushing_with_typos,card got declined trying load funds cant top up in uae fixes possible?,"Based on the provided information, the possible reasons for your card top-up being declined in the UAE could be due to your issuing bank blocking the transaction, low balance in the linked currency account, or technical issues with the merchant. I recommend checking these factors to see if they apply to your situation.","Why your card top-ups may be blocked,Why was my card payment declined if I have enough funds?,My card payment was declined,How to add money with a card",4
ultra_globetrotter_executive_female_42,cards_atm_1,on_the_go_direct,"card deposit attempt failing at ATM, urgent need cash now fix this","I'm sorry, I don't have the information to address your issue with the card deposit attempt failing at the ATM.","My card has been swallowed by an ATM,My card deposit didn't work,Why was my ATM withdrawal declined?,Problems with my card PIN",4
ultra_globetrotter_executive_female_42,cards_atm_1,voice_transcription,hey so i'm trying to add funds to my revolut card but keeps saying it won't work because of limits or something i just need to understand why this is happening can you explain a bit please,"To understand why your card top-ups might be blocked due to limits, please refer to the article ""Why your card top-ups may be blocked."" This will provide insights into possible reasons for the block.","How to add money with a card,Card payment fees and limits,Card deposit limits and fees,Why your card top-ups may be blocked",4
ultra_globetrotter_executive_female_42,cards_atm_1,poor_internet_connection,"my card deposit attempts keep failing due to timeout errors, nothing loads properly, will these go through when connection stabilizes?",Card deposit attempts that fail due to timeout errors may not go through once the connection stabilizes. You may need to investigate the issue or contact support for assistance.,"My card deposit didn't work,Failed payments on the Revolut Terminal,Why your card top-ups may be blocked,Failed crypto deposits",4
ultra_globetrotter_executive_female_42,cards_atm_1,vague_first_message,"why can't i add money to my card now, it worked before in ukraine, confused here",I don't know.,"Can I transfer money to Ukraine?,Ukraine card top-up limits,My card payment was declined,How to add money with a card",4
ultra_globetrotter_executive_female_42,savings_investments_1,empty,Could you explain how taxes are handled on the interest earned from my savings account promotion?,"Revolut does not withhold any tax on your interest income earned. You are responsible for managing your legal obligations and tax affairs, including making filings and tax payments.","Tax on Savings,How to calculate interest on Savings accounts,Earning interest with Savings,How is interest calculated on tiered Instant Access Savings?",4
ultra_globetrotter_executive_female_42,savings_investments_1,calm_at_home,I'm curious about how the interest rates might change based on the tax implications for my savings account as I move between the UK and UAE.,There won't be any tax implications related to your account moving to Revolut Bank UK Ltd. Revolut doesn't withhold any tax on your interest income earned. Your interest rate depends on your plan.,"Earning interest with Savings,How is interest calculated on tiered Instant Access Savings?,Will the account transition have any tax implications?,Tax on Savings",4
ultra_globetrotter_executive_female_42,savings_investments_1,panic_security_fear,"please emergency is my savings safe from fraud? I'm panicking about UK-UAE tax issues and instant access features now, I need help urgently","I'm sorry, but I don't have the information to answer your question.","Feeling pressured or threatened?,Urgent text from a kid or friend?,How does Revolut keep my money safe?,Where can I get help and advice on financial abuse?",4
ultra_globetrotter_executive_female_42,savings_investments_1,angry_after_waiting,Why hasn't anyone fixed my savings access issue yet? I need access NOW. Your delay is unacceptable. Handle this immediately!,Why didn't I get a bank account when I signed up?,"Why didn't I get a bank account when I signed up?,Why was my Savings Accounts restricted or closed?,Kids & Teens Instant Access Savings,Why is my transfer to a bank account still pending?",4
ultra_globetrotter_executive_female_42,savings_investments_1,confused_by_app_updates,I'm looking into the Instant Access Savings option but I'm unsure about tax implications. Where can I find details about how taxes are applied? It wasn't clear in the app menu.,"In the app, you can find details about tax implications for Instant Access Savings in the ""Tax on Savings"" help article. Revolut doesn't withhold any tax on interest income earned. You can view this information under the help section.","Kids & Teens Instant Access Savings,Tax on Savings,How is interest calculated on tiered Instant Access Savings?,Documents and statements for my Savings accounts",4
ultra_globetrotter_executive_female_42,savings_investments_1,rushing_with_typos,how does savings interest work for my uk account are there any tax implications it's urgent thx,"To learn how savings interest works for your UK account and whether there are any tax implications, please refer to the ""Earning interest with Savings"" and ""Tax on Savings"" articles in the Revolut Help Center for detailed information.","Earning interest with Savings,Tax on Savings,How to calculate interest on Savings accounts,Will the account transition have any tax implications?",4
ultra_globetrotter_executive_female_42,savings_investments_1,on_the_go_direct,Am I taxed on my UK-UAE savings with Revolut? Need clarity now.,"Revolut doesn't withhold any tax on your interest income earned. You have sole responsibility for managing your tax affairs, including making any applicable filings and tax payments. This applies to savings accounts as well.","Tax on Savings,Will the account transition have any tax implications?,Taxes on crypto,Getting started with Savings",4
ultra_globetrotter_executive_female_42,savings_investments_1,voice_transcription,hey so i'm trying to understand how the savings promotion works with tax stuff like do i get taxed differently because i'm between the uae and uk just want to make sure you know i'm clear on this,"Revolut doesn't withhold any tax on your interest income earned. You have to manage your own tax affairs. Additionally, there won't be any tax implications related to your account moving to Revolut Bank UK Ltd.","Tax on Savings,Will the account transition have any tax implications?,Instant Access Savings promotion,Earning interest with Savings",4
ultra_globetrotter_executive_female_42,savings_investments_1,poor_internet_connection,"Trying to check savings promo details but the app keeps timing out. Will my settings update if I manage a poor connection, or should I wait?",Check if you have any requests in-app to activate a Revolut Pro account to access savings promo details. Ensure your terminal's internet connection is stable for updates to take effect.,"I'm having trouble using my Revolut Terminal,Trouble with mobile verification code,Delayed (offline) card payments,Difficulty logging in",4
ultra_globetrotter_executive_female_42,savings_investments_1,vague_first_message,"can't see any interest coming from the money I saved, is there an issue with that offer?","I'm sorry, I don't have that information.","Earning interest with Savings,Instant Access Savings promotion,Savings Challenge,Close my Savings account",4
ultra_globetrotter_executive_female_42,fx_exchange_1,empty,"When I use my card abroad, should I choose local currency or GBP for the best exchange rate?","When you use your Revolut card abroad, it's generally recommended to choose the local currency to get the best exchange rate. Revolut automatically converts your balance to the currency you're paying in.","Tips for spending in a foreign currency,What currency will I be charged in?,Fees for card payments in a foreign currency,What currency account details are available for me?",4
ultra_globetrotter_executive_female_42,fx_exchange_1,calm_at_home,I'm comparing currency conversion options when spending abroad; does Revolut offer better exchange rates than choosing local currency with the merchant?,Revolut offers competitive rates for currency exchange based on data from multiple independent sources.,"What exchange rates does Revolut offer?,Tips for spending in a foreign currency,How to withdraw a foreign currency,How do I exchange money?",4
ultra_globetrotter_executive_female_42,fx_exchange_1,panic_security_fear,"emergency! just paid in GBP but charged more than expected, was currency exchanged? help, can't afford this loss now!",Revolut recommends paying in GBP when using Ramp to avoid unexpected currency conversions and fees from your bank. You may have been charged extra due to currency conversion by your bank.,"I was charged extra by my bank for a Ramp payment. Why?,What currency will I be charged in?,Why was I charged more than I was shown?,Transfer I sent arrived in a different currency ",4
ultra_globetrotter_executive_female_42,fx_exchange_1,angry_after_waiting,"Why am I getting hit with high conversion charges? Already complained. FIX IT NOW. Your rate should be accurate, stop DCC nonsense!","I am sorry, I cannot assist with that.","What is Dynamic Currency Conversion (DCC)?,Why was I charged more than I was shown?,Why did my payment amount change?,I was charged extra by my bank for a Ramp payment. Why?",4
ultra_globetrotter_executive_female_42,fx_exchange_1,confused_by_app_updates,"I’m a bit confused about something I saw at a store, something about dynamic currency conversion. What does that mean exactly, and how does the exchange rate work with Revolut?",Dynamic Currency Conversion (DCC) allows a store to convert your payment into your home currency at the point of sale. It is generally best to choose to be charged in the local currency to benefit from Revolut's competitive rates.,"What exchange rates does Revolut offer?,What is Dynamic Currency Conversion (DCC)?,How does converting cryptocurrency to fiat currency work?,How do I exchange money?",4
ultra_globetrotter_executive_female_42,fx_exchange_1,rushing_with_typos,why does rate change suddenly when i pay diff currency is it better not to let card convert,"To ensure you always get the best rate, it's recommended to let the card terminal charge you in the currency of the transaction, as explained in the article ""What is Dynamic Currency Conversion (DCC)?""","What is Dynamic Currency Conversion (DCC)?,I was charged extra by my bank for a Ramp payment. Why?,What currency will I be charged in?,Why was I charged more than I was shown?",4
ultra_globetrotter_executive_female_42,fx_exchange_1,on_the_go_direct,"trying to pay in AED, is there a hidden fee with currency conversion?","Please refer to the article ""Fees for card payments in a foreign currency"" for information on currency conversion fees when paying in AED.","Fees for card payments in a foreign currency,What is Dynamic Currency Conversion (DCC)?,Fees for cash withdrawals,Supported currencies for holding",4
ultra_globetrotter_executive_female_42,fx_exchange_1,voice_transcription,"hey so when i make a purchase abroad, should i pay in the local currency or let like my card handle the conversion and what rate do you guys use for that, just wanna make sure i get the best deal","When making a purchase abroad, you should pay in the local currency. Revolut automatically converts your balance to the currency you're paying in. Always choose to be charged in the local currency to get the best rate.","Tips for spending in a foreign currency,What is Dynamic Currency Conversion (DCC)?,What currency will I be charged in?,Fees for card payments in a foreign currency",4
ultra_globetrotter_executive_female_42,fx_exchange_1,poor_internet_connection,"Trying to make a payment but app keeps timing out, does the transaction complete if Wi-Fi is unstable and how can I avoid currency conversion fees?","I can't find information on the app timing out due to unstable Wi-Fi. To avoid currency conversion fees, please follow Revolut's guidelines: https://www.revolut.com/help/exploring-revolut/spending-and-sending-money/spending-abroad/what-foreign-exchange-rate-will-i-get","Failed payments on the Revolut Terminal,Failed payment on Tap to Pay on iPhone,Delayed (offline) card payments,My card payment was declined",4
ultra_globetrotter_executive_female_42,fx_exchange_1,vague_first_message,"Why was I charged extra using my card abroad, wasn't it supposed to be in local currency?","Sometimes, an ATM or card terminal may ask you if you want to be charged in a different currency than the one you are trying to transact in. To ensure you are not charged extra, make sure to choose to be charged in the local currency.","I was charged extra by my bank for a Ramp payment. Why?,Why was I charged more than I was shown?,Fees for card payments in a foreign currency,What is Dynamic Currency Conversion (DCC)?",4
ultra_globetrotter_executive_female_42,fraud_security_1,empty,"I've noticed a suspicious withdrawal on my card, but I didn't make it. What steps should I take to report this?","To report a suspicious withdrawal on your card that you didn't make, follow these steps to secure your account and report the fraudulent transaction:

1. Freeze your card:
- Go to 'Home' on the bottom menu
- Tap the card icon in the top-right corner
- Select the card you want to freeze, and tap 'Freeze'. ","Report a fraudulent ATM withdrawal,Report a fraudulent transfer,My card has been used fraudulently,Report a card payment as a scam or fraud",4
ultra_globetrotter_executive_female_42,fraud_security_1,calm_at_home,I've noticed a recent ATM withdrawal I didn't authorize. Could you guide me on the steps to report this fraudulent activity through the app?,"Go to 'Home' on the bottom menu > Tap the card icon in the top-right corner > Select the card you want to freeze, and tap 'Freeze'. Alter.","Report a fraudulent ATM withdrawal,Report a fraudulent transfer,Report a card payment as a scam or fraud,My card has been used fraudulently",4
ultra_globetrotter_executive_female_42,fraud_security_1,panic_security_fear,"just saw my card used in UK but I'm in UAE, didn't make this purchase, please help it's an emergency","Go to 'Home' on the bottom menu in the app, then navigate to the 'transactions' section to report the unauthorized transaction as fraudulent.","My card has been used fraudulently,My card has been swallowed by an ATM,Declined card payment isn't visible,My physical card isn't working",4
ultra_globetrotter_executive_female_42,fraud_security_1,angry_after_waiting,Unauthorized card charge! FIFTH TIME! When will you fix this? Sick of waiting and nothing being done. ACT NOW!,"I'm sorry to hear about the unauthorized charges on your card. To report a fraudulent transaction, you can follow the steps mentioned in the ""Report a card transaction as fraudulent"" section of our help article.","My card has been used fraudulently,Strange small charges on your card?,Why your card top-ups may be blocked,Report a card payment as a scam or fraud",4
ultra_globetrotter_executive_female_42,fraud_security_1,confused_by_app_updates,"I see a weird ATM withdrawal on my statement, and I don’t recall making it. How can I check if it’s fraud and what steps to take next? Confused here.","If you see a weird ATM withdrawal on your statement and don't recall making it, you can follow the steps to report a fraudulent ATM withdrawal to both secure your account and report the transaction.  
First, freeze the card associated with the suspicious ATM withdrawal by following the steps below:  
- Go to 'Home' on the bottom menu  
- Tap the card icon in the top-right corner  
- Select the card you want to freeze, and tap 'Freeze'  
After that, you can report the fraudulent transaction to your banking provider.","Report a fraudulent ATM withdrawal,Report a fraudulent transfer,Why was my ATM withdrawal declined?,My card has been swallowed by an ATM",4
ultra_globetrotter_executive_female_42,fraud_security_1,rushing_with_typos,my card was used for big charge but wasn't me pls fix asap what do i do,"Report the unauthorized charges as fraudulent payments following these steps:

- Go to 'Home' on the bottom menu
- Go to transactionshttps://app.revolut.com/transactions","My card has been used fraudulently,My card has been swallowed by an ATM,My card was stolen. What should I do?,I want to cancel my transfer to a card",4
ultra_globetrotter_executive_female_42,fraud_security_1,on_the_go_direct,"abnormal transaction, card used in london but i'm in dubai, fix asap","Report the abnormal transaction as a fraudulent payment. To do this from your Revolut app:
- Go to 'Home' on the bottom menu
- Go to transactions
- Select the transaction in your list
- Report it as a fraudulent payment.","My card has been used fraudulently,My card has been swallowed by an ATM,Report a card payment as a scam or fraud,I want to cancel my transfer to a card",4
ultra_globetrotter_executive_female_42,fraud_security_1,voice_transcription,um so my card was like used for a withdrawal in London but I am like in Dubai right now and I didn't use any ATM like can you help me figure out what's going on with my account,"Report the fraudulent ATM withdrawal and secure your account. To do this:
- Freeze your card in the app
- Report the fraudulent transaction by following the instructions in the article ""Report a fraudulent ATM withdrawal.""","My card has been swallowed by an ATM,Why was my ATM withdrawal declined?,My card has been used fraudulently,Report a fraudulent ATM withdrawal",4
ultra_globetrotter_executive_female_42,fraud_security_1,poor_internet_connection,Trying to report a fraudulent card charge but app keeps timing out and getting stuck. Will this go through or do I need better connectivity?,"If you are experiencing issues reporting a fraudulent card charge due to the app timing out, try ensuring you have a stable internet connection and attempt again.","Report a card payment as a scam or fraud,My card has been used fraudulently,My card payment was declined by the security system,Report a fraudulent transfer",4
ultra_globetrotter_executive_female_42,fraud_security_1,vague_first_message,"noticed charges on my card that i didn't make in london, worried someone else used it, what should i do?","Go to 'Home' on the bottom menu, then go to 'transactions' to report the unauthorized charges as fraudulent payments. You should also freeze your card through the Revolut app.","Strange small charges on your card?,My card has been used fraudulently,Report a fraudulent transfer,Report a fraudulent ATM withdrawal",4
ultra_globetrotter_executive_female_42,esim_data_activation_failed,empty,I activated my eSIM data plan but can't connect to the local network. What should I check to fix this?,Check if you have an active data plan by going to 'RevPoints' and tapping 'eSIM' to ensure it's active. Turn on data roaming for the eSIM being used.,"Difficulties with eSIM,Installing and activating my eSIM,Managing my eSIM data plan,Revolut data plans",4
ultra_globetrotter_executive_female_42,esim_data_activation_failed,calm_at_home,I've activated my eSIM data package but can't connect to the local network. Can you guide me on troubleshooting steps to resolve this issue?,"To troubleshoot connection issues with your eSIM data plan:
1. Check if you have an active eSIM plan in 'RevPoints' and turn on data roaming for the eSIM.
2. Make sure your eSIM is inserted correctly according to the installation steps provided.
3. If the issue persists, try topping up your data plan as described in the article ""Managing my eSIM data plan.""","Difficulties with eSIM,Installing and activating my eSIM,Managing my eSIM data plan,Can I label my eSIM for my data plan?",4
ultra_globetrotter_executive_female_42,esim_data_activation_failed,panic_security_fear,"activated eSIM plan but cannot connect to network in UAE, worried it's fraud or setup issue, need urgent help please","To check if you have an active data plan and ensure your eSIM is properly inserted, follow the steps in the article ""Difficulties with eSIM"". If issues persist, you can contact support for assistance.","Difficulties with eSIM,Managing a mobile plan for a lost or stolen device,My phone suddenly lost signal,Trouble with mobile verification code",4
ultra_globetrotter_executive_female_42,esim_data_activation_failed,angry_after_waiting,"Activated eSIM but can't connect in the UK. Tried everything, NOTHING works. This delay is UNACCEPTABLE. Fix this NOW.","Check if you have an active data plan on your eSIM by going to 'RevPoints,' then 'eSIM.' Make sure data roaming is enabled. Ensure your device is compatible with eSIM.","Difficulties with eSIM,Supported eSIM devices,Installing and activating my eSIM,eSIM on Revolut Terminals",4
ultra_globetrotter_executive_female_42,esim_data_activation_failed,confused_by_app_updates,"I activated my eSIM data package but can't connect to the local network. It says 'active', but there's no signal. Where do I check settings? Not sure if I've missed a step.","To check if your eSIM data plan is active and check your network settings, please follow these steps:

1. Open your Revolut app.
2. Go to 'RevPoints' on the bottom menu.
3. Tap 'eSIM' to view your active eSIM plan.
4. Ensure data roaming is turned on for the eSIM in your phone's network/SIM settings.

If you've completed these steps and still cannot connect, please contact your local mobile network provider for further assistance.","Difficulties with eSIM,Installing and activating my eSIM,eSIM on Revolut Terminals,Managing my eSIM data plan",4
ultra_globetrotter_executive_female_42,esim_data_activation_failed,rushing_with_typos,esim data activated but not connecting to local network UAE how do i fix it pls thx,"I'm sorry, I couldn't find information in the provided articles to address the specific issue you're experiencing with your eSIM not connecting to the local network in UAE. I recommend reaching out to Revolut customer support for further assistance.","Difficulties with eSIM,Installing and activating my eSIM,eSIM on Revolut Terminals,I'm having trouble using my Revolut Terminal",4
ultra_globetrotter_executive_female_42,esim_data_activation_failed,on_the_go_direct,"eSIM activated, can't connect to UAE network, need immediate fix.","You should check if you have an active data plan for the eSIM and make sure data roaming is turned on for the eSIM you are using. If the issue persists, I recommend reaching out to support for further assistance.","Difficulties with eSIM,Supported eSIM devices,eSIM on Revolut Terminals,Installing and activating my eSIM",4
ultra_globetrotter_executive_female_42,esim_data_activation_failed,voice_transcription,so i got this eSIM package while i’m traveling right but my phone isn’t connecting to the local network at all kinda urgent because i need data for work can you help figure out what’s wrong,"To troubleshoot why your phone isn't connecting to the local network with your eSIM package, follow these steps:
1. Check if you have an active data plan by going to 'RevPoints' in your Revolut app and tapping 'eSIM'.
2. Ensure data roaming is turned on for the eSIM by going to the network/SIM settings on your phone.
If the issue persists, contact our support team for further assistance.","Difficulties with eSIM,Installing and activating my eSIM,eSIM on Revolut Terminals,Revolut data plans",4
ultra_globetrotter_executive_female_42,esim_data_activation_failed,poor_internet_connection,"eSIM data package activated but nothing loads, keeps timing out. What steps to ensure stable connection or will it eventually connect on its own?","Please check if you have an active data plan on your eSIM by following the steps from the article ""Difficulties with eSIM"" provided earlier. Additionally, ensure that your eSIM is securely installed as per the instructions outlined in the article ""Installing and activating my eSIM."" If the issue persists, consider troubleshooting your connection to stabilize it.","Difficulties with eSIM,Installing and activating my eSIM,eSIM on Revolut Terminals,Supported eSIM devices",4
ultra_globetrotter_executive_female_42,esim_data_activation_failed,vague_first_message,"my phone shows no signal after setting up that mobile data thing, how to fix it?",Check if your eSIM is active and has data. Go to 'RevPoints' in the app and tap 'eSIM' to ensure your eSIM plan is active. Make sure data roaming is on for the eSIM network.,"Difficulties with eSIM,Trouble with mobile verification code,My phone suddenly lost signal,Installing and activating my eSIM",4
ultra_globetrotter_executive_female_42,family_joint_1,empty,"Can I set up a savings account for my child through my Revolut account, and how does it work?","To set up a savings account for your child through your Revolut account, you can create a Kids account. Follow the steps in the article ""Open a Revolut – Kids & Teens account."" Once the account is set up, you can use Kids & Teens Save to introduce your child to saving with Pockets.","Open a Revolut – Kids & Teens account,Kids & Teens Instant Access Savings,Revolut Kids & Teens Save,Getting started with Savings",4
ultra_globetrotter_executive_female_42,family_joint_1,calm_at_home,We're planning to teach our children about savings. How do I set up Revolut accounts for my kids and manage their pocket money transfers effectively?,"To set up a Revolut account for your child and manage their pocket money transfers effectively, follow these steps:

1. Open a Revolut Kids & Teens account by going to 'Home' > 'Accounts' > 'Add new' > 'Kids' and entering your child's details.
2. Access the Kids & Teens account by going to 'Home' > 'Accounts' and selecting 'Kids & Teens account.'
3. Use Pockets feature to create and customize saving compartments for your child's pocket money transfer. Money can be added by both parties.

(Source: Revolut Kids & Teens Save, Open a Revolut – Kids & Teens account)","Revolut Kids & Teens Save,Open a Revolut – Kids & Teens account,Managing a Revolut – Kids & Teens account,Revolut – Kids & Teens card management",4
ultra_globetrotter_executive_female_42,family_joint_1,panic_security_fear,"urgent issue! daughter sent money from her account, not showing up! is it lost or fraud? please help now!","If your daughter's money transfer is not showing up, contact our Customer Support team immediately by requesting a live agent in the in-app chat to investigate the issue and guide you on next steps to ensure the safety of her account.","Urgent text from a kid or friend?,Report a fraudulent transfer,I received a transfer from an unknown sender,My card has been used fraudulently",4
ultra_globetrotter_executive_female_42,family_joint_1,angry_after_waiting,"Why can't my kids use their Revolut cards for payments? THIS IS UNACCEPTABLE. Fix this immediately, I've had no help for days!","I'm sorry you're facing issues. To assist you with your kids' Revolut cards, you can reset the card's contactless limit in the Revolut app. Please follow the steps outlined in the article ""Why aren’t my contactless payments working?"" to resolve this issue.","Revolut – Kids & Teens cards,Revolut – Kids & Teens card management,Request a Revolut – Kids & Teens virtual card,Why aren’t my contactless payments working?",4
ultra_globetrotter_executive_female_42,family_joint_1,confused_by_app_updates,"I'm trying to set up savings for my kids through the app and I'm a bit confused. Where exactly do I manage their savings accounts, and what are the steps to do this?","To manage your kids' savings accounts in the app, follow these steps:
- Go to 'Home' on the bottom menu
- Below your balance, tap 'Accounts'
- Scroll down and select ‘Kids & Teens account’","Kids & Teens Instant Access Savings,Revolut Kids & Teens Save,Managing a Revolut – Kids & Teens account,Documents and statements for my Savings accounts",4
ultra_globetrotter_executive_female_42,family_joint_1,rushing_with_typos,can i set up spending limits for my kids cards on the app? they might overspend pls help fast,"Yes, you can set monthly spending limits for your kids' cards on the app. You can do this in the 'Cards' section by tapping the card icon in the top right corner. Transactions over this limit will be declined to prevent overspending.","Setting a monthly spending limit,Revolut – Kids & Teens card management,Revolut – Kids & Teens cards,Kids & Teens Instant Access Savings",4
ultra_globetrotter_executive_female_42,family_joint_1,on_the_go_direct,"Can't send pocket money to kids, app not working. Fix quickly, please.","If you're experiencing issues sending pocket money to your child using Revolut Kids & Teens Save, you might need to complete a one-time transfer to send the money. If the app is not working, you may need to troubleshoot the app or reach out to customer support for further assistance.","Revolut Kids & Teens Save,Insufficient funds for scheduled transfer,Revolut – Kids & Teens card management,What if I don't have enough money in my bills Pocket?",4
ultra_globetrotter_executive_female_42,family_joint_1,voice_transcription,"hey so i'm trying to set up savings for my kids using the app but like, i'm not sure how the payment works do their accounts get money automatically from mine or what need some help figuring this out","In Revolut Kids & Teens, you can add money to their savings account manually. To do this, you need to follow these steps:
1. Go to 'Home' in the app
2. Tap on 'Accounts' below your balance
3. Select their ‘Kids & Teens account’
4. Choose 'Add money', enter the amount, and tap 'Add money'","Kids & Teens Instant Access Savings,Revolut Kids & Teens Save,Revolut – Kids & Teens payments,Add money to or withdraw from Revolut Kids & Teens account",4
ultra_globetrotter_executive_female_42,family_joint_1,poor_internet_connection,"Having issues setting up a saving goal and sending money to my kids through the app; it keeps timing out and not loading, what happens if I retry with poor connection?","If you retry setting up a saving goal and sending money to your kids with a poor connection, the action may time out or fail. It is advised to ensure a stable internet connection to avoid such issues.","Revolut Kids & Teens Save,Insufficient funds for scheduled transfer,Kids & Teens Instant Access Savings,I'm having trouble using my Revolut Terminal",4
ultra_globetrotter_executive_female_42,family_joint_1,vague_first_message,"can't seem to make that pocket money thing work for my kids, am i missing something?","To set up Pockets for your kids on Revolut, follow these steps:
- Go to 'Home' on the bottom menu
- Below your balance, tap Accounts
- Select 'Add new' and choose 'Pockets'
- Choose your Pocket type and follow the instructions from the Revolut Kids & Teens Save feature.","Revolut Kids & Teens Save,Getting started with Pockets,What if I don't have enough money in my bills Pocket?,Revolut – Kids & Teens Earn",4
ultra_globetrotter_executive_female_42,airport_lounge_pass_issue,empty,I can't generate the QR code for my airport lounge access and I need to board soon. How can I fix this?,"If you can't generate the QR code for your airport lounge access, provide the lounge your Membership number found under the QR code. If needed, request a refund for the pass that hasn't been redeemed to access the lounge.","I'm having difficulty with my airport lounge pass,How do I use my airport lounge pass?,How do I use my airport fast track pass?,Can I cancel an airport lounge pass? ",4
ultra_globetrotter_executive_female_42,airport_lounge_pass_issue,calm_at_home,"I'm trying to generate a QR code for my airport lounge access via the app, but it isn't working. Could you guide me on how to proceed?","If you are having trouble generating a QR code for your airport lounge access, you can try the following steps:
1. Go to 'RevPoints' on the bottom menu of the Revolut app.
2. Select 'Lounges' followed by 'Lounge passes'.
3. If the QR code isn't working, try giving the lounge your 'Membership number' located under the QR code on your pass.
If the issue persists, please reach out to our support team for further assistance.","I'm having difficulty with my airport lounge pass,How do I use my airport lounge pass?,How do I use my airport fast track pass?,How do I purchase an airport lounge pass?",4
ultra_globetrotter_executive_female_42,airport_lounge_pass_issue,panic_security_fear,"Airport lounge QR code not showing, need access urgently before I board. Is there a fix for this now, please?","If your airport lounge QR code is not showing, you can give the lounge your Membership number which is located under the QR code on your pass.","I'm having difficulty with my airport lounge pass,How do I use my airport lounge pass?,How do I use my airport fast track pass?,Can I cancel an airport lounge pass? ",4
ultra_globetrotter_executive_female_42,airport_lounge_pass_issue,angry_after_waiting,"Lounge QR code won't show up! Boarding soon, need this fixed NOW. Why is this taking so long? Frustrated with no help!","If your lounge QR code is not showing up in the app, try the following steps:
1. Go to 'RevPoints' on the bottom menu of the app
2. Select 'Lounges' followed by 'Lounge passes'
3. If the QR code is still not showing up, contact Revolut support for further assistance.","I'm having difficulty with my airport lounge pass,How do I use my airport lounge pass?,How do I use my airport fast track pass?,I ordered a card and it didn't arrive",4
ultra_globetrotter_executive_female_42,airport_lounge_pass_issue,confused_by_app_updates,I'm at the airport trying to use my lounge pass but the QR code won't show up in the app. Where am I supposed to find it? I'm a bit lost here.,"To find your QR code for the airport lounge pass in the Revolut app, follow these steps:
- Go to 'RevPoints' on the bottom menu of the app
- Select Lounges, then 'Lounge passes'
- Locate your pass and tap to reveal the QR code","I'm having difficulty with my airport lounge pass,How do I use my airport lounge pass?,How do I purchase an airport lounge pass?,How do I use my airport fast track pass?",4
ultra_globetrotter_executive_female_42,airport_lounge_pass_issue,rushing_with_typos,boarding soon cant generate lounge qr code pls help quickly need access now,"If you can't generate your lounge QR code, you can provide your 'Membership number' directly under the QR code on your pass to access the lounge.","I'm having difficulty with my airport lounge pass,How do I use my airport lounge pass?,How do I purchase an airport lounge pass?,How do I use my airport fast track pass?",4
ultra_globetrotter_executive_female_42,airport_lounge_pass_issue,on_the_go_direct,"Lounge QR code won’t show up, boarding soon, fix this now.","If your lounge QR code won't display in the app, you can provide your 'Membership number' directly under the QR code to access the lounge. You can follow these steps: Go to 'RevPoints' > Lounges > Lounge passes.","I'm having difficulty with my airport lounge pass,How do I use my airport lounge pass?,How do I use my airport fast track pass?,Can I cancel an airport lounge pass? ",4
ultra_globetrotter_executive_female_42,airport_lounge_pass_issue,voice_transcription,um i'm at heathrow trying to get into the lounge but the QR code i need won't show up on the app and my flight is like boarding soon can you fix this like right away please,"To resolve the issue with the QR code not showing up, you can try the following steps:

- Go to 'RevPoints' on the bottom menu of the Revolut app
- Select Lounges followed by 'Lounge passes'
- Present your QR code at the lounge check-in desk

If the QR code still doesn't appear, please contact Revolut support for further assistance.","I'm having difficulty with my airport lounge pass,How do I use my airport lounge pass?,How do I use my airport fast track pass?,Can I cancel an airport lounge pass? ",4
ultra_globetrotter_executive_female_42,airport_lounge_pass_issue,poor_internet_connection,"stuck at loading screen while trying to get my lounge QR code, connection keeps dropping, boarding soon. will it still work if i retry despite the timeout?",You might be experiencing trouble due to an unstable internet connection. We advise you to ensure a stable connection before retrying to load your lounge pass QR code.,"I'm having difficulty with my airport lounge pass,How do I use my airport lounge pass?,I'm having trouble using my Revolut Terminal,Difficulty logging in",4
ultra_globetrotter_executive_female_42,airport_lounge_pass_issue,vague_first_message,"I'm at the airport and the lounge pass QR code won't show up in the app, need it quickly before boarding.","To quickly access your airport lounge pass QR code before boarding, follow these steps:
1. Go to 'RevPoints' on the bottom menu of the Revolut app
2. Select Lounges followed by 'Lounge passes'
3. Present your QR code at the lounge check-in desk.","I'm having difficulty with my airport lounge pass,How do I use my airport lounge pass?,How do I use my airport fast track pass?,How do I purchase an airport lounge pass?",4
senior_citizen_uk_female_67,cards_atm_1,empty,Why can't I add funds to my card while I'm abroad on holiday?,Card top-ups may be blocked while you're abroad on holiday due to previous declined payments or multiple unsuccessful attempts. These blocks may last up to 30 days.,"Why your card top-ups may be blocked,How to add money with a card,Transferring funds to an external card,Disruptions to adding money with Visa cards",4
senior_citizen_uk_female_67,cards_atm_1,calm_at_home,"I’m trying to add money to my card but it seems there’s a limit or restriction. Can you explain how much I can add, especially since I'm planning to use it abroad?","You can add up to £3,000 (or another currency equivalent) in other currencies within 24 hours. For adding money to your card to use abroad, you can follow these steps: 
- Go to 'Home' on the bottom menu
- Tap Add money
- Enter the amount
- Under the amount, choose your payment method","Transferring funds to an external card,Limits for using my card abroad,How to add money with a card,Card payment fees and limits",4
senior_citizen_uk_female_67,cards_atm_1,panic_security_fear,"why can't i add money to my card now, is it blocked or something? please help, i'm worried it's urgent","You may be experiencing issues adding money to your card due to a previous declined payment or security system concerns. To troubleshoot, you can try reviewing any declined payments in the app or complete the in-app questionnaire to ensure the security system is not blocking your transactions. If you continue to experience issues, contact our support team https://app.revolut.com/form/13ef84b4-1e3b-48eb-8e8b-0030e7e08adc?faqEntryPoint=que for further assistance.","Why your card top-ups may be blocked,My card payment was declined,How to add money with a card,My card payment was declined by the security system",4
senior_citizen_uk_female_67,cards_atm_1,angry_after_waiting,Why can't I add money to my card? Limits make no sense. Tried everything. NO help last time. Need it fixed NOW! Unbelievable delay.,"Your card top-ups may be blocked due to previous declined payments or multiple unsuccessful attempts. For assistance, please fill out this form: [Form to Fill Out](https://app.revolut.com/form/13ef84b4-1e3b-48eb-8e8b-0030e7e08adc?faqEntryPoint=que)","Why your card top-ups may be blocked,How to add money with a card,Why aren’t my contactless payments working?,My card payment was declined",4
senior_citizen_uk_female_67,cards_atm_1,confused_by_app_updates,"I'm trying to add money to my card for my trip, but it says there's a problem with limits or something. I can't figure out where to check or change this. Can someone guide me?","To check and manage your limits for adding money to your Revolut card, go to: How to check my limi","How to add money with a card,Limits for using my card abroad,Difficulty adding money with an easy bank transfer,Why your card top-ups may be blocked",4
senior_citizen_uk_female_67,cards_atm_1,rushing_with_typos,cant add more money to card says limit reached is there max daily topup i can do thx,"Based on the information provided, it seems like the issue you're experiencing might be due to your card top-up limit being reached. To address this, you can refer to this article on ""Setting a monthly spending limit"" to manage your card limits effectively.","Why your card top-ups may be blocked,How to add money with a card,Limits for using my card abroad,Setting a monthly spending limit",4
senior_citizen_uk_female_67,cards_atm_1,on_the_go_direct,"can't top up my card, says limit reached, need it now fix please","You may have reached the limit for card top-ups. To reset the limit in the Revolut app, follow these steps:
- Go to 'Home' on the bottom menu
- Tap the cards icon in the top-right corner
- Select your card
- Tap 'Sett","Why your card top-ups may be blocked,Why aren’t my contactless payments working?,My physical card isn't working,My Ramp payment failed. What should I do?",4
senior_citizen_uk_female_67,cards_atm_1,voice_transcription,hey i’m having trouble putting money on my card for my trip like i tried but it didn't work is there some kind of limit cuz i don’t understand why it’s not letting me do it can you help,"Your card deposits may be blocked due to previous declined payments or multiple unsuccessful attempts. Please check this article: ""Why your card top-ups may be blocked"" for more information.","Why your card top-ups may be blocked,How to add money with a card,Why aren’t my contactless payments working?,My card payment was declined",4
senior_citizen_uk_female_67,cards_atm_1,poor_internet_connection,"I'm trying to top up my card for holiday spending, but keep getting stuck at loading screen. Is this because of my connection or a limit issue?",This could be due to your issuing bank blocking the top-up. This block can last up to 30 days.,"Why your card top-ups may be blocked,Why aren’t my contactless payments working?,My physical card isn't working,My card payment was declined",4
senior_citizen_uk_female_67,cards_atm_1,vague_first_message,"why can't i put more holiday money on my card, is there a limit","You may be experiencing an issue with your card top-up due to your issuing bank declining a previous payment using this card or multiple unsuccessful attempts. These payment blocks can last for up to 30 days. To avoid exceeding your spending limit while abroad, you can set a monthly spending limit in the 'Cards' section of the app.","Setting a monthly spending limit,Why your card top-ups may be blocked,Card payment fees and limits,Maximum active cards",4
senior_citizen_uk_female_67,other_1,empty,I can't log into the app; it says my account is restricted. How do I fix this?,"Please check if your identity verification is complete, your source of funds is verified, and your tax information is up to date as outlined in the Personal Terms of Revolut. If these are not the issue, then contact Revolut support for further assistance.","My account was restricted or closed,Difficulty logging in,Pro account under review or payments not working,Change my phone number",4
senior_citizen_uk_female_67,other_1,calm_at_home,I am having trouble logging into my Revolut app. Can you guide me on what steps to take for a smooth login?,"To troubleshoot logging in to your Revolut app:
1. Make sure to use the phone number associated with your account.
2. If you've changed your number, log in with your old number first or use your email associated with your account.
3. If you can't log in, update your phone number within the app's Personal details.","Difficulty logging in,How do I log in to my Revolut Terminal?,Log in with a new phone number,Lost or stolen device",4
senior_citizen_uk_female_67,other_1,panic_security_fear,"can't log in, worried someone stole my info, please help now, urgent!","I'm sorry, I don't have explicit guidance for your situation.","Lost or stolen device,My phone suddenly lost signal,Urgent text from a kid or friend?,I lost access to my passkey",4
senior_citizen_uk_female_67,other_1,angry_after_waiting,LOGIN FAILED AGAIN! WHY CAN'T I GET IN? THIS KEEPS HAPPENING. FIX THIS NOW. NO HELP FROM SUPPORT LAST TIME. RIDICULOUS DELAY!,"Please log in using the phone number associated with your Revolut account. If you have trouble with the verification code, ensure your network signal is strong, check for SMS filtering settings, and make sure your phone inbox isn't full. If you experience issues with the selfie verification, ensure the selfie is 'live' and follows the steps provided. If you are asked to confirm your personal details, make sure to do so promptly. If you need further assistance, please reach out to our support team.","Difficulty logging in,Trouble with mobile verification code,Trouble with my selfie verification for Wealth Protection,Confirm your personal details again",4
senior_citizen_uk_female_67,other_1,confused_by_app_updates,"I'm trying to log in to my Revolut app, but nothing happens. I see ""Clear Sky"" on my card, but not sure what it means or where to find login help.","If you're having trouble logging in to your Revolut app, you can try logging in with your phone number associated with your account. If that doesn't work, you can contact Revolut support.","Difficulty logging in,How do I get the Clear Sky debit card?,How do I log in to my Revolut Terminal?,Lost or stolen device",4
senior_citizen_uk_female_67,other_1,rushing_with_typos,"cant login app, keeps asking pin or cvv whats wrong? need it fast pls","You are possibly experiencing issues with your card PIN. Make sure you are using the correct PIN. If you need to change your PIN, you can do so at any ATM with the 'PIN services' feature.","Problems with my card PIN,Difficulty logging in,My single-use virtual card isn't working,Change passcode",4
senior_citizen_uk_female_67,other_1,on_the_go_direct,"can't log in at ATM, says error, need access now","If you are unable to access your account at an ATM, your best course of action would be to freeze your card to prevent any unauthorized transactions and contact the ATM provider for further instructions on how to resolve the issue.","My card has been swallowed by an ATM,Difficulty logging in,Problems with my card PIN,Limits",4
senior_citizen_uk_female_67,other_1,voice_transcription,"um I'm having trouble logging into my app it keeps rejecting my PIN and CVV number are these numbers supposed to change every time or am I just doing something wrong, like I'm so confused here please help","Please log in using your phone number associated with your Revolut account. If needed, you can reset your passcode using the steps in the ""Change passcode"" article to resolve login issues.","Problems with my card PIN,Difficulty logging in,Change passcode,Change my phone number",4
senior_citizen_uk_female_67,other_1,poor_internet_connection,"App isn't loading my account, keeps timing out. Can I still finish logging in when connection drops, or will it retry automatically?","If your app is timing out, you may try troubleshooting your internet connection by following these steps:

- Ensure your network signal is strong enough by refreshing it using the airplane mode.
- Check for any SMS filtering settings or applications that may interfere with your connection.
- Ensure that your phone inbox isn't full.
- If the issue persists, try swapping the SIM card to another phone.

Revolut does not have an automatic retry feature for logging in after a connection drop.","Difficulty logging in,Trouble with mobile verification code,I'm having trouble using my Revolut Terminal,Sign in with face ID or fingerprint",4
senior_citizen_uk_female_67,other_1,vague_first_message,"I can't get into my app, and I'm worried my money is missing. What should I do?",Tap this link https://app.revolut.com/lost-device to report a lost device and verify your identity with a selfie to secure your account.,"Lost or stolen device,My transfer to or from someone on Revolut wasn't received,My card was stolen. What should I do?,My Ramp payment failed. What should I do?",4
senior_citizen_uk_female_67,savings_investments_1,empty,Can you explain if there are any special tax rules I should know for savings I make here?,"Revolut doesn't withhold any tax on your interest income earned. You have sole responsibility for managing your legal obligations and tax affairs, including making any applicable filings and tax payments. It's important to comply with any relevant laws and regulations regarding the taxation of your savings.","Tax on Savings,Getting started with Savings,Documents and statements for my Savings accounts,Earning interest with Savings",4
senior_citizen_uk_female_67,savings_investments_1,calm_at_home,I'm trying to understand how the savings interest works with my account. Are there any tax implications I need to be aware of?,"Revolut doesn't withhold any tax on your interest income earned. You have sole responsibility for managing your legal obligations and tax affairs, including making any applicable filings and tax payments.","Tax on Savings,How to calculate interest on Savings accounts,Earning interest with Savings,How is interest calculated on tiered Instant Access Savings?",4
senior_citizen_uk_female_67,savings_investments_1,panic_security_fear,"urgent, my savings look lower than expected, is tax taken automatically or am i missing money? please help now, worried!","Revolut doesn't withhold any tax on your interest income earned. You are responsible for managing your legal obligations and tax affairs, including making filings and payments. If you have concerns about missing money, you may want to review your account activity.","Tax on Savings,How can I improve my financial health?,Update my tax information,Why was my Savings Accounts restricted or closed?",4
senior_citizen_uk_female_67,savings_investments_1,angry_after_waiting,"WHY is my savings interest not instant? TRIED calling, NO HELP! Tax info confusing. FIX THIS. So FRUSTRATED!","Interest accrues daily in your Savings account, but it is paid out once the cumulative interest exceeds a certain amount. If the interest is less than 0.01 EUR/GBP/USD, it won't be paid out until it has reached or exceeded this threshold. You can learn more about interest accrual for Savings accounts in the article ""How to calculate interest on Savings accounts"".","Earning interest with Savings,How is interest calculated on tiered Instant Access Savings?,How to calculate interest on Savings accounts,Kids & Teens Instant Access Savings",4
senior_citizen_uk_female_67,savings_investments_1,confused_by_app_updates,"I’m trying to understand the savings thing in the app, but I’m not sure about this instant access term. Where do I find how it works or taxes involved?","To understand how Instant Access Savings work in the app, including terms and taxes involved, you can refer to the ""Kids & Teens Instant Access Savings"" article. It provides information on the account's features and how it operates with a parent or guardian control. For details on interest calculation and rates, you can check the ""How is interest calculated on tiered Instant Access Savings"" article for tiered rates and plans.","Kids & Teens Instant Access Savings,How is interest calculated on tiered Instant Access Savings?,Instant Access Savings promotion,Documents and statements for my Savings accounts",4
senior_citizen_uk_female_67,savings_investments_1,rushing_with_typos,how does instant savings work is there tax im confused about my interest rates pls explain,Instant Access Savings offers tiered interest rates based on your plan. Rates can vary based on your balance and plan. Revolut doesn't withhold tax on interest income. You are responsible for managing tax obligations.,"How is interest calculated on tiered Instant Access Savings?,Earning interest with Savings,Rate decrease on my Instant Access Savings,Tax on Savings",4
senior_citizen_uk_female_67,savings_investments_1,on_the_go_direct,"At ATM, need quick info: savings taxed or not? Clarify please.","Revolut doesn't withhold any tax on your interest income earned. You have sole responsibility for the management of your legal obligations and tax affairs, including making any applicable filings and tax payments.","Tax on Savings,How is interest calculated on tiered Instant Access Savings?,Documents and statements for my Savings accounts,Earning interest with Savings",4
senior_citizen_uk_female_67,savings_investments_1,voice_transcription,um so i have this holiday money in savings now and was wondering if it affects taxes or something like how does that work i'm not sure about this stuff do i need to do anything special,Revolut doesn't withhold tax on your interest income earned. You are responsible for managing your tax affairs. Ensure to comply with any applicable tax laws and regulations.,"Tax on Savings,How to calculate interest on Savings accounts,Earning interest with Savings,Add money to your savings account",4
senior_citizen_uk_female_67,savings_investments_1,poor_internet_connection,Trying to check savings offers but the app is stuck at loading. Will the bonus still apply if I try later with poor connection?,"I'm sorry, I don't have the information to answer that specific question.","Instant Access Savings promotion,Savings Challenge,Missing reward from an influencer or brand signup,Delayed (offline) card payments",4
senior_citizen_uk_female_67,savings_investments_1,vague_first_message,"I thought my savings would grow more, but I don't see the extra money added. Can you explain?","Interest accrues daily on your Savings account, but if it's less than 0.01 EUR/GBP/USD, it won't be paid until the cumulative interest exceeds this amount. You can find more details about the interest rate and how it accumulates in our articles.","How to calculate interest on Savings accounts,Add money to your savings account,Earning interest with Savings,Kids & Teens Instant Access Savings",4
senior_citizen_uk_female_67,transfers_1,empty,How can I transfer money from my account to someone else's joint account using the app?,"To transfer money to someone else's joint account using the app, follow these steps:
1. Go to 'Home' on the bottom menu
2. Below your balance, tap 'Accounts'
3. Select the Joint account
4. Tap 'Add money' and follow the instructions.","Joint account transfers,Adding money to a Joint account,I want to close my Joint account,Setting up a Joint account",4
senior_citizen_uk_female_67,transfers_1,calm_at_home,I opened a joint account for my holiday but I'm unsure how to transfer money between our accounts. Can you guide me through the steps?,"To transfer money between Joint accounts:
1. Go to 'Home' on the bottom menu
2. Below your balance, tap 'Accounts'
3. Select your Joint account
4. Tap 'Add money' and follow the instructions","Joint account transfers,Adding money to a Joint account,Setting up a Joint account,I want to close my Joint account",4
senior_citizen_uk_female_67,transfers_1,panic_security_fear,"I think my money went to wrong person! Tried to send it from joint account, please help fix this emergency!","Once the transfer is processed, we're not able to cancel it. You'll need to ask the recipient to return the money to you. Reach out to them through the chat between you.","I sent a transfer to the wrong Revolut customer,Report a fraudulent transfer,I want to cancel my transfer to a card,I received a transfer from an unknown sender",4
senior_citizen_uk_female_67,transfers_1,angry_after_waiting,"Tried transferring to my joint account, but it won't go through. WHY is this happening? FIX immediately! Frustrated with NO help before!",Compliance reasons or a locked/unverified account could be causing the transfer issue. Please check your account status and complete any necessary verification steps. ,"Joint account transfers,Revolut closed my joint account,Insufficient funds for scheduled transfer,I can't send a transfer or create a recipient",4
senior_citizen_uk_female_67,transfers_1,confused_by_app_updates,"I'm trying to send money, and I see something about a Revtag. What is that, and how do I change it? I tried but got stuck.","To change your Revtag, tap your profile icon in the top-left corner, select 'Account', 'Personal details', then tap your Revtag to change it. Your previous Revtag will become inactive, but you can switch back to an old one anytime.","Change my Revtag,Revtags,More help with sending money via a payment link,Send or request money from other Revolut customers",4
senior_citizen_uk_female_67,transfers_1,rushing_with_typos,tried send money my friend but it says wrong revtag cant find how change pls help,"To change your Revtag, follow these steps:

1. Tap your profile icon in the top-left corner.
2. Select 'Account' and 'Personal details'.
3. Tap your Revtag to change it.

If you're experiencing issues sending money to your friend due to a wrong Revtag, please verify and update your Revtag using the steps above.","More help with sending money via a payment link,My friend added money, but I still didn’t get the reward,Change my Revtag,I sent a transfer to the wrong Revolut customer",4
senior_citizen_uk_female_67,transfers_1,on_the_go_direct,"need to send money but can't find joint account option, help","To send money from a Joint account, you can follow these steps from the Revolut app:
- Go to 'Home' on the bottom menu
- Below your balance, tap Accounts
- Select your Joint account
- Tap 'Send money' and follow the instructions.","I want to close my Joint account,Adding money to a Joint account,Setting up a Joint account,Joint account transfers",4
senior_citizen_uk_female_67,transfers_1,voice_transcription,uh i want to send money from my joint account but it doesn't work not sure if it's something i need to change like maybe the tag or something else can you help me with this,"I'm glad you reached out about sending money from your Joint account. You may need to review the settings or instructions provided below:

1. To view your Joint account details for sending money:
- Go to 'Home' on the bottom menu
- Below your balance, tap 'Accounts'
- Select your Joint account
- Tap 'More' → 'Details'

2. If you encounter issues, you can also refer to the ""Joint account transfers"" help article for more information.","Joint account transfers,I want to close my Joint account,Adding money to a Joint account,Setting up a Joint account",4
senior_citizen_uk_female_67,transfers_1,poor_internet_connection,Trying to send money from joint account but app keeps hanging and saying retry. Will the transfer still go through if it says timeout?,"If the app is hanging and saying retry, the transfer may not go through. You may need to complete a one-time transfer to send the money.","Insufficient funds for scheduled transfer,Why is my transfer to a bank account still pending?,Difficulty adding money with an easy bank transfer,Joint account transfers",4
senior_citizen_uk_female_67,transfers_1,vague_first_message,"I tried to send money with my joint thing but it's not working, did I do something wrong?","If you are having trouble sending money from your Joint account, please make sure you have followed the correct steps outlined in the article ""Joint account transfers."" If the issue persists, you may need to complete a one-time transfer to ensure there are sufficient funds available for the transfer.","Joint account transfers,Adding money to a Joint account,Insufficient funds for scheduled transfer,I sent crypto to an incorrect wallet address. What can I do?",4
senior_citizen_uk_female_67,plans_billing_1,empty,What happens to my travel insurance if I change my plan before my trip?,"Your travel insurance policy is tied to the type of plan you have. If you change your plan before your trip, this could impact your travel insurance coverage.","Does the account transfer impact my plan insurance cover?,Does moving home impact my travel insurance?,Claiming after Premium travel insurance removal,What happens once the gifted paid plan duration ends?",4
senior_citizen_uk_female_67,plans_billing_1,calm_at_home,I'm trying to figure out who handles the trip and event cancellation protection with my Ultra account. Can you provide some clarity on this?,"We currently work exclusively with Qover to provide trip and cancellation insurance for all of our Ultra customers. Qover arranges and administers the policy for the insurer, Wakam.","Who provides Ultra trip and event cancellation protection?,My supplier won’t let me cancel my trip/event. Am I covered with Ultra trip and event cancellation protection?,Am I covered by Ultra trip cancellation protection if I need to cancel a flight while abroad?,Am I covered for trips or events that I didn't purchase with my Revolut account with Ultra trip and event cancellation protection?",4
senior_citizen_uk_female_67,plans_billing_1,panic_security_fear,"urgent help! lost access to ultra trip protection. is my event cancellation still covered somehow? worried about a fraud problem, need to know now!","If you lost access to Ultra trip protection and need urgent help with event cancellation coverage due to a fraud problem, please contact Revolut customer support immediately for assistance.","My supplier won’t let me cancel my trip/event. Am I covered with Ultra trip and event cancellation protection?,Am I covered by Ultra trip cancellation protection if I need to cancel a flight while abroad?,Am I covered for trips or events that I didn't purchase with my Revolut account with Ultra trip and event cancellation protection?,Ultra trip & event cancellation with companion coverage",4
senior_citizen_uk_female_67,plans_billing_1,angry_after_waiting,Why is my trip protection not working after Premium insurance changed? Tried getting help before. NO RESPONSE. Fix this NOW!,"I'm sorry you're experiencing issues with your trip protection after the Premium insurance change. Have you contacted Chubb for submitting your claim? If you need assistance, please follow the steps in the article ""Claiming after Premium travel insurance removal.""","Claiming after Premium travel insurance removal,My supplier won’t let me cancel my trip/event. Am I covered with Ultra trip and event cancellation protection?,Cover for delayed trips,How do I get an update on my existing claim?",4
senior_citizen_uk_female_67,plans_billing_1,confused_by_app_updates,"I'm looking at this Ultra plan, but I'm not sure who covers trip cancellations. Is it Revolut who handles claims or do I go somewhere else? Can't find this info in the app.",You must follow the steps to submit a claim for trip cancellations with the Ultra plan. You will be the one handling the claim submission.,"How do I make a cancel for any reason protection claim?,Am I covered for trips or events that I didn't purchase with my Revolut account with Ultra trip and event cancellation protection?,Will I get a full refund for my trip or event cancellation?,Cover for cancelled and interrupted trips",4
senior_citizen_uk_female_67,plans_billing_1,rushing_with_typos,"do i still have trip protection if premium insurance got removed, who handles it now pls","Since travel insurance is no longer included as a Premium plan benefit, for trip and event cancellation protection you can contact Qover, who arranges and administers the policy for the insurer, Wakam.","Claiming after Premium travel insurance removal,Who provides Ultra trip and event cancellation protection?,Ultra trip & event cancellation with companion coverage,Am I covered by Ultra trip cancellation protection if I need to cancel a flight while abroad?",4
senior_citizen_uk_female_67,plans_billing_1,on_the_go_direct,"Need to claim insurance after removing my plan, how to proceed?","If your claim is for an event that occurred before the removal date, contact Chubb directly to submit your claim. You can do this online.","Claiming after Premium travel insurance removal,How do I make a protection insurance claim?,How to make a Pet Insurance claim,How do I get an update on my existing claim?",4
senior_citizen_uk_female_67,plans_billing_1,voice_transcription,uh so i heard that like my ultra plan has trip cancellation protection but i'm not sure who actually like provides that cause i was thinking about making a claim any help with that,"The Ultra trip and event cancellation protection is provided by Qover and administered by Wakam as mentioned in the help article ""Who provides Ultra trip and event cancellation protection?"" If you need to make a claim, follow the steps outlined in the article ""My supplier won’t let me cancel my trip/event. Am I covered with Ultra trip and event cancellation protection?""","My supplier won’t let me cancel my trip/event. Am I covered with Ultra trip and event cancellation protection?,Am I covered by Ultra trip cancellation protection if I need to cancel a flight while abroad?,Who provides Ultra trip and event cancellation protection?,Ultra trip & event cancellation with companion coverage",4
senior_citizen_uk_female_67,plans_billing_1,poor_internet_connection,"Trying to check Ultra trip protection when app loads slow or fails. Does connection issues stop protection confirmation? Please advise, I'm timed out often.","I'm sorry, I don't have the necessary information to answer your query.","My supplier won’t let me cancel my trip/event. Am I covered with Ultra trip and event cancellation protection?,Am I covered by Ultra trip cancellation protection if I need to cancel a flight while abroad?,Am I covered for trips or events that I didn't purchase with my Revolut account with Ultra trip and event cancellation protection?,Who provides Ultra trip and event cancellation protection?",4
senior_citizen_uk_female_67,plans_billing_1,vague_first_message,I can't find the insurance thing for cancelling trips; is it still there or gone?,"Since 25 July 2024, travel insurance for trip cancellation is no longer included in the Premium plan. If your trip is before this date, coverage might still apply under the Metal plan.","Cover for cancelled and interrupted trips,Claiming after Premium travel insurance removal,What is a trip?,How do I cancel my Pet Insurance policy?",4
senior_citizen_uk_female_67,family_joint_1,empty,How can I set up an allowance for my grandchild with my Revolut account?,"To set up an allowance for your grandchild with your Revolut account, you can utilize the ""Add money"" feature mentioned in the ""Add money to or withdraw from Revolut Kids & Teens account"" article. Just follow the steps outlined in that article to add funds to your grandchild's Kids & Teens account.","Open a Revolut – Kids & Teens account,Add money to or withdraw from Revolut Kids & Teens account,Managing a Revolut – Kids & Teens account,Request a Revolut – Kids & Teens virtual card",4
senior_citizen_uk_female_67,family_joint_1,calm_at_home,"I'm considering giving my grandchild some pocket money through the app. How do I set this up for them, and are there any restrictions I should know about?","To give your grandchild pocket money through the app, you can create a Pocket for them within their Kids & Teens account. You and your grandchild can both add money to this Pocket. There are restrictions on payment types for Kids & Teens accounts.","Revolut Kids & Teens Save,Revolut – Kids & Teens card management,Revolut – Kids & Teens payments,Kids & Teens Instant Access Savings",4
senior_citizen_uk_female_67,family_joint_1,panic_security_fear,"my grandchild's account shows a payment I don't recognize, could it be wrong? please help, I'm worried it might be unsafe","If you do not recognize a payment in your grandchild's account, you can contact the Revolut Customer Support team for assistance through the in-app chat. They can help you review the payment and ensure the account's safety.","Urgent text from a kid or friend?,I received a transfer from an unknown sender,Strange small charges on your card?,My card payment was declined by the security system",4
senior_citizen_uk_female_67,family_joint_1,angry_after_waiting,Why can’t my grandson use his card at the shop? Tried fixing this before. Not acceptable. NEED HELP NOW!,I don't know.,"My physical card isn't working,Why aren’t my contactless payments working?,Failed payment on Tap to Pay on iPhone,Problems with my card PIN",4
senior_citizen_uk_female_67,family_joint_1,confused_by_app_updates,"I'm trying to set up something for my grandkids' savings, but I can't find where to add them or see how it works. What do they mean by 'saving pots'?","You can create savings compartments called Pockets to save for your grandkids. This feature allows you to manage their savings easily. Follow the steps in the article ""Getting started with Pockets"" to create a Pocket in the app.","Revolut Kids & Teens Save,Getting started with Pockets,Kids & Teens Instant Access Savings,Getting started with Joint Savings",4
senior_citizen_uk_female_67,family_joint_1,rushing_with_typos,how do i set up something for my grandkids in the app for saving money im confused by all the buttons,"To set up something for your grandkids in the app for saving money, you can create a Pocket following these steps:
- Go to 'Home' on the bottom menu
- Below your balance, tap Accounts
- Select 'Add new' and choose 'Pockets'
- Choose your Pocket type and follow the instructions

Additionally, you can consider the Kids & Teens Save feature for a more tailored saving experience for your grandkids.","Revolut Kids & Teens Save,Getting started with Pockets,Kids & Teens Instant Access Savings,Revolut – Kids & Teens Earn",4
senior_citizen_uk_female_67,family_joint_1,on_the_go_direct,Can't figure out how to send money to grandson's Revolut card. Urgent.,"To send money to your grandson's Revolut card, follow these steps: 
- Go to 'Payments' on the bottom menu 
- Tap the plus sign in the top-right corner
- Search for your grandson as a recipient
- Enter the amount
- Tap 'Send'
This should help you transfer money to your grandson's Revolut card.","Request a Revolut – Kids & Teens virtual card,I sent a transfer to the wrong Revolut customer,Revolut – Kids & Teens card management,Send or request money from other Revolut customers",4
senior_citizen_uk_female_67,family_joint_1,voice_transcription,uh so I’m like trying to sort out using money for my grandkids with this app but um I don’t know how to set their allowance or if I can even do that maybe you can help with that,"To set an allowance for your grandkids in the Revolut Kids & Teens app, you can use the Revolut - Kids & Teens Earn feature to set challenges for them and determine their earnings for completing the challenges. You can also manage their spending by setting monthly limits and receiving notifications for their transactions as explained in the Revolut - Kids & Teens card management article.","Add money to or withdraw from Revolut Kids & Teens account,Revolut – Kids & Teens Earn,Revolut – Kids & Teens card management,Revolut Kids & Teens Payment Links",4
senior_citizen_uk_female_67,family_joint_1,poor_internet_connection,"Trying to check something on my Revolut app about the kids' allowances, but it keeps getting stuck at loading or says retry. Does it still work with poor internet?","Your Revolut app may be getting stuck or showing a 'retry' message due to poor internet connection, which can affect the app's functionality. Make sure you have a stable internet connection to access features related to Kids' allowances.","I'm having trouble using my Revolut Terminal,Revolut – Kids & Teens cards,What if Revolut - Kids & Teens isn't available?,Revolut – Kids & Teens card management",4
senior_citizen_uk_female_67,family_joint_1,vague_first_message,"my grandkids can't seem to use that thing to buy snacks, what am i missing?","To help your grandkids use their Kids & Teens card to buy snacks, you may need to ensure that the card is funded and activated. Additionally, you can set up spending limits and receive transaction notifications to monitor their purchases. You can also check if they are shopping through the listed brands in the Kids & Teens app to earn cashback rewards.","Revolut – Kids & Teens cards,Revolut Kids & Teens Rewards,Revolut – Kids & Teens card management,Forgotten passcode for a Kids & Teens account",4
senior_citizen_uk_female_67,other_2,empty,How can I check if my direct debit is set up properly for my bills?,"To check if your Direct Debit is set up properly for your bills, follow these steps:

1. Go to 'Payments' on the bottom menu.
2. Tap on the calendar icon in the top-right.
3. View active Direct Debits.

This will allow you to verify if your direct debit for bills is set up correctly.","Manage Direct Debits,Setting up a Direct Debit,How to set up Direct Debits in Pro,Problem with a Direct Debit",4
senior_citizen_uk_female_67,other_2,calm_at_home,"I'm trying to use my Revolut app for holiday money, but I'm unsure how to set up a Direct Debit. Could you guide me through the steps?","I'm sorry, setting up a Direct Debit on Revolut is only available for local EUR and GBP transfers, and not suitable for holiday money use.","Setting up a Direct Debit,How to set up Direct Debits in Pro,Manage Direct Debits,Problem with a Direct Debit",4
senior_citizen_uk_female_67,other_2,panic_security_fear,"My direct debit isn't working, and I worry about missing payments. Is something wrong with my account? Please help now, it's urgent!","If your direct debit isn't working, please check if you have sufficient funds in your account for the payment. If needed, you can top-up your account to avoid missing payments. You can also cancel any active direct debits if necessary.","Problem with a Direct Debit,Manage Direct Debits,What if I don't have enough money in my bills Pocket?,My card payment was declined",4
senior_citizen_uk_female_67,other_2,angry_after_waiting,"My direct debit is NOT working. Tried everything, still failing. This is URGENT. Why is this taking so long to fix?!","I'm sorry to hear you're experiencing difficulties with your direct debit. To resolve this issue urgently, you can try checking your currency balances or viewing and canceling your direct debits through the app. You can find more details in the ""Problem with a Direct Debit"" and ""Manage Direct Debits"" articles provided.","Problem with a Direct Debit,My physical card isn't working,My Ramp payment failed. What should I do?,Manage Direct Debits",4
senior_citizen_uk_female_67,other_2,confused_by_app_updates,"I set up a Direct Debit for my holiday account, but it didn't work. Where can I view or check if it's active? I'm confused about where to find this in the app. Thanks.","To view your active Direct Debits in the app, follow these steps:
- Go to 'Payments' on the bottom menu
- Tap on the calendar icon in the top-right
- View active Direct Debits

If you're unable to see your Direct Debit for your holiday account or if it didn't work, please contact our support team for assistance.","Manage Direct Debits,Problem with a Direct Debit,Setting up a Direct Debit,How to set up Direct Debits in Pro",4
senior_citizen_uk_female_67,other_2,rushing_with_typos,cant figure out how to set direct dbit for bills pls help me do this thx,"Go to your profile icon in the app and set up a Direct Debit. If you're using Revolut Pro, provide your bank account details to the provider to set up the Direct Debit.","Setting up a Direct Debit,How to set up Direct Debits in Pro,Manage Direct Debits,Problem with a Direct Debit",4
senior_citizen_uk_female_67,other_2,on_the_go_direct,"Direct Debit failed, why? Need this sorted quickly.","The Direct Debit may have failed due to insufficient funds in the Direct Debit currency. If the first currency balance doesn't have enough funds, the Direct Debit won't go through. You can view and manage your Direct Debits under 'Payments' -> calendar icon -> Active Direct Debits.","Problem with a Direct Debit,Setting up a Direct Debit,Manage Direct Debits,My card deposit didn't work",4
senior_citizen_uk_female_67,other_2,voice_transcription,um i think i have to set up a way for my bills to pay themselves like a direct debit thing but i don’t really know how can you show me how to start that in the app,"To set up a Direct Debit in the Revolut app, please follow these steps:
1. Tap your profile icon in the app to access the payment settings.
2. Go to 'Payments' on the bottom menu.
3. Tap on the calendar icon in the top-right.
4. View active Direct Debits there.

If you need detailed information on how to set up and manage Direct Debits in Revolut, please refer to the help articles provided.","Setting up a Direct Debit,Manage Direct Debits,How to set up Direct Debits in Pro,Group Bills",4
senior_citizen_uk_female_67,other_2,poor_internet_connection,"Trying to set up a direct debit, but app keeps getting stuck at loading. Will it go through when connection is better or do I need to retry?","I'm sorry, but I don't have enough information to answer your question based on the provided articles.","Problem with a Direct Debit,Setting up a Direct Debit,What if I don't have enough money in my bills Pocket?,I'm having trouble using my Revolut Terminal",4
senior_citizen_uk_female_67,other_2,vague_first_message,"tried getting direct thing for bill but money went twice, how fix this?","I'm sorry, but I don't have the information to help you with this specific issue based on the provided help articles.","Problem with a Direct Debit,What if I don't have enough money in my bills Pocket?,My Ramp payment failed. What should I do?,Manage Direct Debits",4
senior_citizen_uk_female_67,fraud_security_1,empty,I noticed some withdrawals from my account that I didn't make. How do I report this as fraud?,"To report unauthorized withdrawals as fraud, follow these steps:
1. Go to 'Home' on the bottom menu
2. Go to transactions
3. Report a fraudulent transaction","Report a fraudulent ATM withdrawal,Report a fraudulent transfer,Report a card payment as a scam or fraud,My card has been used fraudulently",4
senior_citizen_uk_female_67,fraud_security_1,calm_at_home,I've noticed a withdrawal on my account that I didn't make. How can I report this suspicious activity and ensure my money is safe?,"Go to 'Home' on the bottom menu -> Tap the card icon in the top-right corner -> Select the card you want to freeze, and tap 'Freeze'. After that, contact Revolut Support via the in-app chat to report the withdrawal.","Report a fraudulent ATM withdrawal,Report a fraudulent transfer,I received a transfer from an unknown sender,How to report a suspicious call, email, link, or text",4
senior_citizen_uk_female_67,fraud_security_1,panic_security_fear,"just saw my card was used, not me, in another country please help stop this now, it’s urgent",Go to 'Home' on the bottom menu in your Revolut app and tap on transactions to report the fraudulent transaction and secure your account.,"My card has been used fraudulently,Report a fraudulent transfer,I found my lost card,Report a card payment as a scam or fraud",4
senior_citizen_uk_female_67,fraud_security_1,angry_after_waiting,I need help NOW! My card was used without my permission. Why isn't anyone fixing this yet?,"Report the unauthorized charges as fraudulent payments by following the steps in the ""My card has been used fraudulently"" article. Replace your card by following the steps in the ""My card was stolen. What should I do?"" article to prevent further unauthorized use.","My card has been used fraudulently,My card was stolen. What should I do?,My card has been swallowed by an ATM,My physical card isn't working",4
senior_citizen_uk_female_67,fraud_security_1,confused_by_app_updates,"I see some charges from an ATM, but I didn't take out any money today. Where do I report this? I'm confused about what to do next.","You can report this as a fraudulent ATM withdrawal. To do so, follow the steps under 'Report a fraudulent ATM withdrawal' in the help article.","Report a fraudulent ATM withdrawal,My card has been swallowed by an ATM,Report a card payment as a scam or fraud,Why was my ATM withdrawal declined?",4
senior_citizen_uk_female_67,fraud_security_1,rushing_with_typos,my card got used wrongly at atm today i didnt take cash help fix pls,Freeze your card immediately in the app to prevent further unauthorized transactions. Then follow the steps to report a fraudulent ATM withdrawal by securing your account and reporting the incident.,"My card has been swallowed by an ATM,My card has been used fraudulently,Report a fraudulent ATM withdrawal,Why was my ATM withdrawal declined?",4
senior_citizen_uk_female_67,fraud_security_1,on_the_go_direct,"atm withdrawal I didn’t make just happened, what do I do?","Follow the steps below to report a fraudulent ATM withdrawal and secure your account: 
- Freeze your card to prevent further unauthorized transactions
- Contact the ATM provider for instructions on how to proceed
- Fill out this form if you can't see the withdrawal in-app.","My card has been swallowed by an ATM,Report a fraudulent ATM withdrawal,Why was my ATM withdrawal declined?,Why is my ATM withdrawal pending?",4
senior_citizen_uk_female_67,fraud_security_1,voice_transcription,um i'm confused saw my card charged for something i didn't buy like it's hard to navigate could this be fraud i don't know how to stop it help me with what i should do,"To report a fraudulent transaction and replace your card, follow these steps:
1. Go to 'Home' on the bottom menu.
2. Go to transactions: https://app.revolut.com/transactions

Report the unauthorized charges as fraudulent payments using these steps.","My card has been used fraudulently,Report a card payment as a scam or fraud,Strange small charges on your card?,Report a fraudulent transfer",4
senior_citizen_uk_female_67,fraud_security_1,poor_internet_connection,"I’m seeing charges on my card but wasn’t even using it, and app keeps freezing, can't tell what’s going on, is this safe?","Freeze your card immediately through the Revolut app to protect your money and account from fraudulent charges. Report the suspicious transactions as fraudulent payments. If needed, contact the Revolut fraud team for further assistance.","Strange small charges on your card?,My card has been used fraudulently,Freeze a card,My card payment was declined by the security system",4
senior_citizen_uk_female_67,fraud_security_1,vague_first_message,i saw money gone from my account but i didn’t use my card what should i do now,"If you see unauthorized charges on your account and did not use your card, you should report the transactions as fraudulent payments and replace your card. Here's how to do it:
- Go to 'Home' in the app.
- Go to transactions and report the fraudulent payments.
- Replace your card following the steps in the article ""My card was stolen. What should I do?""","My card has been used fraudulently,My card was stolen. What should I do?,My card has been swallowed by an ATM,I want to cancel my transfer to a card",4
senior_citizen_uk_female_67,cards_atm_2,empty,I tried using my virtual card but it didn’t work. Can you help me understand why?,"You may be trying to carry out an action that virtual cards don't support, such as paying at terminals that ask for a PIN or paying via contactless above the allowed limit. If it's a single-use virtual card, it won't work for recurring card payments, subscriptions, or deposits.","My virtual card is not working,My single-use virtual card isn't working,What is a virtual card?,How do I use a Revolut virtual card?",4
senior_citizen_uk_female_67,cards_atm_2,calm_at_home,I'm having trouble using my virtual card for online purchases. Can you help me understand why it's not working and what I should do to fix it?,"If you're having trouble using your virtual card for online purchases, make sure you're not trying to carry out actions that virtual cards don't support, such as paying at terminals that ask for a PIN. Additionally, check if the online purchase is within the allowed limits for contactless payments. If the issue persists, check your in-app transactions list for the decline reason and relevant troubleshooting tips.","My virtual card is not working,My single-use virtual card isn't working,My physical card isn't working,What is a virtual card?",4
senior_citizen_uk_female_67,cards_atm_2,panic_security_fear,"Trying to use my card, but it's suddenly not working, worried about fraud or losing it. Please help, urgent!","To address your issue of a card not working and concerns of fraud or loss, please report unauthorized charges as fraudulent payments through your Revolut app. Go to 'Home' on the bottom menu, then navigate to transactions to report and replace your card if needed.","My card has been used fraudulently,My physical card isn't working,My card was stolen. What should I do?,My card has been swallowed by an ATM",4
senior_citizen_uk_female_67,cards_atm_2,angry_after_waiting,"Virtual card doesn't work! TRIED everything! Can't buy anything, FIX this NOW! Why is this happening? So FRUSTRATED with no help before!","I'm sorry to hear about the trouble with your virtual card. If it's not working, please check if you are trying to carry out an action that virtual cards don't support, such as paying at terminals that ask for a PIN or paying via contactless above the allowed limit.","My virtual card is not working,My single-use virtual card isn't working,My physical card isn't working,What is a virtual card?",4
senior_citizen_uk_female_67,cards_atm_2,confused_by_app_updates,"I'm looking at my card options, and I see something called a virtual card. What exactly is that, and how do I use it? I only need it for my trip.","A virtual card is a digital payment card that can be created instantly in the Revolut app for free. It's more secure than physical cards. You can use it for online payments or with Apple Pay or Google Pay. To create a virtual card for your trip, follow these steps:
- Go to 'Home' on the bottom menu
- Tap the cards icon in the top-right corner
- Tap 'Add new'
- Choose 'Debit', 'Joint', or 'Pro' at the top
- Select 'Virtual'
- Choose a colour
- Tap 'Get card for free' to create your virtual card.","What is a virtual card?,How do I use a Revolut virtual card?,Creating a virtual card,My virtual card is not working",4
senior_citizen_uk_female_67,cards_atm_2,rushing_with_typos,cant seem to use my vrtual card keeps sayng error what do i do pls help,"If you are experiencing issues using your virtual card and keep encountering errors, please check if you are trying to carry out an action that virtual cards do not support, as mentioned in the help article ""My virtual card is not working.""","My virtual card is not working,My single-use virtual card isn't working,What is a virtual card?,I'm having trouble using my Revolut Terminal",4
senior_citizen_uk_female_67,cards_atm_2,on_the_go_direct,"Why can't my virtual card work? At checkout now, urgent fix needed!","If your virtual card isn't working at checkout, it may be due to limitations such as not being able to pay at terminals that ask for a PIN or pay via contactless above the allowed limit. You can find more details in the help articles provided.","My virtual card is not working,My single-use virtual card isn't working,My physical card isn't working,Why aren’t my contactless payments working?",4
senior_citizen_uk_female_67,cards_atm_2,voice_transcription,"hi, um my virtual card is like not working um i tried to use it for hotel booking and it's just not going through uh am i missing something or do i need to like do anything special with it","According to the articles provided, virtual cards may not work for certain transactions like hotel bookings. It could be that your virtual card doesn't support this transaction type.","My virtual card is not working,My single-use virtual card isn't working,What is a virtual card?,How do I use a Revolut virtual card?",4
senior_citizen_uk_female_67,cards_atm_2,poor_internet_connection,"trying to use my virtual card but nothing loads and i keep getting timeout errors, will my purchase go through or what should i do with this bad connection","If you are experiencing timeout errors and nothing loads while trying to use your virtual card due to a bad connection, you should check if the purchase went through or not. Please ensure you have a stable internet connection to complete the transaction successfully.","My virtual card is not working,My single-use virtual card isn't working,I'm having trouble using my Revolut Terminal,Failed payments on the Revolut Terminal",4
senior_citizen_uk_female_67,cards_atm_2,vague_first_message,"I tried to use my online card but the payment didn’t go through, what should I do?","Check your card details are correct and try again. Make sure there’s enough money in the account you’re paying from. If that doesn't work, try again with a different card. If your payment fails, you may also need to check if 3DS authentication is working correctly or showing up in your banking app.","My Ramp payment failed. What should I do?,My card payment was declined,My virtual card is not working,My physical card isn't working",4
senior_citizen_uk_female_67,crypto_1,empty,I'm interested in doing something called crypto staking. Could you explain how it works and if there's any fee?,"Cryptocurrency staking is the process of actively participating in block validation on certain blockchains to earn rewards. With Revolut, there are no fees associated with staking. ","Is there a fee associated with crypto staking?,How does crypto staking work?,Stake and unstake crypto,Fees for trading crypto",4
senior_citizen_uk_female_67,crypto_1,calm_at_home,I am trying to understand how crypto staking works in the Revolut app and if there are any fees involved when I participate. Could you clarify this for me?,"To start staking in your Revolut app, go to 'Crypto' on the bottom menu, select a supported token, and tap 'Stake.' Revolut doesn't charge any fees on your staking rewards. ","Stake and unstake crypto,Is there a fee associated with crypto staking?,How does crypto staking work?,Fees for trading crypto",4
senior_citizen_uk_female_67,crypto_1,panic_security_fear,"urgent help! can my crypto vanish if i try this staking thing? fee worries me, feel scammed, need clarity now!",There are no fees associated with crypto staking on Revolut. You will not lose your cryptocurrency by participating in staking.,"Stake and unstake crypto,How does crypto staking work?,Is there a fee associated with crypto staking?,Failed crypto deposits",4
senior_citizen_uk_female_67,crypto_1,angry_after_waiting,Put my money in crypto but can't access or understand staking. Paid fees? I'M ANGRY! No help from app. Fix this NOW!,"To access and understand staking, in your Revolut app, go to 'Crypto' on the bottom menu, select a supported token, and tap 'Stake'. If you've paid fees for a transaction that can't be processed, the funds will be credited back to your wallet. If you are facing issues with staking, you can check the supported tokens for staking in the app.","Stake and unstake crypto,Can't see my deposit in-app,How does crypto staking work?,Failed crypto deposits",4
senior_citizen_uk_female_67,crypto_1,confused_by_app_updates,I'm trying to understand this staking thing for crypto. Where do I find the fees for this? I'm a bit lost and don't really see where to look in the app.,"Please go to 'Crypto' on the bottom menu in the Revolut app, select one of the supported tokens, and tap 'Stake.' Revolut doesn’t charge any fees on your staking rewards.","Stake and unstake crypto,Is there a fee associated with crypto staking?,How does crypto staking work?,Fees for trading crypto",4
senior_citizen_uk_female_67,crypto_1,rushing_with_typos,how do i do that crypto staking thing and r there any fees i need to knw about pls,"To start staking in your Revolut app, go to 'Crypto' on the bottom menu, select a supported token, and tap 'Stake'. Revolut doesn't charge any fees on staking rewards. You will receive 100% of the staking rewards.","Is there a fee associated with crypto staking?,Stake and unstake crypto,How does crypto staking work?,Fees for trading crypto",4
senior_citizen_uk_female_67,crypto_1,on_the_go_direct,"crypto staking costs, how much do i pay?",There are no fees associated with crypto staking on Revolut. You will receive 100% of the staking rewards without any additional fees.,"Is there a fee associated with crypto staking?,How does crypto staking work?,Stake and unstake crypto,Fees for trading crypto",4
senior_citizen_uk_female_67,crypto_1,voice_transcription,um i opened this thing for holiday money and now i'm curious about the crypto stuff they have i heard something about staking and fees just wondering uh does it cost me anything to do that,"Revolut doesn’t charge any fees on your staking rewards. We give you 100% of the staking rewards we receive on-chain, and no extra fees are taken by Revolut.","Is there a fee associated with crypto staking?,Stake and unstake crypto,How does crypto staking work?,Fees for trading crypto",4
senior_citizen_uk_female_67,crypto_1,poor_internet_connection,Trying to understand crypto staking but app keeps getting stuck loading. Is there a fee and will action complete if my connection drops?,I don't know.,"How does crypto staking work?,Stake and unstake crypto,Is there a fee associated with crypto staking?,Failed crypto deposits",4
senior_citizen_uk_female_67,crypto_1,vague_first_message,"I put money in the app for crypto but it's less now, is this normal?","Revolut always sends the exact amount of crypto stated in the order confirmation, which is updated with the live exchange rate. If you received less crypto, please check the live exchange rate at the time of purchase.","Why did I receive less crypto than I paid for?,Crypto withdrawal limits,Crypto recurring buy,Failed crypto deposits",4
b2b_ecommerce_merchant_male_31,other_1,empty,"I'm having trouble logging into my account, can you guide me on what merchants might be causing this issue?",I don't know.,"Difficulty logging in,Pro account under review or payments not working,Declined card payment isn't visible,My card payment was declined",4
b2b_ecommerce_merchant_male_31,other_1,calm_at_home,I am having trouble logging into my Revolut account and want to verify if any restrictions apply to my account due to my involvement with multiple currency transactions and supplier payments.,"I'm sorry, I don't have the necessary information to answer your query.","My account was restricted or closed,Pro account under review or payments not working,Difficulty logging in,I'm unable to send money to another Revolut customer",4
b2b_ecommerce_merchant_male_31,other_1,panic_security_fear,"urgent problem can't log in to app, scared someone hacked my account or card blocked, need access now please help!","If you can't log in to your Revolut account and suspect someone hacked your account or your card is blocked, you should report a lost device and verify your identity with a selfie. Please follow the steps provided in this [article](https://www.revolut.com/en-US/help/profile/i-lost-or-stolen-device/report-a-lost-device).","Lost or stolen device,My card has been used fraudulently,Difficulty logging in,My card payment was declined by the security system",4
b2b_ecommerce_merchant_male_31,other_1,angry_after_waiting,"Logged out of my Revolut app AGAIN. Tried everything, nothing works! Sick of this delay. I need access to my account NOW!","If you are logged out of your Revolut app and unable to log in, try using the phone number associated with your account to log back in. If the issue persists, report a lost device using this link: https://app.revolut.com/lost-device.","Lost or stolen device,Difficulty logging in,I lost access to my passkey,I'm having trouble using my Revolut Terminal",4
b2b_ecommerce_merchant_male_31,other_1,confused_by_app_updates,i'm trying to log in but it says something about merchants not supported? i'm not sure what that means or how to fix it for my online shop using revolut,"To address the issue with merchants not supported while using Revolut for your online shop, please ensure that your shop does not fall under the restricted categories such as gambling establishments or adult content providers. If you believe your shop complies with these guidelines and you are still unable to log in, consider checking your internet connection and if there are any issues with your Revolut Pro account status.","Which merchants are not supported by Revolut?,I'm having trouble using my Revolut Terminal,My card payment was declined,Declined card payment isn't visible",4
b2b_ecommerce_merchant_male_31,other_1,rushing_with_typos,"cant login my rev acct, coud it be cuz of any restricted merchants? rly need access asap pls help","I am sorry, I don't have the necessary information to answer your question.","My account was restricted or closed,Accessing the Retail Web App,Pro account under review or payments not working,Why was my Savings Accounts restricted or closed?",4
b2b_ecommerce_merchant_male_31,other_1,on_the_go_direct,"can't log into Revolut, urgent checkout issue, fix now","I'm sorry, I don't have the information to assist with your query.","Difficulty logging in,I'm having trouble using my Revolut Terminal,Accessing the Retail Web App,Lost or stolen device",4
b2b_ecommerce_merchant_male_31,other_1,voice_transcription,hey i'm like trying to login to my revolut app on my phone for my e-commerce stuff and it's not working did something change because i'm using the same way as before with no issues you know,"I'm sorry, I don't have the necessary information to address your query.","Difficulty logging in,I'm having trouble using my Revolut Terminal,Log in with a new phone number,Change my phone number",4
b2b_ecommerce_merchant_male_31,other_1,poor_internet_connection,"trying to login to revolut app but it keeps loading and saying retry due to timeout, can i still process my payments during poor connection?",You may not be able to process payments with poor internet connection on the Revolut Terminal. It is advised to have a stable internet connection to take payments successfully.,"I'm having trouble using my Revolut Terminal,Failed payments on the Revolut Terminal,My card payment was declined,Difficulty logging in",4
b2b_ecommerce_merchant_male_31,other_1,vague_first_message,"can't log in, app says something about unsupported stores, please why is this happening?","App security measures may have been updated, leading to unsupported devices. You can find more information in the article: ""Why is the Revolut app no longer supported on my device?""","Why is the Revolut app no longer supported on my device?,I'm having trouble using my Revolut Terminal,Difficulty logging in,Decline reasons on Apple Pay and Google Pay",4
b2b_ecommerce_merchant_male_31,transfers_1,empty,How can I change my Revtag for transferring funds between my joint account and business partners?,"To change your Revtag for transferring funds between your joint account and business partners, follow these steps:
- Tap your profile icon in the top-left corner
- Select 'Account' and 'Personal details'
- Tap your Revtag to change it

This will allow you to update your Revtag for sending and receiving transfers without sharing personal details with your business partners.","Change my Revtag,Joint account transfers,Revtags,Setting up a Joint account",4
b2b_ecommerce_merchant_male_31,transfers_1,calm_at_home,How can I transfer funds directly between my joint account and supplier invoices using my multi-currency corporate cards on Revolut?,I don't know.,"Adding money to a Joint account,Joint account transfers,Joint account card payments,Receiving money to my Revolut card",4
b2b_ecommerce_merchant_male_31,transfers_1,panic_security_fear,"urgent issue! i think someone changed my Revtag without permission and funds didn’t go through, how to fix this now?","To update your Revtag or change it back, follow these steps:
1. Tap your profile icon in the top-left corner
2. Select 'Account' and 'Personal details'
3. Tap your Revtag to change it

If funds didn't go through due to a changed Revtag, you can switch back to the old one at any time.","Change my Revtag,Report a fraudulent transfer,My transfer to or from someone on Revolut wasn't received,My Ramp payment failed. What should I do?",4
b2b_ecommerce_merchant_male_31,transfers_1,angry_after_waiting,"TRANSFER FAILED! Joint account linked, payment stuck. Revtag issues. No help for days, losing PATIENCE. FIX it NOW!","I'm sorry you're experiencing issues with a failed transfer from your Joint account. To address this, you can try the following steps:
- Check your card details are correct and try the payment again.
- Ensure there is enough money in the account you're paying from.
If the issue persists, you may need to contact Revolut support for further assistance.","Revolut closed my joint account,Joint account transfers,What happens if my joint account balance goes negative?,My Ramp payment failed. What should I do?",4
b2b_ecommerce_merchant_male_31,transfers_1,confused_by_app_updates,"i'm trying to transfer from our joint account but can't find where to add the recipient, can you guide me through it because i'm really confused with the options i see","To add a recipient for a transfer from your Joint account, follow these steps:
1. Go to 'Home' on the bottom menu 
2. Below your balance, tap 'Accounts'
3. Select your Joint account
4. Tap 'Add Money' and add the recipient as instructed from the provided help article ""Adding money to a Joint account.""","Joint account transfers,I can't send a transfer or create a recipient,My transfer to or from someone on Revolut wasn't received,Adding money to a Joint account",4
b2b_ecommerce_merchant_male_31,transfers_1,rushing_with_typos,trying to transfer funds from a joint account but getting errors what should i do pls fix,"To fix the issue with transferring funds from your joint account, you may need to ensure that you have an active personal account with Revolut and pass identity verification checks. Additionally, make sure both account holders live in the same country and belong to the same Revolut entity. If these conditions are met, you can follow the steps in the provided article on Joint account transfers to complete the transfer successfully.","Joint account transfers,Insufficient funds for scheduled transfer,Revolut closed my joint account,I can't send a transfer or create a recipient",4
b2b_ecommerce_merchant_male_31,transfers_1,on_the_go_direct,"need to transfer funds but can't find joint account transfer option, urgent","Go to 'Home' on the bottom menu, then tap 'Accounts' and select your Joint account. To transfer funds, follow the instructions provided to add money from your personal Revolut account or via a bank transfer.","Joint account transfers,Insufficient funds for scheduled transfer,I want to close my Joint account,Adding money to a Joint account",4
b2b_ecommerce_merchant_male_31,transfers_1,voice_transcription,hey so trying to do a transfer from my joint account but it's not going through like is there something i need to change with my account settings or am i missing a step,"If you are having trouble with a transfer from your Joint account, it could be due to compliance reasons or account verification issues. Please ensure your account is verified and not restricted. If the issue persists, please refer to Revolut's support for assistance.","Joint account transfers,I can't send a transfer or create a recipient,Managing joint account ownership,I want to close my Joint account",4
b2b_ecommerce_merchant_male_31,transfers_1,poor_internet_connection,"trying to send payment using joint account but app keeps timing out and upload errors, will transfer go through despite these issues or any steps with poor connection?",I don't know.,"Insufficient funds for scheduled transfer,Joint account transfers,What happens if my joint account balance goes negative?,I can't send a transfer or create a recipient",4
b2b_ecommerce_merchant_male_31,transfers_1,vague_first_message,"i tried moving funds between accounts but it seems stuck or missing, what's going wrong?","If you tried moving funds between accounts but it seems stuck or missing, it could be due to your currency account being inactive. To re-activate it, follow these steps:
1. Go to 'Home' on the bottom menu
2. Below your balance, tap 'Accounts'
3. Tap 'Add new'
4. Select your destination currency from the list.","I just made an exchange, but I can't find my money,Insufficient funds for scheduled transfer,Why is my transfer to a bank account still pending?,I can't send a transfer or create a recipient",4
b2b_ecommerce_merchant_male_31,cards_atm_1,empty,Why am I unable to deposit more funds on my Revolut card when it’s linked to my business account?,"I'm sorry, but I cannot provide an answer with the provided articles.","How to add money with a card,Revolut Business,My card deposit didn't work,Card deposit limits and fees",4
b2b_ecommerce_merchant_male_31,cards_atm_1,calm_at_home,I'm trying to top up my Revolut card to settle supplier invoices but I'm facing some restrictions. Could you provide details on any limits or requirements that might apply?,I don't know.,"Card payment fees and limits,Card deposit limits and fees,Ukraine card top-up limits,Payment limits when using Apple Pay or Google Pay",4
b2b_ecommerce_merchant_male_31,cards_atm_1,panic_security_fear,"my card is blocked and I urgently need to process a supplier invoice, is this due to any deposit restrictions? please help fast!","Your card may be blocked due to a previous declined payment or multiple unsuccessful attempts. This block can last up to 30 days. If your card is blocked, you can complete an in-app questionnaire to review the payment for potential fraud. Check the relevant tile on the home page of your Revolut app.","Why your card top-ups may be blocked,My card payment was declined by the security system,My card payment is pending,Pro account under review or payments not working",4
b2b_ecommerce_merchant_male_31,cards_atm_1,angry_after_waiting,My corporate card keeps getting rejected. Money is there. Limits? I NEED THIS RESOLVED NOW. Customer support has been useless so far.,"Your corporate card may be getting rejected due to a block on card deposits or a declined payment; this can last up to 30 days. To resolve this, you may need to fill out this form: https://app.revolut.com/form/13ef84b4-1e3b-48eb-8e8b-0030e7e08adc?faqEntryPoint=que.","Why your card top-ups may be blocked,My card payment was declined,My physical card isn't working,My card has been swallowed by an ATM",4
b2b_ecommerce_merchant_male_31,cards_atm_1,confused_by_app_updates,"I’m trying to top-up my Ukraine card but it’s not allowing more funds, and I’m confused about these limits mentioned. Where exactly can I find out more about this?","You can find more information on top-up limits in Ukraine here: ""Ukraine card top-up limits"" article.","Ukraine card top-up limits,Can I transfer money to Ukraine?,Limits for using my card abroad,Card deposit limits and fees",4
b2b_ecommerce_merchant_male_31,cards_atm_1,rushing_with_typos,my card deposit not wroking supplies payment stopped can u check if there's a limit or ban thx,"To check if there is a limit or a ban affecting your card deposits, you need to access the transaction details in your Revolut app. You can review the deposit status there. If you experience any issues, you can fill out this form: [Form Link](https://app.revolut.com/form/13ef84b4-1e3b-48eb-8e8b-0030e7e08adc?faqEntryPoint=que).","Why your card top-ups may be blocked,My card deposit didn't work,My card payment was declined,My card payment was declined by the security system",4
b2b_ecommerce_merchant_male_31,cards_atm_1,on_the_go_direct,"card not accepting deposits in any currency, urgent fix needed","You can check the status of the deposit in your in-app transactions list. If the deposit is pending, it may take up to 30 minutes to be credited to your account. If your card is not accepting deposits, it could be due to payment blocks from your issuing bank. Please contact your bank for further assistance.","Cards and currencies supported for adding money,My card deposit didn't work,How to add money with a card,Why your card top-ups may be blocked",4
b2b_ecommerce_merchant_male_31,cards_atm_1,voice_transcription,"um hey so i'm trying to top up my business card and there's this message about a limit because it's from a ukrainian source or something, can you explain what that means and how i can get around it, thanks","I'm sorry, I don't have the information to answer your question.","Ukraine card top-up limits,Why your card top-ups may be blocked,My card payment was declined by the security system,Can I transfer money to Ukraine?",4
b2b_ecommerce_merchant_male_31,cards_atm_1,poor_internet_connection,"my corporate card deposits are stuck loading, and i can't upload invoices either. is there a way to complete actions with a bad connection?","You may try to resolve the issue by ensuring a stable internet connection and checking the in-app transactions list to track the progress of your deposit. If the issue persists, please reach out to our support team for further assistance.","My card deposit didn't work,Failed payments on the Revolut Terminal,I'm having trouble using my Revolut Terminal,Why your card top-ups may be blocked",4
b2b_ecommerce_merchant_male_31,cards_atm_1,vague_first_message,why can't i add money to my card from my ukraine account it says something like limit reached,"You may be experiencing the issue due to new Visa rules that affect card top-up limits, as stated in the ""Ukraine card top-up limits"" article.","Ukraine card top-up limits,Can I transfer money to Ukraine?,Why your card top-ups may be blocked,How to add money with a card",4
b2b_ecommerce_merchant_male_31,savings_investments_1,empty,Can you explain how interest from Instant Access Savings is taxed on business accounts?,I don't know.,"How is interest calculated on tiered Instant Access Savings?,Earning interest with Savings,Rate decrease on my Instant Access Savings,Kids & Teens Instant Access Savings",4
b2b_ecommerce_merchant_male_31,savings_investments_1,calm_at_home,I'm looking to understand if there are any promotional benefits for moving some funds into instant access savings and how taxes would affect potential earnings there.,"To understand promotional benefits for Instant Access Savings and how taxes affect earnings, please refer to the specific terms and conditions for the Savings account. For more details about any ongoing promotions or tax implications on earnings, you can find the information in the terms provided by Revolut and ClearBank.","How is interest calculated on tiered Instant Access Savings?,Kids & Teens Instant Access Savings,Instant Access Savings promotion,Earning interest with Savings",4
b2b_ecommerce_merchant_male_31,savings_investments_1,panic_security_fear,"emergency! savings account suddenly shows less money, tax issues? please help now, afraid of fraud or loss!","I'm sorry, I don't have the necessary information to address your query.","Feeling pressured or threatened?,Urgent text from a kid or friend?,Why was my Savings Accounts restricted or closed?,Kids & Teens Instant Access Savings",4
b2b_ecommerce_merchant_male_31,savings_investments_1,angry_after_waiting,Why is my savings interest delayed AGAIN? I need this sorted out immediately. Tired of the excuses and tax confusion.,"I'm sorry, but the provided articles do not cover the specific reason for a delay in savings interest payments. For urgent assistance with your savings interest delay, I recommend reaching out to Revolut customer support directly.","How to calculate interest on Savings accounts,Why was my Savings Accounts restricted or closed?,Earning interest with Savings,Tax on Savings",4
b2b_ecommerce_merchant_male_31,savings_investments_1,confused_by_app_updates,"I’m seeing something about instant access savings but unsure how it works for my business. How do taxes apply on these savings? The options aren’t clear to me, please assist.",I don't have information on business savings tax with instant access savings.,"How is interest calculated on tiered Instant Access Savings?,Kids & Teens Instant Access Savings,Instant Access Savings promotion,Getting started with Savings",4
b2b_ecommerce_merchant_male_31,savings_investments_1,rushing_with_typos,"can't find info on instnt savings promo benefits, r they taxed, thx","Please refer to the article ""Instant Access Savings promotion"" for information on the Instant Access Savings promo benefits. Revolut doesn't withhold any tax on your interest income earned. You are responsible for managing your tax obligations.","Tax on Savings,Kids & Teens Instant Access Savings,Instant Access Savings promotion,Rate decrease on my Instant Access Savings",4
b2b_ecommerce_merchant_male_31,savings_investments_1,on_the_go_direct,what are the tax implications on the savings in my account,Revolut does not withhold any tax on your interest income earned. You have the sole responsibility for managing your tax obligations and filings.,"Tax on Savings,Close my Savings account,How to calculate interest on Savings accounts,Will the account transition have any tax implications?",4
b2b_ecommerce_merchant_male_31,savings_investments_1,voice_transcription,"hey so i heard about some sorta savings thing with uh instant access and i'm curious does that affect like tax stuff for my business savings or how it's, um, reported or something thanks",I don't know.,"How is interest calculated on tiered Instant Access Savings?,Rate decrease on my Instant Access Savings,Kids & Teens Instant Access Savings,Instant Access Savings promotion",4
b2b_ecommerce_merchant_male_31,savings_investments_1,poor_internet_connection,"Trying to check Instant Access Savings on app, but it keeps getting stuck at loading. If connection drops, will my interest still accumulate or taxes apply correctly?","If your app is stuck loading while checking Instant Access Savings, you can try a few steps like ensuring a stable internet connection or logging out and back in. Regarding interest accumulation and taxes when the connection drops, it's best to reach out to our support team directly for personalized assistance.","How is interest calculated on tiered Instant Access Savings?,Kids & Teens Instant Access Savings,Rate decrease on my Instant Access Savings,How to calculate interest on Savings accounts",4
b2b_ecommerce_merchant_male_31,savings_investments_1,vague_first_message,what happens to my business savings interest if i'm no longer using them right away for expenses,"I'm sorry, but I don't have the necessary information to address your query about what happens to your business savings interest if you're no longer using them right away for expenses.","Close my Savings account,Rate decrease on my Instant Access Savings,How to calculate interest on Savings accounts,Earning interest with Savings",4
b2b_ecommerce_merchant_male_31,plans_billing_1,empty,"If I cancel my Premium plan, can I still file a claim for travel issues previously covered?","If your claim is for an event that occurred before the Premium travel insurance removal date (25 July 2024), you can still file a claim with Chubb directly.","Claiming after Premium travel insurance removal,My supplier won’t let me cancel my trip/event. Am I covered with Ultra trip and event cancellation protection?,Am I covered by Ultra trip cancellation protection if I need to cancel a flight while abroad?,Cover for cancelled and interrupted trips",4
b2b_ecommerce_merchant_male_31,plans_billing_1,calm_at_home,I'm reviewing my current plan benefits and have questions about the provider of event cancellation protection. Can you clarify who is responsible for this service?,"Revolut works exclusively with Qover to provide trip and cancellation insurance for Ultra customers. Qover arranges and administers the policy for the insurer, Wakam.","My supplier won’t let me cancel my trip/event. Am I covered with Ultra trip and event cancellation protection?,Who provides Ultra trip and event cancellation protection?,How do I make a cancel for any reason protection claim?,What is an event?",4
b2b_ecommerce_merchant_male_31,plans_billing_1,panic_security_fear,"urgent, i had premium travel insurance but removed it, can i still make a claim, please help now, this is an emergency",Contact Chubb directly for assistance with your claim. You can submit your claim online or call Chubb at +44 (0) 203 964 3004. Let them know about the event that occurred before the removal of travel insurance from the Premium plan.,"Claiming after Premium travel insurance removal,How do I make a travel insurance claim?,How do I get an update on my existing claim?,Emergency medical assistance abroad",4
b2b_ecommerce_merchant_male_31,plans_billing_1,angry_after_waiting,Why is my Ultra trip protection not active? Already tried resolving this. NEED ANSWERS NOW. Beyond frustrated with lack of support.,"I'm sorry about the frustration you're experiencing. If your Ultra trip protection is not active, the best course of action would be to contact Revolut support directly for further assistance with activating your protection.","My supplier won’t let me cancel my trip/event. Am I covered with Ultra trip and event cancellation protection?,Am I covered by Ultra trip cancellation protection if I need to cancel a flight while abroad?,Am I covered for trips or events that I didn't purchase with my Revolut account with Ultra trip and event cancellation protection?,What is a trip?",4
b2b_ecommerce_merchant_male_31,plans_billing_1,confused_by_app_updates,"I'm a bit confused about the Ultra plan’s trip cancellation protection. Who actually provides it, and where do I find more details in the app? I'm not sure if I've located the right section.",The Ultra trip and event cancellation protection is provided by Qover in collaboration with Wakam. You can find more details about it in the app under the section related to insurance.,"My supplier won’t let me cancel my trip/event. Am I covered with Ultra trip and event cancellation protection?,Am I covered by Ultra trip cancellation protection if I need to cancel a flight while abroad?,Who provides Ultra trip and event cancellation protection?,What is an event?",4
b2b_ecommerce_merchant_male_31,plans_billing_1,rushing_with_typos,are ultra plan trip cancellations still covered after i stopped my premium insurance bit confused pls help,"If you had the Ultra plan, trip cancellations are still covered even after you stopped your premium insurance.","Am I covered by Ultra trip cancellation protection if I need to cancel a flight while abroad?,My supplier won’t let me cancel my trip/event. Am I covered with Ultra trip and event cancellation protection?,Am I covered for trips or events that I didn't purchase with my Revolut account with Ultra trip and event cancellation protection?,Ultra trip & event cancellation with companion coverage",4
b2b_ecommerce_merchant_male_31,plans_billing_1,on_the_go_direct,Is Ultra trip protection affected if I change plans?,The Ultra trip protection may be affected if you change your plans. Please refer to the Ultra trip and event cancellation protection policy for specific details regarding this situation.,"Am I covered by Ultra trip cancellation protection if I need to cancel a flight while abroad?,My supplier won’t let me cancel my trip/event. Am I covered with Ultra trip and event cancellation protection?,Am I covered for trips or events that I didn't purchase with my Revolut account with Ultra trip and event cancellation protection?,What is a trip?",4
b2b_ecommerce_merchant_male_31,plans_billing_1,voice_transcription,uh so i have this question about event cancellation protection on my ultra plan like who exactly is providing that coverage cause i need to know in case i gotta make a claim you know,Qover provides Ultra trip and event cancellation protection coverage for Revolut Ultra customers.,"My supplier won’t let me cancel my trip/event. Am I covered with Ultra trip and event cancellation protection?,Who provides Ultra trip and event cancellation protection?,Am I covered by Ultra trip cancellation protection if I need to cancel a flight while abroad?,What is an event?",4
b2b_ecommerce_merchant_male_31,plans_billing_1,poor_internet_connection,"I'm dealing with connection drops while checking my plan benefits. Will my premium travel claim go through despite these errors, or should I try again when it loads properly?",I don't know.,"My supplier won’t let me cancel my trip/event. Am I covered with Ultra trip and event cancellation protection?,Cover for delayed trips,How do I get an update on my existing claim?,Claiming after Premium travel insurance removal",4
b2b_ecommerce_merchant_male_31,plans_billing_1,vague_first_message,what happens to my travel coverage if i change my plan now,"If you change your plan now, the travel coverage will remain the same unless you are on the Premium plan, which had travel insurance removed after 25 July 2024.","Does the account transfer impact my plan insurance cover?,Upgrade my plan,What happens to my partner benefits if I change my plan?,Claiming after Premium travel insurance removal",4
b2b_ecommerce_merchant_male_31,fx_exchange_1,empty,Can you explain how currency conversion works when I use my Revolut card abroad?,"When you use your Revolut card abroad, your balance will be automatically converted to the local currency you’re paying in. You can check the exchange rates on the website, and Revolut offers competitive rates for currency exchange.","What currency will I be charged in?,What exchange rates does Revolut offer?,How do I exchange money?,How does converting cryptocurrency to fiat currency work?",4
b2b_ecommerce_merchant_male_31,fx_exchange_1,calm_at_home,Could you explain how the currency conversion process works when using Revolut for my corporate cards? I'm trying to understand if there are any additional fees involved.,"I'm sorry, I couldn't find information in the provided articles about the currency conversion process for corporate cards with Revolut or any additional fees involved.","What are Revolut's trading fees?,How does Revolut process corporate actions?,How much does it cost to accept payments with Revolut Pro?,What exchange rates does Revolut offer?",4
b2b_ecommerce_merchant_male_31,fx_exchange_1,panic_security_fear,"urgent please! fx conversion looks wrong, charged more than expected on my purchase, is it fraud or currency error? need help now, losing money!","If you were charged more than expected on a purchase, you can review the breakdown of charges on the payment confirmation screen to understand the discrepancy. If you suspect fraud or an incorrect currency exchange rate, please act quickly to secure your account and report the issue.","I sent crypto to an incorrect wallet address. What can I do?,Why was I charged more than I was shown?,Report a fraudulent transfer,Transfer I sent arrived in a different currency ",4
b2b_ecommerce_merchant_male_31,fx_exchange_1,angry_after_waiting,Why are my card transactions using incorrect currency rates? This is hurting my business. FIX IT. Your support is too slow!,I don't know.,"My physical card isn't working,I ordered a card and it didn't arrive,Delayed (offline) card payments,My card has been used fraudulently",4
b2b_ecommerce_merchant_male_31,fx_exchange_1,confused_by_app_updates,"I'm confused about dynamic currency conversion. When making international payments, should I choose the app's rate or the one at checkout? The different rates are puzzling, not sure which is better.","To always get the best rate when making international payments, it's recommended to choose the app's rate and avoid Dynamic Currency Conversion (DCC). This ensures you receive the competitive rates offered by Revolut.","What is Dynamic Currency Conversion (DCC)?,Why are my statement balance and in-app balance different?,What exchange rates does Revolut offer?,Tips for spending in a foreign currency",4
b2b_ecommerce_merchant_male_31,fx_exchange_1,rushing_with_typos,why are rates diff when paying in usd but settled in eur bit confusing,The exchange rate for your payment might have changed between the time of the transaction and the settlement. You can view the current exchange rates on our website.,"Transfer I sent arrived in a different currency ,What exchange rates does Revolut offer?,Why was I charged more than I was shown?,Tips for spending in a foreign currency",4
b2b_ecommerce_merchant_male_31,fx_exchange_1,on_the_go_direct,Exchange rates at checkout seem off. How to avoid extra fees?,"Review your currency exchange allowance from your plan. Make sure you don't exceed your monthly allowance to avoid additional fees for currency exchanges. Additionally, consider making exchanges in your card's default currency to avoid extra fees charged by your bank.","Fees for card payments in a foreign currency,Tips for spending in a foreign currency,Why was I charged more than I was shown?,I was charged extra by my bank for a Ramp payment. Why?",4
b2b_ecommerce_merchant_male_31,fx_exchange_1,voice_transcription,hey so um i'm trying to figure out how the currency rates are handled when i use my Revolut card for different countries you know like do i get the best rates or could it be converted differently?,"To check how Revolut handles currency rates when you use your card in different countries, please refer to the article ""What currency will I be charged in?"" and ""What exchange rates does Revolut offer?"" from the help center.","What exchange rates does Revolut offer?,What currency will I be charged in?,Tips for spending in a foreign currency,Crypto payment fees, rates, and limits",4
b2b_ecommerce_merchant_male_31,fx_exchange_1,poor_internet_connection,"having issues with app not loading while checking exchange rate options, will the conversion go through once connection is stable or do i need to retry?","You need to ensure that you have an active internet connection to view currency exchange rates on the app. Once the connection is stable, you can retry checking the exchange rates.","I'm having trouble using my Revolut Terminal,Why might my currency order fail or not execute?,What exchange rates does Revolut offer?,What is Dynamic Currency Conversion (DCC)?",4
b2b_ecommerce_merchant_male_31,fx_exchange_1,vague_first_message,"my online store payment charged extra, is the currency rate wrong or changed suddenly?",I don't know.,"I was charged extra by my bank for a Ramp payment. Why?,Why was I charged more than I was shown?,Why did my payment amount change?,Fees for card payments in a foreign currency",4
b2b_ecommerce_merchant_male_31,business_merchant_1,empty,How can I resolve issues with my Revolut Terminal not processing multi-currency transactions smoothly for my clothing brand?,I don't know.,"Cards and contactless payments with Revolut Terminals,Failed payments on the Revolut Terminal,I'm having trouble using my Revolut Terminal,Cancel a transaction on the Revolut Terminal",4
b2b_ecommerce_merchant_male_31,business_merchant_1,calm_at_home,I'm encountering issues processing transactions through the Revolut Terminal for my multi-currency e-commerce business. Could you please provide detailed guidance on how to resolve this?,"I'm sorry, but I don't have the information to provide detailed guidance on resolving issues with processing transactions through the Revolut Terminal for a multi-currency e-commerce business.","I'm having trouble using my Revolut Terminal,Failed payments on the Revolut Terminal,Cards and contactless payments with Revolut Terminals,How do I log in to my Revolut Terminal?",4
b2b_ecommerce_merchant_male_31,business_merchant_1,panic_security_fear,emergency my supplier invoices and payouts not visible in app could this be fraud please help fix this now,"I'm sorry, I don't have the specific information to address your concern.","Authorised Push Payment fraud reimbursement,Paying a bill with new bank details? ,Authorised Push Payment fraud reimbursement exclusions,APP fraud reimbursement eligibility",4
b2b_ecommerce_merchant_male_31,business_merchant_1,angry_after_waiting,"Pro Terminal not working during checkout, losing sales. FIX THIS NOW. Tried contacting support before, no solution yet. Urgent!","I'm sorry, I don't have the exact solution for your issue.","I'm having trouble using my Revolut Terminal,Failed payments on the Revolut Terminal,Cancel a transaction on the Revolut Terminal,Failed payment on Tap to Pay on iPhone",4
b2b_ecommerce_merchant_male_31,business_merchant_1,confused_by_app_updates,I'm trying to process sales but keep having issues with the terminal. I don't see the options I'm supposed to. How do I find the right menu to fix this?,I don't know.,"I'm having trouble using my Revolut Terminal,Failed payments on the Revolut Terminal,How do I log in to my Revolut Terminal?,How do I order a Revolut Terminal?",4
b2b_ecommerce_merchant_male_31,business_merchant_1,rushing_with_typos,cn't get Revolut terminal work at checkout how do i fix fast thx,"To get your Revolut Terminal to work at checkout fast, make sure you have an active Revolut Pro account and a stable internet connection. Please check for any requests in the app and ensure your terminal is connected to the internet properly.","I'm having trouble using my Revolut Terminal,How do I order a Revolut Terminal?,Cards and contactless payments with Revolut Terminals,Failed payments on the Revolut Terminal",4
b2b_ecommerce_merchant_male_31,business_merchant_1,on_the_go_direct,"unable to process sales through terminal, need fix ASAP","You might be unable to process sales through the terminal due to the following reasons:
- Check if you have an active Revolut Pro account. 
- Ensure stable internet connection for the terminal.
If the issue persists, please contact Revolut Support for further assistance.","I'm having trouble using my Revolut Terminal,Failed payments on the Revolut Terminal,Cancel a transaction on the Revolut Terminal,Cards and contactless payments with Revolut Terminals",4
b2b_ecommerce_merchant_male_31,business_merchant_1,voice_transcription,uh so i'm having trouble with uh using the terminal for my business uh transactions don't seem to register correctly it's like my sales data from the pro catalogue isn't syncing right any ideas on what i might be missing,"You might be experiencing trouble with your Revolut Terminal due to an unstable internet connection, or you may need a fully active Revolut Pro account. Make sure your account is active, and ensure your terminal has a stable internet connection to sync sales data correctly.","I'm having trouble using my Revolut Terminal,How do I log in to my Revolut Terminal?,Failed payments on the Revolut Terminal,Sales using a Revolut Pro product catalogue",4
b2b_ecommerce_merchant_male_31,business_merchant_1,poor_internet_connection,"my connection drops when using the Revolut terminal, causing uploads to fail and stuck loading screens, will transaction complete if connection is poor?","In the event of a poor internet connection on the Revolut Terminal causing uploads to fail and stuck loading screens, transactions may fail to complete.","Failed payments on the Revolut Terminal,I'm having trouble using my Revolut Terminal,How to make sure crypto withdrawals are processed smoothly,Cards and contactless payments with Revolut Terminals",4
b2b_ecommerce_merchant_male_31,business_merchant_1,vague_first_message,"my checkout thing stopped working, can't take payments, need to fix for sales","If your checkout is not working, and you can't accept payments, please make sure your Pro account review is completed. Check for any emails, push notifications, or in-app banners for verification details. If the issue persists, contact Revolut Support for further assistance.","Pro account under review or payments not working,My card payment was declined,My physical card isn't working,My Ramp payment failed. What should I do?",4
b2b_ecommerce_merchant_male_31,crypto_1,empty,How do the fees work if I decide to stake my crypto with your app?,"Revolut doesn’t charge any fees on your staking rewards. We give you 100% of the staking rewards we receive on-chain, and no extra fees are taken by Revolut.","Is there a fee associated with crypto staking?,Fees for trading crypto,Stake and unstake crypto,How does crypto staking work?",4
b2b_ecommerce_merchant_male_31,crypto_1,calm_at_home,I'm considering crypto staking with Revolut and would like to know if there are any fees involved in the process. Can you provide details on how it works?,There are no fees associated with crypto staking on Revolut. You will receive 100% of the staking rewards. Staking involves actively participating in block validation on proof-of-stake blockchains.,"Is there a fee associated with crypto staking?,Stake and unstake crypto,Fees for trading crypto,How does crypto staking work?",4
b2b_ecommerce_merchant_male_31,crypto_1,panic_security_fear,"urgent help, just started crypto staking, worried about fees or losing funds, what should i know, please clarify now","To clarify, Revolut doesn't charge fees on your staking rewards. Rewards are based on the tokens supported for staking like Cardano (ADA) and Algorand. If there's a failed deposit, funds will be returned to your wallet. You can check the staking process in your app's Crypto section and stake a supported token to earn rewards.","Stake and unstake crypto,How does crypto staking work?,Is there a fee associated with crypto staking?,Failed crypto deposits",4
b2b_ecommerce_merchant_male_31,crypto_1,angry_after_waiting,I NEED answers about crypto staking fees NOW. Why wasn't I informed earlier? This is UNACCEPTABLE! Resolve this immediately.,"I'm sorry, but I don't have the specific answer to your question in the provided help articles.","Stake and unstake crypto,Is there a fee associated with crypto staking?,How does crypto staking work?,Why was I charged more than I was shown?",4
b2b_ecommerce_merchant_male_31,crypto_1,confused_by_app_updates,"i'm looking at the crypto section and there's something about staking but don't understand it well, especially where to find it or if there are fees, can you help clarify?","To start staking in your Revolut app, go to 'Crypto' on the bottom menu, select a supported token, and tap 'Stake.' Revolut doesn’t charge fees on staking rewards. You earn rewards by actively participating in block validation on PoS blockchains.","Stake and unstake crypto,How does crypto staking work?,Is there a fee associated with crypto staking?,Fees for trading crypto",4
b2b_ecommerce_merchant_male_31,crypto_1,rushing_with_typos,does staking crypto here have fees im new want to start thx,"Based on the provided information, Revolut does not charge fees on your staking rewards. You will receive 100% of the staking rewards without any extra fees taken by Revolut.","Is there a fee associated with crypto staking?,Stake and unstake crypto,How does crypto staking work?,Fees for trading crypto",4
b2b_ecommerce_merchant_male_31,crypto_1,on_the_go_direct,"staking crypto, what's the cost? need quick info","Refer to the ""Fees for trading crypto"" article for information on the cost associated with staking crypto.","Pending crypto withdrawals,Failed crypto deposits,Fees for trading crypto,Stake and unstake crypto",4
b2b_ecommerce_merchant_male_31,crypto_1,voice_transcription,uh can you tell me how staking works in the app like do I need to keep my crypto in there for a specific time and are there any fees involved um just trying to figure it out for my business thanks,"Staking in the Revolut app involves selecting a supported token and tapping 'Stake' in the 'Crypto' section. There might be a waiting period before you can earn rewards, and no fees are charged by Revolut. Rewards can be delayed, and some tokens may require a minimum staking amount.","Stake and unstake crypto,How does crypto staking work?,Is there a fee associated with crypto staking?,Fees for trading crypto",4
b2b_ecommerce_merchant_male_31,crypto_1,poor_internet_connection,"trying to stake crypto but app keeps timing out and not loading properly, will staking still go through even with bad connection, or any fees i should know about","If the app keeps timing out and not loading properly while staking, the process might be affected. There are no fees associated with staking on Revolut.","How does crypto staking work?,Stake and unstake crypto,Failed crypto deposits,Is there a fee associated with crypto staking?",4
b2b_ecommerce_merchant_male_31,crypto_1,vague_first_message,i put my crypto in that earning thing but now my balance shows less did i get charged for it,Revolut always sends the exact amount of crypto stated in the order confirmation. You can verify this by checking your transaction history and comparing it with the initial order confirmation.,"Why did I receive less crypto than I paid for?,Why was I charged more than I was shown?,My Ramp payment was completed but I didn’t receive the crypto. What should I do?,Failed crypto deposits",4
b2b_ecommerce_merchant_male_31,business_merchant_2,empty,Can you tell me how long it usually takes to get a Revolut Terminal after ordering?,"Your Revolut Terminal is usually shipped within the next business day after your order is confirmed. Once shipped, delivery typically takes 2 business days.","When will I receive my Revolut Terminal?,How do I order a Revolut Terminal?,Warranty on Revolut Terminals,How do I log in to my Revolut Terminal?",4
b2b_ecommerce_merchant_male_31,business_merchant_2,calm_at_home,I'm considering using Revolut Terminals for my online clothing business. Can you explain their benefits and the timeframe to expect once I order one?,"The benefits of using Revolut Terminals for your online clothing business include accepting in-person physical card payments, contactless payments, Revolut Pay, and digital wallet payments, supporting major card providers, and fast shipment with 2 business days delivery after confirming your order.","What are Revolut Terminals?,How do I order a Revolut Terminal?,When will I receive my Revolut Terminal?,Cards and contactless payments with Revolut Terminals",4
b2b_ecommerce_merchant_male_31,business_merchant_2,panic_security_fear,"urgent! waiting for my terminal delivery, no updates, can’t accept payments, worried about fraud risk please help now",Article: I'm having trouble using my Revolut Terminal - Check if you have any requests in your app for an active Revolut Pro account. Ensure a stable internet connection for your terminal.,"I'm having trouble using my Revolut Terminal,My card payment was declined by the security system,Failed payments on the Revolut Terminal,Urgent text from a kid or friend?",4
b2b_ecommerce_merchant_male_31,business_merchant_2,angry_after_waiting,"Where is my Revolut Terminal? Needed last week! Customer service has been USELESS! Can't wait any longer, fix this NOW!",When did you place the order for your Revolut Terminal?,"I'm having trouble using my Revolut Terminal,When will I receive my Revolut Terminal?,How do I order a Revolut Terminal?,How do I log in to my Revolut Terminal?",4
b2b_ecommerce_merchant_male_31,business_merchant_2,confused_by_app_updates,I'm trying to understand what a Revolut Terminal is for my e-commerce business. Where do I find this option or feature in the app? Confused about its purpose and use.,"To understand what a Revolut Terminal is for your e-commerce business and how to find it in the app, please refer to the articles ""How do I order a Revolut Terminal?"" and ""What are Revolut Terminals?"" in the Revolut app.","How do I order a Revolut Terminal?,What are Revolut Terminals?,How do I log in to my Revolut Terminal?,I'm having trouble using my Revolut Terminal",4
b2b_ecommerce_merchant_male_31,business_merchant_2,rushing_with_typos,when will my revolut terminal arrive ordered it last week need it for shopify payments thx,"Your Revolut Terminal is usually shipped within the next business day after your order is confirmed. Once shipped, delivery typically takes 2 business days. You can track the delivery once it's shipped.","When will I receive my Revolut Terminal?,How do I order a Revolut Terminal?,Install the Shopify plugin for Revolut Pro,Cards and contactless payments with Revolut Terminals",4
b2b_ecommerce_merchant_male_31,business_merchant_2,on_the_go_direct,need terminal for shopify gateway now when's delivery,"When you order a Revolut Terminal, it is usually shipped within the next business day after confirmation and typically delivered within 2 business days. You can track the delivery with the tracking link provided once the Terminal is shipped.","When will I receive my Revolut Terminal?,Install the Shopify plugin for Revolut Pro,How do I order a Revolut Terminal?,What are Revolut Terminals?",4
b2b_ecommerce_merchant_male_31,business_merchant_2,voice_transcription,um hey so i ordered that terminal device thing for my shop and just wondering uh when would i expect to get that delivered cause i need it soon for new payment setups thanks,"Your Revolut Terminal is usually shipped within the next business day after your order is confirmed. Once shipped, delivery typically takes 2 business days. You will receive a tracking link once your Terminal has been shipped.","When will I receive my Revolut Terminal?,How do I order a Revolut Terminal?,What are Revolut Terminals?,I ordered a card and it didn't arrive",4
b2b_ecommerce_merchant_male_31,business_merchant_2,poor_internet_connection,"Revolut Terminal keeps getting stuck at loading, uploads failing due to timeout. Can I still complete payments with poor connection or will it need fixing first?",You should fix the poor connection issue first before completing payments using the Revolut Terminal. An unstable internet connection can prevent you from taking payments successfully. Check the terminal's internet connection and ensure it's stable before proceeding with transactions.,"Failed payments on the Revolut Terminal,I'm having trouble using my Revolut Terminal,My Ramp payment failed. What should I do?,Cards and contactless payments with Revolut Terminals",4
b2b_ecommerce_merchant_male_31,business_merchant_2,vague_first_message,when do i get that device to take payments from my app sales in different currencies?,I don't know.,"Using Tap to Pay on iPhone to take payments,Why should I accept payments with Revolut Pro?,Supported currencies for holding,What currency will I be charged in?",4
b2b_ecommerce_merchant_male_31,transfers_2,empty,How long does it usually take for an international transfer to complete with my Revolut account?,How long an international transfer takes to complete with your Revolut account depends on various factors and cannot be generalized. You can track your transfer using the in-app incoming transfer tracker for specific dates based on your transfer.,"Locate a bank transfer sent from Revolut,Why is my incoming transfer pending?,How to transfer funds to Revolut,Locate a bank transfer sent to my Revolut account",4
b2b_ecommerce_merchant_male_31,transfers_2,calm_at_home,Could you please clarify the time it generally takes for a multi-currency transfer to reach a supplier? I want to ensure my clothing brand's transactions are completed promptly.,I'm unable to find specific information on the timeframes for multi-currency transfers in the provided articles.,"Timeframes for transfers,Can I make a local transfer in a different currency?,Receiving money to my Revolut card,Why is my incoming transfer pending?",4
b2b_ecommerce_merchant_male_31,transfers_2,panic_security_fear,"urgent transfer delay, sent payment to supplier but not received yet, worried about possible fraud or error, need confirmation now, please help!",Please contact our Customer Support team through the in-app chat for assistance with your urgent transfer delay and concerns about possible fraud or error. They will guide you through the necessary steps to address the situation promptly.,"I received a transfer from an unknown sender,Why is my transfer to a bank account still pending?,My beneficiary has not received my card transfer,I want to cancel my transfer to a card",4
b2b_ecommerce_merchant_male_31,transfers_2,angry_after_waiting,"WHY is my international transfer STILL not in my supplier's account? Unacceptable delay and NO clear response, FIX THIS NOW!","I'm sorry for the delay in your international transfer reaching your supplier's account. Please follow these steps to check the status of your outbound transfer and to get further assistance: 
1. Tap your profile icon in the top-left corner of the app.
2. Select 'Help'
3. Select 'Outbound transfer status' to get the latest information on your transfer.","Why is my incoming transfer pending?,Why is my transfer to a bank account still pending?,Why was my outbound bank transfer reverted?,Locate a bank transfer sent from Revolut",4
b2b_ecommerce_merchant_male_31,transfers_2,confused_by_app_updates,"I'm trying to transfer funds, but the app mentions fees and timeframes. Where exactly do I find the details? It's not clear, and I'm unsure if different currencies affect this.","Please refer to the ""Can I make a local transfer in a different currency?"" article in the app for details on fees and timeframes for different currency transfers within Revolut.","Can I make a local transfer in a different currency?,How to transfer funds to Revolut,Transferring funds to an external card,Sending money from Revolut to a bank account",4
b2b_ecommerce_merchant_male_31,transfers_2,rushing_with_typos,tried sending payment but not sure how long it takes could you confirm timing pls thx,Please refer to the Timeframes for transfers article to check the estimated time for your specific transfer method.,"Receiving money to my Revolut card,Timeframes for transfers,How long will the Authorised Push Payment fraud reimbursement process take?,Locate a bank transfer sent to my Revolut account",4
b2b_ecommerce_merchant_male_31,transfers_2,on_the_go_direct,"why is my transfer to supplier not processed yet, time-sensitive order",I don't know.,"Why is my transfer to a bank account still pending?,Why is my incoming transfer pending?,Why is my card transfer still pending?,My transfer to another Revolut customer is pending",4
b2b_ecommerce_merchant_male_31,transfers_2,voice_transcription,hey i'm wondering how long it usually takes for a transfer to be completed because i was expecting funds from a supplier and it's like not showing up yet is there a way to track it or check if there's fees holding it up,"To track your transfer and check for any delays or fees, you can follow these steps:
1. Tap your profile icon in the top-left corner.
2. Select 'Help.'
3. Click on 'Outbound transfer status.'
4. Log in to your account to see the latest status of your transfer.

If you would like further information on the transfer, consider sharing the transfer confirmation with your recipient's bank.","Why is my transfer to a bank account still pending?,Why is my incoming transfer pending?,My beneficiary has not received my card transfer,Locate a bank transfer sent from Revolut",4
b2b_ecommerce_merchant_male_31,transfers_2,poor_internet_connection,"trying to send multi-currency transfer but app stuck at loading screen, will it go through or is there a way to handle this during poor connection?","If the app is stuck at the loading screen when trying to send a multi-currency transfer, the transfer may not go through. It's best to ensure a stable connection and try again. If you're experiencing issues with a poor connection, you may want to try again later in a location with better connectivity.","Insufficient funds for scheduled transfer,Unsupported transfers sent from Revolut,Why is my transfer to a bank account still pending?,Difficulty adding money with an easy bank transfer",4
b2b_ecommerce_merchant_male_31,transfers_2,vague_first_message,why is my transfer taking longer than usual and are there any hidden charges involved?,"I'm sorry, I don't have access to that information.","Why is my transfer to a bank account still pending?,Why is my incoming transfer pending?,Why was my transfer sent via an intermediary bank?,Why is my card transfer still pending?",4
genz_crypto_trader_female_20,crypto_1,empty,"Is there a fee for staking crypto on Revolut, and how does the process work?","There are no fees associated with crypto staking on Revolut. You can start staking by selecting a supported token in your Revolut app, then tapping 'Stake' to begin earning rewards. Staking helps support network security and allows you to earn token rewards.","Is there a fee associated with crypto staking?,Stake and unstake crypto,Fees for trading crypto,How does crypto staking work?",4
genz_crypto_trader_female_20,crypto_1,calm_at_home,I'm interested in crypto staking on Revolut. Could you explain how it works and let me know if there are any fees involved?,"To start staking crypto in your Revolut app, go to 'Crypto', select a supported token, and tap 'Stake'. Staking is the process of actively participating in block validation on proof-of-stake blockchains. Revolut doesn't charge any fees on staking rewards.","Stake and unstake crypto,Is there a fee associated with crypto staking?,How does crypto staking work?,Fees for trading crypto",4
genz_crypto_trader_female_20,crypto_1,panic_security_fear,"urgent! is my crypto staking safe? worried about fees or losses from my account suddenly, please help now!","Your crypto staking with Revolut is safe. There are no fees associated with staking, and your assets are securely stored with trusted custodians using secure methods like multi-signature wallets and cold storage.","How does crypto staking work?,Stake and unstake crypto,Is there a fee associated with crypto staking?,Is my crypto safe with Revolut?",4
genz_crypto_trader_female_20,crypto_1,angry_after_waiting,"Why is there a fee for crypto staking? No one explained this before. Frustrated with delays, fix it NOW.",I don't know.,"Is there a fee associated with crypto staking?,Stake and unstake crypto,How does crypto staking work?,Fees for trading crypto",4
genz_crypto_trader_female_20,crypto_1,confused_by_app_updates,"I'm trying to stake my crypto, but I'm confused about how it works. I see something about fees—what exactly are these for, and how do I find out more?","The fees associated with crypto staking are related to the validator fees that can be deducted by third-party validators on certain blockchains, covering their costs. You can find more information by referring to the article ""Is there a fee associated with crypto staking?"" in the Revolut Help Center.","Stake and unstake crypto,Is there a fee associated with crypto staking?,How does crypto staking work?,Fees for trading crypto",4
genz_crypto_trader_female_20,crypto_1,rushing_with_typos,hwy how's crypto staking work here n any fess involved need info fast pls,"To start staking in your Revolut app, go to 'Crypto,' select one of the supported tokens, and tap 'Stake.' Revolut doesn’t charge any fees on your staking rewards.","How does crypto staking work?,Stake and unstake crypto,Is there a fee associated with crypto staking?,Fees for trading crypto",4
genz_crypto_trader_female_20,crypto_1,on_the_go_direct,"crypto staking fees, what are they? need to decide fast",There are no fees associated with crypto staking on Revolut. You get 100% of the staking rewards without any additional charges.,"Is there a fee associated with crypto staking?,Stake and unstake crypto,How does crypto staking work?,Fees for trading crypto",4
genz_crypto_trader_female_20,crypto_1,voice_transcription,uh so like i'm trying to figure out if their's a fee when i'm doing the crypto staking on the app i'm thinking of staking some of my assets but don't want surprise costs popping up thanks,There are no fees associated with crypto staking on Revolut. You will receive 100% of the staking rewards with no extra fees charged by Revolut.,"Is there a fee associated with crypto staking?,Stake and unstake crypto,How does crypto staking work?,Fees for trading crypto",4
genz_crypto_trader_female_20,crypto_1,poor_internet_connection,"trying to stake crypto but the app keeps timing out or gets stuck loading, do fees still apply if it fails during these connection issues?","If the staking process fails due to connection issues or timeout, fees do not apply in this situation. The funds should be credited back to the wallet you sent them from.","Failed crypto deposits,Stake and unstake crypto,Is there a fee associated with crypto staking?,How does crypto staking work?",4
genz_crypto_trader_female_20,crypto_1,vague_first_message,"my crypto thing isn’t growing and i'm seeing fees, is there a charge for staking?",There are no fees associated with staking on Revolut. You will receive 100% of the staking rewards without any extra charges.,"Is there a fee associated with crypto staking?,Stake and unstake crypto,Fees for trading crypto,How does crypto staking work?",4
genz_crypto_trader_female_20,cards_atm_1,empty,"Why can't I deposit funds to my card from certain sources, and are there limits on top-ups if I'm in Ukraine?","You can't deposit funds to your Revolut account by card due to Visa rule changes on September 30, 2024. Top-up limits are set by an automated security system based on your card activity in the past 24 hours or 7 days. These limits reset on a rolling basis.","Ukraine card top-up limits,Can I transfer money to Ukraine?,Card deposit limits and fees,How to add money with a card",4
genz_crypto_trader_female_20,cards_atm_1,calm_at_home,"I tried topping up my card, but it didn't work. Are there any restrictions or limits for deposits that I should be aware of?","Your card top-up may have been blocked due to restrictions set by your issuing bank or failed payment attempts. Check your deposit limits and make sure to follow steps in the ""How to add money with a card"" article.","Card deposit limits and fees,Restricted card deposits,How to add money with a card,Why your card top-ups may be blocked",4
genz_crypto_trader_female_20,cards_atm_1,panic_security_fear,"my card deposit got blocked, is this a fraud?! please help me asap, this is an emergency, need funds now","Card deposits may be blocked for various reasons, such as your issuing bank declining a payment or multiple unsuccessful attempts. To resolve this, you can try contacting your bank or using an alternative funding source.","My card has been used fraudulently,My card payment was declined by the security system,Why your card top-ups may be blocked,Report a fraudulent transfer",4
genz_crypto_trader_female_20,cards_atm_1,angry_after_waiting,WHY can't I deposit to my card? Tried multiple times. Limits should not block me! Fix this NOW or I'm done with Revolut.,"Card deposits may be blocked because your issuing bank has declined a previous payment using this card, or because you've made multiple unsuccessful attempts to make the payment. These payment blocks can be applied for up to 30 days, due to Visa and Mastercard payment processing rules. You can check the deposit status in your in-app transactions list.","My card deposit didn't work,How to add money with a card,Why your card top-ups may be blocked,Problems with my card PIN",4
genz_crypto_trader_female_20,cards_atm_1,confused_by_app_updates,"I'm trying to top up my card, but it says there might be a restriction. Is there a limit I'm missing or something related to my location?","I'm sorry, I don't have the information in the provided articles to answer your question.","Why your card top-ups may be blocked,Ukraine card top-up limits,Why was my top-up reverted?,Restricted card deposits",4
genz_crypto_trader_female_20,cards_atm_1,rushing_with_typos,my card declined when i tried topping up from ukraine is there a limit i dont know about pls help,"I'm sorry, but I don't know the answer to your question.","Ukraine card top-up limits,Why was my card payment declined if I have enough funds?,My card payment was declined,Can I transfer money to Ukraine?",4
genz_crypto_trader_female_20,cards_atm_1,on_the_go_direct,"card declined at checkout, says limit issue, need quick fix","If your card was declined due to a limit issue, you can quickly fix it by resetting your card's contactless limit in the Revolut app. Here's how:
- Go to 'Home' on the bottom menu
- Tap the cards icon in the top-right corner
- Select your card
- Tap 'Sett","How do regulatory limits affect my usage?,Why aren’t my contactless payments working?,My physical card isn't working,My card payment was declined by the security system",4
genz_crypto_trader_female_20,cards_atm_1,voice_transcription,hey just tried to add cash to my Revolut card from ukraine and it wont let me like is there a limit i missed or something cause i need to top up now for some stuff please help,"Based on the new Visa rules implemented on September 30, 2024, card top-up limits have changed for Ukraine. This may be affecting your ability to add cash to your Revolut card from Ukraine. For more information on these changes and limitations, please refer to the ""Ukraine card top-up limits"" article.","Ukraine card top-up limits,How to add money with a card,Auto top-ups,Why your card top-ups may be blocked",4
genz_crypto_trader_female_20,cards_atm_1,poor_internet_connection,trying to top up my card but it keeps getting stuck at loading due to poor connection. will it process eventually or do i need better internet?,Your top-up may be blocked due to poor connectivity. Ensure you have a stable internet connection before attempting to top up your card.,"Why your card top-ups may be blocked,I'm having trouble using my Revolut Terminal,My physical card isn't working,Failed payments on the Revolut Terminal",4
genz_crypto_trader_female_20,cards_atm_1,vague_first_message,tried to add funds from my card but it says no can you check why?,I don't know.,"How to add money with a card,Why your card top-ups may be blocked,My card payment was declined,My card deposit didn't work",4
genz_crypto_trader_female_20,savings_investments_1,empty,How are the earnings from instant access savings treated for tax purposes?,Revolut doesn't withhold any tax on your interest income earned. You have sole responsibility for managing your tax affairs and compliance with tax laws and regulations.,"How is interest calculated on tiered Instant Access Savings?,Kids & Teens Instant Access Savings,Tax on Savings,Rate decrease on my Instant Access Savings",4
genz_crypto_trader_female_20,savings_investments_1,calm_at_home,"I'm curious about how any potential taxes apply to my savings account earnings on Revolut. Could you clarify what's applicable, especially with the instant access savings feature?",Revolut doesn't withhold any tax on your interest income earned. You have sole responsibility for managing your legal obligations and tax affairs. The tax implications are your responsibility.,"Tax on Savings,Earning interest with Savings,Getting started with Savings,Kids & Teens Instant Access Savings",4
genz_crypto_trader_female_20,savings_investments_1,panic_security_fear,"i’m freaking out, are my savings gone? saw a weird tax notification, please help now emergency!",Feeling pressured or threatened?,"Feeling pressured or threatened?,Urgent text from a kid or friend?,Where can I get help and advice on financial abuse?,How can I improve my financial health?",4
genz_crypto_trader_female_20,savings_investments_1,angry_after_waiting,My savings aren't earning interest as promised. WHY? Already complained. Fix it NOW. Losing money! Need a response FAST!,"I'm sorry for the inconvenience. Please check the interest rate on your Savings account based on your plan. If you haven't received interest as expected, follow up with our customer support team for assistance.","Earning interest with Savings,Rate decrease on my Instant Access Savings,Close my Savings account,How to calculate interest on Savings accounts",4
genz_crypto_trader_female_20,savings_investments_1,confused_by_app_updates,I’m trying to understand Instant Access Savings in the app but can’t find clear info on taxes linked to them. Is there a specific tab or term I should look for?,I don't know.,"Kids & Teens Instant Access Savings,Documents and statements for my Savings accounts,How is interest calculated on tiered Instant Access Savings?,Instant Access Savings promotion",4
genz_crypto_trader_female_20,savings_investments_1,rushing_with_typos,do i need pay taxes on my instant access savings earnings and how is that calculated thx,Revolut doesn't withhold any tax on your interest income earned. You have sole responsibility for managing your tax obligations. The tax on your instant access savings earnings will depend on your personal tax status and local tax laws.,"How is interest calculated on tiered Instant Access Savings?,Tax on Savings,Kids & Teens Instant Access Savings,Rate decrease on my Instant Access Savings",4
genz_crypto_trader_female_20,savings_investments_1,on_the_go_direct,"can't find details on instant savings taxes, need it now",You have sole responsibility for the management of your legal obligations and tax affairs when it comes to your interest income. Revolut doesn't withhold any tax on your interest income earned.,"Kids & Teens Instant Access Savings,Rate decrease on my Instant Access Savings,How is interest calculated on tiered Instant Access Savings?,Tax on Savings",4
genz_crypto_trader_female_20,savings_investments_1,voice_transcription,"hey, i'm just trying to understand if my savings interest is taxed automatically or do i need to report it separately, and how does that affect my instant access account exactly, it's like kinda confusing you know","Revolut doesn't withhold any tax on your interest income earned. You have sole responsibility for the management of your legal obligations and tax affairs, including making any applicable filings and tax payments.","Tax on Savings,How is interest calculated on tiered Instant Access Savings?,How to calculate interest on Savings accounts,Earning interest with Savings",4
genz_crypto_trader_female_20,savings_investments_1,poor_internet_connection,"trying to move funds to savings but connection drops, app freezes and says timeout, will it finish when stable or do i retry?","If the connection drops while transferring funds to your savings and the app freezes, you should wait for the app to stabilize. If the transfer fails, you might need to retry the transfer once the app is stable.","Insufficient funds for scheduled transfer,Why your card top-ups may be blocked,My card deposit didn't work,Delayed (offline) card payments",4
genz_crypto_trader_female_20,savings_investments_1,vague_first_message,"why no bonus on my savings account money, expected more interest this month?","I'm sorry, I don't know.","How to calculate interest on Savings accounts,Earning interest with Savings,Why was my Savings Accounts restricted or closed?,Rate decrease on my Instant Access Savings",4
genz_crypto_trader_female_20,plans_billing_1,empty,"Who manages the Ultra trip cancellation coverage, and can I claim if Premium travel insurance is removed?","Qover manages the Ultra trip cancellation coverage for Revolut customers. If Premium travel insurance is removed, you can still claim under Ultra trip and event cancellation protection.","My supplier won’t let me cancel my trip/event. Am I covered with Ultra trip and event cancellation protection?,Am I covered by Ultra trip cancellation protection if I need to cancel a flight while abroad?,Who provides Ultra trip and event cancellation protection?,Ultra trip & event cancellation with companion coverage",4
genz_crypto_trader_female_20,plans_billing_1,calm_at_home,I noticed that the Premium travel insurance has been removed from my plan. Could you guide me on how to make a claim if needed?,"If your claim is for an event that occurred before the removal date of Premium travel insurance, you can contact Chubb directly to submit your claim.","Claiming after Premium travel insurance removal,How do I get an update on my existing claim?,Cover for cancelled and interrupted trips,Cover for delayed trips",4
genz_crypto_trader_female_20,plans_billing_1,panic_security_fear,"please help! i was relying on ultra trip protection but now it's gone, what happens to my claims? emergency!","I'm sorry, I don't have enough information to answer your query.","My supplier won’t let me cancel my trip/event. Am I covered with Ultra trip and event cancellation protection?,Am I covered by Ultra trip cancellation protection if I need to cancel a flight while abroad?,Documents needed for an Ultra trip and event cancellation protection claim,Am I covered for trips or events that I didn't purchase with my Revolut account with Ultra trip and event cancellation protection?",4
genz_crypto_trader_female_20,plans_billing_1,angry_after_waiting,"Ultra trip protection issues, who covers it? Been waiting for an answer! Fix the mess. This is unacceptable, solve it NOW!","We’re not an insurer, but we currently work exclusively with Qover to provide trip and cancellation insurance for all of our Ultra customers. Qover arranges and administers the policy for the insurer, Wakam.","Who provides Ultra trip and event cancellation protection?,My supplier won’t let me cancel my trip/event. Am I covered with Ultra trip and event cancellation protection?,Ultra trip & event cancellation with companion coverage,Am I covered by Ultra trip cancellation protection if I need to cancel a flight while abroad?",4
genz_crypto_trader_female_20,plans_billing_1,confused_by_app_updates,"i'm a bit lost about the insurance coverage for trips, who exactly provides the event cancellation protection, i'm not sure where to find this info on my plan?","To find information about the event cancellation protection on your plan, check the details provided by the insurance provider Qover. They arrange and administer the policy for the insurer, Wakam, which covers trip and event cancellation insurance for Ultra customers, as stated in the article ""Who provides Ultra trip and event cancellation protection?""","Cover for cancelled and interrupted trips,My supplier won’t let me cancel my trip/event. Am I covered with Ultra trip and event cancellation protection?,Who provides Ultra trip and event cancellation protection?,What is an event?",4
genz_crypto_trader_female_20,plans_billing_1,rushing_with_typos,i heard premium travel insurance removed what happens if need claim now who actually handles it now,"To make a travel insurance claim for an event that occurred before the removal date, you can contact Chubb directly. The Chubb assistance helpline is available for emergencies abroad. For non-emergency claims, you can submit your claim online via this link: https://intake.sedgwick.com/u/ChubbTravel/RevolutTravelClaims or call +44 (0) 203 964 3004.","Claiming after Premium travel insurance removal,How do I make a travel insurance claim?,Cover for cancelled and interrupted trips,How do I get an update on my existing claim?",4
genz_crypto_trader_female_20,plans_billing_1,on_the_go_direct,Can't find Ultra trip protection details. Who's covering this? Boarding soon!,"Who provides Ultra trip and event cancellation protection?
We’re not an insurer, but we currently work exclusively with Qover to provide trip and cancellation insurance for all of our Ultra customers. Qover arranges and administers the policy for the insurer, Wakam.","My supplier won’t let me cancel my trip/event. Am I covered with Ultra trip and event cancellation protection?,Am I covered by Ultra trip cancellation protection if I need to cancel a flight while abroad?,Who provides Ultra trip and event cancellation protection?,Ultra trip & event cancellation with companion coverage",4
genz_crypto_trader_female_20,plans_billing_1,voice_transcription,hey so uh i just like saw this thing about travel cover not being their with my premium plan anymore does that mean i can't claim if something goes wrong on my trip now or like what's the deal,"If your trip took place before July 25, 2024, contact Chubb directly to claim. For any trips on or after this date, travel insurance is not covered by the Premium plan.","Claiming after Premium travel insurance removal,Cover for cancelled and interrupted trips,Cover for delayed trips,My supplier won’t let me cancel my trip/event. Am I covered with Ultra trip and event cancellation protection?",4
genz_crypto_trader_female_20,plans_billing_1,poor_internet_connection,"Trying to check crypto staking but app keeps timing out. If my connection is bad, will actions like claiming event protection still go through?","If your connection is bad, actions like claiming event protection may still go through, but you may experience issues using the app for other functions such as checking crypto staking.","How does crypto staking work?,Failed crypto deposits,Pending crypto withdrawals,Stake and unstake crypto",4
genz_crypto_trader_female_20,plans_billing_1,vague_first_message,who handles cancelling trips and events on my new plan?,"If your trip is eligible for cancellation under Ultra trip and event cancellation protection, you will handle the cancellation with the supplier directly and then submit a claim to Revolut.","My supplier won’t let me cancel my trip/event. Am I covered with Ultra trip and event cancellation protection?,Cancelling your scheduled plan downgrade,Cancelling your old phone plan,Cover for cancelled and interrupted trips",4
genz_crypto_trader_female_20,business_merchant_1,empty,Why am I having issues with my Revolut Terminal when processing card payments from my Pro product catalogue?,You might be having trouble using your Revolut Terminal if you don't have an active Revolut Pro account. Ensure that you have an approved Pro account and a stable internet connection for successful card payments.,"I'm having trouble using my Revolut Terminal,Cards and contactless payments with Revolut Terminals,Failed payments on the Revolut Terminal,How much does it cost to accept payments with Revolut Pro?",4
genz_crypto_trader_female_20,business_merchant_1,calm_at_home,How can I resolve issues with my Revolut Terminal when it won't process sales from my Pro product catalogue? I'm at home and have time to troubleshoot this.,Check if you have an active Revolut Pro account and ensure a stable internet connection for the terminal. Follow the steps to connect your terminal as outlined in the articles.,"I'm having trouble using my Revolut Terminal,How do I log in to my Revolut Terminal?,How do I order a Revolut Terminal?,Failed payments on the Revolut Terminal",4
genz_crypto_trader_female_20,business_merchant_1,panic_security_fear,terminal not working during sales event huge problem can’t process payments worried about fraud or loss need urgent fix now please help,"Check if you have an active Revolut Pro account and ensure a stable internet connection on your terminal. If the issue persists, contact support for assistance.","Failed payments on the Revolut Terminal,My card payment was declined by the security system,I'm having trouble using my Revolut Terminal,Failed payment on Tap to Pay on iPhone",4
genz_crypto_trader_female_20,business_merchant_1,angry_after_waiting,"Revolut Terminal keeps failing during transactions. This is unacceptable! Tried fixing it, ZERO support. I need a solution NOW.",You might be experiencing issues with your Revolut Terminal due to a failed internet connection or an inactive Revolut Pro account. Please check your account status and internet connection to ensure smooth transactions.,"I'm having trouble using my Revolut Terminal,Failed payments on the Revolut Terminal,How do I log in to my Revolut Terminal?,Cards and contactless payments with Revolut Terminals",4
genz_crypto_trader_female_20,business_merchant_1,confused_by_app_updates,"I'm trying to access the product catalogue for my Revolut Pro, but I can't find where it is in the app. Could you point me in the right direction?","To access the product catalogue in your Revolut Pro account, follow these steps:
- Go to 'Revolut Pro' in the app
- Tap 'Tools'
- Select 'Products' to create your catalogue sales.","Where can I find my Revolut Pro account in-app?,Sales using a Revolut Pro product catalogue,Order a Revolut Pro card,How do I order a Revolut Terminal?",4
genz_crypto_trader_female_20,business_merchant_1,rushing_with_typos,"cnt get my revolut terminal to work, transactions not processing, any tips, need this for sales thx","Ensure you have an active Revolut Pro account and a stable internet connection for your Revolut Terminal to work correctly. If transactions are not processing, check if the customer has enough funds in their account or if their card is blocked. Follow the steps to log in to your Revolut Terminal to troubleshoot further.","I'm having trouble using my Revolut Terminal,Cards and contactless payments with Revolut Terminals,Failed payments on the Revolut Terminal,How do I log in to my Revolut Terminal?",4
genz_crypto_trader_female_20,business_merchant_1,on_the_go_direct,"Revolut Terminal not processing payments during busy checkout, need fix now.","If Revolut Terminal is not processing payments during a busy checkout, you may want to check if the customer has enough money in their account or if there is an issue with the terminal's internet connection. You can also ensure that the customer's card is not blocked.","Failed payments on the Revolut Terminal,I'm having trouble using my Revolut Terminal,Cards and contactless payments with Revolut Terminals,Cancel a transaction on the Revolut Terminal",4
genz_crypto_trader_female_20,business_merchant_1,voice_transcription,um so i'm trying to use my revolut terminal for sales and like it's not processing payments from my pro product catalogue is there some steps i'm missing or is it a tech issue because i'm like confused,"To process payments from your Pro product catalogue using the Revolut Terminal, make sure to set up your catalogue in your Revolut Pro payment account first. Follow these steps: go to 'Revolut Pro', 'Tools', then 'Products' to create and manage your products.","I'm having trouble using my Revolut Terminal,Failed payments on the Revolut Terminal,Cards and contactless payments with Revolut Terminals,Sales using a Revolut Pro product catalogue",4
genz_crypto_trader_female_20,business_merchant_1,poor_internet_connection,"Revolut Terminal keeps dropping connection while uploading my product catalogue, stuck at loading. Will it complete uploads later or what can I do with poor connectivity?","Your Revolut Terminal may experience trouble uploading your product catalog if the internet connection is unstable. To resolve this issue, ensure you have an active internet connection and try reconnecting your terminal to upload the catalog again.","I'm having trouble using my Revolut Terminal,Failed payments on the Revolut Terminal,How do I log in to my Revolut Terminal?,eSIM on Revolut Terminals",4
genz_crypto_trader_female_20,business_merchant_1,vague_first_message,"tried using that payment machine, sales not showing up or money missing, what's happening?","It's possible that the payment machine you used may have experienced technical difficulties or the transaction failed due to different reasons. This might include regional restrictions, security controls, or other issues related to the merchant's side. If you encounter any problems with your transaction or if the sales are not showing up, you can contact the merchant for assistance.","Declined card payment isn't visible,Failed payments on the Revolut Terminal,My card payment was declined,Failed payment on Tap to Pay on iPhone",4
genz_crypto_trader_female_20,transfers_1,empty,How can I transfer funds from my joint account if I change my Revtag?,"To transfer funds from your Joint account after changing your Revtag, you will need to give the updated Revtag to the sender so they can send the transfer to your Joint account.","Joint account transfers,Change my Revtag,Adding money to a Joint account,Revtags",4
genz_crypto_trader_female_20,transfers_1,calm_at_home,"I recently tried transferring funds from my joint account, but my Revtag seems outdated. How can I update it for seamless transfers?","To update your Revtag for seamless transfers, follow these steps:
- Tap your profile icon in the top-left corner
- Select 'Account' and 'Personal details'
- Tap your Revtag to change it.","Joint account transfers,Change my Revtag,Adding money to a Joint account,Revtags",4
genz_crypto_trader_female_20,transfers_1,panic_security_fear,"tried sending money to my friend using joint account but it's not showing who it's from, need to fix this now please emergency","I'm sorry, I couldn't find information on how to fix the issue of transfers not showing sender details in a joint account. To resolve this issue quickly, I recommend contacting Revolut Support directly for assistance.","Joint account transfers,Revolut closed my joint account,Setting up a Joint account,Report a fraudulent transfer",4
genz_crypto_trader_female_20,transfers_1,angry_after_waiting,Joint account transfer is stuck. Why is it taking so long? Tried changing Revtag. Nothing! FIX THIS NOW. Need immediate resolution.,Why is my transfer to a bank account still pending?,"Why is my transfer to a bank account still pending?,Revolut closed my joint account,Joint account transfers,Managing joint account ownership",4
genz_crypto_trader_female_20,transfers_1,confused_by_app_updates,"I'm trying to transfer from a joint account, but I don't see any option for Revtag. What exactly is a Revtag and where can I find it in the app?","To use a Revtag, you'll need to send transfers from your personal account. Joint accounts do not support Revtag transfers. You can find your Revtag in the app by tapping your profile icon in the top-left corner and then selecting 'Account' and 'Personal details.'","Revtags,Change my Revtag,Joint account transfers,Setting up a Joint account",4
genz_crypto_trader_female_20,transfers_1,rushing_with_typos,trying to send money to joint account but something combo with revtag need to change help pls,"You can add money to your Joint account in the Revolut app by going to 'Home,' tapping on 'Accounts,' selecting your Joint account, then tapping 'Add money' and following the instructions. If you are facing issues related to a RevTag, please refer to the Revolut article on setting up a Joint account for assistance.","Adding money to a Joint account,Joint account transfers,Setting up a Joint account,Revolut closed my joint account",4
genz_crypto_trader_female_20,transfers_1,on_the_go_direct,"Can't transfer funds, is my Revtag correct?","To check if your Revtag is correct, follow these steps:
1. Go to 'Home' on the bottom menu in the Revolut app.
2. In your transactions list, tap the transfer in question.
3. Scroll down and tap 'Get help' for specific troubleshooting steps.","Why was the transfer to my account reverted?,Why has my card transfer failed or been declined?,I sent a transfer to the wrong Revolut customer,My transfer to or from someone on Revolut wasn't received",4
genz_crypto_trader_female_20,transfers_1,voice_transcription,hey so i'm trying to send money to someone and they can't see my transfer using revtag i think i might need to update my revtag or something any idea how to fix this,"You can update your Revtag by following these steps:
- To view, manage, and share your Revtag in-app, tap your profile icon in the top-left corner. You'll see your Revtag under the section.","My transfer to or from someone on Revolut wasn't received,I'm unable to send money to another Revolut customer,Revtags,I sent a transfer to the wrong Revolut customer",4
genz_crypto_trader_female_20,transfers_1,poor_internet_connection,"trying to transfer from joint account but app keeps timing out and getting stuck loading, will it go through if i retry with weak connection?","If your app is timing out and getting stuck loading while trying to transfer from a joint account, it's best to ensure you have a stable internet connection before retrying. If the issue persists, you can seek assistance from our support team.","Insufficient funds for scheduled transfer,Why is my transfer to a bank account still pending?,Joint account transfers,What happens if my joint account balance goes negative?",4
genz_crypto_trader_female_20,transfers_1,vague_first_message,how can i fix the thing so my friend can send money to our joint thing it keeps bouncing back,"I'm sorry, I couldn't find the information in the provided articles.","What happens if my joint account balance goes negative?,My friend added money, but I still didn’t get the reward,More help with sending money via a payment link,I sent a transfer to the wrong Revolut customer",4
genz_crypto_trader_female_20,family_joint_1,empty,Can I set up and manage an allowance for my younger sibling's Revolut card within the app?,"To set up and manage an allowance for your younger sibling's Revolut card within the app, follow the steps to create a Kids & Teens account as outlined in the article ""Open a Revolut – Kids & Teens account."" Once the account is set up, you can control your sibling's spending by setting monthly limits and managing their card through the app as described in the article ""Revolut – Kids & Teens card management.""","Open a Revolut – Kids & Teens account,Revolut – Kids & Teens card management,Request a Revolut – Kids & Teens virtual card,Managing a Revolut – Kids & Teens account",4
genz_crypto_trader_female_20,family_joint_1,calm_at_home,"Can Revolut Kids accounts receive money from relatives for birthday gifts, and how does the process work with the app?","Yes, Revolut Kids accounts can receive money from relatives as birthday gifts. Relatives can send payments to Kids accounts using Revolut Kids & Teens Payment Links. Once activated, money will automatically be accepted.","Add money to or withdraw from Revolut Kids & Teens account,Revolut – Kids & Teens payments,Open a Revolut – Kids & Teens account,Revolut Kids & Teens Payment Links",4
genz_crypto_trader_female_20,family_joint_1,panic_security_fear,"my kid's account shows a payment I don't recognize, possible fraud? please help urgent!","If you suspect a fraudulent transaction on your kid's account, you can report it by following the steps outlined in the ""Report a fraudulent transaction and replace your card"" article. Go to 'Home' on the bottom menu in the app, then go to transactions to report the unauthorized payment.","Urgent text from a kid or friend?,Report a fraudulent transfer,My card has been used fraudulently,Report a card payment as a scam or fraud",4
genz_crypto_trader_female_20,family_joint_1,angry_after_waiting,"Why can't my little brother use his Revolut card? Tried fixing it, no success. This is ANNOYING, fix it NOW!","To troubleshoot the issue with your little brother's Revolut card, you can tap on the failed transaction in the app to see the decline reason and find relevant troubleshooting tips. If that doesn't resolve the issue, you can reset the contactless limit of the card in the Revolut app following the steps provided.","My physical card isn't working,Why aren’t my contactless payments working?,Problems with my card PIN,I'm having trouble using my Revolut Terminal",4
genz_crypto_trader_female_20,family_joint_1,confused_by_app_updates,I'm confused about the 'Save' feature for kids' accounts. Where exactly do I find this option in the app? I don't see any clear menu for setting it up.,"To access the 'Save' feature for Kids & Teens accounts in the app, follow these steps:  
1. Go to 'Home' on the bottom menu  
2. Below your balance, tap 'Accounts'  
3. Scroll down and select the ‘Kids & Teens account’  
Once you are in the Kids & Teens account, you can set up the 'Save' feature with Pockets to help children and teens save money.","Kids & Teens Instant Access Savings,Revolut Kids & Teens Save,Managing a Revolut – Kids & Teens account,Open a Revolut – Kids & Teens account",4
genz_crypto_trader_female_20,family_joint_1,rushing_with_typos,how can i set up payments for my brother through the teens account or not possible,"You can set up payments for your brother through the Teens account within the Revolut app. Your brother can only send payments to other Revolut and Revolut Kids & Teens customers with the same base currency. To do this, follow the steps in the article ""Revolut – Kids & Teens payments"". Please note that regular bank transfers cannot be sent or received through a Teens account.","Revolut – Kids & Teens payments,Revolut Kids & Teens Payment Links,Open a Revolut – Kids & Teens account,Kids & Teens Instant Access Savings",4
genz_crypto_trader_female_20,family_joint_1,on_the_go_direct,"can't add to my kid's savings, app keeps crashing, urgent","I'm sorry, I don't have enough information to provide an answer based on the articles provided. Please contact Revolut customer support for immediate assistance with adding money to your kid's savings account.","Kids & Teens Instant Access Savings,Revolut Kids & Teens Save,Add money to or withdraw from Revolut Kids & Teens account,Revolut – Kids & Teens card management",4
genz_crypto_trader_female_20,family_joint_1,voice_transcription,hey so like I want to set up some account thing for my younger brother with Revolut but I'm not sure how payments work for kids or like if their savings are just automatic can you explain,"To set up a Kids account for your brother on Revolut, follow the steps outlined in the article ""Open a Revolut – Kids & Teens account."" Payments for Kids accounts are limited to other Revolut and Revolut Kids accounts, as explained in the article ""Revolut – Kids & Teens payments."" Savings for Kids accounts can be managed using the Kids & Teens Save feature, allowing for custom savings compartments, as described in the article ""Revolut Kids & Teens Save.""","Open a Revolut – Kids & Teens account,Revolut – Kids & Teens payments,Kids & Teens Instant Access Savings,Revolut Kids & Teens Save",4
genz_crypto_trader_female_20,family_joint_1,poor_internet_connection,"Trying to set up my teen's account but app keeps getting stuck at loading. Will their account save even if there's a connection drop, or should I retry later?","If the app is stuck, closing the app and reopening it might help resolve the issue. The account should be saved even if there's a connection drop.","Open a Revolut – Kids & Teens account,Kids & Teens Instant Access Savings,Difficulty logging in,Graduation to the main app",4
genz_crypto_trader_female_20,family_joint_1,vague_first_message,"my kid's balance shows zero but i transferred money for allowance, where did it go","To find out where the transferred money for allowance went in your Kids & Teens account, you can follow these steps in the Revolut app:
- Go to 'Home' on the bottom menu
- Below your balance, tap Accounts
- Select their ‘Kids & Teens account’
- Check recent transactions for the transferred amount
If the funds are not found, contact our Customer Support team through the in-app chat for assistance.","Why are my statement balance and in-app balance different?,I received a transfer from an unknown sender,Add money to or withdraw from Revolut Kids & Teens account,I just made an exchange, but I can't find my money",4
genz_crypto_trader_female_20,fx_exchange_1,empty,Does Revolut apply dynamic currency conversion at ATMs or when making card purchases abroad?,Revolut does not apply dynamic currency conversion at ATMs or when making card purchases abroad.,"What is Dynamic Currency Conversion (DCC)?,How to withdraw a foreign currency,What currency will I be charged in?,Fees for cash withdrawals",4
genz_crypto_trader_female_20,fx_exchange_1,calm_at_home,"Can you explain how dynamic currency conversion affects foreign transactions with Revolut, and what exchange rate would be applied if I opt to use it?","To understand how dynamic currency conversion affects foreign transactions with Revolut, it's important to be aware of the exchange rates offered by Revolut. Dynamic currency conversion typically results in higher fees for the user. Revolut offers competitive rates based on data from multiple independent sources. If you opt for dynamic currency conversion, you might not get the most favorable exchange rate. You can view the current exchange rates on Revolut's website.","What exchange rates does Revolut offer?,What is Dynamic Currency Conversion (DCC)?,Tips for spending in a foreign currency,What currency will I be charged in?",4
genz_crypto_trader_female_20,fx_exchange_1,panic_security_fear,"urgent! bought something abroad and rate seems off, can't afford bad rates now. anything wrong with my currency setting? please help!","Check your currency setting by reviewing the currency exchange rate and your allowance to ensure you are not being charged extra fees. If needed, you can view the current currency exchange rates on our website.","What exchange rates does Revolut offer?,Tips for spending in a foreign currency,Why are my statement balance and in-app balance different?,Transfer I sent arrived in a different currency ",4
genz_crypto_trader_female_20,fx_exchange_1,angry_after_waiting,"Why am I being charged extra with DCC when I already picked GBP? Unacceptable delay, fix this now!","I'm sorry for the inconvenience you're experiencing. To resolve the issue of being charged extra with DCC, it's important to ensure you select the correct currency during your transaction. Please make sure to choose GBP to avoid additional charges. If you continue to have issues, you can reach out to our support team for assistance.","What is Dynamic Currency Conversion (DCC)?,I was charged extra by my bank for a Ramp payment. Why?,Why was I charged more than I was shown?,Fees for card payments in a foreign currency",4
genz_crypto_trader_female_20,fx_exchange_1,confused_by_app_updates,"I'm confused about how Revolut charges in foreign currency. What is Dynamic Currency Conversion, and how do I know if I'm getting the best exchange rate when traveling?","Dynamic Currency Conversion (DCC) is when an ATM or card terminal offers to charge you in a different currency than the one you are transacting in. To ensure you get the best rate, always choose to be charged in the local currency. Revolut offers competitive exchange rates based on data from multiple sources. You can check the current exchange rates on our website.","What is Dynamic Currency Conversion (DCC)?,What exchange rates does Revolut offer?,What currency will I be charged in?,Tips for spending in a foreign currency",4
genz_crypto_trader_female_20,fx_exchange_1,rushing_with_typos,"what's the fx rate for converting usd to eur is it better than bank rates, dont wanna get hit by dcc thx","You can view the current USD to EUR exchange rate on our website. Revolut offers competitive rates based on data from multiple independent sources, which may be more favorable than bank rates. To avoid Dynamic Currency Conversion (DCC), ensure you transact in the local currency.","What is Dynamic Currency Conversion (DCC)?,What exchange rates does Revolut offer?,Tips for spending in a foreign currency,What are Revolut's trading fees?",4
genz_crypto_trader_female_20,fx_exchange_1,on_the_go_direct,stuck at checkout why is my transaction in usd not my local currency,"Sometimes, an ATM or card terminal may ask you if you want to be charged in a different currency than the one you are trying to transact in. To make sure you always get the best rate, you should always choose to be charged in the local currency.","What is Dynamic Currency Conversion (DCC)?,I was charged extra by my bank for a Ramp payment. Why?,Why are my statement balance and in-app balance different?,I just made an exchange, but I can't find my money",4
genz_crypto_trader_female_20,fx_exchange_1,voice_transcription,"um, hey so i'm like trying to do a transaction abroad and i'm confused about this currency thing, is it better to like use my local card currency or should i just go with whatever the atm suggests","To always get the best rate, you should choose to be charged in the local currency of the country you are in, as explained in the ""What is Dynamic Currency"" article.","What is Dynamic Currency Conversion (DCC)?,How to withdraw a foreign currency,Tips for spending in a foreign currency,Can I make a local transfer in a different currency?",4
genz_crypto_trader_female_20,fx_exchange_1,poor_internet_connection,"app's stuck loading, need to know if rates are fixed after dynamic currency check fails, will exchange complete properly even if connection times out?","I'm sorry, I don't have the information to answer your question.","What is Dynamic Currency Conversion (DCC)?,Why might my currency order fail or not execute?,Why are my statement balance and in-app balance different?,What exchange rates does Revolut offer?",4
genz_crypto_trader_female_20,fx_exchange_1,vague_first_message,"paid for something abroad, amount looks way different than expected, did I pick the wrong option?","If the amount you paid for something abroad looks way different than expected, it might be due to sending the wrong currency. Ensure the supported currency is selected when making a transfer to prevent this issue.","Transfer I sent arrived in a different currency ,Why was I charged more than I was shown?,Tips for spending in a foreign currency,Why did I receive less crypto than I paid for?",4
genz_crypto_trader_female_20,crypto_2,empty,Can I log in to check which crypto networks and exchanges are supported for deposits?,"To check which crypto networks and exchanges are supported for deposits, follow these steps:
1. Go to 'Crypto' on the bottom menu.
2. Tap 'More'.
3. Tap 'Limits and fees'.
4. Tap 'Multi-network transfer'.","Supported crypto deposit currencies, networks, and exchanges,Cryptocurrencies and networks available for withdrawals,Receive (deposit) crypto from an external address,Can't see my deposit in-app",4
genz_crypto_trader_female_20,crypto_2,calm_at_home,"I'm having trouble logging into my account. Could you clarify which cryptocurrency deposit methods and exchanges are compatible, and if there are any restrictions on where I can withdraw funds?",I don't know.,"Supported crypto deposit currencies, networks, and exchanges,Addresses supported for withdrawing and reverting crypto deposits,Failed crypto withdrawals,How to ensure my crypto is transferred successfully?",4
genz_crypto_trader_female_20,crypto_2,panic_security_fear,"urgent! can't log in, worried about crypto deposit, is my withdrawal address supported for returning funds? please help now!","I'm sorry, I don't have the information to assist with your query.","Failed crypto withdrawals,Failed crypto deposits,Addresses supported for withdrawing and reverting crypto deposits,How to make sure crypto withdrawals are processed smoothly",4
genz_crypto_trader_female_20,crypto_2,angry_after_waiting,"WHY can't I login and access my crypto? Tried everything! Fix this NOW. Your support is seriously lacking, unacceptable delay!","I'm sorry you're experiencing login issues. To troubleshoot this, please follow the steps outlined in the ""Can't see my deposit in-app"" article.","Failed crypto withdrawals,Failed crypto deposits,Pending crypto withdrawals,Can't see my deposit in-app",4
genz_crypto_trader_female_20,crypto_2,confused_by_app_updates,I'm trying to log in and it asks about crypto deposit currencies and networks. Where exactly do I find these options in the app? It's kind of confusing.,"To check supported tokens and networks:
1. Go to 'Crypto' on the bottom menu
2. Tap 'More'
3. Tap 'Limits and fees'
4. Tap 'Multi-network transfer'","Supported crypto deposit currencies, networks, and exchanges,Can't see my deposit in-app,Cryptocurrencies and networks available for withdrawals,Receive (deposit) crypto from an external address",4
genz_crypto_trader_female_20,crypto_2,rushing_with_typos,can't login my rev accnt is it my crypto ntwrk causing issue pls fix thx,"I'm sorry, I don't have information from the provided articles to address the issue of being unable to log in due to a crypto network problem.","Failed crypto withdrawals,Can't see my deposit in-app,I'm having trouble using my Revolut Terminal,I lost access to my passkey",4
genz_crypto_trader_female_20,crypto_2,on_the_go_direct,"can't log in while depositing crypto, transaction stuck, instructions?","If you are experiencing issues logging in while depositing crypto, or if your transaction is stuck, please follow the steps in the article ""Pending crypto deposits"" to check the status of your deposit within the app. If needed, you can also refer to the article on ""Failed crypto deposits"" to understand why a transaction may have failed.","Failed crypto deposits,Can't see my deposit in-app,Pending crypto deposits,Failed crypto withdrawals",4
genz_crypto_trader_female_20,crypto_2,voice_transcription,uh I'm trying to log in and do something with my crypto like I want to know if I can deposit from my specific exchange and what currency I should use because uh I'm a bit lost thanks,"You can check if your exchange is supported for crypto deposits by visiting the article on ""What network should I use for my crypto deposit?"" in the FAQs. To log in and manage your crypto, ensure your currency account is active as per the steps in the article ""I just made an exchange, but I can't find my money.""","How to ensure my crypto is transferred successfully?,I just made an exchange, but I can't find my money,Supported crypto deposit currencies, networks, and exchanges,Return or manage crypto deposits",4
genz_crypto_trader_female_20,crypto_2,poor_internet_connection,"stuck at loading while trying to deposit crypto, does it go through if connection drops or do i have to retry when network stable?",I don't know.,"Failed crypto deposits,Can't see my deposit in-app,Pending crypto withdrawals,Pending crypto deposits",4
genz_crypto_trader_female_20,crypto_2,vague_first_message,"can't log into my account after trying to move crypto, what should i do?","I'm sorry, I don't have information on that. Please reach out to our support team for assistance.","I sent crypto to an incorrect wallet address. What can I do?,Failed crypto withdrawals,Failed crypto deposits,My Ramp payment was completed but I didn’t receive the crypto. What should I do?",4
genz_crypto_trader_female_20,savings_investments_2,empty,How does being a restricted investor affect my ability to save or invest using the app?,"To save or invest in crypto ETNs on the app, being a restricted investor means you need to certify that you qualify. The option is available for high-net-worth or restricted investors.","What does it mean to be a restricted investor?,Why was my Savings Accounts restricted or closed?,Kids & Teens Instant Access Savings,Difference between limited and full access to the web app",4
genz_crypto_trader_female_20,savings_investments_2,calm_at_home,Can you clarify the differences between high-net-worth and restricted investor statuses? I'm exploring savings options and want to understand how these categories might affect my investment capabilities.,"To invest in crypto ETNs, you need to certify whether you qualify as a high-net-worth investor or a restricted investor. A high-net-worth investor is based on financial status, while a restricted investor has specific investment behavior criteria.","What does it mean to be a restricted investor?,What does it mean to be a high-net-worth investor?,Glossary of onboarding terms,Understanding our onboarding question about affiliations",4
genz_crypto_trader_female_20,savings_investments_2,panic_security_fear,"I saw the app say I'm a restricted investor, is my savings at risk please help emergency!","In exceptional circumstances, a Savings Account can be restricted or closed if there are reasonable security concerns or legal obligations. Refer to the T&Cs at https://www.revolut.com/legal/savings-vaults/?geo-redirect=true.","Why was my Savings Accounts restricted or closed?,What does it mean to be a restricted investor?,How are my investments with Revolut protected?,Kids & Teens Instant Access Savings",4
genz_crypto_trader_female_20,savings_investments_2,angry_after_waiting,"WHY am I marked as restricted investor? Tried fixing it, getting nowhere. Can't touch my savings! Immediate action needed. This is absurd!","Please refer to this article on why you may be marked as a restricted investor: ""What does it mean to be a restricted investor?"" Unfortunately, I don't have access to specific account details to provide further assistance.","Why was my Savings Accounts restricted or closed?,What does it mean to be a restricted investor?,My account was restricted or closed,Reasons an investment account may be closed",4
genz_crypto_trader_female_20,savings_investments_2,confused_by_app_updates,"I'm looking at the app and saw terms like 'high-net-worth' and 'restricted investor', but I don't get what they mean. How does this affect my savings options?","To understand the terms 'high-net-worth' and 'restricted investor' and how they affect your savings options, you can refer to the Glossary of onboarding terms.","Glossary of onboarding terms,What does it mean to be a restricted investor?,What does it mean to be a high-net-worth investor?,How is interest calculated on tiered Instant Access Savings?",4
genz_crypto_trader_female_20,savings_investments_2,rushing_with_typos,am i high-networth or restricted investor cause i'm not sure what diff is thx,"Based on the information shared, you will need to determine if you have invested less than 10% of your net assets in high-risk investments in the past 12 months and whether you intend to invest less than 10% in the next 12 months. This will help you identify if you qualify as a restricted investor. If this does not apply to you, you may qualify as a high-net-worth investor.","What does it mean to be a restricted investor?,What does it mean to be a high-net-worth investor?,Glossary of onboarding terms,Get started with crypto ETNs",4
genz_crypto_trader_female_20,savings_investments_2,on_the_go_direct,Can't save with this status. Explain restricted investor now.,"To save with a restricted investor status, you need to certify as a high-net-worth investor or restricted investor when investing in crypto exchange-traded notes (ETNs). This status impacts your ability to invest in certain assets.","What does it mean to be a restricted investor?,Why was my Savings Accounts restricted or closed?,Why is my stock on 'sell only'?,My account was restricted or closed",4
genz_crypto_trader_female_20,savings_investments_2,voice_transcription,hey so like if i'm using my app and it shows something about being a restricted investor like what exactly does that mean for my savings plan cause i'm kinda confused about what restrictions it puts on me,"Being a restricted investor means you have certain limitations when it comes to investing in high-risk assets. To understand more about how this affects your savings plan, please refer to the ""What does it mean to be a restricted investor?"" article.","What does it mean to be a restricted investor?,Why was my Savings Accounts restricted or closed?,Glossary of onboarding terms,Understanding our onboarding question about affiliations",4
genz_crypto_trader_female_20,savings_investments_2,poor_internet_connection,"Trying to view savings options but app's not loading, and I keep getting timeout errors. If I'm marked as a certain type of investor, will this affect savings features?",I don't know.,"Kids & Teens Instant Access Savings,Documents and statements for my Savings accounts,How is interest calculated on tiered Instant Access Savings?,Getting started with Savings",4
genz_crypto_trader_female_20,savings_investments_2,vague_first_message,why am i seeing a warning about my investor status on the savings thing,I don't have the information to answer your question.,"Review my information with CIFAS Marker,Why was my Savings Accounts restricted or closed?,Trouble with my selfie verification for Wealth Protection,What does it mean to be a restricted investor?",4
migrant_worker_remittance_male_38,transfers_1,empty,How can I change my Revtag for sending money to Morocco?,"Tap your profile icon in the top-left corner, select 'Account' and 'Personal details', then tap your Revtag to change it.","Change my Revtag,Revtags,More help with sending money via a payment link,Making a donation through Revolut",4
migrant_worker_remittance_male_38,transfers_1,calm_at_home,How can I change my account name used for sending money to my family in Morocco? I want it to be easier for them to recognize.,"I'm sorry, I cannot provide a relevant answer based on the provided articles.","Change my name,Add, edit, or delete a beneficiary,The name on my card is incorrect,Change or verify email address",4
migrant_worker_remittance_male_38,transfers_1,panic_security_fear,money not arriving in morocco account yet transfer was made is this fraud please help now quickly,Please contact our Customer Support team by requesting a live agent in the in-app chat to report the issue with the transfer not arriving in your Morocco account. They will guide you through the steps to resolve the situation.,"Report a fraudulent transfer,I received a transfer from an unknown sender,I want to cancel my transfer to a card,Report a card payment as a scam or fraud",4
migrant_worker_remittance_male_38,transfers_1,angry_after_waiting,"MONEY STUCK! Sent to Morocco, but nothing! IBAN fees? Takes too long! REVOLUT FIX THIS NOW!","To get assistance with your transfer to Morocco, please check the outbound transfer status by following the steps outlined in this article: https://app.revolut.com/form/outbound-transfer-status-under-quick-help-v-2?faqEntryPoint=question.my-recipient-has-not-received-the-money-. This will provide you with the latest updates on your transfer.","Why is my transfer to a bank account still pending?,Unsupported transfers sent from Revolut,My beneficiary has not received my card transfer,Locate a bank transfer sent from Revolut",4
migrant_worker_remittance_male_38,transfers_1,confused_by_app_updates,"I try send money to Morocco but confused about transfer charges and what IBAN mean. Where I change my tag for better rates, or is it something else needed?","To send money to Morocco, you should be aware of any transfer charges and use the correct IBAN. To change your transfer currency for better rates, please follow the instructions provided in the 'Transfer I sent arrived in a different currency' article.","Transfer I sent arrived in a different currency ,Bank transfer fees,I received a transfer from an unknown sender,What account details should I use for incoming transfers?",4
migrant_worker_remittance_male_38,transfers_1,rushing_with_typos,how to transfer joint account money to morocco fast pls fx too high,I don't know.,"Adding money to a Joint account,I received a transfer from an unknown sender,Joint account transfers,Insufficient funds for scheduled transfer",4
migrant_worker_remittance_male_38,transfers_1,on_the_go_direct,"sending money to Morocco, high fee why? need fast transfer",I don't know.,"Bank transfer fees,Transferring funds to an external card,I received a transfer from an unknown sender,Sending money from Revolut to a bank account",4
migrant_worker_remittance_male_38,transfers_1,voice_transcription,um hi i'm trying send money to morocco but it's taking long can i change like my revtag or something to make it faster because fees surprise me sometimes and i need it to be quicker,"I'm sorry, but I cannot give an answer based on the provided articles.","More help with sending money via a payment link,Transferring funds to an external card,Sending money from Revolut to a bank account,Receiving money to my Revolut card",4
migrant_worker_remittance_male_38,transfers_1,poor_internet_connection,"trying to send money to morocco but the app keeps stuck at loading after enter IBAN, will the transfer go through if connection drops?","I'm sorry, I don't have the information to answer your question about sending money to Morocco through the Revolut app.","Insufficient funds for scheduled transfer,Difficulty adding money with an easy bank transfer,Unsupported transfers sent from Revolut,Unsupported inbound bank transfers",4
migrant_worker_remittance_male_38,transfers_1,vague_first_message,"my money gone when sending home to Morocco, maybe wrong code or button, how fix?","Unfortunately, if you sent money to an incorrect wallet address or entered the wrong details when making the purchase, the transfer is irreversible, and the money is likely lost. It's essential to review all details carefully before confirming the transaction.","I sent crypto to an incorrect wallet address. What can I do?,I received a transfer from an unknown sender,I just made an exchange, but I can't find my money,I sent a transfer to the wrong Revolut customer",4
migrant_worker_remittance_male_38,fx_exchange_1,empty,"Can you explain how your exchange rates work for sending money to Morocco? I want good rates, avoid big fees.","You can check the exchange rates for sending money to Morocco on the Revolut website. Revolut offers competitive rates set based on independent sources. Additionally, keep in mind the fees related to exceeding your monthly exchange allowance.","What exchange rates does Revolut offer?,Bank transfer fees,Tips for spending in a foreign currency,Fees for card payments in a foreign currency",4
migrant_worker_remittance_male_38,fx_exchange_1,calm_at_home,"I send money to Morocco every week. Can you explain how the exchange rate works with Revolut, and if the rate is different using local currency or my card currency?",You can view the current exchange rates on the Revolut website. The rates are based on data from multiple independent sources.,"What exchange rates does Revolut offer?,Tips for spending in a foreign currency,Transfer I sent arrived in a different currency ,How do I exchange money?",4
migrant_worker_remittance_male_38,fx_exchange_1,panic_security_fear,emergency please why is my transaction more expensive than expected is this fraud i need to know exchange rate used now!,You can check the live exchange rate used for your transaction by viewing the payment confirmation screen. This will show you exactly how much cryptocurrency you're getting and how much it costs.,"Why was I charged more than I was shown?,Why did I receive less crypto than I paid for?,I was charged extra by my bank for a Ramp payment. Why?,I want to cancel my transfer to a card",4
migrant_worker_remittance_male_38,fx_exchange_1,angry_after_waiting,Why so slow exchange rate? My money transfer costs too high! FIX IT NOW! No one helped before. Frustrating!,"I'm sorry for the inconvenience you're facing. To understand why your transfer might be slow or if there are any additional charges, please refer to the article ""Why is my transfer to a bank account still pending?"" and ""What exchange rates does Revolut offer?"" for more information on transfer processing times and exchange rates.","Unsupported transfers sent from Revolut,What exchange rates does Revolut offer?,Why is my transfer to a bank account still pending?,Transfer I sent arrived in a different currency ",4
migrant_worker_remittance_male_38,fx_exchange_1,confused_by_app_updates,i try send money to Morocco see something about currency conversion is this affecting exchange rate i get confused where to see correct rate can you help,"Please ensure you choose the correct currency when sending money to Morocco to avoid any issues with currency conversion. You can view the current exchange rates on our website provided in the article ""What exchange rates does Revolut offer?""","Transfer I sent arrived in a different currency ,What exchange rates does Revolut offer?,Why are my statement balance and in-app balance different?,How do I exchange money?",4
migrant_worker_remittance_male_38,fx_exchange_1,rushing_with_typos,how rate change when sending dirhams morocco any hidden fees i miss it pls answer fast,"I'm sorry, I don't have the information to answer your question about sending Dirhams to Morocco and any potential hidden fees.","Bank transfer fees,Why did my recipient receive less money?,Fees for card payments in a foreign currency,Why did I receive less money?",4
migrant_worker_remittance_male_38,fx_exchange_1,on_the_go_direct,"ATM gives dirhams, charged in euros, fix currency issue fast please",I don't know.,"What is Dynamic Currency Conversion (DCC)?,Supported currencies for holding,Fees for cash withdrawals,What currencies are supported for spending?",4
migrant_worker_remittance_male_38,fx_exchange_1,voice_transcription,"uh, i want to know about this, you know, the currency thing when sending money, does revolut give me good rates because i'm sending to morocco weekly and fees like hurt my money you know","Article: What exchange rates does Revolut offer?

Yes, Revolut offers competitive rates for currency exchange based on data from multiple independent sources. Please check the current currency exchange rates on our website for accurate information.","What exchange rates does Revolut offer?,Bank transfer fees,Sending money from Revolut to a bank account,Tips for spending in a foreign currency",4
migrant_worker_remittance_male_38,fx_exchange_1,poor_internet_connection,when i try to change money in app it gets stuck at loading page is exchange rate same if retry later with slow connection,I don't know.,"Why are my statement balance and in-app balance different?,Difficulty adding money with an easy bank transfer,I just made an exchange, but I can't find my money,Insufficient funds for scheduled transfer",4
migrant_worker_remittance_male_38,fx_exchange_1,vague_first_message,"why my exchange rate for dirhams is not same when I send to Morocco, was it supposed to change?",The exchange rate for dirhams may vary depending on the supported currencies for outgoing transfers. Ensure that the currency you select is supported for the transfer to Morocco.,"Transfer I sent arrived in a different currency ,Supported currencies for outgoing transfers,Why did my recipient receive less money?,What exchange rates does Revolut offer?",4
migrant_worker_remittance_male_38,cards_atm_1,empty,"My card can't deposit money to my account, why is this happening?",Your card deposit may be blocked if your issuing bank declined a previous payment or if there were multiple unsuccessful attempts to make the payment. The block can last for up to 30 days. It's recommended to contact your bank for more information.,"My card deposit didn't work,Why your card top-ups may be blocked,How to add money with a card,My card payment was declined",4
migrant_worker_remittance_male_38,cards_atm_1,calm_at_home,"Why my card not allow top-up from Ukraine? I send money to Morocco weekly, need fast transfer.","In this situation, you can initiate bank transfers to Ukraine, mention the supported regions, or consider using an external card transfer if applicable. Unfortunately, I don't have specific information on the speed of transfers to Morocco.","Can I transfer money to Ukraine?,Transferring funds to an external card,Ukraine card top-up limits,My beneficiary has not received my card transfer",4
migrant_worker_remittance_male_38,cards_atm_1,panic_security_fear,my card not working to send money morocco urgent i think something wrong please fix now,"If your card is not working for sending money, please check the decline reason in your in-app transactions list for troubleshooting. If the issue persists, please contact our support team.","My physical card isn't working,My card payment was declined,My card has been used fraudulently,My beneficiary has not received my card transfer",4
migrant_worker_remittance_male_38,cards_atm_1,angry_after_waiting,"Why can't I add money to card? Tried before, still nothing! FIX IT NOW. Need it urgently!",Your card deposits may be blocked due to previous declined payments or multiple unsuccessful attempts. These payment blocks can last for up to 30 days. You can check pending deposits and use the troubleshooting tips provided in the app for failed transactions. It is recommended to review your recent transactions to identify any specific issues causing the block.,"Why your card top-ups may be blocked,How to add money with a card,My card deposit didn't work,My physical card isn't working",4
migrant_worker_remittance_male_38,cards_atm_1,confused_by_app_updates,i try use card to send money but it say no can you explain why this happen or where to check top-up limit,"To check your top-up limit, follow the steps in the article ""Setting a monthly spending limit"" in the 'Cards' section on your app. If your card top-up was blocked, it may be due to a previous declined payment or multiple unsuccessful attempts, as explained in the article ""Why your card top-ups may be blocked.""","Why your card top-ups may be blocked,How to add money with a card,Transferring funds to an external card,Setting a monthly spending limit",4
migrant_worker_remittance_male_38,cards_atm_1,rushing_with_typos,my card can't deposit money to my moroccan bank tell me why pls,I don't know,"My card deposit didn't work,How to add money with a card,Why your card top-ups may be blocked,My card payment was declined",4
migrant_worker_remittance_male_38,cards_atm_1,on_the_go_direct,my card not working at atm says restricted why?,"To address your card not working at the ATM due to restrictions, please fill out this form as we have no visibility of the issue from our side: [Form to Fill Out](https://www.revolut.com/faq/why-is-my-atm-withdrawal-declined).","Problems with my card PIN,My card has been swallowed by an ATM,My physical card isn't working,Why was my ATM withdrawal declined?",4
migrant_worker_remittance_male_38,cards_atm_1,voice_transcription,hi my card not work when i try to send money to morocco um it says blocked or something can you fix it please need it fast for my family thanks,"Your card top-ups may be blocked due to a previous declined payment or multiple unsuccessful attempts. This block can last up to 30 days. You can check the decline reason and find troubleshooting tips by following these steps:

- Go to 'Home' on the bottom menu
- Go to transactions: https://app.revolut.com/transactions

If you need more urgent assistance, you can contact customer support through the app for further help.","Why your card top-ups may be blocked,My card has been used fraudulently,My beneficiary has not received my card transfer,My physical card isn't working",4
migrant_worker_remittance_male_38,cards_atm_1,poor_internet_connection,"card not working for top-up, app stuck loading, connection timeout, what happen with poor signal, will top-up work or need do again?","If you are experiencing issues with your card not working for a top-up, app stuck loading, or connection timeouts, it could be due to poor signal affecting the transaction. You may need to try the top-up again once you have a better connection.","Why your card top-ups may be blocked,My physical card isn't working,Auto top-ups,How to add money with a card",4
migrant_worker_remittance_male_38,cards_atm_1,vague_first_message,why my card can't add money from other card? it says no deposit allowed,Your card deposit may be blocked because your issuing bank has declined a previous payment or due to multiple unsuccessful attempts. These blocks can last up to 30 days.,"How to add money with a card,Why your card top-ups may be blocked,My card deposit didn't work,Add money with Apple Pay or Google Pay",4
migrant_worker_remittance_male_38,savings_investments_1,empty,How can I save money quickly with lower fees and good interest rates?,"I'm sorry, I don't have the exact information you're looking for in the provided articles.","Rate decrease on my Instant Access Savings,Earning interest with Savings,Using your credit card or a personal loan to trade stocks,How is interest calculated on tiered Instant Access Savings?",4
migrant_worker_remittance_male_38,savings_investments_1,calm_at_home,Can you explain how to get the savings bonus and if I need to pay any tax on my savings? I want to save more money.,"Revolut does not withhold any tax on your interest income earned. You have sole responsibility for the management of your legal obligations and tax affairs. To save more money, you can participate in the Savings Challenge where you can earn entries into prize draws by setting aside a weekly amount between £10 and £50.","Tax on Savings,Savings Challenge,Documents and statements for my Savings accounts,Getting started with Savings",4
migrant_worker_remittance_male_38,savings_investments_1,panic_security_fear,"i use savings for remittances, worried about taxes or fees taking money, emergency clear this up now please","I can see you are concerned about taxes or fees when using your Savings account for remittances. As mentioned in our article on Tax on Savings, Revolut does not withhold any tax on your interest income earned. You are responsible for managing your legal obligations and tax affairs. Also, withdrawals from your Savings account to your main currency account are free and instant, as stated in the article on Withdrawing from your Savings account.","Tax on Savings,Why was my Savings Accounts restricted or closed?,Close my Savings account,Withdraw from your Savings account",4
migrant_worker_remittance_male_38,savings_investments_1,angry_after_waiting,"Why my savings not getting interest? Takes too long, no help before. FIX IT NOW!","You can check if your interest is accumulating correctly by following the steps in the article ""How to calculate interest on Savings accounts"". If you are still experiencing issues, you can contact customer support for assistance.","Earning interest with Savings,How to calculate interest on Savings accounts,Close my Savings account,Why was my Savings Accounts restricted or closed?",4
migrant_worker_remittance_male_38,savings_investments_1,rushing_with_typos,how fast i get access to savings and is there any tax i pay pls,"Revolut doesn't withhold any tax on your interest income earned. You have sole responsibility for the management of your legal obligations and tax affairs, including making any applicable filings and tax payments.","Tax on Savings,Kids & Teens Instant Access Savings,Instant Access Savings promotion,How is interest calculated on tiered Instant Access Savings?",4
migrant_worker_remittance_male_38,savings_investments_1,on_the_go_direct,Need to know tax on savings interest. Fast answer please.,Revolut doesn't withhold any tax on your interest income earned. You are responsible for managing your tax affairs and making any necessary filings and payments.,"Tax on Savings,How is interest calculated on tiered Instant Access Savings?,Earning interest with Savings,How to calculate interest on Savings accounts",4
ultra_globetrotter_executive_female_42,travel_insurance_claim_question,confused_by_app_updates,"I'm confused about the term 'cancel for any reason' for trip insurance. How does it differ from other coverage, and where do I start the claim process in the app?","The 'cancel for any reason' coverage allows you to cancel your trip for any reason and claim non-refundable costs. To start a claim in the app, inform your travel supplier and follow the steps detailed in the article ""How do I make a cancel for any reason protection claim?""","What are the limits of cover and deductibles?,How do I make a cancel for any reason protection claim?,Getting started with cancel for any reason protection,What is a trip?",4
migrant_worker_remittance_male_38,savings_investments_1,voice_transcription,hello i need to know about saving money in the app do i have to pay taxes if i keep money in the saving account because i want to keep it their for emergency use thank you,Revolut doesn't withhold any tax on your interest income earned from savings. You are responsible for managing your tax obligations.,"Tax on Savings,Kids & Teens Instant Access Savings,Documents and statements for my Savings accounts,Revolut Kids & Teens Save",4
migrant_worker_remittance_male_38,savings_investments_1,poor_internet_connection,trying to move savings into instant access but screen stuck at loading is problem connection or will it work later,"You might be experiencing loading issues due to a problem with the connection. To resolve this, ensure you have a stable internet connection and try again later. If the issue persists, you can contact support for further assistance.","Kids & Teens Instant Access Savings,Why didn't I get a bank account when I signed up?,I'm having trouble using my Revolut Terminal,Why is my card transfer still pending?",4
migrant_worker_remittance_male_38,savings_investments_1,vague_first_message,why i get charged when i try save my money it supposed to be free right,"I'm sorry, I don't have the information to answer your question based on the provided help articles.","Why was I charged more than I was shown?,I was charged extra by my bank for a Ramp payment. Why?,What if I don't have enough money in my bills Pocket?,Bank transfer fees",4
migrant_worker_remittance_male_38,plans_billing_1,empty,Can I still make a trip cancellation claim if I stop my Premium insurance plan?,"If you have stopped your Premium insurance plan, you can no longer make a trip cancellation claim for events that occurred after the removal of travel insurance from the plan on 25 July 2024.","Claiming after Premium travel insurance removal,My supplier won’t let me cancel my trip/event. Am I covered with Ultra trip and event cancellation protection?,Am I covered by Ultra trip cancellation protection if I need to cancel a flight while abroad?,Cover for cancelled and interrupted trips",4
migrant_worker_remittance_male_38,plans_billing_1,calm_at_home,I need to know about who can support me with Ultra plan trip and event cancellation protection if something goes wrong.,"Contact the supplier directly to negotiate for a refund, credit, or reschedule option. If needed, you can submit a claim for Ultra trip and event cancellation protection. Remember to gather relevant documents for the claim process.","My supplier won’t let me cancel my trip/event. Am I covered with Ultra trip and event cancellation protection?,Am I covered by Ultra trip cancellation protection if I need to cancel a flight while abroad?,Am I covered for trips or events that I didn't purchase with my Revolut account with Ultra trip and event cancellation protection?,What is an event?",4
migrant_worker_remittance_male_38,plans_billing_1,panic_security_fear,"urgent! what happens my travel protection if plan stops? need to send money to family, worried!","If your trip is canceled, refer to the cover for canceled and interrupted trips article to check if your reason is covered, the Metal plan covers up to £5,000 per insured person. If you have further concerns, please contact Chubb or refer to the T&Cs in the Revolut app.","Cover for cancelled and interrupted trips,Travel insurance coverage,Am I covered by Ultra trip cancellation protection if I need to cancel a flight while abroad?,Cover for delayed trips",4
migrant_worker_remittance_male_38,plans_billing_1,angry_after_waiting,I'm sick of no help! My trip got canceled. Who do I contact for this problem? I want my money back quickly!,"Contact your supplier to negotiate a refund, credit, or reschedule option. Make sure you gather the necessary documents for a claim submission if needed.","My supplier won’t let me cancel my trip/event. Am I covered with Ultra trip and event cancellation protection?,Am I covered by Ultra trip cancellation protection if I need to cancel a flight while abroad?,Will I get a full refund for my trip or event cancellation?,How do I make a cancel for any reason protection claim?",4
migrant_worker_remittance_male_38,plans_billing_1,confused_by_app_updates,"I don’t understand about trip cancel coverage, what is Ultra plan giving if I buy it? I see something about it in app, but not sure what it means.","The Ultra plan provides trip and event cancellation protection, covering expenses if you cancel a trip or event before it starts as per the T&Cs. It includes coverage for yourself and a travel companion if tickets are bought in your name, at least 100km away from your primary residence.","What is a trip?,Ultra trip & event cancellation with companion coverage,Am I covered by Ultra trip cancellation protection if I need to cancel a flight while abroad?,My supplier won’t let me cancel my trip/event. Am I covered with Ultra trip and event cancellation protection?",4
migrant_worker_remittance_male_38,plans_billing_1,rushing_with_typos,"need to know if trip cancel insurance active if remove premium plan, how covers work","If you had the Premium plan before July 25, 2024, you would have had travel insurance included for trip cancellation coverage according to the policy's T&Cs. However, trips taking place after this date are not covered.","Cover for cancelled and interrupted trips,What is a trip?,Am I covered by Ultra trip cancellation protection if I need to cancel a flight while abroad?,Claiming after Premium travel insurance removal",4
migrant_worker_remittance_male_38,plans_billing_1,on_the_go_direct,"need to claim insurance but plan is gone, what do now?","If your claim is for an event that occurred before the removal date, you can contact the insurance provider directly using the details given in the article ""Claiming after Premium travel insurance removal."" If your claim is for a different type of insurance, please provide more information for further assistance.","Claiming after Premium travel insurance removal,How to make a Pet Insurance claim,How do I get an update on my existing claim?,How do I get an update on my existing claim?",4
migrant_worker_remittance_male_38,plans_billing_1,voice_transcription,um hi i need to know if the travel insurance still covers me if i cancel my premium plan i send money to morocco every week so i really need to understand how it works thanks,"I'm sorry, I don't have the information to answer your question.","Cover for cancelled and interrupted trips,What are the limits of cover and deductibles?,Am I covered by Ultra trip cancellation protection if I need to cancel a flight while abroad?,How do I make a cancel for any reason protection claim?",4
migrant_worker_remittance_male_38,plans_billing_1,poor_internet_connection,"app not loading good, trying to check trip cancel cover, who helps if my premium insurance removed, will this work if connection bad or retry needed?","I'm sorry, I don't have the information to answer your question.","Cover for cancelled and interrupted trips,My supplier won’t let me cancel my trip/event. Am I covered with Ultra trip and event cancellation protection?,How do I get an update on my existing claim?,How do I make a cancel for any reason protection claim?",4
migrant_worker_remittance_male_38,plans_billing_1,vague_first_message,"I send money to Morocco every week, now fees are higher. Why this happening?","You may be exceeding your monthly free allowance for foreign currency spending when sending money to Morocco. If you exceed the allowance, you will be charged an exchange fee.","Fees for card payments in a foreign currency,Why did I receive less money?,Why did my recipient receive less money?,Bank transfer fees",4
migrant_worker_remittance_male_38,family_joint_1,empty,How to send money to my kid's account with low fees and save time?,"To send money to your kid's account with low fees and save time, you can activate Kids & Teens Payment Links for them. This feature allows easy and safe money transfers without manual acceptance. Just follow the steps outlined in the article ""Revolut Kids & Teens Payment Links"" to activate this feature in your app.","Kids & Teens Instant Access Savings,Revolut Kids & Teens Payment Links,Revolut Kids & Teens Save,Revolut – Kids & Teens payments",4
migrant_worker_remittance_male_38,family_joint_1,calm_at_home,"Can my child save money in their own Revolut account if I send money there, and how to set it up on the app?","Yes, your child can save money in their own Revolut account by using the Pockets feature. To set it up on the app, follow the steps in the 'Revolut Kids & Teens Save' article.","Open a Revolut – Kids & Teens account,Revolut Kids & Teens Save,Revolut – Kids & Teens card management,Add money to or withdraw from Revolut Kids & Teens account",4
migrant_worker_remittance_male_38,family_joint_1,panic_security_fear,my child sent money to wrong person by accident please help me stop this fast i don’t want to lose money,"If your child sent money to the wrong person, you'll need to ask the recipient to return the money to you as soon as possible. You can reach out to them using the chat function in the app. Unfortunately, once the transfer is processed, Revolut is not able to cancel it.","I sent crypto to an incorrect wallet address. What can I do?,I sent a transfer to the wrong Revolut customer,I want to cancel my transfer to a card,I received a transfer from an unknown sender",4
migrant_worker_remittance_male_38,family_joint_1,angry_after_waiting,My kid's card not working. Frustrating! NEED to send money for family in Morocco. FIX this NOW! Already tried fixing. No help before!,I don't know.,"My physical card isn't working,Revolut – Kids & Teens cards,My card payment was declined,Why your card top-ups may be blocked",4
migrant_worker_remittance_male_38,family_joint_1,confused_by_app_updates,"i am trying to send money to my kid with the app but i don't see how to do this for a teenager account, what does this mean?","To send money to your teenager's account, you can do so within the main app using the Kids & Teens Payment Links feature. This allows them to receive money easily and safely. The money will automatically be accepted.","Revolut – Kids & Teens payments,Revolut Kids & Teens Payment Links,Open a Revolut – Kids & Teens account,Add money to or withdraw from Revolut Kids & Teens account",4
migrant_worker_remittance_male_38,family_joint_1,rushing_with_typos,hi how to send money fast to my kids card pls fees too high fix,"To send money to your kid's card quickly, you can use a transfer to a card feature. Go to 'Payments' on the bottom menu, tap 'New,' choose 'Card recipient,' enter the recipient's 16-digit card number, enter the amount, choose the currency, and submit the transfer after reviewing fees charged.","Transferring funds to an external card,Revolut – Kids & Teens card management,Revolut Kids & Teens Payment Links,Revolut – Kids & Teens cards",4
migrant_worker_remittance_male_38,family_joint_1,on_the_go_direct,"need to send money to my child's Revolut account fast, help steps please","- Go to 'Home' on the bottom menu
- Below your balance, tap Accounts
- Tap 'Add new'
- Select 'Kids'
- Enter your child’s details and follow the prompts","I sent a transfer to the wrong Revolut customer,Open a Revolut – Kids & Teens account,Sending money from Revolut to a bank account,How to transfer funds to Revolut",4
migrant_worker_remittance_male_38,family_joint_1,voice_transcription,um how does the kids account like savings work i want to send money to my family and maybe save something for my kid can they use the money like for school things,"To send money, you can create a Payment Link for your kid's account and activate it following the steps mentioned in the article ""Revolut Kids & Teens Payment Links."" To save for your kid, you can utilize the Kids & Teens Instant Access Savings account or the Revolut Kids & Teens Save feature, as outlined in the referenced articles. Your child can use the money saved for various purposes.","Kids & Teens Instant Access Savings,Revolut Kids & Teens Save,Add money to or withdraw from Revolut Kids & Teens account,Revolut Kids & Teens Payment Links",4
migrant_worker_remittance_male_38,family_joint_1,poor_internet_connection,"Kids app not loading, I try sending pocket money, but it fails, keeps saying 'retry' or 'timeout'. Does it complete later when connection is bad?","According to the articles, if a scheduled transfer fails due to insufficient funds, you will need to complete a one-time transfer to send the money. Regarding your issue with the Kids app not loading and failed pocket money transfers, it's recommended to check your account balance and network connection before attempting the transaction again.","Insufficient funds for scheduled transfer,What if I don't have enough money in my bills Pocket?,Trouble with mobile verification code,Failed payment on Tap to Pay on iPhone",4
migrant_worker_remittance_male_38,family_joint_1,vague_first_message,"I try to send money to family but it disappears from my balance, why?","I'm sorry, I don't know.","Why is my balance now negative?,Why are my statement balance and in-app balance different?,I'm unable to send money to another Revolut customer,Delayed (offline) card payments",4
migrant_worker_remittance_male_38,other_1,empty,I cannot log in to my Revolut app. Can this be because I send money to Morocco?,"Check if your account is verified and not restricted. Ensure you are using the correct login credentials associated with your Revolut account. If the issue persists, you may contact Revolut support for further assistance.","I'm unable to send money to another Revolut customer,My transfer to or from someone on Revolut wasn't received,Difficulty logging in,I'm having trouble using my Revolut Terminal",4
migrant_worker_remittance_male_38,other_1,calm_at_home,I try to log in to my app but fail. Is there a problem with sending money to Morocco today?,I don't know.,"Difficulty logging in,My Ramp payment failed. What should I do?,My card payment was declined,Difficulty adding money with an easy bank transfer",4
migrant_worker_remittance_male_38,other_1,panic_security_fear,"can't log in my account! worried about fraud or loss, maybe someone hack it? please help fix it fast!","If you can't log in to your account due to fraud concerns, report your lost device by tapping this link https://app.revolut.com/lost-device and verify your identity with a selfie. This will help to secure your account.","Lost or stolen device,How can I keep my account safe from fraud?,My card has been used fraudulently,My phone suddenly lost signal",4
migrant_worker_remittance_male_38,other_1,angry_after_waiting,"WHY can't I login? App won't work! Already tried fixing this, no help! Losing money on transfers to Morocco, FIX NOW!","If you are having difficulty logging in and the app won't work, a possible reason could be related to the phone number associated with your Revolut account. You may need to log in using your old phone number first or update your details. If this doesn't help, please contact our customer support for further assistance.","Difficulty logging in,My transfer to or from someone on Revolut wasn't received,I'm unable to send money to another Revolut customer,I can't send a transfer or create a recipient",4
migrant_worker_remittance_male_38,other_1,confused_by_app_updates,i try log in to app but see message about merchants not supported what does this mean am i doing something wrong,I don't know.,"Pro account under review or payments not working,Declined card payment isn't visible,My card payment was declined,My card payment was declined by the security system",4
migrant_worker_remittance_male_38,other_1,rushing_with_typos,help cant log in app fast need send money morocco family pls fix login problem thx,"If you are having trouble logging into the app, please follow the steps outlined in the ""Difficulty logging in"" article. You can find it in the app by tapping your profile icon, then 'Account,' and 'Personal Details' to change your phone number if needed.","Difficulty logging in,Lost or stolen device,Trouble with mobile verification code,Log in with a new phone number",4
migrant_worker_remittance_male_38,other_1,on_the_go_direct,"can't login to app, boarding flight, need fast fix",I'm sorry but I don't have the information to answer your question.,"Difficulty logging in,Sign in with face ID or fingerprint,I'm having trouble using my Revolut Terminal,Lost or stolen device",4
migrant_worker_remittance_male_38,other_1,voice_transcription,uh hello i can't log into my revolut app keeps saying error when i try to send my money to morocco fast um any idea what i should do now need to transfer money quickly to family,"I'm sorry, I don't have the exact information to help you with your issue.","My transfer to or from someone on Revolut wasn't received,I sent a transfer to the wrong Revolut customer,Difficulty adding money with an easy bank transfer,Report a fraudulent transfer",4
migrant_worker_remittance_male_38,other_1,poor_internet_connection,"i try login but app stuck at loading, internet is weak here, will it work if connection fails or do i retry? need send money fast","If your app is stuck at loading, it might be due to weak internet connection. Without an active connection, you won't be able to proceed. We advise you to check your connection and retry.","I'm having trouble using my Revolut Terminal,Insufficient funds for scheduled transfer,What if I don't have enough money in my bills Pocket?,Difficulty logging in",4
migrant_worker_remittance_male_38,other_1,vague_first_message,"i try login but it not working, does it because of my location or something else?",I don't know.,"Difficulty logging in,I'm having trouble using my Revolut Terminal,How do I log in to my Revolut Terminal?,Trouble with mobile verification code",4
migrant_worker_remittance_male_38,business_merchant_1,empty,"why does my Revolut terminal not process payments quickly, need it faster for my work in Morocco","You may experience slow payment processing on your Revolut Terminal if you have an unstable internet connection or if the customer's card doesn't have enough money or is blocked. Make sure you have an active Revolut Pro account, stable internet connection, and check the customer's card status.","I'm having trouble using my Revolut Terminal,Cards and contactless payments with Revolut Terminals,Failed payments on the Revolut Terminal,What are Revolut Terminals?",4
migrant_worker_remittance_male_38,business_merchant_1,calm_at_home,I cannot find how to manage my product prices in the app for selling items with Revolut Pro. Can you guide me?,"To manage your product prices in the app for selling items with Revolut Pro:
1. Go to 'Revolut Pro' in the app.
2. Then, go to 'Tools'.
3. Select 'Products' to create or manage your catalogue.","Sales using a Revolut Pro product catalogue,Where can I find my Revolut Pro account in-app?,How do I add funds to my Pro account?,Can I accept payments with Revolut Pro?",4
migrant_worker_remittance_male_38,business_merchant_1,panic_security_fear,"i think maybe fraud? transaction wrong with my card reader at work, not working correct. please help now, emergency!","If you suspect fraudulent activity on your card reader at work, you can report it as a fraudulent transaction directly from your Revolut app. Go to 'Home' and then to 'Transactions' to report it.","My card has been used fraudulently,My physical card isn't working,I want to cancel my transfer to a card,Report a card payment as a scam or fraud",4
migrant_worker_remittance_male_38,business_merchant_1,angry_after_waiting,Terminal not working again. Clients waiting. Losing sales! TRYING TO FIX MANY TIMES! Why so slow to help? FIX THIS NOW!,"You may be experiencing issues with your Revolut Terminal due to an unstable internet connection. Please ensure you have an active Revolut Pro account and check for any connection issues. If the problem persists, please read the article ""I'm having trouble using my Revolut Terminal"" for further troubleshooting steps.","I'm having trouble using my Revolut Terminal,Failed payments on the Revolut Terminal,Failed payment on Tap to Pay on iPhone,My physical card isn't working",4
migrant_worker_remittance_male_38,business_merchant_1,confused_by_app_updates,I need help with Revolut Terminal. It's not working and I don’t see the menu option for my sales list. Where should I look?,"To access your sales list on Revolut Terminal, please follow these steps:

1. Turn on the Revolut Terminal and ensure it is connected to the internet.
2. On the terminal screen, select 'Login with Revolut'.
3. Follow the steps prompted to access your sales list.","How do I log in to my Revolut Terminal?,I'm having trouble using my Revolut Terminal,How do I order a Revolut Terminal?,Failed payments on the Revolut Terminal",4
migrant_worker_remittance_male_38,business_merchant_1,rushing_with_typos,"terminal machne not wrking rght, cant process saless, pls help fix fast","I'm sorry, I don't have the information needed to help resolve issues with your terminal.","I'm having trouble using my Revolut Terminal,My physical card isn't working,My Ramp payment failed. What should I do?,Failed payments on the Revolut Terminal",4
migrant_worker_remittance_male_38,business_merchant_1,on_the_go_direct,"terminal not working, can't process payments, need fix fast please","Please check if you have an active Revolut Pro account and ensure your terminal's internet connection is stable. If the issue persists, contact customer support for further assistance.","Failed payments on the Revolut Terminal,I'm having trouble using my Revolut Terminal,Cards and contactless payments with Revolut Terminals,My Ramp payment failed. What should I do?",4
migrant_worker_remittance_male_38,business_merchant_1,voice_transcription,um i used the revolut terminal but it's not working right i think it’s not reading cards properly can you check this for me i need it for business thanks,"Check if you have an active Revolut Pro account and ensure a stable internet connection for the Revolut Terminal to function properly. If you continue to experience issues, contact our support team for further assistance.","I'm having trouble using my Revolut Terminal,Cards and contactless payments with Revolut Terminals,How do I log in to my Revolut Terminal?,Failed payments on the Revolut Terminal",4
migrant_worker_remittance_male_38,business_merchant_1,poor_internet_connection,"my revolut app is not loading catalogue properly, uploads stuck, and poor connection causing timeout. will sales go through anyway?","If you are experiencing issues with the catalogue loading and uploads being stuck due to a poor connection, your sales may not go through successfully. Ensure a stable internet connection to avoid timeouts and ensure smooth sales processing.","I'm having trouble using my Revolut Terminal,Failed payments on the Revolut Terminal,Sales using a Revolut Pro product catalogue,Why is the Revolut app no longer supported on my device?",4
migrant_worker_remittance_male_38,business_merchant_1,vague_first_message,"my money missing after using that machine for pay, what happen to the money","I'm sorry, I don't have instructions related to the specific situation you're facing.","My card has been swallowed by an ATM,Report a fraudulent ATM withdrawal,I received a transfer from an unknown sender,Why was my ATM withdrawal declined?",4
migrant_worker_remittance_male_38,transfers_2,empty,"How long will it take to send money to Morocco, and what fees should I expect?","I'm sorry, I don't know the answer to that. ","Sending money from Revolut to a bank account,Transferring funds to an external card,How to transfer funds to Revolut,Bank transfer fees",4
migrant_worker_remittance_male_38,transfers_2,calm_at_home,I need to send money to my family in Morocco every week. How long do transfers usually take and what are the fees for sending through your app?,"To send money to Morocco, refer to the ""Sending money from Revolut to a bank account"" article. The estimated time for the transfer depends on the sending bank. For information on fees, the ""Bank transfer fees"" article states that international transfers within the SEPA region are free.","Transferring funds to an external card,Sending money from Revolut to a bank account,How to transfer funds to Revolut,Bank transfer fees",4
migrant_worker_remittance_male_38,transfers_2,panic_security_fear,"my money to Morocco not arrived yet, is it lost? I paid for quick transfer, please help now, emergency!","Use our in-app incoming transfer tracker to track your transfer and get transfer timelines. The tracker will provide specific dates based on your transfer. For general transfer timeframes, read this FAQ on transfer timelines: /help/transfers/bank-transfers/timeframes-for-tra.","I received a transfer from an unknown sender,My beneficiary has not received my card transfer,I sent a transfer to the wrong Revolut customer,Locate a bank transfer sent to my Revolut account",4
migrant_worker_remittance_male_38,transfers_2,angry_after_waiting,TRANSFER DELAYED AGAIN! Why ALWAYS takes so long? I need money FAST! Not first time this happens. FIX this. Too many fees!,"Why is my transfer to a bank account still pending? It can take extra time due to additional processing checks or being sent on a weekend/holiday. If you require faster processing, please contact our Customer Support team for assistance.","Why is my transfer to a bank account still pending?,Why is my incoming transfer pending?,I received a transfer from an unknown sender,Delayed (offline) card payments",4
migrant_worker_remittance_male_38,transfers_2,rushing_with_typos,why my transfer to morocco so slow takes too long pls fix fast need send money,Why is my transfer to a bank account still pending? It can take extra time to be sent to your recipient due to processing checks and additional information. Please refer to this article for more information: https://www.revolut.com/help/transferring-money/transfers/why-is-my-transfer-pending,"Why is my transfer to a bank account still pending?,My beneficiary has not received my card transfer,I received a transfer from an unknown sender,Why is my card transfer still pending?",4
migrant_worker_remittance_male_38,transfers_2,on_the_go_direct,"transfer to Morocco delayed, how long it takes, need money fast","To get more information about the delay and timing of your transfer to Morocco, download the transfer confirmation and share it with the recipient's bank. Check if any additional information is needed or if it's undergoing regulatory checks. Consider reaching out to Customer Support for further assistance if needed.","My beneficiary has not received my card transfer,Why is my transfer to a bank account still pending?,Why is my incoming transfer pending?,I received a transfer from an unknown sender",4
migrant_worker_remittance_male_38,transfers_2,voice_transcription,hi um so i send money to morocco every week and like it takes long sometimes and i don’t know why um does it have something to do with like extra fees or ibans it’s confusing,The delays in your transfers to Morocco may be due to additional processing checks or other reasons explained in our help article about pending transfers. Contact our Customer Support team for guidance on this matter.,"I received a transfer from an unknown sender,Why is my transfer to a bank account still pending?,Why was my transfer sent via an intermediary bank?,Transfer I sent arrived in a different currency ",4
migrant_worker_remittance_male_38,transfers_2,poor_internet_connection,"my transfer to morocco got stuck at loading, will it still go through? bad connection made upload fail, please help","Refer to the article ""Why is my transfer to a bank account still pending?"" for information on why a transfer may be delayed.","Why is my transfer to a bank account still pending?,My transfer to or from someone on Revolut wasn't received,Managing a failed number transfer,Insufficient funds for scheduled transfer",4
migrant_worker_remittance_male_38,transfers_2,vague_first_message,"my money to Morocco not arrived yet, it was sent days ago why is it taking long?","In rare cases, transfers to Morocco may face delays which could take up to 48 hours. To know when the funds will arrive, download the transfer confirmation and share it with the recipient's bank. More information can be found in this article/help/transfers/outbound-transfers/how-to-s","My beneficiary has not received my card transfer,Why is my transfer to a bank account still pending?,Why is my card transfer still pending?,I ordered a card and it didn't arrive",4
migrant_worker_remittance_male_38,fx_exchange_2,empty,What exchange rate do you use for sending money to Morocco?,I don't know.,"Supported currencies for outgoing transfers,Transfer I sent arrived in a different currency ,What exchange rates does Revolut offer?,How do I exchange money?",4
migrant_worker_remittance_male_38,fx_exchange_2,calm_at_home,I send money to Morocco every week. Can you explain if Revolut offers exchange rates better than banks? I want the best rate without extra fees.,"Revolut offers competitive rates for currency exchange drawn from multiple independent sources. To check the exchange rate, you can view it on their website. Additionally, you should review your currency exchange allowance and fees to ensure you are not charged extra fees.","What exchange rates does Revolut offer?,Tips for spending in a foreign currency,Bank transfer fees,Sending money from Revolut to a bank account",4
migrant_worker_remittance_male_38,fx_exchange_2,panic_security_fear,"need help now, exchange rate wrong when sending dirhams, i lose more money, emergency, fix fast please","Please ensure you are selecting the correct currency when sending a transfer to avoid issues with the exchange rate. If you need further assistance, you can reach out to support.","I just made an exchange, but I can't find my money,Transfer I sent arrived in a different currency ,I sent a transfer to the wrong Revolut customer,How do I exchange money?",4
migrant_worker_remittance_male_38,fx_exchange_2,angry_after_waiting,Money lost with your rates! Why I pay more than market exchange? FIX this. Already missed deadline due to delay!,"Based on the information provided, it seems your query might be related to issues with Take Profit or Stop Loss orders rather than a currency exchange discrepancy. If you believe the issue is with the exchange rate, I recommend reaching out to Revolut's customer support for further assistance.

If you require more help related to Take Profit or Stop Loss orders, please let me know.","Issues with Take Profit or Stop Loss orders,Why was I charged more than I was shown?,Why might my currency order fail or not execute?,Pay for your missed plan payment",4
migrant_worker_remittance_male_38,fx_exchange_2,rushing_with_typos,exchange rate in app differnt from what i got why pls help fast need to send money to morroco,"To check the exchange rate you received in the app, you can view it in the transaction details after completion. If you need real-time exchange rates for Morocco, visit the Revolut currency converter on the website.","Transfer I sent arrived in a different currency ,Why are my statement balance and in-app balance different?,What exchange rates does Revolut offer?,Why did my recipient receive less money?",4
migrant_worker_remittance_male_38,fx_exchange_2,on_the_go_direct,Why exchange rate different at ATM? More fee than expected. Help.,"If you are experiencing a different exchange rate at an ATM or higher fees than expected, this could be due to dynamic currency conversion (DCC). To ensure you get the best rate, always choose to be charged in the local currency.","Fees for cash withdrawals,Fees for card payments in a foreign currency,What is Dynamic Currency Conversion (DCC)?,Why was I charged more than I was shown?",4
migrant_worker_remittance_male_38,fx_exchange_2,voice_transcription,"um sending money to Morocco each week and worried about fees, do i pick like the right type of currency at atm to avoid extra charges because i heard something about different exchange rates but not sure","When withdrawing cash in Morocco, be mindful of your currency exchange allowance and fees to avoid extra charges. Make sure you are aware of your monthly exchange allowance to prevent exceeding it and incurring fees.","Fees for card payments in a foreign currency,Tips for spending in a foreign currency,Fees for cash withdrawals,Cash withdrawal limits and fees",4
migrant_worker_remittance_male_38,fx_exchange_2,poor_internet_connection,app stuck loading when i try to see exchange rates for sending money to Morocco. will it continue without good connection or wait for internet fix?,Your app may be stuck due to a poor internet connection. Ensure you have a stable connection to refresh the exchange rates for sending money to Morocco.,"I'm having trouble using my Revolut Terminal,Insufficient funds for scheduled transfer,Unsupported transfers sent from Revolut,Why your card top-ups may be blocked",4
migrant_worker_remittance_male_38,fx_exchange_2,vague_first_message,"why my money less after sending to Morocco, rates not same yesterday","I'm sorry, I don't have the information you are looking for based on the available articles.","Why did my recipient receive less money?,Why did I receive less money?,Transfer I sent arrived in a different currency ,Why are my statement balance and in-app balance different?",4
young_parent_family_budget_female_34,family_joint_1,empty,"How can I help my kids set savings goals through their Revolut app, and can they track their progress independently?",You can help your kids set savings goals by creating and customizing savings compartments called Pockets in the Revolut Kids & Teens Save feature. Both parents and kids can add money to these Pockets to track progress.,"Open a Revolut – Kids & Teens account,Revolut Kids & Teens Save,Revolut – Kids & Teens Earn,Revolut – Kids & Teens card management",4
young_parent_family_budget_female_34,family_joint_1,calm_at_home,"How can I encourage my kids to save more effectively using their Revolut cards, while ensuring they can still make necessary purchases?","Encourage your kids to save more effectively by using Revolut Kids & Teens Save feature, which allows parents and children to create and customize savings compartments called Pockets. They can save money in these Pockets and still make necessary purchases using the Kids & Teens card.","Revolut Kids & Teens Save,Revolut – Kids & Teens card management,Revolut – Kids & Teens cards,Revolut Kids & Teens Rewards",4
young_parent_family_budget_female_34,family_joint_1,panic_security_fear,my teen's card shows payments at places they've never been and i'm worried it's fraud please help fix this now!,"Report the fraudulent transactions by following these steps: 
- Go to 'Home' on the bottom menu of the Revolut app
- Go to transactions
- Tap the transaction in the transactions list and report it as fraudulent.","My card has been used fraudulently,Report a card payment as a scam or fraud,Report a fraudulent transfer,Strange small charges on your card?",4
young_parent_family_budget_female_34,family_joint_1,angry_after_waiting,Why are my kids’ cards not processing payments? Tried fixing it. Still not working. UNACCEPTABLE. Need this sorted NOW. This app is failing us.,"I'm sorry, but I don't have specific guidance in the provided articles to address issues related to kids' cards not processing payments.","Failed payment on Tap to Pay on iPhone,My physical card isn't working,Why aren’t my contactless payments working?,Revolut – Kids & Teens card management",4
young_parent_family_budget_female_34,family_joint_1,confused_by_app_updates,I’m trying to figure out how the kids' savings work with their cards. It mentions something about goals but I’m not seeing that option anywhere. How do I set it up?,"To set up savings goals for kids, you can use the ""Pockets"" feature within the Revolut Kids & Teens Save account. Parents or guardians can create and customize savings compartments for their child to help them track their savings progress.","Kids & Teens Instant Access Savings,Revolut Kids & Teens Save,Revolut – Kids & Teens Earn,Revolut – Kids & Teens card management",4
young_parent_family_budget_female_34,family_joint_1,rushing_with_typos,can kids transfer funds btween their cards or only from mine? bit confused pls help,"Please refer to the following article to learn more about transferring funds between Kids & Teens cards:
- ""Revolut – Kids & Teens card management""","Revolut – Kids & Teens cards,Revolut – Kids & Teens card management,Add money to or withdraw from Revolut Kids & Teens account,Revolut Kids & Teens Save",4
young_parent_family_budget_female_34,family_joint_1,on_the_go_direct,"Kids card declined at checkout, why? Need it working now!",Because of restrictions set by the merchant or technical issues on the merchant's side. You can fill out this form to proceed: https://app.revolut.com/form/13ef84b4-1e3b-48eb-8e8b-0030e7e08adc?faqEntryPoint=que,"My card payment was declined,Declined card payment isn't visible,My physical card isn't working,My single-use virtual card isn't working",4
young_parent_family_budget_female_34,family_joint_1,voice_transcription,uh how can i like check if my kid's spending limits are okay because we just set it up and um i'm not sure if their spending is covered by that everyday protection stuff,You can monitor your kid's spending limits and adjust them in the 'Cards' section of the app. Just tap the card icon in the top bar. The spending limits you set will apply to their transactions.,"Setting a monthly spending limit,Revolut – Kids & Teens card management,Kids & Teens Instant Access Savings,What are Wealth Protection limits?",4
young_parent_family_budget_female_34,family_joint_1,poor_internet_connection,"Trying to set up saving goals for my kids, but the app keeps timing out. Will it still work if my connection is unstable?",You might have trouble using Revolut Kids & Teens Save with an unstable connection. Ensure you have a stable internet connection to set up saving goals for your kids successfully.,"I'm having trouble using my Revolut Terminal,Revolut Kids & Teens Save,Kids & Teens Instant Access Savings,Revolut – Kids & Teens Earn",4
young_parent_family_budget_female_34,family_joint_1,vague_first_message,"my child's pocket money didn't go through from their card, can you check why?",I don't know.,"What if I don't have enough money in my bills Pocket?,Why was my card payment declined if I have enough funds?,My card payment was declined,Revolut Kids & Teens Save",4
young_parent_family_budget_female_34,cards_atm_1,empty,Why is there a limit on how much I can add to my Revolut card from my bank?,Our automated security system sets top-up limits for all customers based on the total amount you've added by card in the past 24 hours or 7 days. These limits adjust as you build a financial history with Revolut.,"Card payment fees and limits,Card deposit limits and fees,What are Wealth Protection limits?,Cash withdrawal limits and fees",4
young_parent_family_budget_female_34,cards_atm_1,calm_at_home,"I'm trying to deposit funds onto my Revolut card for my family's expenses, but it's not working. Could there be any rules or restrictions affecting this process?",Changes to card scheme rules on 30th September 2024 have resulted in new restrictions affecting card deposits to Revolut accounts.,"Restricted card deposits,How to add money with a card,I'm unable to send money to another Revolut customer,My card deposit didn't work",4
young_parent_family_budget_female_34,cards_atm_1,panic_security_fear,"kids card declined suddenly at grocery store, worried about fraud or limit reached, need it fixed now please help!","If your child's card was declined suddenly at a grocery store, it might be due to various reasons, such as merchant issues or security controls. To address this, please check the transaction details in the app or report any fraudulent activity. You can follow the steps provided in the article ""My card payment was declined"" to help resolve this issue.","My card has been used fraudulently,My card payment was declined by the security system,Declined card payment isn't visible,My card payment was declined",4
young_parent_family_budget_female_34,cards_atm_1,angry_after_waiting,Why can't I deposit money to my kid's card? It's URGENT and already took forever. Frustrated with no previous help. Fix NOW.,"I'm sorry for the inconvenience. To deposit money to your kid's Revolut card, make sure to follow these steps from the article ""Revolut – Kids & Teens cards"":

1. Go to 'Home' on the bottom menu in the main Revolut app.
2. Tap the card icon in the top-right corner.
3. Tap Add new.
4. Select 'Kids & Teens' at the top.
5. Choose an existing account or create a new one.
6. Follow the prompts to complete your order.

If you're still facing issues, please contact our support team for further assistance.","My card deposit didn't work,How to add money with a card,Why your card top-ups may be blocked,Revolut – Kids & Teens cards",4
young_parent_family_budget_female_34,cards_atm_1,confused_by_app_updates,"I'm trying to top up my kid's card, but I keep getting an error about deposit limits. Can you explain where I find information on this, or how to do it correctly?","To resolve the error about deposit limits when topping up your kid's card, you can find information on deposit limits here: 'Card deposit limits and fees.' To correctly add money to your kid's card, follow the steps outlined in 'Add money with a card,' paying attention to the payment method and the amount.","How to add money with a card,Card deposit limits and fees,Manage my deposit cards,Revolut – Kids & Teens cards",4
young_parent_family_budget_female_34,cards_atm_1,rushing_with_typos,why can't i deposit on my teens card says it's restricted how do i fix thx,"Please follow these steps to order a Kids & Teens card: 
1. Go to 'Home' on the bottom menu
2. Tap the card icon in the top-right corner
3. Tap 'Add new'
4. Select 'Kids & Teens' at the top
5. Choose an existing account or create a new one
6. Follow the prompts to complete your order.","Why your card top-ups may be blocked,Revolut – Kids & Teens cards,My card deposit didn't work,How to add money with a card",4
young_parent_family_budget_female_34,cards_atm_1,on_the_go_direct,"my card got blocked at checkout, says limit issue, need fix now","To resolve your card being blocked due to a limit issue, you can reset your card's contactless limit in the Revolut app. Here's how: Go to 'Home' on the bottom menu, tap the cards icon in the top-right corner, select your card, and tap 'Sett...","Why your card top-ups may be blocked,My card payment was declined by the security system,Problems with my card PIN,Why aren’t my contactless payments working?",4
young_parent_family_budget_female_34,cards_atm_1,voice_transcription,um hey so i tried to top up my kid's card but it's saying something about a restriction limit or deposit issue is there a cap on how much i can do at once or is it something else thanks,"Card top-ups can be restricted due to deposit limits set by the automated security system. These limits adjust based on the total amount you've added by card in the past 24 hours or 7 days. If you are encountering issues with the top-up, you can check your limits in the app.","Revolut – Kids & Teens cards,Why your card top-ups may be blocked,Why was my top-up reverted?,Card deposit limits and fees",4
young_parent_family_budget_female_34,cards_atm_1,poor_internet_connection,"Trying to top up my kid's card but the app keeps timing out and not processing. Are there limits or restrictions, especially with a poor connection?",Please check out this article on why your card top-ups may be blocked. It could provide insights into why you are experiencing issues with topping up your kid's card.,"Revolut – Kids & Teens cards,Why your card top-ups may be blocked,Revolut – Kids & Teens card management,Auto top-ups",4
young_parent_family_budget_female_34,cards_atm_1,vague_first_message,"my kid's card won't let me put more money on it, is there a limit?","Yes, there might be a limit on your kid's card. You can set a monthly spending limit to avoid overspending. If the card won't let you put more money on it, you may need to check the spending limit.","Revolut – Kids & Teens cards,Setting a monthly spending limit,Maximum active cards,Card payment fees and limits",4
young_parent_family_budget_female_34,savings_investments_1,empty,Could you explain how the savings promotion works and if there are any tax implications?,"To participate in the Savings Challenge, choose a weekly amount to save between £10 and £50. For the Instant Access Savings promotion, new and existing UK customers can earn 4.50% AER when they open an account. No tax is withheld on interest income; customers are responsible for managing tax obligations.","Savings Challenge,Instant Access Savings promotion,Promotional cashback,Tax on Savings",4
young_parent_family_budget_female_34,savings_investments_1,calm_at_home,"I'm considering opening an Instant Access Savings account. Can you clarify if any tax implications apply to the interest earned, and how they might impact my savings goals?","Please refer to the article ""Earning interest with Savings"" to understand how the interest rate on your Savings account is determined based on your plan. For information on any tax implications on the interest earned and how they may affect your savings goals, you may need to consult a financial advisor or tax professional.","How is interest calculated on tiered Instant Access Savings?,Kids & Teens Instant Access Savings,Instant Access Savings promotion,Earning interest with Savings",4
young_parent_family_budget_female_34,savings_investments_1,panic_security_fear,"urgent! are my savings secure from fraud? need to know about taxes, feel like losing money please help now","I'm here to help you keep your savings secure. If you feel pressured or threatened regarding taxes, follow the advice in the ""Feeling pressured or threatened?"" article to avoid potential fraud. It is important to remain vigilant and not share any personal information.","Feeling pressured or threatened?,Someone wants to give you a lot of money?,How can I keep my account safe from fraud?,How does Revolut protect me against fraud?",4
young_parent_family_budget_female_34,savings_investments_1,angry_after_waiting,"WHY am I not getting instant access to savings? Already reached out, NO response. Fix this NOW! Tired of waiting! Taxes info unclear too. Disappointed!",I don't have the information to answer your question.,"Why didn't I get a bank account when I signed up?,Update my tax information,Kids & Teens Instant Access Savings,Why was my Savings Accounts restricted or closed?",4
young_parent_family_budget_female_34,savings_investments_1,confused_by_app_updates,"I'm looking at the savings section and see something about instant access, but I'm not sure what it means. How does it affect my savings, and are there any tax implications?","You can earn interest with an Instant Access Savings account. The interest rate will depend on your plan. Balances above £200,000 will earn a lowered rate for customers on eligible plans like Ultra. For tax implications, please consider consulting a tax professional as Revolut does not provide tax advice.","How is interest calculated on tiered Instant Access Savings?,Kids & Teens Instant Access Savings,Rate decrease on my Instant Access Savings,Instant Access Savings promotion",4
young_parent_family_budget_female_34,savings_investments_1,rushing_with_typos,can u tell me if savings interest is taxed n how often is it added thx,"Revolut doesn't withhold any tax on your interest income earned. You are responsible for managing your tax affairs and making any applicable filings and tax payments. Interest is added daily to your Savings account, but if it's less than 0.01 EUR/GBP/USD, it won't be paid until it exceeds this amount.","Tax on Savings,How to calculate interest on Savings accounts,Earning interest with Savings,How is interest calculated on tiered Instant Access Savings?",4
young_parent_family_budget_female_34,savings_investments_1,on_the_go_direct,Need quick info: how's my savings interest taxed here?,"Revolut doesn't withhold any tax on your interest income earned. You have sole responsibility for the management of your legal obligations and tax affairs, including making any applicable filings and tax payments, and complying with any applicable laws and regulations.","Tax on Savings,How is interest calculated on tiered Instant Access Savings?,Earning interest with Savings,How to calculate interest on Savings accounts",4
young_parent_family_budget_female_34,savings_investments_1,voice_transcription,hey i'm trying to figure out like how does the instant access savings thing work with the tax part um do my savings get taxed automatically or do i need to report them myself it's a bit confusing thanks,"Revolut doesn't withhold any tax on your interest income earned. You have sole responsibility for the management of your legal obligations and tax affairs, including making any applicable filings and tax payments.","Tax on Savings,How is interest calculated on tiered Instant Access Savings?,Kids & Teens Instant Access Savings,How to calculate interest on Savings accounts",4
young_parent_family_budget_female_34,savings_investments_1,poor_internet_connection,"I'm trying to review Instant Access Savings details but the app keeps getting stuck at loading. If my connection drops, will savings interest promos still apply?","If your connection drops, the savings interest promos should still apply as described in the Instant Access Savings promotion article.","Instant Access Savings promotion,Rate decrease on my Instant Access Savings,Kids & Teens Instant Access Savings,How is interest calculated on tiered Instant Access Savings?",4
young_parent_family_budget_female_34,savings_investments_1,vague_first_message,"Where do I see how much I earn on the savings thing, and do I need to pay taxes?","To see how much you earn on your savings and understand your tax obligations, you can access your Savings account statements in the Revolut app. Here's how:
- Go to 'Savings'
- Tap 'More'
- Select 'Statement' 
- Choose the timeframe
- Tap 'Generate'

Revolut doesn't withhold tax on your interest income, so you have to manage your own tax affairs.","Tax on Savings,Taxes on crypto,Documents and statements for my Savings accounts,How can I see my spending and income analytics?",4
young_parent_family_budget_female_34,plans_billing_1,empty,"If I cancel my Premium plan, do I lose my travel insurance benefits immediately?","If you cancel your Premium plan, you will lose your travel insurance benefits immediately.","Claiming after Premium travel insurance removal,Am I covered by Ultra trip cancellation protection if I need to cancel a flight while abroad?,Cover for cancelled and interrupted trips,My supplier won’t let me cancel my trip/event. Am I covered with Ultra trip and event cancellation protection?",4
young_parent_family_budget_female_34,plans_billing_1,calm_at_home,I'm considering changes to my insurance plan and wondered who covers the cancellation protection for trips and events under the Ultra plan?,Qover provides trip and event cancellation protection for Ultra customers. They work with the insurer Wakam to arrange and administer the policy.,"My supplier won’t let me cancel my trip/event. Am I covered with Ultra trip and event cancellation protection?,Am I covered by Ultra trip cancellation protection if I need to cancel a flight while abroad?,Who provides Ultra trip and event cancellation protection?,Ultra trip & event cancellation with companion coverage",4
young_parent_family_budget_female_34,plans_billing_1,panic_security_fear,"my Premium travel insurance got canceled, but what if my trip gets canceled now, is my protection gone? please help, urgent!","If your Premium travel insurance got canceled, you should contact support for clarification on your current coverage status as there is no direct information available in the provided articles.","Am I covered by Ultra trip cancellation protection if I need to cancel a flight while abroad?,My supplier won’t let me cancel my trip/event. Am I covered with Ultra trip and event cancellation protection?,Cover for cancelled and interrupted trips,How do I make a cancel for any reason protection claim?",4
young_parent_family_budget_female_34,plans_billing_1,angry_after_waiting,"Where's the Ultra trip cancellation protection info? I need answers, not runarounds. Already tried claiming after my Premium plan was pulled. Unacceptable delays!","I'm sorry, I don't have the information you're looking for.","My supplier won’t let me cancel my trip/event. Am I covered with Ultra trip and event cancellation protection?,Am I covered by Ultra trip cancellation protection if I need to cancel a flight while abroad?,Who provides Ultra trip and event cancellation protection?,Am I covered for trips or events that I didn't purchase with my Revolut account with Ultra trip and event cancellation protection?",4
young_parent_family_budget_female_34,plans_billing_1,confused_by_app_updates,"I can’t seem to find any details on how Ultra plan protects against trip cancellations. Is this a separate policy, and if so, who underwrites it? I'm a bit lost here.","The Ultra trip and event cancellation protection is provided exclusively through Qover, and the policy is arranged and administered by the insurer Wakam.","Who provides Ultra trip and event cancellation protection?,My supplier won’t let me cancel my trip/event. Am I covered with Ultra trip and event cancellation protection?,Am I covered by Ultra trip cancellation protection if I need to cancel a flight while abroad?,Ultra trip & event cancellation with companion coverage",4
young_parent_family_budget_female_34,plans_billing_1,rushing_with_typos,who covers ultra events cancel? got to know if i need to make claim thx,"We work exclusively with Qover to provide trip and event cancellation protection for Ultra customers. Qover arranges and administers the policy for the insurer, Wakam.","My supplier won’t let me cancel my trip/event. Am I covered with Ultra trip and event cancellation protection?,What is an event?,Am I covered by Ultra trip cancellation protection if I need to cancel a flight while abroad?,Who provides Ultra trip and event cancellation protection?",4
young_parent_family_budget_female_34,plans_billing_1,on_the_go_direct,Need to claim travel insurance after plan downgrade now. What’s the process?,We don't have access to your claim and can't confirm your eligibility for cover. Please contact the provider directly for assistance with your claim.,"Claiming after Premium travel insurance removal,How do I get an update on my existing claim?,Cancelling your scheduled plan downgrade,How do I make a cancel for any reason protection claim?",4
young_parent_family_budget_female_34,plans_billing_1,voice_transcription,uh can you tell me about who actually provides the coverage for trip cancellations with this ultra plan because i mean if i need to make a claim for something i just wanna know who to contact about it,"The coverage for trip cancellations under the Ultra plan is provided by Qover, who arranges and administers the policy for the insurer, Wakam. If you need to make a claim, you should contact Qover.","Who provides Ultra trip and event cancellation protection?,My supplier won’t let me cancel my trip/event. Am I covered with Ultra trip and event cancellation protection?,Am I covered by Ultra trip cancellation protection if I need to cancel a flight while abroad?,Ultra trip & event cancellation with companion coverage",4
young_parent_family_budget_female_34,plans_billing_1,poor_internet_connection,I'm trying to understand what happens if there's a poor connection and I lose travel protection. Does the coverage remain if uploads fail? It's stuck at loading.,"I'm sorry, I don't have the information to help with your query regarding a poor connection affecting travel protection coverage.","Cover for damaged, lost, or delayed baggage,Cover for delayed trips,Cover for cancelled and interrupted trips,Am I covered by Ultra trip cancellation protection if I need to cancel a flight while abroad?",4
young_parent_family_budget_female_34,plans_billing_1,vague_first_message,Why did my trip protection vanish? It was supposed to cover cancellations.,"I'm sorry, I don't have the information to answer that specific question based on the provided help articles.","Am I covered by Ultra trip cancellation protection if I need to cancel a flight while abroad?,Cover for cancelled and interrupted trips,My supplier won’t let me cancel my trip/event. Am I covered with Ultra trip and event cancellation protection?,What is a trip?",4
young_parent_family_budget_female_34,fraud_security_1,empty,I noticed an ATM withdrawal from my joint account that I didn't authorize. What steps should I take to report this?,"To report an unauthorized ATM withdrawal from your joint account, follow these steps:

1. Freeze or terminate your card by following the steps in the ""Report a fraudulent ATM withdrawal"" article.","Report a fraudulent ATM withdrawal,Report a fraudulent transfer,Report a card payment as a scam or fraud,My card has been swallowed by an ATM",4
young_parent_family_budget_female_34,fraud_security_1,calm_at_home,I've noticed an ATM withdrawal on our joint account that neither my spouse nor I recognize. Could you advise on the steps to report this as fraudulent?,"To report a fraudulent ATM withdrawal on your joint account, follow these steps:
1. Freeze or terminate your card:
- Go to 'Home' on the bottom menu
- Tap the card icon in the top-right corner
- Select the card you want to freeze, and tap 'Freeze'. 
2. Report the fraudulent transaction by following the steps for reporting a card transaction as fraudulent.","Report a fraudulent ATM withdrawal,Report a fraudulent transfer,Report a card payment as a scam or fraud,My card has been used fraudulently",4
young_parent_family_budget_female_34,fraud_security_1,panic_security_fear,just got alert my card was used for a major purchase i didn’t make please help fix this emergency,Report a fraudulent transaction in the app by going to 'Home' > 'Transactions'.,"My card has been used fraudulently,My card payment was declined by the security system,My card has been swallowed by an ATM,Report a fraudulent transfer",4
young_parent_family_budget_female_34,fraud_security_1,angry_after_waiting,"Fraudulent transaction on my account! Money withdrawn from ATM I never touched. WHY no action yet? FIX it immediately, this is unacceptable!","If you are experiencing a fraudulent ATM withdrawal, act promptly by securing your account and reporting the transaction. Here's what you need to do:

- Freeze your card in the app by following these steps:
  1. Go to 'Home' on the bottom menu
  2. Tap the card icon in the top-right corner
  3. Select the card you want to freeze, and tap 'Freeze'

Then report the fraudulent ATM withdrawal through the app as described in the article ""Report a fraudulent ATM withdrawal.""","Report a fraudulent ATM withdrawal,Report a fraudulent transfer,My card has been used fraudulently,My card has been swallowed by an ATM",4
young_parent_family_budget_female_34,fraud_security_1,confused_by_app_updates,I noticed an ATM withdrawal I didn't make. Where do I find the option to report this as fraud in the app? It's really confusing and I feel uncertain about the steps.,"To report the fraudulent ATM withdrawal in the app:
1. Go to 'Home' on the bottom menu
2. Tap the card icon in the top-right corner
3. Select the card you want to freeze, and tap 'Freeze'. Alternatively, you can fill out this form: [Fraudulent ATM Withdrawal Form](provide URL)","Report a fraudulent ATM withdrawal,Report a fraudulent transfer,Report a card payment as a scam or fraud,Why was my ATM withdrawal declined?",4
young_parent_family_budget_female_34,fraud_security_1,rushing_with_typos,saw atm withdrawal but wasnt me how report fraud quick plz advise thx,"To report a fraudulent ATM withdrawal quickly, follow these steps:
- Go to 'Home' on the bottom menu
- Tap the card icon in the top-right corner
- Select the card you want to freeze, and tap 'Freeze'. Alter
- After securing your card, report the fraudulent transaction following the steps outlined in the article ""Report a fraudulent ATM withdrawal.""","Report a fraudulent ATM withdrawal,Report a card payment as a scam or fraud,Report a fraudulent transfer,My card has been used fraudulently",4
young_parent_family_budget_female_34,fraud_security_1,on_the_go_direct,just saw an atm withdrawal not mine fix this now,"If you don't recognize an ATM withdrawal, you should freeze your card immediately by following these steps:

- Go to 'Home' on the bottom menu
- Tap the card icon in the top-right corner
- Select the card you want to freeze, and tap 'Freeze'.","Report a fraudulent ATM withdrawal,My card has been swallowed by an ATM,Why was my ATM withdrawal declined?,Why is my ATM withdrawal pending?",4
young_parent_family_budget_female_34,fraud_security_1,voice_transcription,uh i'm looking at my revolut account and there's like some atm withdrawal that i definitely didn't make can you help me figure out what to do about this because it's really concerning me thanks,"To report a fraudulent ATM withdrawal, please follow these steps to secure your account and report the transaction:

1. Freeze or terminate your card:
   - Go to 'Home' on the bottom menu
   - Tap the card icon in the top-right corner
   - Select the card you want to freeze, and tap 'Freeze'.

After securing your account, you can report the fraudulent withdrawal.","Report a fraudulent ATM withdrawal,Why was my ATM withdrawal declined?,My card has been swallowed by an ATM,Report a fraudulent transfer",4
young_parent_family_budget_female_34,fraud_security_1,poor_internet_connection,my card was used for an atm withdrawal i didn’t make and the app is stuck loading when i try to report it what should i do with bad connection,"If the app is stuck loading due to a bad connection, first try to refresh the app or switch to a more stable internet connection. You should then follow the steps on how to report a fraudulent ATM withdrawal from the help article provided.","My card has been swallowed by an ATM,Report a fraudulent ATM withdrawal,My card has been used fraudulently,My physical card isn't working",4
young_parent_family_budget_female_34,fraud_security_1,vague_first_message,"I think my card was used in a place I didn't visit, money's gone, what to do?","Report the unauthorized charges as fraudulent payments. To do this from your Revolut app:
- Go to 'Home' on the bottom menu
- Go to transactions
- Select the unauthorized transaction and report it as fraudulent.","My card has been used fraudulently,My card has been swallowed by an ATM,My card was stolen. What should I do?,I received a card that I had marked as undelivered",4
young_parent_family_budget_female_34,travel_benefits_1,empty,Does my travel insurance cover trips to countries experiencing conflict?,Your travel insurance doesn't cover any claims caused by a war or act of war when visiting countries experiencing conflict.,"Travel insurance for areas affected by conflict,Travel insurance coverage,Cover for delayed trips,Cover for cancelled and interrupted trips",4
young_parent_family_budget_female_34,travel_benefits_1,calm_at_home,"I'm planning a trip to a region experiencing conflict, and I'm curious about what travel insurance coverage I have in such areas. Could you provide some details?","Your travel insurance does not cover any claims caused by a war or act of war, whether or not one has been declared in the region experiencing conflict.","Travel insurance for areas affected by conflict,Cover for cancelled and interrupted trips,Travel insurance coverage,Cover for delayed trips",4
young_parent_family_budget_female_34,travel_benefits_1,panic_security_fear,"flying tomorrow, is my travel insurance still valid if i'm going to area with recent conflict? urgent info please!","Your travel insurance doesn't cover any claims caused by a war or act of war, whether or not one has been declared. If you need more information about the coverage, contact Chubb or refer to the Travel insurance coverage article in the Revolut app.","Travel insurance for areas affected by conflict,Cover for delayed trips,Cover for cancelled and interrupted trips,Travel insurance coverage",4
young_parent_family_budget_female_34,travel_benefits_1,angry_after_waiting,Why no travel insurance for our trip to a conflict area? I need coverage and your support is too slow! FIX THIS NOW.,"Your travel insurance doesn't cover claims caused by a war or act of war in conflict areas. For more information about your coverage, contact Chubb or read the T&Cs in the Revolut app.","Travel insurance for areas affected by conflict,Cover for delayed trips,Travel insurance coverage,Cover for damaged, lost, or delayed baggage",4
young_parent_family_budget_female_34,travel_benefits_1,confused_by_app_updates,"I'm planning a family trip but I'm unclear about travel protection. Where can I check which destinations are covered, especially if they have conflict issues? I'm not sure where to find this info in the app.","You can check which destinations are covered by your travel insurance policy by contacting Chubb or reading the policy's terms and conditions in the Revolut app. To find the T&Cs in the app, follow these steps.","Travel insurance for areas affected by conflict,Cover for cancelled and interrupted trips,Travel insurance coverage,Cover for delayed trips",4
young_parent_family_budget_female_34,travel_benefits_1,rushing_with_typos,does travel insurance cover places with conflict im going overseas and not sure pls help thx,Your travel insurance doesn't cover any claims caused by a war or act of war.,"Travel insurance for areas affected by conflict,Cover for delayed trips,Travel insurance coverage,Cover for cancelled and interrupted trips",4
young_parent_family_budget_female_34,travel_benefits_1,on_the_go_direct,"Need to verify travel insurance covers regions with current conflict, flying soon. Fast answer needed.","Your travel insurance doesn't cover any claims caused by a war or act of war, regardless of whether a war has been declared.","Travel insurance for areas affected by conflict,Cover for delayed trips,Getting started with travel insurance,Cover for sports and activities",4
young_parent_family_budget_female_34,travel_benefits_1,voice_transcription,hey um i'm planning a trip to a place with some conflict going on and wondering if my travel insurance from the app covers like everything there or do i need to check certain things first thanks,"Your travel insurance doesn't cover any claims caused by a war or act of war, whether or not one has been declared. It's important to be aware of how your cover works in such areas.","Travel insurance for areas affected by conflict,Cover for cancelled and interrupted trips,Travel insurance coverage,Cover for delayed trips",4
young_parent_family_budget_female_34,travel_benefits_1,poor_internet_connection,"Trying to check travel insurance for conflict areas, but the app keeps timing out and won't load. Will my coverage still apply despite not being able to see details?",I don't know.,"Travel insurance for areas affected by conflict,Cover for delayed trips,Cover for cancelled and interrupted trips,Travel insurance coverage",4
young_parent_family_budget_female_34,travel_benefits_1,vague_first_message,"Planning a trip, is my family's travel insurance okay for places with safety warnings?","If you're planning a trip to a region with safety warnings, please refer to the travel insurance articles to understand the coverage provided in areas affected by conflict and whether your family's insurance will be applicable.","Travel insurance for areas affected by conflict,Travel insurance coverage,Getting started with travel insurance,Trips covered by travel insurance",4
young_parent_family_budget_female_34,business_merchant_1,empty,How can I resolve issues with the Revolut Terminal when it's not processing customer payments correctly?,"If you are facing issues with the Revolut Terminal not processing customer payments correctly, ensure your Revolut Pro account is active and connected to a stable internet connection. Additionally, check for any payment failures on the terminal screen and consider refunding the customer if needed.","Failed payments on the Revolut Terminal,I'm having trouble using my Revolut Terminal,Cards and contactless payments with Revolut Terminals,Cancel a transaction on the Revolut Terminal",4
young_parent_family_budget_female_34,business_merchant_1,calm_at_home,I've been experiencing some difficulties with my Revolut Terminal when trying to process payments for my small business. Could you guide me on resolving this issue?,"Based on the information you have provided, it seems there could be various reasons for the issues you are experiencing with your Revolut Terminal. 

1. Check if you have an active Revolut Pro account and any pending requests in the app.
2. Ensure the terminal has a stable internet connection as this is required to process payments.
3. Make sure the customer's card has enough funds and is not blocked.

If the issue persists, please refer to the provided articles for further troubleshooting steps.","I'm having trouble using my Revolut Terminal,Failed payments on the Revolut Terminal,How do I log in to my Revolut Terminal?,Cards and contactless payments with Revolut Terminals",4
young_parent_family_budget_female_34,business_merchant_1,panic_security_fear,"urgent! my revolut terminal just stopped working during a busy sale, can't process payments, please help now, worried about losing sales or fraud!",You might be experiencing trouble with your Revolut Terminal due to a lack of an active Revolut Pro account or an unstable internet connection. Please check for any requests in the app and ensure your terminal is connected to the internet securely.,"I'm having trouble using my Revolut Terminal,Failed payments on the Revolut Terminal,My card has been swallowed by an ATM,Cancel a transaction on the Revolut Terminal",4
young_parent_family_budget_female_34,business_merchant_1,angry_after_waiting,MY POS TERMINAL IS NOT WORKING. LOST SALES AGAIN TODAY. THIS IS UNACCEPTABLE! FIX THIS IMMEDIATELY OR I'M DONE WITH THIS USELESS SUPPORT!,"You might have trouble using your Revolut Terminal due to several reasons. Please check if you have an active Revolut Pro account and ensure your terminal's internet connection is stable. If the issue persists, you can reach out for further assistance.","I'm having trouble using my Revolut Terminal,Failed payments on the Revolut Terminal,My physical card isn't working,When will I receive my Revolut Terminal?",4
young_parent_family_budget_female_34,business_merchant_1,confused_by_app_updates,"I'm confused about using the Revolut Pro catalogue for sales. Where exactly do I find the catalogue options? Nothing seems clear in the app, and I'm not sure what steps to follow.","To access the Revolut Pro product catalogue and create sales, follow these steps:
1. Go to 'Revolut Pro' in your app.
2. Tap 'Tools'.
3. Select 'Products' to create and manage your catalogue of products for sales.","Sales using a Revolut Pro product catalogue,Where can I find my Revolut Pro account in-app?,Who can use Revolut Pro and how do I get started?,Order a Revolut Pro card",4
young_parent_family_budget_female_34,business_merchant_1,rushing_with_typos,"trouble with my revolut terminal not processing sales properly, catalog items not loading, pls help","You may be experiencing issues with your Revolut Terminal not processing sales properly and catalog items not loading due to a few reasons:
1. Check if you have an active Revolut Pro account.
2. Ensure your terminal has a stable internet connection.
3. Verify that you are accepting approved payment methods.
If the issue persists, please contact Revolut Terminal support for further assistance.","I'm having trouble using my Revolut Terminal,Failed payments on the Revolut Terminal,Cards and contactless payments with Revolut Terminals,How do I log in to my Revolut Terminal?",4
young_parent_family_budget_female_34,business_merchant_1,on_the_go_direct,"Revolut Terminal not working during checkout, need fix immediately!","It seems like your Revolut Terminal might not be working due to several reasons. Please check if you have an active Revolut Pro account, ensure a stable internet connection for the terminal, and follow the steps from the article on how to connect your Revolut Terminal. You can find more information in the ""I'm having trouble using my Revolut Terminal"" article.","I'm having trouble using my Revolut Terminal,Failed payments on the Revolut Terminal,How do I log in to my Revolut Terminal?,Cancel a transaction on the Revolut Terminal",4
young_parent_family_budget_female_34,business_merchant_1,voice_transcription,um so i was trying to use my revolut terminal for a sale but it's not working properly like it's not reading the cards and i'm not sure if it's a connection issue or something else can you help,"Based on the information provided in the articles, it seems that your Revolut Terminal might be experiencing issues due to an unstable internet connection. Please check if your terminal is connected to a stable internet connection to ensure it can read cards and process payments correctly.","I'm having trouble using my Revolut Terminal,Failed payments on the Revolut Terminal,Cards and contactless payments with Revolut Terminals,How do I log in to my Revolut Terminal?",4
young_parent_family_budget_female_34,business_merchant_1,poor_internet_connection,My Revolut Terminal keeps timing out and uploads get stuck. How can I ensure sales complete if the connection is unstable?,"If your Revolut Terminal's uploads are getting stuck due to unstable internet connection, you won't be able to complete sales. Ensure you have a stable internet connection to process transactions successfully.","I'm having trouble using my Revolut Terminal,Failed payments on the Revolut Terminal,How do I log in to my Revolut Terminal?,How do I order a Revolut Terminal?",4
young_parent_family_budget_female_34,business_merchant_1,vague_first_message,"I'm trying to sell stuff with my business thing but payments aren't showing, what should I do?","If you're trying to sell but payments aren't showing, the issue could be related to your Pro account review or pending payments. Make sure to check for any emails, notifications, or banners for verification details. Additionally, ensure your card details are correct, and check for any declined payment issues.","Pro account under review or payments not working,My Ramp payment failed. What should I do?,Declined card payment isn't visible,My card payment was declined",4
young_parent_family_budget_female_34,fraud_security_2,empty,I noticed an unauthorized transaction on my account. How do I report this and check if I can be refunded?,"To report an unauthorized transaction and potentially request a refund:
1. **Go to 'Home' in your Revolut app**.
2. **Go to 'Transactions'**.
3. **Find the unauthorized transaction and tap on it**.
4. **Follow the prompts to report it as fraudulent**. 
5. For information on refunds, contact Revolut Support.","Report a fraudulent transfer,Report a card payment as a scam or fraud,My card has been used fraudulently,Report a fraudulent ATM withdrawal",4
young_parent_family_budget_female_34,fraud_security_2,calm_at_home,I've noticed a large transaction that I didn't authorize on our joint account. What's the process to report it and possibly get refunded?,"Report the unauthorized transaction by tapping on the transaction in your joint account transaction list and immediately freeze your card in the app. Follow the steps mentioned in the article ""Report a card transaction as fraudulent"" to report the fraudulent transaction.","Report a fraudulent transfer,Report a card payment as a scam or fraud,What happens if my joint account balance goes negative?,Report a fraudulent ATM withdrawal",4
young_parent_family_budget_female_34,fraud_security_2,panic_security_fear,"urgent! just saw a huge amount transferred from our joint account, not me, please help quick! what do I do for reimbursement?","Refer to the ""Report a fraudulent transfer"" article immediately to secure your account and report the unauthorized transfer. Contact Customer Support for further assistance.","I received a transfer from an unknown sender,Report a fraudulent transfer,I want to cancel my transfer to a card,Joint account transfers",4
young_parent_family_budget_female_34,fraud_security_2,angry_after_waiting,"FRAUD! Unauthorized transfer from our joint account. Tried resolving, no response yet. Furious this is taking so long. WHERE'S my protection and refund? ACT NOW!",I don't know.,"Report a fraudulent transfer,I received a transfer from an unknown sender,I want to cancel my transfer to a card,Authorised Push Payment fraud reimbursement requirements",4
young_parent_family_budget_female_34,fraud_security_2,confused_by_app_updates,"I noticed a transaction I didn’t authorize in my joint account. How do I report this as fraud, and am I eligible for any reimbursement? The options in the app confuse me.","If you noticed an unauthorized transaction in your joint account, you can report it as fraud by tapping the transaction in your transactions list. To be eligible for reimbursement, make sure to stop all communication with the fraudster and be truthful in all your answers to Revolut's questions.","Report a card payment as a scam or fraud,Report a fraudulent transfer,Authorised Push Payment fraud reimbursement requirements,Report a fraudulent ATM withdrawal",4
young_parent_family_budget_female_34,fraud_security_2,rushing_with_typos,noticed a transaction i didn’t make on our joint account looks like fraud what should i do next pls,"To report a fraudulent transaction on your joint account, follow these steps:

1. Go to 'Home' on the bottom menu
2. Go to transactions https://app.revolut.com/transactions
3. Tap the transaction you didn’t make and report it as fraudulent.","Report a fraudulent transfer,Report a card payment as a scam or fraud,Report a fraudulent ATM withdrawal,My card has been used fraudulently",4
young_parent_family_budget_female_34,fraud_security_2,on_the_go_direct,"Fraudulent transfer on joint account just happened. Reimburse me now, urgent!","Article: Report a fraudulent transfer

If you believe a fraudulent transfer has occurred on your joint account, follow the steps outlined in the article above to report the transfer and secure your account. You can work with Revolut's customer support team for assistance.","Report a fraudulent transfer,Authorised Push Payment fraud reimbursement requirements,I want to cancel my transfer to a card,I received a transfer from an unknown sender",4
young_parent_family_budget_female_34,fraud_security_2,voice_transcription,um i just noticed a suspicious transfer in the app from my joint account yesterday that I didn't authorize and i'm kinda worried can you explain how i can get this sorted or what steps to take for reimbursement,Contact our Customer Support team via the in-app chat to report the unauthorized transfer from your joint account. Request a live agent for assistance in resolving the issue and securing your account. Do not send the money back until guided by our team.,"I received a transfer from an unknown sender,Report a fraudulent transfer,I want to cancel my transfer to a card,What happens if my joint account balance goes negative?",4
young_parent_family_budget_female_34,fraud_security_2,poor_internet_connection,"I suspect a fraudulent transfer in my account, but the app isn't loading properly. Will my report still go through if the connection is poor?",I don't know.,"Report a fraudulent transfer,Report a card payment as a scam or fraud,My card has been used fraudulently,Report a fraudulent ATM withdrawal",4
young_parent_family_budget_female_34,fraud_security_2,vague_first_message,my money disappeared after clicking that send button to a stranger can i get it back,"I received a transfer from an unknown sender. If you didn't expect or recognize the transfer, contact Customer Support before sending the money back. Our team will guide you through the steps.","I received a transfer from an unknown sender,Report a fraudulent transfer,More help with sending money via a payment link,I sent a transfer to the wrong Revolut customer",4
young_parent_family_budget_female_34,family_joint_2,empty,"How can my child save money from their Revolut Kids card, and do they earn any rewards for doing so?",Your child can save money from their Revolut Kids card using the Pockets feature in the Kids & Teens Save option. They can also earn cashback rewards by shopping through the listed brands in the Kids & Teens app and completing the purchase within 30 minutes.,"Revolut Kids & Teens Rewards,Revolut Kids & Teens Save,Revolut – Kids & Teens card management,Revolut – Kids & Teens Earn",4
young_parent_family_budget_female_34,family_joint_2,calm_at_home,"How can I set up a savings goal for my kids with their cards, so they can learn to save for future expenses?","To set up a savings goal for your kids with their Kids & Teens cards, you can utilize the Pockets feature in Revolut Kids & Teens Save. Parents or guardians can create and customize savings compartments to encourage saving for future expenses. Money can be added by either party, helping children learn the importance of saving.","Revolut Kids & Teens Save,Kids & Teens Instant Access Savings,Revolut – Kids & Teens card management,Revolut – Kids & Teens Earn",4
young_parent_family_budget_female_34,family_joint_2,panic_security_fear,my kid's card just showed a big withdrawal i didn't approve please help is there a way to get it back now this is an emergency,"Freeze the card immediately to prevent further unauthorized transactions, then report the fraudulent withdrawal following the steps in the ""Report a fraudulent ATM withdrawal"" article. Additionally, contact our support team for further assistance in recovering the funds.","My card has been swallowed by an ATM,I want to cancel my transfer to a card,Report a fraudulent ATM withdrawal,My card was stolen. What should I do?",4
young_parent_family_budget_female_34,family_joint_2,angry_after_waiting,WHY can't my kids make payments? Their cards should work. EXTREMELY frustrated with this nonsense. Fix it now or tell me what I need to do.,"I'm sorry for the inconvenience. To address the issue with your kids' cards not working, please check if the contactless limit for their cards needs to be reset. You can do this through the Revolut app following these steps:
1. Go to 'Home'.
2. Tap the card icon in the top-right corner.
3. Select the card.
4. Tap 'Settings' to reset the contactless limit.","Why aren’t my contactless payments working?,My physical card isn't working,Revolut – Kids & Teens cards,My card payment was declined",4
young_parent_family_budget_female_34,family_joint_2,confused_by_app_updates,"I'm trying to set up savings for my kids through the app, but I'm confused. Where exactly do I go for this? There are too many options, I'm unsure if I'm in the right place.","To set up savings for your kids through the app, you need to access the Kids & Teens Instant Access Savings account. This account is specifically designed for minors and their parents or guardians.","Kids & Teens Instant Access Savings,Revolut Kids & Teens Save,Add money to your savings account,Revolut – Kids & Teens Earn",4
young_parent_family_budget_female_34,family_joint_2,rushing_with_typos,"how do kids save money on their card is there an auto-save feature pls explain, thx","To save money on their Kids & Teens card, parents or guardians can create and customize savings compartments called Pockets. Money can be added to these Pockets by either party. There isn't an auto-save feature specifically mentioned in the provided articles.","Revolut Kids & Teens Save,Kids & Teens Instant Access Savings,Revolut – Kids & Teens card management,Auto top-ups",4
young_parent_family_budget_female_34,family_joint_2,on_the_go_direct,"Can't transfer money to my kid's card, fix this now.","I'm sorry, I don't have enough information to provide an answer based on the provided help articles.","I want to cancel my transfer to a card,Revolut – Kids & Teens card management,Revolut – Kids & Teens cards,Add money to or withdraw from Revolut Kids & Teens account",4
young_parent_family_budget_female_34,family_joint_2,voice_transcription,um how does my kid save up their pocket money on their card is there like a way to round up their purchases or something because i want them to start saving a little bit thanks,"To help your child save up their pocket money on their Kids & Teens card, you can consider using the Spare change round ups feature. This feature automatically rounds up your child's transactions and transfers the difference into their chosen Revolut Pocket or Savings Account for saving.","Revolut Kids & Teens Save,Revolut – Kids & Teens card management,Kids & Teens Instant Access Savings,Spare change round ups",4
young_parent_family_budget_female_34,family_joint_2,poor_internet_connection,"Trying to set up savings for kids but app keeps timing out. Will my inputs save once connection improves, or should I retry everything?",Your inputs should save once the connection improves. There is no need to retry everything.,"Kids & Teens Instant Access Savings,Revolut Kids & Teens Save,Savings Challenge,I'm having trouble using my Revolut Terminal",4
young_parent_family_budget_female_34,family_joint_2,vague_first_message,"My kid’s saving space isn’t growing with their allowance, did I set it up wrong?","To ensure your kid's saving space is growing with their allowance correctly, you can check if the Pockets feature within Kids & Teens Save is set up properly. You and your child can add money to the savings compartments. Check the article ""Revolut Kids & Teens Save"" for more details on how to create and customize the savings compartments.","Revolut Kids & Teens Save,Kids & Teens Instant Access Savings,Add money to or withdraw from Revolut Kids & Teens account,Revolut – Kids & Teens card management",4
young_parent_family_budget_female_34,savings_investments_2,empty,Can you explain how being a certain type of investor might affect my savings options?,Being a high-net-worth investor or a restricted investor may determine your eligibility to invest in certain types of assets such as crypto exchange-traded notes (ETNs). This classification is based on factors like your net assets and investment behavior.,"What does it mean to be a restricted investor?,What does it mean to be a high-net-worth investor?,Glossary of onboarding terms,Using your credit card or a personal loan to trade stocks",4
young_parent_family_budget_female_34,savings_investments_2,calm_at_home,Could you explain the differences between a high-net-worth investor and a restricted investor? I'm considering some new savings strategies and want to ensure I understand these terms.,"A high-net-worth investor certifies based on their wealth status, while a restricted investor is based on investment behavior. High-net-worth: determined by financial status. Restricted: limits on high-risk investments.","What does it mean to be a restricted investor?,What does it mean to be a high-net-worth investor?,Glossary of onboarding terms,Understanding our onboarding question about affiliations",4
young_parent_family_budget_female_34,savings_investments_2,panic_security_fear,"noticed my savings seem restricted suddenly, worried it's a fraud or system error, please help urgently to resolve this, is my account safe now?","Please review the payment by completing the in-app questionnaire to ensure your account security and prevent potential fraud. If necessary, contact customer support for further assistance.","Why was my Savings Accounts restricted or closed?,My card payment was declined by the security system,How can I keep my account safe from fraud?,Strange small charges on your card?",4
young_parent_family_budget_female_34,savings_investments_2,angry_after_waiting,"Frustrated! My status changed without warning. IS my account being treated differently now? I need answers, and I need them FAST. Already waited ages!","Please check your email, push notifications, and the app banner for any updates regarding your account status. If you haven't received any notifications, please reach out to our support team for assistance.","Why didn't I get a bank account when I signed up?,Understanding the account review process,My account was restricted or closed,I'm unable to verify my identity",4
young_parent_family_budget_female_34,savings_investments_2,confused_by_app_updates,I'm managing our family savings and saw something about investor types in the app. Can you explain what a high-net-worth or restricted investor is? I'm not clear on these terms.,"To qualify as a high-net-worth investor or a restricted investor, you need to meet certain criteria related to high-risk investments. A high-net-worth individual has more financial resources, while a restricted investor has limitations on their investment activities.","What does it mean to be a restricted investor?,Glossary of onboarding terms,What does it mean to be a high-net-worth investor?,Understanding our onboarding question about affiliations",4
young_parent_family_budget_female_34,savings_investments_2,rushing_with_typos,how do i knw if im restricted investor or not coz need info about saving options thx,"To determine if you are a restricted investor, you need to assess certain criteria related to your investments. Refer to the Glossary of onboarding terms for the definition of a restricted investor.","What does it mean to be a restricted investor?,Why was my Savings Accounts restricted or closed?,Glossary of onboarding terms,Open an investment account",4
young_parent_family_budget_female_34,savings_investments_2,on_the_go_direct,Pocket round-ups seems stuck. Savings not increasing. Am I restricted investor?,"I'm sorry, I don't have enough information to answer your question based on the provided articles.","Why was my Savings Accounts restricted or closed?,What does it mean to be a restricted investor?,Spare change round ups,Revolut Kids & Teens Save",4
young_parent_family_budget_female_34,savings_investments_2,voice_transcription,hey i'm like trying to figure out what exactly it means to be um like a high-net-worth investor or a restricted investor in the app cause i'm managing the family's accounts and we're looking at some savings options not sure what applies to us,"Based on the information provided in the articles, a high-net-worth investor is someone who qualifies based on their financial status, while a restricted investor is someone who has specific investment criteria in terms of high-risk assets. To determine which category applies to you and your family, you need to assess your recent investment activities and intentions.","What does it mean to be a restricted investor?,What does it mean to be a high-net-worth investor?,Glossary of onboarding terms,Understanding our onboarding question about affiliations",4
young_parent_family_budget_female_34,savings_investments_2,poor_internet_connection,Trying to check my savings status but app keeps timing out. Will my investment setup process complete if connection is unreliable?,Your investment setup process may not complete if the connection is unreliable. Ensure you have a stable internet connection to avoid issues with the process.,"I'm having trouble using my Revolut Terminal,Trouble with my selfie verification for Wealth Protection,Why is my withdrawal pending?,Trouble with mobile verification code",4
young_parent_family_budget_female_34,savings_investments_2,vague_first_message,Can I still keep saving if I'm flagged as having lots of money?,I don't know.,"Is the money in my Savings account protected by the FSCS?,Why was my Savings Accounts restricted or closed?,Close my Savings account,Have you been offered money to move funds?",4
retail_investor_stocks_male_45,savings_investments_1,empty,Could you explain the current promotion on instant access savings and how it might affect my account's tax obligations?,I don't know.,"Instant Access Savings promotion,Rate decrease on my Instant Access Savings,How is interest calculated on tiered Instant Access Savings?,Kids & Teens Instant Access Savings",4
retail_investor_stocks_male_45,savings_investments_1,calm_at_home,"Could you explain how the interest on my savings is calculated, and if any taxes apply, especially considering the advertised instant access benefits?",The interest on your savings is calculated based on a tiered rate model. Balances within certain limits earn different rates. Taxes may apply to the interest earned on your savings.,"How is interest calculated on tiered Instant Access Savings?,Earning interest with Savings,Kids & Teens Instant Access Savings,Rate decrease on my Instant Access Savings",4
retail_investor_stocks_male_45,savings_investments_1,panic_security_fear,"urgent concern about my savings, is there a risk of losing them or being overtaxed please help now","Revolut doesn't withhold any tax on your interest income earned. However, you are responsible for managing your tax obligations. If you have concerns about your savings, please review the Terms and Conditions regarding Savings Account restrictions or closures. If you are experiencing financial difficulties, consider reaching out to support services like StepChange or Citizens Advice for assistance.","Tax on Savings,How can I improve my financial health?,Why was my Savings Accounts restricted or closed?,Support if you are experiencing financial difficulties",4
retail_investor_stocks_male_45,savings_investments_1,angry_after_waiting,"Why isn't my instant savings rate updated yet? Taxes unclear too! This delay is UNACCEPTABLE. Fix this immediately, already contacted support with no help!","I'm sorry you are experiencing issues with your Instant Access Savings rate not updating and unclear tax information. To address your concerns, please follow the steps below:

1. For the Instant Access Savings rate issue, please refer to the article ""Rate decrease on my Instant Access Savings"" for information on why rates may change.
2. For unclear tax information, please review the article ""Update my tax information"" for guidance on providing the required details.

If you've already contacted support, please allow them time to assist you or reach out again for further clarification.","Rate decrease on my Instant Access Savings,Instant Access Savings promotion,How is interest calculated on tiered Instant Access Savings?,Update my tax information",4
retail_investor_stocks_male_45,savings_investments_1,confused_by_app_updates,"I'm confused about the taxes on my savings interest, where do I find this information in the app? I see terms like AER but I'm not sure what this means for me.","Revolut doesn't withhold any tax on your interest income earned. You have sole responsibility for the management of your legal obligations and tax affairs, including making any applicable filings and tax payments, and complying with any applicable laws and regulations. AER stands for Annual Equivalent Rate, which is the interest rate on your Savings account.","Tax on Savings,Earning interest with Savings,Documents and statements for my Savings accounts,How is interest calculated on tiered Instant Access Savings?",4
retail_investor_stocks_male_45,savings_investments_1,rushing_with_typos,too many tx cnditons for savings promo cant follow n how does tax wrk pls help,"I'm sorry, I can't find the information you need in the provided articles.","Tax on Savings,Taxes on crypto,Savings Challenge,Koinly crypto tax reports",4
retail_investor_stocks_male_45,savings_investments_1,on_the_go_direct,Need confirmation on instant savings interest rate. Tax implications?,"The interest rate on your Instant Access Savings account depends on your plan. You can find more information in the Instant Access Savings (powered by ClearBank) Terms in the Legal section of our website. If you have any questions regarding tax implications, please consult a tax professional.","How is interest calculated on tiered Instant Access Savings?,Rate decrease on my Instant Access Savings,Earning interest with Savings,Instant Access Savings promotion",4
retail_investor_stocks_male_45,savings_investments_1,voice_transcription,hey can you tell me how the instant access savings account promotion works cuz i’m a bit confused about the interest rate and like if it changes daily or stays the same thanks,"To understand how the Instant Access Savings account promotion works and how interest rates are calculated, you can refer to the article on Instant Access Savings promotion. The promotional interest rate is a boosted 4.50% AER (variable) for eligible customers. The rate can change based on macroeconomic factors, including the Bank of England's interest rate adjustments.","Rate decrease on my Instant Access Savings,Earning interest with Savings,Instant Access Savings promotion,How is interest calculated on tiered Instant Access Savings?",4
retail_investor_stocks_male_45,savings_investments_1,poor_internet_connection,trying to check savings promo details but app keeps timing out and loading fails when i tap options. will my actions eventually go through if the connection is poor?,"Ensure your network signal is strong enough and try refreshing it by switching airplane mode on and then off again. Check if there are any SMS filtering settings or applications on your phone that might be affecting the connection. Also, make sure your phone inbox isn't full. If the issue persists, consider trying these troubleshooting steps on a different device.","Trouble with mobile verification code,I'm having trouble using my Revolut Terminal,Failed payment on Tap to Pay on iPhone,My card payment was declined by the security system",4
retail_investor_stocks_male_45,savings_investments_1,vague_first_message,why is my savings not growing as expected and what's the deal with taxes on it,"Revolut doesn't withhold any tax on interest income earned, users are responsible for managing their tax obligations. The interest rate on Savings depends on your plan and might change if you switch plans. For more information, you can visit the Instant Access Savings Terms.","Tax on Savings,Earning interest with Savings,Why was my Savings Accounts restricted or closed?,Kids & Teens Instant Access Savings",4
retail_investor_stocks_male_45,plans_billing_1,empty,Who is responsible for the trip cancellation coverage in my Ultra plan?,We’re responsible for arranging trip and cancellation insurance as part of your Ultra subscription.,"My supplier won’t let me cancel my trip/event. Am I covered with Ultra trip and event cancellation protection?,Who provides Ultra trip and event cancellation protection?,Am I covered by Ultra trip cancellation protection if I need to cancel a flight while abroad?,Ultra trip & event cancellation with companion coverage",4
retail_investor_stocks_male_45,plans_billing_1,calm_at_home,"Could you clarify which provider handles the trip and event cancellation coverage on the Ultra plan, and how I should proceed if I need to make a claim?","Qover provides trip and event cancellation protection for Ultra Plan customers, which is arranged and administered for the insurer, Wakam. If you need to make a claim, contact your supplier first to negotiate for a refund, credit, or reschedule option, and then gather the necessary documents to support your claim.","My supplier won’t let me cancel my trip/event. Am I covered with Ultra trip and event cancellation protection?,Who provides Ultra trip and event cancellation protection?,Am I covered by Ultra trip cancellation protection if I need to cancel a flight while abroad?,How do I make a cancel for any reason protection claim?",4
retail_investor_stocks_male_45,plans_billing_1,panic_security_fear,"urgent, my Ultra trip protection disappeared after changing plans, can I still claim in case of cancellations, please help fast!","If your Ultra trip protection disappeared after changing plans, you may not be eligible to claim in case of cancellations. Please refer to the terms and conditions of the Ultra trip and event cancellation protection for more information.","My supplier won’t let me cancel my trip/event. Am I covered with Ultra trip and event cancellation protection?,Am I covered by Ultra trip cancellation protection if I need to cancel a flight while abroad?,Documents needed for an Ultra trip and event cancellation protection claim,Am I covered for trips or events that I didn't purchase with my Revolut account with Ultra trip and event cancellation protection?",4
retail_investor_stocks_male_45,plans_billing_1,angry_after_waiting,"Why is my travel insurance claim denied after plan downgrade? No help provided, unacceptable delay. FIX THIS NOW!",We don't have access to your claim or coverage details. You would need to contact the insurance provider directly for assistance with your claim status.,"How do I get an update on my existing claim?,Claiming after Premium travel insurance removal,Cover for delayed trips,Why is my travel insurance coverage ending?",4
retail_investor_stocks_male_45,plans_billing_1,confused_by_app_updates,"i removed premium travel insurance from my plan, but where do i find info on filing a claim for cancellations, or is it now not possible at all?","You can file a claim for trip cancellations with the Ultra plan's trip and event protection. Follow the steps outlined in the ""How do I make a cancel for any reason protection claim?"" article.","Claiming after Premium travel insurance removal,How do I make a cancel for any reason protection claim?,Cover for cancelled and interrupted trips,My supplier won’t let me cancel my trip/event. Am I covered with Ultra trip and event cancellation protection?",4
retail_investor_stocks_male_45,plans_billing_1,rushing_with_typos,did revolut remove my travel insurance no more coverage for trips need info pls,"To find information about your travel insurance coverage in the Revolut app, follow these steps:
- In the search bar at the top of the screen, search for 'Insurance'
- Select 'Insurance'
- Select 'Travel insurance' and tap 'Documents'
If you require further assistance, contact Chubb for details related to coverage and policy terms.","Travel insurance coverage,Why is my travel insurance coverage ending?,How can I view my travel insurance policy documents?,Cover for damaged, lost, or delayed baggage",4
retail_investor_stocks_male_45,plans_billing_1,on_the_go_direct,"Need details on who covers Ultra trip cancellation, in a rush.","Revolut works exclusively with Qover to provide Ultra trip and event cancellation protection for customers. Qover arranges the policy, while Wakam is the insurer.","My supplier won’t let me cancel my trip/event. Am I covered with Ultra trip and event cancellation protection?,Am I covered by Ultra trip cancellation protection if I need to cancel a flight while abroad?,Ultra trip & event cancellation with companion coverage,Who provides Ultra trip and event cancellation protection?",4
retail_investor_stocks_male_45,plans_billing_1,voice_transcription,hey so I'm trying to understand who exactly covers the trip and event cancellation thing with ultra plan because I canceled an event and want to make sure I can actually file a claim for it,I don't know.,"My supplier won’t let me cancel my trip/event. Am I covered with Ultra trip and event cancellation protection?,Am I covered by Ultra trip cancellation protection if I need to cancel a flight while abroad?,Who provides Ultra trip and event cancellation protection?,What is an event?",4
retail_investor_stocks_male_45,plans_billing_1,poor_internet_connection,I'm experiencing connection issues and can't load details on Ultra plan trip cancellation. Will the claim still process if my app times out or stays stuck at loading?,"If your app times out or stays stuck at loading while processing a claim for Ultra trip and event cancellation protection, you should contact Revolut support for guidance on how to proceed.","My supplier won’t let me cancel my trip/event. Am I covered with Ultra trip and event cancellation protection?,Am I covered by Ultra trip cancellation protection if I need to cancel a flight while abroad?,Documents needed for an Ultra trip and event cancellation protection claim,How do I make a cancel for any reason protection claim?",4
retail_investor_stocks_male_45,plans_billing_1,vague_first_message,"who takes care of event cancellations for my ultra plan, something got canceled and i need help","Qover, working with Wakam, handles event cancellations for Ultra trip and event cancellation protection. If an event was canceled, you may be covered under this policy. Contact Qover for assistance with your claim.","My supplier won’t let me cancel my trip/event. Am I covered with Ultra trip and event cancellation protection?,Am I covered by Ultra trip cancellation protection if I need to cancel a flight while abroad?,Who provides Ultra trip and event cancellation protection?,What is an event?",4
retail_investor_stocks_male_45,cards_atm_1,empty,"Why can't I deposit funds onto my card from certain banks, and are there limits for topping up using a Ukrainian card?",I don't know.,"Ukraine card top-up limits,Can I transfer money to Ukraine?,Card deposit limits and fees,How to add money with a card",4
retail_investor_stocks_male_45,cards_atm_1,calm_at_home,I noticed my card deposit got declined while trying to fund my account. Could you explain any specific restrictions that might apply to this process?,Specific restrictions that might apply to your card deposit could be related to pending deposits or failed/reverted card deposits. You can check the deposit status in your in-app transactions list for more information.,"My card payment was declined,My card payment was declined by the security system,Why was my card payment declined if I have enough funds?,My card deposit didn't work",4
retail_investor_stocks_male_45,cards_atm_1,panic_security_fear,"urgent! card can't process my deposit, is it blocked? worried about fraud or limits, need access now!","Your card deposit may be blocked due to previous declined payments or multiple unsuccessful attempts. Check for any pending deposits or failed transactions first. If you suspect fraud, report any unauthorized charges immediately in the app.","Why your card top-ups may be blocked,My card deposit didn't work,My card payment was declined by the security system,My card has been used fraudulently",4
retail_investor_stocks_male_45,cards_atm_1,angry_after_waiting,"WHY is my card deposit restricted AGAIN? Fix this NOW. Can't use it, incredibly FRUSTRATING. This delay is UNACCEPTABLE.",I'm sorry for the inconvenience. It seems your card deposit may be restricted due to changes in card scheme rules. You may need to wait for the block to be lifted by your issuing bank. You can try topping up via a different method in the meantime.,"My card deposit didn't work,Why your card top-ups may be blocked,Restricted card deposits,My card payment was declined",4
retail_investor_stocks_male_45,cards_atm_1,confused_by_app_updates,"I'm trying to add money to my Revolut card, but it says something about restrictions. Where do I find the limits or settings for this? I’m a bit lost here.","To find the limits for adding money to your Revolut card, check the ""Card deposit limits and fees"" article in the help section. Make sure to review the automated security system settings and limits for card deposits. If you encounter restrictions, adjusting your card security settings may help. To manage this, follow the steps in the ""Card security settings"" article.","Card payment fees and limits,Card deposit limits and fees,What are Wealth Protection limits?,Card security settings",4
retail_investor_stocks_male_45,cards_atm_1,rushing_with_typos,can't top up my card limit set due to ukraine is this normal or i did something wrong pls help,The new restrictions on card top-ups due to changes in Visa rules are causing the limit on your card top-ups. This is normal and not due to anything you did wrong.,"Ukraine card top-up limits,Auto top-ups,Can I transfer money to Ukraine?,Why was my top-up reverted?",4
retail_investor_stocks_male_45,cards_atm_1,on_the_go_direct,"at atm, card says deposit restricted, need to fix this, urgent","I'm sorry, I don't have the specific information to address your query.","My card deposit didn't work,My card has been swallowed by an ATM,Manage my deposit cards,Problems with my card PIN",4
retail_investor_stocks_male_45,cards_atm_1,voice_transcription,uh so i tried to like top up my card using a ukrainian method but it didn't go through is there some kind of limit or restriction i'm missing because i'd like to fix this issue here thanks,"Based on the recent changes in Visa rules and possible payment blocks, your card top-up may have been blocked due to these reasons. To resolve this issue, you can refer to the articles on ""Ukraine card top-up limits"" and ""Why your card top-ups may be blocked"" for more information and steps to address the restriction.","Ukraine card top-up limits,Can I transfer money to Ukraine?,Why your card top-ups may be blocked,Auto top-ups",4
retail_investor_stocks_male_45,cards_atm_1,poor_internet_connection,"having issues topping up card while monitoring my etfs, connection fails mid-process, will it retry automatically or finish when connections better",I don't know.,"Auto top-ups,Why was my top-up reverted?,Why your card top-ups may be blocked,Failed payments on the Revolut Terminal",4
retail_investor_stocks_male_45,cards_atm_1,vague_first_message,why can't i add money to my card like usual it keeps saying there's an issue,Your card top-ups may be blocked due to previous declined payments or multiple unsuccessful attempts. These blocks can last up to 30 days. You can try to troubleshoot this issue by checking the decline reason in your in-app transactions list.,"Why your card top-ups may be blocked,How to add money with a card,My physical card isn't working,My card payment was declined",4
retail_investor_stocks_male_45,fx_exchange_1,empty,"Could you explain how exchange rates work when using my card abroad, especially regarding currency conversions?","Revolut offers competitive rates for currency exchange based on multiple independent sources. You can perform currency exchanges without additional fees up to a certain limit based on your plan. If you exceed this limit, you may be charged an exchange fee. Make sure to avoid Dynamic Currency Conversion to get the best rate.","Fees for card payments in a foreign currency,Limits for using my card abroad,What exchange rates does Revolut offer?,What is Dynamic Currency Conversion (DCC)?",4
retail_investor_stocks_male_45,fx_exchange_1,calm_at_home,"Could you explain how currency exchange rates work within the app, especially in relation to any charges that might occur when I use my card abroad?","Revolut offers competitive exchange rates based on data from multiple independent sources. When using your Revolut card abroad, you may face exchange fees if you exceed your monthly free allowance. These fees are charged when you go over your exchange limit. You can view the current exchange rates on Revolut's website.","Fees for card payments in a foreign currency,Tips for spending in a foreign currency,What exchange rates does Revolut offer?,Limits for using my card abroad",4
retail_investor_stocks_male_45,fx_exchange_1,panic_security_fear,why was my card charged more at the fx rate than expected today emergency please help avoid fraud,"Refer to the article ""Why was I charged more than I was shown?"" for more information on why you may have been charged more at the FX rate than expected. Make sure to review the breakdown of any applicable fees and the live exchange rate provided during the payment confirmation screen. If you suspect fraudulent activity, follow the steps in the article ""My card has been used fraudulently"" to report unauthorized charges and protect yourself from potential fraud.","Why was I charged more than I was shown?,My card has been used fraudulently,Strange small charges on your card?,I was charged extra by my bank for a Ramp payment. Why?",4
retail_investor_stocks_male_45,fx_exchange_1,angry_after_waiting,Why did I get charged extra for a currency exchange? DCC wasn't clear. FIX IT NOW. Frustrated by delays.,"To avoid extra charges for a currency exchange, ensure to pay in the local currency and monitor the live exchange rate during transactions. If you face issues, you can always reach out for further assistance.","Why was I charged more than I was shown?,What is Dynamic Currency Conversion (DCC)?,I was charged extra by my bank for a Ramp payment. Why?,Fees for card payments in a foreign currency",4
retail_investor_stocks_male_45,fx_exchange_1,confused_by_app_updates,"I'm trying to understand how the currency conversion works when I travel. What exactly is the option to pay in the local currency or not, and how does the rate compare to normal rates?","To understand currency conversion while traveling with Revolut, you should choose to pay in the local currency to get the best rate. It's important to review your currency exchange allowance and fees. Revolut offers competitive rates based on multiple independent sources.","Tips for spending in a foreign currency,What exchange rates does Revolut offer?,What is Dynamic Currency Conversion (DCC)?,What currency will I be charged in?",4
retail_investor_stocks_male_45,fx_exchange_1,rushing_with_typos,confusd abt fx rates is revolut giving best exchange or local atm pls clarify thx,Please check the current currency exchange rates on our website for the most up-to-date information.,"What exchange rates does Revolut offer?,What is Dynamic Currency Conversion (DCC)?,How to withdraw a foreign currency,Tips for spending in a foreign currency",4
retail_investor_stocks_male_45,fx_exchange_1,on_the_go_direct,Why is local currency conversion at ATM higher? App shows different rate.,"To understand why the local currency conversion at an ATM may be higher compared to the rate displayed on the app, you should be aware of the concept of Dynamic Currency Conversion. This feature can impact the conversion rates offered by ATMs or card terminals. You can find more details about Dynamic Currency Conversion in the provided help article.","What is Dynamic Currency Conversion (DCC)?,Why are my statement balance and in-app balance different?,What exchange rates does Revolut offer?,Why was I charged more than I was shown?",4
retail_investor_stocks_male_45,fx_exchange_1,voice_transcription,um i was wondering like when i'm using my card abroad how does it pick the currency rate or is there some automatic conversion thing happening i really need to know because i keep track of my savings closely,"When using your Revolut card abroad, the currency you'll be charged in is determined based on the currency you're paying in. Revolut automatically converts your balance to the transaction currency. You can find more information about this in the ""What currency will I be charged in?"" article.","Tips for spending in a foreign currency,What is Dynamic Currency Conversion (DCC)?,Fees for card payments in a foreign currency,What currency will I be charged in?",4
retail_investor_stocks_male_45,fx_exchange_1,poor_internet_connection,"trying to check fx rates for etf trades, but app keeps timing out and stuck at loading. will exchange rates apply if action completes later despite this?",I don't know.,"Get started with non-crypto ETPs,Why might my currency order fail or not execute?,Currency exchange fees and limits,Why can't I trade in Revolut X?",4
retail_investor_stocks_male_45,fx_exchange_1,vague_first_message,why did my exchange rate seem different after card payment abroad?,"To understand why your exchange rate seemed different after a card payment abroad, you may want to review the breakdown of the transaction provided by Revolut to ensure transparency in the charges applied.","Why are my statement balance and in-app balance different?,Why was I charged more than I was shown?,Transfer I sent arrived in a different currency ,I was charged extra by my bank for a Ramp payment. Why?",4
retail_investor_stocks_male_45,fraud_security_1,empty,I noticed an ATM withdrawal on my account that I didn’t make. How can I report this as fraud?,"To report an ATM withdrawal you didn’t make, follow these steps: Freeze your card within the app by tapping the card icon in the top-right corner and selecting the card you want to freeze.","Report a fraudulent ATM withdrawal,Report a fraudulent transfer,Report a card payment as a scam or fraud,My card has been used fraudulently",4
retail_investor_stocks_male_45,fraud_security_1,calm_at_home,I recently noticed an unfamiliar ATM withdrawal on my account. I didn't make this transaction. Could you guide me on the steps to report and resolve this issue?,"To report an unfamiliar ATM withdrawal, you should freeze your card using the steps below to secure your account:
- Go to 'Home' on the bottom menu
- Tap the card icon in the top-right corner
- Select the card with the unauthorized withdrawal and tap 'Freeze'.","Report a fraudulent ATM withdrawal,Report a fraudulent transfer,Why was my ATM withdrawal declined?,My card has been swallowed by an ATM",4
retail_investor_stocks_male_45,fraud_security_1,panic_security_fear,my card charged for something i didn’t authorize help me stop this fraud now please,"To report fraudulent charges on your card, follow these steps:
1. Go to 'Home' on the bottom menu in your Revolut app.
2. Go to transactions and tap on the transaction in your list.
3. Report the transaction as fraudulent.","My card has been used fraudulently,Report a card payment as a scam or fraud,Report a fraudulent transfer,I want to cancel my transfer to a card",4
retail_investor_stocks_male_45,fraud_security_1,angry_after_waiting,Sick of this. My card was used without my consent. FIX IT NOW! STOP these withdrawals immediately. Why isn't this resolved?,"Report the unauthorized transactions as fraudulent payments in your Revolut app. Follow these steps:
- Go to 'Home' on the bottom menu
- Go to transactions: https://app.revolut.com/transactions","My card has been used fraudulently,My card has been swallowed by an ATM,I want to cancel my transfer to a card,Report a card payment as a scam or fraud",4
retail_investor_stocks_male_45,fraud_security_1,confused_by_app_updates,"I see a card transaction that I don't recognize, it says ATM withdrawal but I didn't use any. How can I check if it's fraudulent or report it? I'm confused about these options.","To check if an ATM withdrawal is fraudulent, follow the steps under ""Report a fraudulent ATM withdrawal."" If you believe it's a scam or fraud, follow the steps under ""Report a card payment as a scam or fraud."" The specific action you take will depend on the situation.","Report a fraudulent ATM withdrawal,Report a card payment as a scam or fraud,Report a fraudulent transfer,My card has been used fraudulently",4
retail_investor_stocks_male_45,fraud_security_1,rushing_with_typos,just saw charges from a place i wasnt at atm withdrawal I didnt made pls help fix,"Follow these steps to secure your account and report the fraudulent ATM withdrawal:
1. Go to 'Home' on the bottom menu
2. Tap the card icon in the top-right corner
3. Select the card you want to freeze, and tap 'Freeze'","Report a fraudulent ATM withdrawal,My card has been swallowed by an ATM,Why was my ATM withdrawal declined?,Report a fraudulent transfer",4
retail_investor_stocks_male_45,fraud_security_1,on_the_go_direct,"urgent! card used for ATM withdrawal, not my transaction, stop this now!","Go to 'Home' > Tap the card icon > Select the card > Freeze it. Then, report the fraudulent transaction as per the article 'Report a fraudulent ATM withdrawal.'","My card has been swallowed by an ATM,Report a fraudulent ATM withdrawal,My card has been used fraudulently,Why was my ATM withdrawal declined?",4
retail_investor_stocks_male_45,fraud_security_1,voice_transcription,"uh so I just checked my account and there's this withdrawal from an atm that I totally didn't do, I mean it's my card but I wasn't even there, can you look into this like quickly","If you don't recognize an ATM withdrawal, you can secure your account and report the fraudulent transaction by freezing your card following these steps:
- Go to 'Home' on the bottom menu
- Tap the card icon in the top-right corner
- Select the card you want to freeze and tap 'Freeze'. After that, you can report the fraudulent ATM withdrawal.","Report a fraudulent ATM withdrawal,My card has been swallowed by an ATM,Why was my ATM withdrawal declined?,Why is my ATM withdrawal pending?",4
retail_investor_stocks_male_45,fraud_security_1,poor_internet_connection,my card shows an atm withdrawal but i didn't do it app stuck at loading retry i’m worried how do i report this with poor connection,"If the app is stuck at loading and you're unable to report the fraudulent ATM withdrawal due to poor connection, you can try to access the form later when your connection improves. Make sure to follow the steps provided in the ""Why was my ATM withdrawal declined?"" article.","Report a fraudulent ATM withdrawal,My card has been swallowed by an ATM,Why was my ATM withdrawal declined?,My card has been used fraudulently",4
retail_investor_stocks_male_45,fraud_security_1,vague_first_message,"saw my money disappear from account today, didn't use the card, what's going on?","My card has been used fraudulently. Report the unauthorized charges by following these steps:
- Go to 'Home' on the bottom menu
- Go to transactionshttps://app.revolut.com/transactions

If fraudulent charges have been made from your account, follow these steps to dispute them.","My card has been used fraudulently,My card has been swallowed by an ATM,Declined card payment isn't visible,My card payment was declined",4
retail_investor_stocks_male_45,crypto_1,empty,Could you explain how crypto staking works and if there are any associated fees I should know about?,"Staking is the process of actively participating in block validation to support network security and earn token rewards. Revolut does not charge any fees on your staking rewards. Third-party validators may deduct a small fee up to 3% of gross rewards on-chain. To start staking, go to 'Crypto' in the app, select a supported token, and tap 'Stake'.","How does crypto staking work?,Is there a fee associated with crypto staking?,Stake and unstake crypto,Fees for trading crypto",4
retail_investor_stocks_male_45,crypto_1,calm_at_home,Could you explain how the crypto staking process works and whether there are any associated fees that I should be aware of as an investor?,"To stake cryptocurrency with Revolut, you can participate in block validation on PoS blockchains like Cardano (ADA) and Algorand. Revolut does not charge any fees on staking rewards. Third-party validators may deduct a small fee of up to 3% on some blockchains. To start staking in the Revolut app, go to 'Crypto,' select a supported token, and tap 'Stake.'","How does crypto staking work?,Is there a fee associated with crypto staking?,Stake and unstake crypto,Fees for trading crypto",4
retail_investor_stocks_male_45,crypto_1,panic_security_fear,"urgent! just started crypto staking, worried about fees, could there be hidden charges? afraid of losing funds, please help asap","Revolut doesn’t charge any fees on your staking rewards. We give you 100% of the staking rewards we receive on-chain, and no extra fees are taken by Revolut. You can refer to the article on fees associated with crypto staking for more information.","Stake and unstake crypto,Is there a fee associated with crypto staking?,How does crypto staking work?,Failed crypto deposits",4
retail_investor_stocks_male_45,crypto_1,angry_after_waiting,"Staking crypto but fees unclear. Why can't I find this info? Already contacted support, NO response. Fix this now, unacceptable delay!","I'm sorry, I don't have that information.","Stake and unstake crypto,Is there a fee associated with crypto staking?,How does crypto staking work?,Pending crypto deposits",4
retail_investor_stocks_male_45,crypto_1,confused_by_app_updates,"I'm exploring crypto staking but I'm puzzled by what 'staking' practically involves in the app. Is there a fee, and where do I actually start this? I don’t see clear options.","To start staking crypto in your Revolut app, go to 'Crypto' on the bottom menu, select a supported token, and tap 'Stake'. Revolut doesn’t charge any fees on your staking rewards. You can refer to the 'Get started with staking' and 'Is there a fee associated with crypto staking?' articles for more details.","Stake and unstake crypto,How does crypto staking work?,Is there a fee associated with crypto staking?,Fees for trading crypto",4
retail_investor_stocks_male_45,crypto_1,rushing_with_typos,how does crypto stking wirk on revolut are there fees for this pls explain thx,"To start staking crypto in Revolut, go to 'Crypto' in the app, select a supported token, and tap 'Stake'. Revolut does not charge any fees on staking rewards.","Stake and unstake crypto,Is there a fee associated with crypto staking?,Fees for trading crypto,Crypto payment fees, rates, and limits",4
retail_investor_stocks_male_45,crypto_1,on_the_go_direct,"crypto staking, fees involved or free? about to stake now",Revolut doesn’t charge any fees on your staking rewards. You will receive 100% of the staking rewards earned.,"Is there a fee associated with crypto staking?,Stake and unstake crypto,How does crypto staking work?,Fees for trading crypto",4
retail_investor_stocks_male_45,crypto_1,voice_transcription,"so i'm like interested in staking some of my crypto, um i heard there might be some fees involved, can you clarify how that works and if there are any charges i should be aware of please",There are no fees associated with Revolut for staking crypto. Revolut doesn’t charge any fees on your staking rewards.,"Is there a fee associated with crypto staking?,Stake and unstake crypto,How does crypto staking work?,Fees for trading crypto",4
retail_investor_stocks_male_45,crypto_1,poor_internet_connection,trying to stake crypto but the app keeps timing out and not loading what happens if my connection drops before completion will it still process or do i need to retry,"If your connection drops before completion while staking crypto, you may need to retry the process.","Failed crypto deposits,Pending crypto withdrawals,How does crypto staking work?,Stake and unstake crypto",4
retail_investor_stocks_male_45,crypto_1,vague_first_message,how does that feature work when i add my coins and is there any cost involved,"To set up the crypto spare change feature in Revolut, go to 'Crypto' > 'More' > 'Settings' > 'Spare change'. Revolut doesn't charge fees on staking rewards.","Crypto spare change,Fund my investment account,Is there a fee associated with crypto staking?,Get started with Revolut X",4
retail_investor_stocks_male_45,business_merchant_1,empty,I'm having issues processing sales with my Revolut Terminal. Can you help troubleshoot this? I'm using the Pro product catalogue features.,"To troubleshoot issues processing sales with your Revolut Terminal using the Pro product catalogue features, ensure you have set up your catalogue in your Revolut Pro account by following the steps here: Go to 'Revolut Pro', 'Tools', then 'Products' to create catalogue sales.","Sales using a Revolut Pro product catalogue,I'm having trouble using my Revolut Terminal,Cards and contactless payments with Revolut Terminals,How do I order a Revolut Terminal?",4
retail_investor_stocks_male_45,business_merchant_1,calm_at_home,I'm experiencing difficulties managing my sales catalogue in the Revolut Pro section. Could you provide guidance on how to resolve this issue effectively?,"To manage your sales catalogue in Revolut Pro, go to 'Revolut Pro', 'Tools', then 'Products' to create catalogue sales. If you encounter any issues, please refer to the following steps.","Sales using a Revolut Pro product catalogue,Revolut Pro invoices,Where can I find my Revolut Pro account in-app?,How to close a Revolut Pro account",4
retail_investor_stocks_male_45,business_merchant_1,panic_security_fear,my terminal isn't processing payments properly clients waiting losing sales please fix this quick emergency,"Check if there is enough money in your account and ensure your terminal has a stable internet connection to process payments. If necessary, cancel the transaction and refund the customer following the steps provided in the articles.","Failed payments on the Revolut Terminal,I'm having trouble using my Revolut Terminal,Cancel a transaction on the Revolut Terminal,My Ramp payment failed. What should I do?",4
retail_investor_stocks_male_45,business_merchant_1,angry_after_waiting,Revolut Terminal not processing payments. Clients waiting. DO YOU GUYS CARE? Need this fixed NOW. No response for days!,"Check if you have an active Revolut Pro account and a stable internet connection for your Revolut Terminal. Ensure the customer's card has enough funds and isn't blocked. If the issue persists, contact support for assistance.","I'm having trouble using my Revolut Terminal,Failed payments on the Revolut Terminal,Cards and contactless payments with Revolut Terminals,When will I receive my Revolut Terminal?",4
retail_investor_stocks_male_45,business_merchant_1,confused_by_app_updates,"I'm trying to use my Revolut Terminal but I don't understand what the product catalogue option is for. Where do I find it, and is it necessary for sales?","To use the Revolut Terminal for sales, you need to create a catalogue in your Revolut Pro payment account. Follow these steps: Go to 'Revolut Pro', 'Tools', and then 'Products' to set up the catalogue. It is necessary for sales using the Revolut Terminal.","Sales using a Revolut Pro product catalogue,How do I order a Revolut Terminal?,How do I log in to my Revolut Terminal?,Trading Terminal",4
retail_investor_stocks_male_45,business_merchant_1,rushing_with_typos,"having issues with terminal transactions at work, it's not processing sales properly pls fix thx","You may be experiencing issues with your Revolut Terminal for the following reasons:
1. Check if you have an active Revolut Pro account and any in-app requests.
2. Verify that your terminal has a stable internet connection.
If the problem persists, please provide more details for further assistance.","I'm having trouble using my Revolut Terminal,Failed payments on the Revolut Terminal,Cancel a transaction on the Revolut Terminal,Cards and contactless payments with Revolut Terminals",4
retail_investor_stocks_male_45,business_merchant_1,on_the_go_direct,"Revolut Terminal not processing payments during business checkout, urgent fix!","Ensure that you have enough money in your account, and your card is not blocked. Additionally, check if you have an active Revolut Pro account and a stable internet connection for the terminal. You can cancel a transaction by pressing 'X' on the payment screen or refund the customer if necessary.","Failed payments on the Revolut Terminal,I'm having trouble using my Revolut Terminal,Cards and contactless payments with Revolut Terminals,Cancel a transaction on the Revolut Terminal",4
retail_investor_stocks_male_45,business_merchant_1,voice_transcription,"hi uh i'm trying to like set up and use my revolut terminal for my business but it keeps having problems, not sure why it's not processing transactions properly, can you help me figure out what's wrong","You may be experiencing issues setting up and using your Revolut Terminal due to several reasons. First, ensure you have an active Revolut Pro account. Secondly, check if the terminal has a stable internet connection. If the issue persists, you can try troubleshooting steps outlined in the articles provided.","I'm having trouble using my Revolut Terminal,How do I log in to my Revolut Terminal?,Failed payments on the Revolut Terminal,Cards and contactless payments with Revolut Terminals",4
retail_investor_stocks_male_45,business_merchant_1,poor_internet_connection,"i'm having connectivity issues with the revolut terminal, transactions are stuck at loading and uploads fail, is there a way to ensure sales complete despite this?","In case of connectivity issues with the Revolut Terminal and transactions getting stuck, it is advised to ensure a stable internet connection to complete sales successfully. This is important as mentioned in the article: ""I'm having trouble using my Revolut Terminal.""","Failed payments on the Revolut Terminal,I'm having trouble using my Revolut Terminal,Cards and contactless payments with Revolut Terminals,How do I log in to my Revolut Terminal?",4
retail_investor_stocks_male_45,business_merchant_1,vague_first_message,when using that sales thing my products won't show up and it's affecting my business what do i do,"You'll need to set up your catalogue in your Revolut Pro payment account first. Go to 'Revolut Pro', 'Tools', then 'Products' to be able to create catalogue sales.","Sales using a Revolut Pro product catalogue,Pro account under review or payments not working,Why is my stock on 'sell only'?,Issues with Take Profit or Stop Loss orders",4
retail_investor_stocks_male_45,savings_investments_2,empty,Can you explain the difference between high-net-worth and restricted investor status for my savings and investments?,"High-net-worth investors certify that they have a certain financial status, whereas restricted investors have specific criteria related to the amount of investments made in high-risk products.","What does it mean to be a restricted investor?,What does it mean to be a high-net-worth investor?,Glossary of onboarding terms,Why was my Savings Accounts restricted or closed?",4
retail_investor_stocks_male_45,savings_investments_2,calm_at_home,Could you explain the classification criteria for being regarded as a high-net-worth or restricted investor within the app? Curious about how these affect my savings and investment options.,"To be classified as a high-net-worth investor or a restricted investor on the app, you need to meet specific criteria related to your investment behavior. A high-net-worth investor must meet certain financial qualifications, while a restricted investor has limitations on high-risk investments. These classifications can impact your savings and investment options.","What does it mean to be a restricted investor?,What does it mean to be a high-net-worth investor?,Glossary of onboarding terms,Investor related tax information",4
retail_investor_stocks_male_45,savings_investments_2,panic_security_fear,emergency! i'm worried about being a restricted investor. losing access? please clarify now before any issues with my savings!,I don't know.,"What does it mean to be a restricted investor?,Why was my Savings Accounts restricted or closed?,Reasons an investment account may be closed,How are my investments with Revolut protected?",4
retail_investor_stocks_male_45,savings_investments_2,angry_after_waiting,"Demanding clarity on high-net-worth status. Savings high, trading active. Need assurance. Previous support vague. Time-sensitive! WHY NO PROPER ANSWER?!","To clarify your high-net-worth status, please review the definition in the onboarding terms glossary. If you meet the criteria, select 'high-net-worth investor' when certifying to invest in crypto ETNs. If you require further assistance, please reach out to our support team for guidance on your specific situation.","What does it mean to be a high-net-worth investor?,What does it mean to be a restricted investor?,Glossary of onboarding terms,Looking for a high return?",4
retail_investor_stocks_male_45,savings_investments_2,confused_by_app_updates,I'm confused about the difference between high-net-worth and restricted investor in the app. Where can I find this information? It seems important for my savings but I'm unsure.,"To understand the difference between high-net-worth and restricted investor classifications in the app, please refer to the article ""What does it mean to be a restricted investor?"" and ""What does it mean to be a high-net-worth investor?"". It is crucial to know this information for your savings.","What does it mean to be a restricted investor?,What does it mean to be a high-net-worth investor?,Glossary of onboarding terms,Investor related tax information",4
retail_investor_stocks_male_45,savings_investments_2,rushing_with_typos,am i restricted investor cause i saw i high-net-worth due my balance is that correct pls,"Based on the information provided in the articles, you should determine if you qualify as a restricted investor or high-net-worth investor based on specific criteria related to your investments and net assets.","What does it mean to be a restricted investor?,What does it mean to be a high-net-worth investor?,Glossary of onboarding terms,Exceeding my ISA allowance",4
retail_investor_stocks_male_45,savings_investments_2,on_the_go_direct,app says investor type restricted. how does it affect my savings growth?,"To learn how being a restricted investor may affect your savings growth, you can access this article: ""What does it mean to be a restricted investor?""","What does it mean to be a restricted investor?,Why was my Savings Accounts restricted or closed?,Kids & Teens Instant Access Savings,Instant Access Savings promotion",4
retail_investor_stocks_male_45,savings_investments_2,voice_transcription,so i'm just like wondering because i think i'm considered a high-net-worth investor now does that affect like how i can use my savings with revolut or any limitations i should know about it's kinda confusing,"To use your savings with Revolut as a high-net-worth investor, there won't be limitations specific to that classification. Your ability to use your savings with Revolut will not be affected by being considered a high-net-worth investor.","What does it mean to be a high-net-worth investor?,Glossary of onboarding terms,What does it mean to be a restricted investor?,What are Wealth Protection limits?",4
retail_investor_stocks_male_45,savings_investments_2,poor_internet_connection,i'm trying to check my AER rates but the page is stuck at loading and connection keeps dropping does the app retry my action or will it fail,"You can try the steps mentioned in the article ""Difficulties with eSIM"" to ensure your eSIM data plan is active and data roaming is turned on. If the issue persists, you can reach out to customer support for further assistance.","I'm having trouble using my Revolut Terminal,My Ramp payment failed. What should I do?,Difficulties with eSIM,Getting started with AIR",4
retail_investor_stocks_male_45,savings_investments_2,vague_first_message,does being wealthy change my saving options because app shows something about my profile,I don't know.,"How can I see my total wealth analytics?,Getting started with Wealth Protection,How do I add a custom asset to my total wealth view?,How can I see my spending and income analytics?",4
retail_investor_stocks_male_45,plans_billing_2,empty,Does my Ultra plan cover trip cancellations for events I didn't book using my Revolut account?,"No, your Ultra plan does not cover trip cancellations for events that were not purchased with your Revolut account.","Am I covered for trips or events that I didn't purchase with my Revolut account with Ultra trip and event cancellation protection?,What is an event?,Will I get a full refund for my trip or event cancellation?,Am I covered by Ultra trip cancellation protection if I need to cancel a flight while abroad?",4
retail_investor_stocks_male_45,plans_billing_2,calm_at_home,"Can I still get coverage for trip or event cancellations if I didn't make the purchase with my Revolut account, under my Ultra plan?",Your trip or event must be purchased with your Revolut account on an active Ultra plan to be covered for cancellations. Expenses paid outside your Revolut account won't be covered unless you purchased the trip no more than one day before upgrading to Ultra.,"Am I covered for trips or events that I didn't purchase with my Revolut account with Ultra trip and event cancellation protection?,Will I get a full refund for my trip or event cancellation?,Am I covered by Ultra trip cancellation protection if I need to cancel a flight while abroad?,What is an event?",4
retail_investor_stocks_male_45,plans_billing_2,panic_security_fear,emergency trip planned but not paid with Revolut am i covered if i cancel? need to know fast please help,You will not be covered if your emergency trip was not paid for with your Revolut account on an active Ultra plan.,"Am I covered for trips or events that I didn't purchase with my Revolut account with Ultra trip and event cancellation protection?,How do I make a cancel for any reason protection claim?,Cover for cancelled and interrupted trips,Do I have to pay for my trip using my Revolut account?",4
retail_investor_stocks_male_45,plans_billing_2,angry_after_waiting,Plan includes trip cover yet denied claim because I didn’t purchase using Revolut. This is unacceptable! FIX THIS NOW.,"I'm sorry, I don't have the information to address your specific concern about not purchasing using Revolut affecting your trip cover claim denial.","Cover for delayed trips,How do I make a cancel for any reason protection claim?,Travel insurance coverage,Cover for damaged, lost, or delayed baggage",4
retail_investor_stocks_male_45,plans_billing_2,confused_by_app_updates,I don't understand if I'm protected by Ultra plan for trips I booked outside Revolut. Where can I confirm coverage for cancellations involving my travel companion?,"You must book your trip with your Revolut account on an active Ultra plan to be covered by Ultra trip and event cancellation protection. For cancellations involving your travel companion, check the policy T&Cs to confirm coverage.","Am I covered for trips or events that I didn't purchase with my Revolut account with Ultra trip and event cancellation protection?,Will I get a full refund for my trip or event cancellation?,Am I covered by Ultra trip cancellation protection if I need to cancel a flight while abroad?,Ultra trip & event cancellation with companion coverage",4
retail_investor_stocks_male_45,plans_billing_2,rushing_with_typos,"if i dd not buy my trip with revolut, does ultra still cover cancellations?",Your trip must be purchased with your Revolut account on an active Ultra plan to be covered under the Ultra trip and event cancellation protection. Expenses paid outside your Revolut account won't be covered unless upgraded to the Ultra plan within one day of the trip or event purchase.,"Am I covered for trips or events that I didn't purchase with my Revolut account with Ultra trip and event cancellation protection?,Will I get a full refund for my trip or event cancellation?,Getting started with cancel for any reason protection,How do I make a cancel for any reason protection claim?",4
retail_investor_stocks_male_45,plans_billing_2,on_the_go_direct,ultra plan trip cancellation coverage works for events not booked with revolut account?,"You are only covered for trips or events that you purchase with your Revolut account on an active Ultra plan. Expenses paid outside your Revolut account or before upgrading to the Ultra plan will not be covered, unless the trip or event was purchased no more than one day before upgrading to Ultra.","Am I covered for trips or events that I didn't purchase with my Revolut account with Ultra trip and event cancellation protection?,What is an event?,Event ticket cancellation protection coverage,Will I get a full refund for my trip or event cancellation?",4
retail_investor_stocks_male_45,plans_billing_2,voice_transcription,uh so i'm trying to understand if like my trip and event protection covers things i didn't book directly with revolut and um does it include stuff for anyone traveling with me too or just my bookings,"Your trip and event protection only covers trips and events purchased with your Revolut account on an active Ultra plan. It does not include expenses paid outside your Revolut account unless upgraded to Ultra within one day of booking. Protection is for your bookings, not for those traveling with you.","Am I covered for trips or events that I didn't purchase with my Revolut account with Ultra trip and event cancellation protection?,Do I have to pay for my trip using my Revolut account?,Travel insurance coverage,What is an event?",4
retail_investor_stocks_male_45,plans_billing_2,poor_internet_connection,"having connection issues with app trying to check if ultra covers events not booked through revolut, stuck at loading and uploads fail, will retry work or should i wait for better signal","Retry the upload to check the Ultra coverage for events not booked through Revolut. If the issue persists, wait for better signal to ensure a successful upload.","I'm having trouble using my Revolut Terminal,Difficulties with eSIM,Am I covered for trips or events that I didn't purchase with my Revolut account with Ultra trip and event cancellation protection?,Difficulty logging in",4
retail_investor_stocks_male_45,plans_billing_2,vague_first_message,"if i didn't book a trip with the app, is it still covered by that protection thing?","No, your trip must be purchased with your Revolut account on an active Ultra plan to be covered by the Ultra trip and event cancellation protection. Expenses paid outside your Revolut account won't be covered unless you upgraded to the Ultra plan no more than one day before purchasing the trip.","Am I covered for trips or events that I didn't purchase with my Revolut account with Ultra trip and event cancellation protection?,My supplier won’t let me cancel my trip/event. Am I covered with Ultra trip and event cancellation protection?,Am I covered by Ultra trip cancellation protection if I need to cancel a flight while abroad?,Cover for cancelled and interrupted trips",4
retail_investor_stocks_male_45,savings_investments_3,empty,How do I determine if I'm considered a high-net-worth or restricted investor?,"To determine if you're considered a high-net-worth investor or a restricted investor, you need to assess if you meet the criteria outlined in the Glossary of onboarding terms article. If you have invested less than 10% of your net assets in high-risk investments in the past 12 months and intend to invest less than 10% in the next 12 months, you are a restricted investor. If you meet the criteria for a high-net-worth investor, you qualify based on specific financial thresholds.","What does it mean to be a high-net-worth investor?,What does it mean to be a restricted investor?,Glossary of onboarding terms,What information do I need to provide to onboard to trading?",4
retail_investor_stocks_male_45,savings_investments_3,calm_at_home,Can you explain the requirements and implications of being classified as a high-net-worth versus a restricted investor? I'm evaluating my options for managing my substantial savings.,"To invest in crypto ETNs, you need to certify as either a high-net-worth or restricted investor. Being classified as a high-net-worth investor means meeting certain financial criteria. On the other hand, a restricted investor has limitations on high-risk investments. For more details, refer to the Glossary of onboarding terms and the provided articles.","What does it mean to be a high-net-worth investor?,What does it mean to be a restricted investor?,Glossary of onboarding terms,Understanding our onboarding question about affiliations",4
retail_investor_stocks_male_45,savings_investments_3,panic_security_fear,"my account flagged as restricted investor, is my savings at risk? emergency response needed please help now","Based on the provided articles, being flagged as a restricted investor does not necessarily put your savings at risk. The restriction typically relates to your ability to invest in specific products, such as crypto exchange-traded notes. You can find more information in the article ""What does it mean to be a restricted investor?"" I recommend reviewing the content about restricted investors for detailed information.","Why was my Savings Accounts restricted or closed?,My account was restricted or closed,Reasons an investment account may be closed,What does it mean to be a restricted investor?",4
retail_investor_stocks_male_45,savings_investments_3,angry_after_waiting,"Why am I labeled as ""restricted investor"" AGAIN? I'm not a beginner, have high balance, monitor daily AER. FIX THIS NOW! Annoyed with delays!",I don't know.,"What does it mean to be a restricted investor?,Glossary of onboarding terms,Understanding the account review process,What does it mean to be a high-net-worth investor?",4
retail_investor_stocks_male_45,savings_investments_3,confused_by_app_updates,"I'm seeing something about different types of investors in the app, like high-net-worth and restricted. Not sure what these mean or how they apply to my savings. Where do I find detailed info?","To find detailed information about high-net-worth and restricted investors in the app, you can access the Glossary of onboarding terms. It will explain the meaning of these terms and how they apply to your savings.","Glossary of onboarding terms,What does it mean to be a restricted investor?,What does it mean to be a high-net-worth investor?,How can I see my total wealth analytics?",4
retail_investor_stocks_male_45,savings_investments_3,rushing_with_typos,im trading etfs nd want to know if i classified high-net-worth or restricted investr how does that wrok,"To know if you are a high-net-worth investor or a restricted investor, you need to consider your investment history. High-net-worth investors have specific qualifications based on their financial status, while restricted investors have limitations on high-risk investments. Please review your investment activities before selecting your classification.","What does it mean to be a high-net-worth investor?,What does it mean to be a restricted investor?,Glossary of onboarding terms,Get started with crypto ETNs",4
retail_investor_stocks_male_45,savings_investments_3,on_the_go_direct,"ATM line, can't check savings rate classification, need quick clarification.","Please check your savings rate classification in your app settings, depending on your plan. If you need further clarification, you can reach out to our support team for assistance.","How is interest calculated on tiered Instant Access Savings?,Limits,Why was my ATM withdrawal declined?,Rate decrease on my Instant Access Savings",4
retail_investor_stocks_male_45,savings_investments_3,voice_transcription,"so like i’ve been saving quite a bit and trading my ETFs uh daily, just wondering like does this make me a high-net-worth investor or like is there some criteria about being a restricted investor here","Based on the information provided, trading ETFs daily would not automatically classify you as a high-net-worth investor or a restricted investor. To determine your classification, you need to consider specific criteria related to your net assets and high-risk investments. Please review the criteria outlined in the articles ""What does it mean to be a restricted investor?"" and ""What does it mean to be a high-net-worth investor?"" for further clarification.","What does it mean to be a restricted investor?,What does it mean to be a high-net-worth investor?,Glossary of onboarding terms,Get started with crypto ETNs",4
retail_investor_stocks_male_45,savings_investments_3,poor_internet_connection,"Trying to check my savings status, app keeps timing out. Will my high balance and investor level affect this, or is it just connectivity?",Why are my statement balance and in-app balance different?,"Why are my statement balance and in-app balance different?,I'm having trouble using my Revolut Terminal,Trouble with my selfie verification for Wealth Protection,Difficulty logging in",4
retail_investor_stocks_male_45,savings_investments_3,vague_first_message,why is my big savings account showing limited options when i try to invest,I don't know.,"Kids & Teens Instant Access Savings,Getting started with Savings,Fund my investment account,Why was my Savings Accounts restricted or closed?",4
cafe_owner_smb_female_52,other_1,empty,"Having trouble logging in, is my coffee shop not supported by Revolut?","To help you troubleshoot the logging in issue, please follow these steps:
1. Turn on your Revolut Terminal and ensure the cables are securely connected.
2. Choose 'Login with Revolut' and enter your Revolut email.
If you still face issues, you may need to check if your Revolut Terminal is linked to an active Revolut Pro account.","I'm having trouble using my Revolut Terminal,Difficulty logging in,How do I log in to my Revolut Terminal?,Why is the Revolut app no longer supported on my device?",4
cafe_owner_smb_female_52,other_1,calm_at_home,I cannot log into my Revolut account. Does this have to do with my coffee shop not being supported by Revolut? Please help.,"You might be experiencing difficulty logging in to your Revolut account. To resolve this issue, you can log in with your phone number associated with your account. If that doesn't work, please contact Revolut Support for assistance with your specific situation.","I'm having trouble using my Revolut Terminal,Difficulty logging in,How do I log in to my Revolut Terminal?,Lost or stolen device",4
cafe_owner_smb_female_52,other_1,panic_security_fear,can't log in to app could someone unauthorized access my account emergency please help fix now,Tap this link https://app.revolut.com/lost-device to report a lost device. Follow the steps provided in the link to help secure your account.,"Lost or stolen device,I lost access to my passkey,Difficulty logging in,I lost access to a device my passkey is stored on",4
cafe_owner_smb_female_52,other_1,angry_after_waiting,"CAN'T log in to app. Need access NOW. Tried support, NO response. Your service is UNACCEPTABLE! Fix it!","If you are unable to log in to your Revolut account, ensure you are using the phone number associated with your account and follow the steps in the ""Difficulty logging in"" article. If you are still unable to access your account, you can report a lost device following the steps provided in the ""Lost or stolen device"" article.","Difficulty logging in,Trouble with mobile verification code,Lost or stolen device,I'm having trouble using my Revolut Terminal",4
cafe_owner_smb_female_52,other_1,confused_by_app_updates,"trying to log in to my app but it says something about merchants not supported, i only run a coffee shop what does this mean how can i fix it","I'm sorry, I don't know the answer to that.","Pro account under review or payments not working,Declined card payment isn't visible,My card payment was declined,Failed payment on Tap to Pay on iPhone",4
cafe_owner_smb_female_52,other_1,rushing_with_typos,cn't login to app keep saying incorrect pls help what to do thx,"If you're having trouble logging in and receive an ""incorrect"" message, you can follow these steps:

1. Make sure you're using the correct phone number associated with your Revolut account to log in.
2. Check your network signal, SMS filtering settings on your phone, and your phone inbox.
3. Try refreshing your network signal by switching airplane mode on and then off.
4. If the issue persists, consider using the face ID or fingerprint login option for added security.

If these steps do not resolve your issue, please let me know for further assistance.","Difficulty logging in,Trouble with mobile verification code,I'm having trouble using my Revolut Terminal,Sign in with face ID or fingerprint",4
cafe_owner_smb_female_52,other_1,on_the_go_direct,"can't log in app, urgent sale checkout now, fix please","Difficulty logging in: To log in, you must use the phone number associated with your Revolut account. If you've changed your phone number, you may need to log in with your old number first.","Difficulty logging in,My Ramp payment failed. What should I do?,Pro account under review or payments not working,I'm having trouble using my Revolut Terminal",4
cafe_owner_smb_female_52,other_1,voice_transcription,um trying to login to my revolut app but it's not working uh do you not support coffee shop owners like me or is there some issue with my account i need access for daily settlements,"If you are unable to login to your Revolut app, you may need to log in with the phone number associated with your account or deal with connectivity issues. If you require further assistance, please submit a request through the app.","I'm having trouble using my Revolut Terminal,Difficulty logging in,Accessing the Retail Web App,My card payment was declined",4
cafe_owner_smb_female_52,other_1,poor_internet_connection,"App not loading on my iPhone, connection keeps dropping. Will it retry or finish orders if the connection fails? Need help with login too.",I don't know.,"Failed payment on Tap to Pay on iPhone,Trouble with mobile verification code,Difficulty logging in,I'm having trouble using my Revolut Terminal",4
cafe_owner_smb_female_52,other_1,vague_first_message,"can't log in, the app says problem with my shop, is it because of coffee sales?","I'm sorry, I don't know the answer to that.","Difficulty logging in,Pro account under review or payments not working,My card payment was declined by the security system,Trouble with mobile verification code",4
cafe_owner_smb_female_52,cards_atm_1,empty,Why is my card deposit restricted when I try to top up with my Ukraine card?,"The new Visa rules classify money movement differently, resulting in restricted card top-up limits for your Ukraine card.","Ukraine card top-up limits,Can I transfer money to Ukraine?,Why was my top-up reverted?,Why your card top-ups may be blocked",4
cafe_owner_smb_female_52,cards_atm_1,calm_at_home,"I try add money to card, but it not work. Is there limit for top-ups or transfer restrictions I need check?","Your card top-up may not be working due to limits set by our automated security system based on the total amount you’ve added by card in the past 24 hours or 7 days. These limits reset on a rolling basis. You can read more about it in the ""Card deposit limits and fees"" article.","Why your card top-ups may be blocked,How to add money with a card,Transferring funds to an external card,Card deposit limits and fees",4
cafe_owner_smb_female_52,cards_atm_1,panic_security_fear,emergency my card not accepting deposits at shop today fear fraud please help quickly,"To resolve issues with your card not accepting deposits at shops due to fraud concerns, please review the payment via the in-app questionnaire. You can access the questionnaire by going to the home page of your Revolut app and tapping the relevant tile.","My card payment was declined by the security system,My card has been used fraudulently,My card deposit didn't work,Why your card top-ups may be blocked",4
cafe_owner_smb_female_52,cards_atm_1,angry_after_waiting,WHY can't I top up with my Ukraine card? Keeps blocking. Tried fixing but NOTHING helped. Need solution NOW. Frustrated!,I'm sorry for the inconvenience. The restrictions on your Ukraine card top-up may be due to changes in Visa rules. This could also be caused by your issuing bank or previous unsuccessful attempts. You may need to contact our support team for further assistance.,"Ukraine card top-up limits,Why your card top-ups may be blocked,Problems with my card PIN,Auto top-ups",4
cafe_owner_smb_female_52,cards_atm_1,confused_by_app_updates,"i try to add money from card but app says something about limit for card from ukraine, can you explain where i find this information and what it means for my account?","You can find information on Ukraine card top-up limits in the ""Ukraine card top-up limits"" article. The new restrictions are due to changes in Visa rules. To understand the impact on your account, refer to the explanation provided in the article.","Ukraine card top-up limits,Can I transfer money to Ukraine?,How to add money with a card,Card payment fees and limits",4
cafe_owner_smb_female_52,cards_atm_1,rushing_with_typos,cant topup card says something wrong limits otpions? i need help fast pls,"To troubleshoot issues with topping up your card, you can check for payment blocks or contact your issuing bank for assistance. Additionally, you can reset your card's contactless limit in the Revolut app.","Auto top-ups,Problems with my card PIN,Why your card top-ups may be blocked,Why aren’t my contactless payments working?",4
cafe_owner_smb_female_52,cards_atm_1,on_the_go_direct,card deposit blocked at busy checkout need fix fast,"Your card deposit may be blocked because your issuing bank has declined a previous payment using this card, or due to multiple unsuccessful attempts to make the payment. These blocks can last up to 30 days as per Visa and Mastercard rules.","Why your card top-ups may be blocked,My card deposit didn't work,My card has been swallowed by an ATM,My card payment was declined by the security system",4
cafe_owner_smb_female_52,cards_atm_1,voice_transcription,hi um i'm having trouble with my card like why can't i put money into my revolut account from my card it's not working and i need it for my shop payments it's kind of urgent,"To add money to your Revolut account from your card, please follow these steps:
1. Go to 'Home' on the bottom menu.
2. Tap Add moneyhttps://app.revolut.com/accounts/topuprevolut://app/topup.
3. Enter the amount.
4. Under the amount, choose your payment methodhttps://app.revolut.com/auto-topuprevolut://app/topup-method.
5. Set the currency to your card's local currency.

If you experience issues, you can refer to this article for troubleshooting: https://www.revolut.com/en-US/help/accounts/topping-up/add-money-with-a-card","My card payment was declined,My physical card isn't working,My virtual card is not working,How to add money with a card",4
cafe_owner_smb_female_52,cards_atm_1,poor_internet_connection,"card not loading, try tap pay for coffee shop, screen stuck and timeout - does transaction finish if connection is bad?","Ask the customer to hold their contactless payment method closer to the terminal to ensure a successful transaction. If the screen is stuck or times out during the transaction, the payment may not be completed.","Failed payment on Tap to Pay on iPhone,Failed payments on the Revolut Terminal,My physical card isn't working,Decline reasons on Apple Pay and Google Pay",4
cafe_owner_smb_female_52,cards_atm_1,vague_first_message,why my card not working when i try put money from ukraine limit problem?,"The new restrictions for card top-ups from Ukraine are due to changes in Visa rules effective from September 30, 2024. These changes affect the movement of money from one account to another through a card. If you are experiencing issues topping up your Revolut account from Ukraine, the new restrictions may be the reason.","Ukraine card top-up limits,Can I transfer money to Ukraine?,Why aren’t my contactless payments working?,My card payment was declined",4
cafe_owner_smb_female_52,transfers_1,empty,How can I transfer money from our coffee shop joint account to another account using my phone app?,"To transfer money from your coffee shop joint account to another account using your phone app, follow these steps:
- Go to 'Home' on the bottom menu
- Below your balance, tap 'Accounts'
- Select your Joint account
- Tap 'More' → 'Transaction History'
- Find the transaction you want to transfer
- Tap on the transaction, then select 'Send Money' and follow the instructions.","Joint account transfers,Adding money to a Joint account,How do I add funds to my Pro account?,Schedule a transfer",4
cafe_owner_smb_female_52,transfers_1,calm_at_home,How do I transfer money from my coffee shop account to a joint account with a different Revtag?,"I'm sorry, I don't have information on how to transfer money between accounts with different Revtags.","Joint account transfers,Adding money to a Joint account,Setting up a Joint account,I want to close my Joint account",4
cafe_owner_smb_female_52,transfers_1,panic_security_fear,"transfer sent to joint account but not appearing, worried about fraud. urgent check needed, please help now!","If you suspect a fraudulent transfer to a joint account, please contact our Customer Support team immediately by requesting a live agent in the in-app chat. Our team will assist you in securing your account and verifying the transfer.","I received a transfer from an unknown sender,Report a fraudulent transfer,Joint account transfers,I want to cancel my transfer to a card",4
cafe_owner_smb_female_52,transfers_1,angry_after_waiting,"Tried sending from joint account, not working. WHY? Need this fixed. Tired of waiting. Fix the issue NOW.",I cannot find specific information in the articles provided.,"Revolut closed my joint account,Joint account transfers,Setting up a Joint account,Managing joint account ownership",4
cafe_owner_smb_female_52,transfers_1,confused_by_app_updates,"I want to send money from joint account but I don't see where to do that. It says something about 'Revtag', what does this mean?",I don't know.,"Joint account transfers,Setting up a Joint account,Adding money to a Joint account,I want to close my Joint account",4
cafe_owner_smb_female_52,transfers_1,rushing_with_typos,need to move joint account funds but can't change revtag what's wrong pls assist,"Please tap your profile icon, select 'Account' and 'Personal details', then tap your Revtag to change it. You can refer to the article ""Change my Revtag"" for detailed steps.","Change my Revtag,Revolut closed my joint account,Managing joint account ownership,What will happen to my Joint account?",4
cafe_owner_smb_female_52,transfers_1,on_the_go_direct,"need to send money to joint account, change Revtag first. How?","I'm sorry, I don't have the information on how to change your RevTag for your Joint account.","Adding money to a Joint account,Joint account transfers,Setting up a Joint account,I want to close my Joint account",4
cafe_owner_smb_female_52,transfers_1,voice_transcription,uh i tried transferring money from our joint account to my VAT pocket but it's not working did i like need to change something in my app like maybe my tag or something um help please,"Refer to the article ""Insufficient funds for scheduled transfer."" You'll need to complete a one-time transfer to send the money if the transfer failed due to insufficient funds in the relevant currency account or assigned Pocket.","Insufficient funds for scheduled transfer,My transfer to or from someone on Revolut wasn't received,What if I don't have enough money in my bills Pocket?,I can't find my Vaults",4
cafe_owner_smb_female_52,transfers_1,poor_internet_connection,"trying to transfer to joint account but connection keeps dropping, app stuck loading can you tell if it will still go through despite this problem","I'm sorry, I don't have the information to address your query.","Joint account transfers,What happens if my joint account balance goes negative?,Insufficient funds for scheduled transfer,What will happen to my Joint account?",4
cafe_owner_smb_female_52,transfers_1,vague_first_message,"my money missing after transfer, maybe something wrong with the joint thing?",I received a transfer from an unknown sender. Contact our Customer Support team through the in-app chat for assistance. Do not send the money back without guidance from our team to keep your account safe.,"I received a transfer from an unknown sender,Joint account transfers,Why is my transfer to a bank account still pending?,Insufficient funds for scheduled transfer",4
cafe_owner_smb_female_52,savings_investments_1,empty,How can I use savings to help with VAT payments from my coffee shop sales?,"I'm sorry, I don't have enough information to answer your query.","Add money to your savings account,Tax on Savings,Getting started with Savings,Savings Challenge",4
cafe_owner_smb_female_52,savings_investments_1,calm_at_home,How much tax will I pay on savings? I want to know if interest from the Instant Access account is taxed before it goes into my pocket.,Revolut doesn't withhold any tax on your interest income earned. You have sole responsibility for the management of your legal obligations and tax affairs.,"How is interest calculated on tiered Instant Access Savings?,Earning interest with Savings,Tax on Savings,Rate decrease on my Instant Access Savings",4
cafe_owner_smb_female_52,savings_investments_1,panic_security_fear,"can't access my savings now, worried about fraud, need to know if taxes affect my money, please urgent help","Revolut doesn't withhold any tax on your interest income earned. You have sole responsibility for the management of your legal obligations and tax affairs. If you are concerned about fraud, please refer to our T&Cs regarding Savings Account security.","How can I improve my financial health?,Tax on Savings,Feeling pressured or threatened?,Why was my Savings Accounts restricted or closed?",4
cafe_owner_smb_female_52,savings_investments_1,angry_after_waiting,"Instant access savings delay, why taxed now? I need answers FAST. Help before I lose patience. FIX THIS.","I'm sorry, but I don't have information on instant access savings delay or tax implications.","How is interest calculated on tiered Instant Access Savings?,Kids & Teens Instant Access Savings,Instant Access Savings promotion,Rate decrease on my Instant Access Savings",4
cafe_owner_smb_female_52,savings_investments_1,rushing_with_typos,"hi, how to save money with instant acces savings and what about tax is there a promotion thx","To save money with Instant Access Savings and for information on tax implications, you can refer to the ""Getting started with Savings"" article. Additionally, there is a promotion for eligible new and existing Revolut UK customers, as mentioned in the ""Instant Access Savings promotion"" article.","Kids & Teens Instant Access Savings,Instant Access Savings promotion,Getting started with Savings,Rate decrease on my Instant Access Savings",4
cafe_owner_smb_female_52,savings_investments_1,on_the_go_direct,how fast can i access my savings instantly need now for taxes,"You can access your savings instantly for taxes by following the withdrawal steps outlined in the article ""Withdraw from your Savings account.""Withdrawals to your main currency account should be free and instant.","Kids & Teens Instant Access Savings,Getting started with Savings,Instant Access Savings promotion,Withdraw from your Savings account",4
cafe_owner_smb_female_52,savings_investments_1,voice_transcription,hi um i have some savings in the app and like how does the tax work on that do i need to set aside something for taxes or is it included already in the earnings please help thanks,"Revolut doesn't withhold any tax on your interest income earned, so you are responsible for managing your tax obligations related to your savings.","Tax on Savings,Taxes on crypto,Documents and statements for my Savings accounts,Add money to your savings account",4
cafe_owner_smb_female_52,savings_investments_1,poor_internet_connection,"i try to check the savings offers but app not loading, keeps retrying. if connection drops, is my money saved with tax pocket still safe?","I'm sorry, I don't know the answer to that question based on the provided articles.","Revolut Kids & Teens Save,What if I don't have enough money in my bills Pocket?,What are Pro Pockets?,Tax on Savings",4
cafe_owner_smb_female_52,savings_investments_1,vague_first_message,"i pressed savings button and now can't find my extra money, where did it go?","For Revolut app versions 10 and above, Vaults have been removed. You can now use our Pockets, and Savings Account. You may have added your extra money to your Savings Account. You can check your Savings Account to locate your extra money.","I can't find my Vaults,I just made an exchange, but I can't find my money,Add money to your savings account,How to make cash deposits",4
cafe_owner_smb_female_52,plans_billing_1,empty,Can I get trip protection for my coffee shop events with my current plan or do I need to upgrade?,Your coffee shop events must be purchased with your Revolut account on an active Ultra plan to be covered for trip protection. Any expenses paid outside your Revolut account or before upgrading to the Ultra plan won't be covered unless you purchased the event no more than one day before upgrading to Ultra.,"Am I covered for trips or events that I didn't purchase with my Revolut account with Ultra trip and event cancellation protection?,My supplier won’t let me cancel my trip/event. Am I covered with Ultra trip and event cancellation protection?,Am I covered by Ultra trip cancellation protection if I need to cancel a flight while abroad?,Cover for cancelled and interrupted trips",4
cafe_owner_smb_female_52,plans_billing_1,calm_at_home,I am checking my Revolut plan. Can you tell me if the trip cancellation protection still applies after I remove the Premium plan?,Trip cancellation protection only applies if you have the Metal plan and the cancellation reason is covered by the policy's T&Cs. Removing the Premium plan will impact the level of protection offered.,"Am I covered for trips or events that I didn't purchase with my Revolut account with Ultra trip and event cancellation protection?,Cover for cancelled and interrupted trips,Premium plan,Will I get a full refund for my trip or event cancellation?",4
cafe_owner_smb_female_52,plans_billing_1,panic_security_fear,"please help! i think travel insurance is gone, what if trip gets canceled? i am worried about fraud or losing money, emergency!","If your trip is eligible and the cancellation reason is covered by the policy's T&Cs, your travel insurance may cover trip cancellations. Contact your travel insurance provider for assistance. If you suspect fraud or are worried about losing money, you can follow these steps in the Revolut app to review the policy terms and conditions: [Travel insurance coverage](https://www.revolut.com/help/travel/being-prepared/insurance-coverage).","Cover for cancelled and interrupted trips,My supplier won’t let me cancel my trip/event. Am I covered with Ultra trip and event cancellation protection?,Cover for delayed trips,Travel insurance coverage",4
cafe_owner_smb_female_52,plans_billing_1,angry_after_waiting,"STILL no update on trip cancellation protection. NEED this resolved NOW. I upgraded for coverage, not delays. Immediate action required!","I'm sorry for the inconvenience you are experiencing. To resolve your trip cancellation protection issue, you will need to contact Revolut directly for immediate assistance.","Am I covered by Ultra trip cancellation protection if I need to cancel a flight while abroad?,My supplier won’t let me cancel my trip/event. Am I covered with Ultra trip and event cancellation protection?,Cover for cancelled and interrupted trips,Am I covered for trips or events that I didn't purchase with my Revolut account with Ultra trip and event cancellation protection?",4
cafe_owner_smb_female_52,plans_billing_1,confused_by_app_updates,I'm not sure how to use the travel insurance. Is it still there with my plan? I don't see anything about claims or protection.,"If you are unsure how to use the travel insurance or if it is still available with your plan, you can view the policy terms, conditions, and how to make a claim by following these steps in the Revolut app: [Travel insurance coverage article]. Reach out to Chubb directly for any questions regarding the coverage or claims.","Travel insurance coverage,Cover for delayed trips,Claiming after Premium travel insurance removal,Cover for cancelled and interrupted trips",4
cafe_owner_smb_female_52,plans_billing_1,rushing_with_typos,i cnat find who covers trip canceltion insurnce in my plan can u help fast pls,"In your Metal plan, your travel insurance covers trip cancellations, with cover up to £5,000 per insured person for eligible trips and covered reasons.","Cover for cancelled and interrupted trips,My supplier won’t let me cancel my trip/event. Am I covered with Ultra trip and event cancellation protection?,Am I covered by Ultra trip cancellation protection if I need to cancel a flight while abroad?,How do I make a cancel for any reason protection claim?",4
cafe_owner_smb_female_52,plans_billing_1,on_the_go_direct,"need help with trip cancellation insurance details from revolut, quick","Refer to the ""Getting started with cancel for any reason protection"" article for details on trip cancellation insurance from Revolut.","How do I make a cancel for any reason protection claim?,Travel insurance coverage,What are the limits of cover and deductibles?,Getting started with cancel for any reason protection",4
cafe_owner_smb_female_52,plans_billing_1,voice_transcription,"um the thing is I got this premium thing like travel insurance and now it's not there how do I claim if I have like a cancellation issue with my event or trip, can you tell me who covers this now","Since Premium travel insurance is no longer included as a benefit, you can contact Chubb directly to submit your claim for any events that occurred before the cut-off date. You can find more information on how to submit your claim on Chubb's website.","My supplier won’t let me cancel my trip/event. Am I covered with Ultra trip and event cancellation protection?,Cover for cancelled and interrupted trips,Am I covered by Ultra trip cancellation protection if I need to cancel a flight while abroad?,Claiming after Premium travel insurance removal",4
cafe_owner_smb_female_52,plans_billing_1,poor_internet_connection,my app keeps getting stuck on loading screen when i try to check event cancellation protection what to do if connection seems poor will my action finish,"Check if your device has a stable internet connection and try refreshing it. If the issue persists, you may need to troubleshoot your network settings or switch to a different network.","I'm having trouble using my Revolut Terminal,My card payment was declined by the security system,Trouble with mobile verification code,Delayed (offline) card payments",4
cafe_owner_smb_female_52,plans_billing_1,vague_first_message,my event got canceled who helps with getting my money back from this,"Please contact the supplier of the event and negotiate directly with them for a refund, credit, or reschedule option. You can also refer to the details of the Event ticket cancellation protection coverage for possible reimbursement if you can't attend due to covered circumstances.","My supplier won’t let me cancel my trip/event. Am I covered with Ultra trip and event cancellation protection?,Will I get a full refund for my trip or event cancellation?,Event ticket cancellation protection coverage,Ultra trip & event cancellation with companion coverage",4
cafe_owner_smb_female_52,business_merchant_1,empty,I can't process payments with the terminal. What should I do to fix this?,"Check if you have an active Revolut Pro account and ensure your terminal has a stable internet connection. If the payment fails, investigate potential reasons like insufficient funds or a blocked card.","Failed payments on the Revolut Terminal,I'm having trouble using my Revolut Terminal,Cards and contactless payments with Revolut Terminals,Cancel a transaction on the Revolut Terminal",4
cafe_owner_smb_female_52,business_merchant_1,calm_at_home,"I'm having difficulty with the Revolut Terminal when customers use Tap to Pay on iPhone. Transactions aren't processing correctly, and I need help to resolve this issue.","Ask the customer to hold their contactless payment closer to the terminal to ensure the transaction goes through smoothly. If the issue persists, try to troubleshoot the terminal's internet connection to ensure a stable connection for processing payments.","Failed payment on Tap to Pay on iPhone,I'm having trouble using my Revolut Terminal,Failed payments on the Revolut Terminal,Using Tap to Pay on iPhone to take payments",4
cafe_owner_smb_female_52,business_merchant_1,panic_security_fear,"Revolut Terminal not processing payments! Customers waiting please help, emergency! Is it reader issue? Need fix now please.","I'm sorry to hear you're experiencing issues with processing payments on your Revolut Terminal. Please make sure you have an active Revolut Pro account, sufficient funds in your account, and a stable internet connection. If the issue persists, consider checking the card connectivity and ensuring the customer holds their contactless payment properly.","Failed payments on the Revolut Terminal,I'm having trouble using my Revolut Terminal,Cards and contactless payments with Revolut Terminals,Failed payment on Tap to Pay on iPhone",4
cafe_owner_smb_female_52,business_merchant_1,angry_after_waiting,"TERMINAL NOT WORKING. Customers waiting, losing sales. FIX THIS NOW. Support no help, too slow. Need working solution TODAY.",I'm having trouble using my Revolut Terminal might be due to not having an active Revolut Pro account or unstable internet connection. Please check for any requests in-app or ensure a stable internet connection to resolve the issue.,"I'm having trouble using my Revolut Terminal,Failed payments on the Revolut Terminal,My physical card isn't working,Failed payment on Tap to Pay on iPhone",4
cafe_owner_smb_female_52,business_merchant_1,rushing_with_typos,hi my terminal not working cant process payments with tap to pay on iphone help pls fast thx,"If you are having trouble using your terminal for Tap to Pay on iPhone, please check if you have an active Revolut Pro account and ensure that your terminal's internet connection is stable. If the issue persists, contact our support team for further assistance.","Failed payment on Tap to Pay on iPhone,I'm having trouble using my Revolut Terminal,Using Tap to Pay on iPhone to take payments,My physical card isn't working",4
cafe_owner_smb_female_52,business_merchant_1,on_the_go_direct,"Can't process payment on reader, customer waiting, fix it quick.",Trouble accepting a contactless payment? Ask the customer to hold their contactless payment close to the reader.,"What is Revolut Reader and how do I use it?,Failed payment on Tap to Pay on iPhone,My card payment is pending,Failed payments on the Revolut Terminal",4
cafe_owner_smb_female_52,business_merchant_1,voice_transcription,um i'm having a problem with the card reader it like won't connect to the app when i try to take payments and i checked the settings but not sure if their right can someone help please,"I'm sorry, I don't see a relevant article to your query. I recommend checking your card reader settings and contacting the card reader provider's customer support for assistance.","My physical card isn't working,Failed payment on Tap to Pay on iPhone,My card payment was declined,Problems with my card PIN",4
cafe_owner_smb_female_52,business_merchant_1,poor_internet_connection,"my revolut terminal keeps getting stuck at loading and won't process payments, what to do when the connection is bad, will it finish the sale","If your Revolut terminal is stuck at loading due to a bad connection, it may not finish the sale. Ensure you have a stable internet connection to process payments smoothly.","Failed payments on the Revolut Terminal,I'm having trouble using my Revolut Terminal,Cancel a transaction on the Revolut Terminal,My Ramp payment failed. What should I do?",4
cafe_owner_smb_female_52,business_merchant_1,vague_first_message,my money disappeared after i use the machine it charged me twice please fix,"If you have been charged twice by an ATM machine and the money disappeared, it is recommended to report a fraudulent transaction in the app. Here's how to do it:
- Go to 'Home' on the bottom menu
- Go to transactions and report the transactions as fraudulent payments.","My card has been swallowed by an ATM,My card has been used fraudulently,Why was my top-up reverted?,Why was my ATM withdrawal declined?",4
cafe_owner_smb_female_52,business_merchant_2,empty,How long does it take to get the tap to pay terminal after ordering for my coffee shop?,"Your Revolut Terminal is usually shipped within the next business day after your order is confirmed. Once shipped, delivery typically takes 2 business days.","When will I receive my Revolut Terminal?,I ordered a card and it didn't arrive,How do I order a Revolut Terminal?,Failed payment on Tap to Pay on iPhone",4
cafe_owner_smb_female_52,business_merchant_2,calm_at_home,I want to know more about Revolut Terminal for my coffee shop. How long does it take for the hardware to arrive after ordering?,"Your Revolut Terminal is usually shipped within the next business day after your order is confirmed. Once shipped, delivery typically takes 2 business days.","When will I receive my Revolut Terminal?,How do I order a Revolut Terminal?,What are Revolut Terminals?,Warranty on Revolut Terminals",4
cafe_owner_smb_female_52,business_merchant_2,panic_security_fear,need terminal for my coffee shop urgent when is it arriving please help worried about customer payments now,"When will I receive my Revolut Terminal? Your Revolut Terminal is usually shipped within the next business day after your order is confirmed. Once shipped, delivery typically takes 2 business days.","When will I receive my Revolut Terminal?,Failed payments on the Revolut Terminal,I'm having trouble using my Revolut Terminal,How do I order a Revolut Terminal?",4
cafe_owner_smb_female_52,business_merchant_2,angry_after_waiting,"WHERE is my terminal?! Needed it DAYS ago for my coffee shop. No update, no help from support. FIX THIS NOW!",I don't know.,"I'm having trouble using my Revolut Terminal,When will I receive my Revolut Terminal?,How do I log in to my Revolut Terminal?,How do I order a Revolut Terminal?",4
cafe_owner_smb_female_52,business_merchant_2,confused_by_app_updates,i ordered terminal for my shop but still nothing where can i check status or did i miss something in app options,"You can check the status of your Revolut Terminal order by going to the 'Home' section in the app, tapping on 'Accounts' and then 'Pro account.' If you encounter any issues, please make sure you have an active Revolut Pro account and a stable internet connection for the terminal.","How do I order a Revolut Terminal?,When will I receive my Revolut Terminal?,I'm having trouble using my Revolut Terminal,I ordered a card and it didn't arrive",4
cafe_owner_smb_female_52,business_merchant_2,rushing_with_typos,when is the revolut erminal arriving for my coffee shop i ordered week ago thx,"Your Revolut Terminal is usually shipped within the next business day after your order is confirmed and delivery typically takes 2 business days. You will receive a tracking link once it has been shipped, which you can find in your confirmation.","When will I receive my Revolut Terminal?,How do I order a Revolut Terminal?,Cards and contactless payments with Revolut Terminals,Warranty on Revolut Terminals",4
cafe_owner_smb_female_52,business_merchant_2,on_the_go_direct,where is my terminal hardware sent yet waiting for orders,Please check the tracking link in your confirmation to see the status of your Revolut Terminal order.,"When will I receive my Revolut Terminal?,How do I order a Revolut Terminal?,I ordered a card and it didn't arrive,Warranty on Revolut Terminals",4
cafe_owner_smb_female_52,business_merchant_2,voice_transcription,uh i ordered a terminal for my coffee shop and i'm not sure when it will come like i really need it soon for payments how long does it usually take to receive it after ordering,"Your Revolut Terminal is usually shipped within the next business day after your order is confirmed. Once shipped, delivery typically takes 2 business days. A tracking link will become available once your Terminal has been shipped.","When will I receive my Revolut Terminal?,How do I order a Revolut Terminal?,I ordered a card and it didn't arrive,What are Revolut Terminals?",4
cafe_owner_smb_female_52,business_merchant_2,poor_internet_connection,trying to use terminal for payment but it stops loading and fails with timeout what can i do when connection is bad will payment complete anyway,"If your terminal stops loading and fails due to a bad connection, the payment will not complete. The terminal needs a stable internet connection to process payments successfully. Check your internet connection or move to a location with better connectivity to ensure payment goes through.","Failed payments on the Revolut Terminal,I'm having trouble using my Revolut Terminal,My Ramp payment failed. What should I do?,Failed payment on Tap to Pay on iPhone",4
cafe_owner_smb_female_52,business_merchant_2,vague_first_message,when the little machine for payments will come to my store? i ordered it,I don't know.,"Where can I pay with Apple Pay or Google Pay?,I ordered a card and it didn't arrive,When do payments arrive in my Pro account?,My card payment is pending",4
cafe_owner_smb_female_52,fx_exchange_1,empty,How does currency conversion work if I accept a payment from tourists using the card reader?,"When accepting a payment from tourists using the card reader, Revolut will automatically convert the payment into your account's currency.","What is Dynamic Currency Conversion (DCC)?,How much does it cost to accept payments with Revolut Pro?,What is Revolut Reader and how do I use it?,What currency will I be charged in?",4
cafe_owner_smb_female_52,fx_exchange_1,calm_at_home,Can you tell me if your currency conversion rates are the same all the time? I need to know when accepting different currencies payments in my coffee shop.,Revolut offers competitive rates for currency exchange based on data from multiple independent sources. You can view the current exchange rates on our website.,"What exchange rates does Revolut offer?,What is Dynamic Currency Conversion (DCC)?,Calculation of crypto tiered pricing,Why are my statement balance and in-app balance different?",4
cafe_owner_smb_female_52,fx_exchange_1,panic_security_fear,"tried transaction, charged in wrong currency, why isn't local currency used? fear it's some fraud, need help now, please fix","If you have been charged in the wrong currency and fear fraud, please report the issue to secure your account and contact our support team for further assistance.","What is Dynamic Currency Conversion (DCC)?,I sent crypto to an incorrect wallet address. What can I do?,I want to cancel my transfer to a card,Report a fraudulent transfer",4
cafe_owner_smb_female_52,fx_exchange_1,angry_after_waiting,Why is my payment settled in different currency than shown? This DCC thing messed up rates. FIX THIS NOW! Too many delays already.,"To prevent Dynamic Currency Conversion (DCC) issues you can choose to be charged in the local currency. If a payment is settled in a different currency, it might be due to DCC. You can learn more about DCC here: [What is Dynamic Currency Conversion (DCC)?](https://www.revolut.com/help/exploring-revolut/spending-and-sending-money/what-is-dynamic-currency-conversion-dcc)","What is Dynamic Currency Conversion (DCC)?,Problem with a Direct Debit,Why did my payment amount change?,Why are my statement balance and in-app balance different?",4
cafe_owner_smb_female_52,fx_exchange_1,confused_by_app_updates,"Trying to understand currency conversion thing. I see different prices at checkout, and it says 'conversion'. What is this, and where can I see the rates it uses?","To understand currency conversion at checkout and view the rates used by Revolut, you can refer to the following link for the current currency exchange rates: https://www.revolut.com/currency-converter/?geo-redirect=true.","What is Dynamic Currency Conversion (DCC)?,What exchange rates does Revolut offer?,Commodities prices, rates, and fees,Calculation of crypto tiered pricing",4
cafe_owner_smb_female_52,fx_exchange_1,rushing_with_typos,hi can i use dffrnt currency convrtr? rvlut fx rates good for my cafe sales thx,"To check the exchange rates for your cafe sales, you can view the current rates on Revolut's website. Always ensure you review the supported currencies and fees before making transactions to avoid extra charges.","What is Dynamic Currency Conversion (DCC)?,What exchange rates does Revolut offer?,Tips for spending in a foreign currency,What currencies are supported for spending?",4
cafe_owner_smb_female_52,fx_exchange_1,on_the_go_direct,"customer wants to pay in euro, how exchange rate works?","Revolut offers competitive rates for currency exchange, based on data from multiple independent sources. You can check the current exchange rates on the Revolut website or in the app when exchanging money in euro.","What exchange rates does Revolut offer?,How do I exchange money?,Currency exchange orders,Tips for spending in a foreign currency",4
cafe_owner_smb_female_52,fx_exchange_1,voice_transcription,hi um can you tell me if i can use my card their with like their currency instead of mine and uh how does that work with your exchange rates cause i heard something about that thanks,You can use your card in foreign countries with their currency. Exchange rates may apply if you exceed your free allowance or perform more than 100 exchanges in 24 hours.,"Limits for using my card abroad,Fees for card payments in a foreign currency,Crypto payment fees, rates, and limits,Which countries can I send a card transfer to?",4
cafe_owner_smb_female_52,fx_exchange_1,poor_internet_connection,"having trouble with transactions, app not loading well, keep retrying exchange rate check, is the currency conversion going to finish if internet fails? please guide on poor connection steps","If you are having trouble with transactions due to a poor internet connection, you may not be able to complete a currency conversion. To address this issue, ensure your connection is stable before proceeding with the exchange. You can refer to the article on using your Revolut Terminal for guidance on steps to take with a poor connection.","I'm having trouble using my Revolut Terminal,Why might my currency order fail or not execute?,Failed payments on the Revolut Terminal,Insufficient funds for scheduled transfer",4
cafe_owner_smb_female_52,fx_exchange_1,vague_first_message,"customer paid in another currency, do i set this in app or will it change automatic?","When a customer pays in another currency, Revolut automatically converts your balance to the currency you're paying in. You don't need to set this in the app; it will change automatically.","What currency will I be charged in?,Transfer I sent arrived in a different currency ,Switching languages in the app,What is Dynamic Currency Conversion (DCC)?",4
cafe_owner_smb_female_52,business_merchant_3,empty,When will I receive the terminal for my coffee shop payments?,"Your Revolut Terminal is usually shipped within the next business day after your order is confirmed, with delivery typically taking 2 business days. You can track the delivery using the tracking link that becomes available after the Terminal has been shipped.","When will I receive my Revolut Terminal?,What are Revolut Terminals?,How do I order a Revolut Terminal?,Cards and contactless payments with Revolut Terminals",4
cafe_owner_smb_female_52,business_merchant_3,calm_at_home,I want to know when my payment terminal will arrive for my coffee shop. I ordered it last week and need it for Tap to Pay on iPhone.,"Your Revolut Terminal is usually shipped within the next business day after your order is confirmed. Once shipped, delivery typically takes 2 business days. You will receive a tracking link once it has been shipped.","Using Tap to Pay on iPhone to take payments,Failed payment on Tap to Pay on iPhone,When will I receive my Revolut Terminal?,Where can I pay with Apple Pay or Google Pay?",4
cafe_owner_smb_female_52,business_merchant_3,panic_security_fear,"ordered the payment terminal, but it's not here. need it urgently for my shop. please help, is it lost or coming still?","Your Revolut Terminal is usually shipped within the next business day after your order is confirmed. Once shipped, delivery typically takes 2 business days. If you have not received it yet, you should look for a tracking link, as mentioned in the article ""When will I receive my Revolut Terminal?"".","I ordered a card and it didn't arrive,When will I receive my Revolut Terminal?,How do I order a Revolut Terminal?,My card has been swallowed by an ATM",4
cafe_owner_smb_female_52,business_merchant_3,angry_after_waiting,WHERE'S my Terminal? NEED it NOW! Already waited too long. Fix this. UNHAPPY with support.,"Once shipped, delivery typically takes 2 business days for your Revolut Terminal. If you haven't received it, you should track your shipment using the tracking link provided in your confirmation email.","I'm having trouble using my Revolut Terminal,When will I receive my Revolut Terminal?,How do I order a Revolut Terminal?,How do I log in to my Revolut Terminal?",4
cafe_owner_smb_female_52,business_merchant_3,confused_by_app_updates,"I need the Revolut Terminal for my coffee shop, but I can't find where to order it. Can you help me understand what steps to take?","To order a Revolut Terminal for your coffee shop, you need to have an approved Revolut Pro Account. Here are the steps to order it:
1. Go to 'Home' on the bottom menu of the main Revolut app
2. Tap 'Accounts' under your balance
3. Tap 'Add new' and select 'Pro account'
4. Follow the instructions to complete your application.","How do I order a Revolut Terminal?,How do I log in to my Revolut Terminal?,When will I receive my Revolut Terminal?,What are Revolut Terminals?",4
cafe_owner_smb_female_52,business_merchant_3,rushing_with_typos,how long till i get the terminal for my shop i need to start using it,"Your Revolut Terminal is usually shipped within the next business day after your order is confirmed. Once shipped, delivery typically takes 2 business days. You must have an approved Revolut Pro Account to order a Revolut Terminal.","When will I receive my Revolut Terminal?,How do I order a Revolut Terminal?,How do I log in to my Revolut Terminal?,I'm having trouble using my Revolut Terminal",4
cafe_owner_smb_female_52,business_merchant_3,on_the_go_direct,"need Revolut Terminal now, when will it arrive? time-sensitive","Your Revolut Terminal is usually shipped within the next business day after your order is confirmed. Once shipped, delivery typically takes 2 business days.","When will I receive my Revolut Terminal?,How do I order a Revolut Terminal?,I'm having trouble using my Revolut Terminal,Edit the time on my Revolut Terminal",4
cafe_owner_smb_female_52,business_merchant_3,voice_transcription,uh so we ordered a terminal for the coffee shop how long does it take to arrive because we need it soon for the tap to pay with iphone it's like urgent thank you,"Your Revolut Terminal is usually shipped within the next business day after your order is confirmed. Once shipped, delivery typically takes 2 business days. You will receive a tracking link once the Terminal has been shipped.","When will I receive my Revolut Terminal?,How do I order a Revolut Terminal?,I ordered a card and it didn't arrive,What are Revolut Terminals?",4
cafe_owner_smb_female_52,business_merchant_3,poor_internet_connection,"my terminal keeps losing connection, uploads fail or get stuck at loading what can i do if internet is bad will my payment still go through","If your terminal keeps losing connection or uploads fail due to bad internet, your payment might not go through. It's advised to ensure a stable internet connection for successful transactions.","Failed payments on the Revolut Terminal,I'm having trouble using my Revolut Terminal,My Ramp payment failed. What should I do?,Decline reasons on Apple Pay and Google Pay",4
cafe_owner_smb_female_52,business_merchant_3,vague_first_message,when does the machine for payments arrive haven't seen mine delivered yet,I don't know.,"I ordered a card and it didn't arrive,My beneficiary has not received my card transfer,When will I receive my Revolut Terminal?,I received a card that I had marked as undelivered",4
cafe_owner_smb_female_52,transfers_2,empty,How long does it take to send money to my bank account after daily sales settle?,I don't know.,"When do payments arrive in my Pro account?,Why is my transfer to a bank account still pending?,How long will the Authorised Push Payment fraud reimbursement process take?,Why is my withdrawal pending?",4
cafe_owner_smb_female_52,transfers_2,calm_at_home,"I did a bank transfer from the coffee shop account. How long does it take for the money to go through, and are there any charges?",The transfer made from the coffee shop account to your Revolut account will take some time and may incur charges if processed as SWIFT. It usually takes up to 2 business days for the transfer to go through.,"Can I make a local transfer in a different currency?,Why is my transfer to a bank account still pending?,Why was my transfer sent via an intermediary bank?,How to transfer funds to Revolut",4
cafe_owner_smb_female_52,transfers_2,panic_security_fear,"transfer not in bank yet, it should be now, is money lost? please help, emergency!",I don't know.,"I received a transfer from an unknown sender,Why is my transfer to a bank account still pending?,My beneficiary has not received my card transfer,I want to cancel my transfer to a card",4
cafe_owner_smb_female_52,transfers_2,angry_after_waiting,Why transfer taking SO LONG? Need daily settlements for VAT tax. Already tried contacting support before. FIX NOW!,"I recommend checking the status of your transfer through your Revolut app. You can do this by following the steps in the article ""Locate a bank transfer sent from Revolut"" to understand any delays or pending issues. If the transfer is still pending, you may need to wait for additional processing checks or information before it is completed.","Why is my transfer to a bank account still pending?,Why is my incoming transfer pending?,Why is my card transfer still pending?,Locate a bank transfer sent from Revolut",4
cafe_owner_smb_female_52,transfers_2,confused_by_app_updates,"I try to move money but transfer time says different hours, hard to understand. Where do I find fees for this? Confusing to see, need help.","You can find the fees for a scheduled transfer on the Fees page. If you are experiencing confusion regarding transfer times, the article ""How to schedule a transfer"" may provide more information on the process.","Schedule a transfer,Can I make a local transfer in a different currency?,Why was my transfer sent via an intermediary bank?,How to transfer funds to Revolut",4
cafe_owner_smb_female_52,transfers_2,rushing_with_typos,"plz help bank xfer taking vry long, any fees apply if from my acnt","When you make a transfer, it can take extra time for various reasons. If your transfer is pending, it means there could be additional processing checks or information needed. We do not charge for local bank transfers within the UK if sent in GBP. For more information on incoming transfers and pending status, please refer to the help articles provided.","Why is my transfer to a bank account still pending?,How to transfer funds to Revolut,Bank transfer fees,Why is my incoming transfer pending?",4
cafe_owner_smb_female_52,transfers_2,on_the_go_direct,Delayed transfer today need urgent help now,"If your transfer is delayed, please contact our Customer Support team through the in-app chat for urgent assistance. They can help you track the transfer or provide further guidance on the next steps.","I received a transfer from an unknown sender,More help with a scheduled transfer,Why is my incoming transfer pending?,I want to cancel my transfer to a card",4
cafe_owner_smb_female_52,transfers_2,voice_transcription,uh i did a transfer like um two days ago and i was wondering if it's normal to uh still not have it appear yet should i be worried about like any fees or delays,Why is my transfer to a bank account still pending?,"Why is my transfer to a bank account still pending?,Why is my card transfer still pending?,I received a transfer from an unknown sender,Why is my incoming transfer pending?",4
cafe_owner_smb_female_52,transfers_2,poor_internet_connection,my bank transfer not going through app stuck at loading and retry timeout will it still send when connection is poor or what should i do now,"If your bank transfer is stuck at loading with retry timeout due to a poor connection, it is recommended to wait for a stable internet connection to ensure the transfer is successful. If the transfer does not go through, you can follow the troubleshooting steps outlined in the app or contact customer support for assistance.","Why is my transfer to a bank account still pending?,Insufficient funds for scheduled transfer,Why your card top-ups may be blocked,My beneficiary has not received my card transfer",4
cafe_owner_smb_female_52,transfers_2,vague_first_message,"sent money to my bank but it didn't show up yet, when will it arrive?","To determine when your transferred funds will arrive, download the transfer confirmation and share it with your bank. In rare cases, bank transfers may take up to 48 hours. If you'd like additional assistance, you can also check the status of your outbound transfer in the app under 'Help' > Outbound transfer status.","My beneficiary has not received my card transfer,Why is my transfer to a bank account still pending?,Locate a bank transfer sent from Revolut,Locate a bank transfer sent to my Revolut account",4
gig_courier_instant_pay_male_27,other_1,empty,I'm having trouble logging into the app. Are there any specific merchants or networks not supported that might affect access?,"I'm sorry, I don't know the specific merchants or networks not supported that might affect access to the Revolut app.","Difficulty logging in,Declined card payment isn't visible,Pro account under review or payments not working,My physical card isn't working",4
gig_courier_instant_pay_male_27,other_1,calm_at_home,I've been encountering issues trying to log into my account. Could the recent updates involving merchant support or international debit cards be affecting this?,I don't know.,"Declined card payment isn't visible,My card payment was declined,My physical card isn't working,Difficulty logging in",4
gig_courier_instant_pay_male_27,other_1,panic_security_fear,"can't log in, fear it's fraud, did someone unauthorized make changes on my account? emergency, need access now!","I'm really sorry for the inconvenience. To address this issue, you should immediately disable login access to your Revolut account. Here's what you should do:

- Open the Revolut app
- Go to 'More'
- Click 'Profile'
- Choose 'Personal details'
- Scroll down and select 'Disable app access'

Next, contact Revolut support to report this issue and get assistance in securing your account. You can reach them via the in-app support chat.","Urgent text from a kid or friend?,An urgent call out of the blue?,My card has been used fraudulently,Feeling pressured or threatened?",4
gig_courier_instant_pay_male_27,other_1,angry_after_waiting,Locked out AGAIN! Can't log in despite following instructions. Why isn’t this fixed? Need immediate access. COMPLETELY UNACCEPTABLE!,"I'm sorry you are experiencing difficulties logging in. To regain access to your account, you can follow the steps provided in the “Difficulty logging in” article by using your phone number associated with your Revolut account. If you are still unable to log in, you can also report a lost device using the link in the “Lost or stolen device” article.","Difficulty logging in,Lost or stolen device,Trouble with mobile verification code,My account was restricted or closed",4
gig_courier_instant_pay_male_27,other_1,confused_by_app_updates,I got confused trying to log in—something about unsupported merchants came up. Where exactly would I find details on what that means or how it affects my account?,"You can find details on unsupported merchants and how they affect your account in the article ""Which merchants are not supported by Revolut?"" from the Help Center.","Which merchants are not supported by Revolut?,Pro account under review or payments not working,My card payment was declined,Why did my payment amount change?",4
gig_courier_instant_pay_male_27,other_1,rushing_with_typos,"cant log in to rev app, error says something with unsupprted merchant and im confused, help","I'm sorry, but I don't have specific guidance for that issue. If you are experiencing technical difficulties with the app, consider contacting Revolut customer support for assistance.","I'm having trouble using my Revolut Terminal,My Ramp payment failed. What should I do?,How do I block and unblock a merchant?,My card payment was declined",4
gig_courier_instant_pay_male_27,other_1,on_the_go_direct,"locked out during Apple Pay top-up, can't login, fix it fast","If you are locked out during Apple Pay top-up and can't log in, please contact Revolut support for assistance.","I can't add my card to Apple Pay,Why your card top-ups may be blocked,Setting up Apple Pay,Failed payment on Tap to Pay on iPhone",4
gig_courier_instant_pay_male_27,other_1,voice_transcription,hey so i'm having trouble logging into my revolut app it just keeps spinning and um i was wondering if like maybe it's an issue because of some merchants not being supported or something like that help,"I'm sorry, but I don't have the information to answer your question based on the provided articles.","I'm having trouble using my Revolut Terminal,My card payment was declined,Difficulty logging in,Declined card payment isn't visible",4
gig_courier_instant_pay_male_27,other_1,poor_internet_connection,"App won't load at login, says retry and times out. Will my pay top-up complete when connection is bad or stuck?","If your app won't load at login, saying retry and timing out, your top-up may not complete if there is a bad or stuck connection. Ensure you have a stable internet connection for successful transactions.","Failed payments on the Revolut Terminal,Why your card top-ups may be blocked,I'm having trouble using my Revolut Terminal,Trouble with mobile verification code",4
gig_courier_instant_pay_male_27,other_1,vague_first_message,"i tried logging in but it's just not working and i need to check my balances, any idea why this could happen?","Based on the information provided, it seems you might be having difficulty logging in. You can try using your phone number associated with your Revolut account to log in. If you're still having trouble logging in, you might need to contact Revolut support for further assistance.","Difficulty logging in,Why are my statement balance and in-app balance different?,Pro account under review or payments not working,My card payment was declined",4
gig_courier_instant_pay_male_27,cards_atm_1,empty,Why can't I top up my card using a Ukrainian bank account any more?,I don't know,"Ukraine card top-up limits,Can I transfer money to Ukraine?,Why was my top-up reverted?,Auto top-ups",4
gig_courier_instant_pay_male_27,cards_atm_1,calm_at_home,"I'm trying to top up my card, but it seems there's a restriction. Could you explain the limits or reasons why I can't complete this transaction right now?",The restriction on card top-ups may be due to changes in Visa and Mastercard payment processing rules or  changes to card scheme rules which may have classified such transactions differently.,"Why your card top-ups may be blocked,Ukraine card top-up limits,Restricted card deposits,Why was my top-up reverted?",4
gig_courier_instant_pay_male_27,cards_atm_1,panic_security_fear,"my card top-up just failed, urgent emergency, is there some restriction or blockage? need funds now, please help fast","Your card top-up may have failed due to a previous declined payment or multiple unsuccessful attempts to make a payment which can result in blocks for up to 30 days. To resolve this issue, you can check and address the possible reasons outlined in the article ""Why your card top-ups may be blocked"".","Why your card top-ups may be blocked,My card has been swallowed by an ATM,My card payment was declined by the security system,My card has been used fraudulently",4
gig_courier_instant_pay_male_27,cards_atm_1,angry_after_waiting,My card top-up failed AGAIN! I need my money NOW. Why can’t I access my funds? Stop delaying and fix this immediately!,"Your card top-up may have been blocked due to a previous declined payment or multiple unsuccessful attempts. This block can last up to 30 days, per Visa and Mastercard rules. Check your transactions list for more information and troubleshooting tips.","Why your card top-ups may be blocked,Why was my top-up reverted?,My beneficiary has not received my card transfer,My physical card isn't working",4
gig_courier_instant_pay_male_27,cards_atm_1,confused_by_app_updates,"I'm trying to top up my card but see a message about some kind of restriction or limit, especially related to Ukraine. What does that mean and how can I sort it out?","The new restrictions in Ukraine are due to changes in Visa rules as of September 30th, 2024. This reclassification may impact card top-ups. If your card deposits are blocked, it may be due to previous declines by your bank or multiple unsuccessful attempts. You can resolve this issue by visiting the help article on why your card top-ups may be blocked.","Ukraine card top-up limits,Why your card top-ups may be blocked,Why was my top-up reverted?,My card payment was declined",4
gig_courier_instant_pay_male_27,cards_atm_1,rushing_with_typos,tried to top-up card in ukraine but hit limit is there a cap daily or monthly thx,"The daily limit for topping up with a card in Ukraine is \(200\, \text{EUR}\) or the equivalent in your currency.","Ukraine card top-up limits,Card payment fees and limits,Limits for using my card abroad,Auto top-ups",4
gig_courier_instant_pay_male_27,cards_atm_1,on_the_go_direct,"Apple Pay top-up failed, says card limit reached. Fix now, checkout stuck.","To fix the issue with your Apple Pay top-up, you need to reset your card's contactless limit in the Revolut app. Follow these steps:
1. Go to 'Home' on the bottom menu
2. Tap the cards icon in the top-right corner
3. Select your card
4. Tap 'Sett","Why your card top-ups may be blocked,Decline reasons on Apple Pay and Google Pay,I can't add my card to Apple Pay,Why aren’t my contactless payments working?",4
gig_courier_instant_pay_male_27,cards_atm_1,voice_transcription,hey so i tried topping up my card uh with apple pay but it says like something about a limit am i hitting some kind of cap or is there another issue with my account that needs fixing,You may be hitting a limit when using Apple Pay. Check if your payments exceed the set limits. Make sure you have completed the full verification of your account as well.,"Why your card top-ups may be blocked,I can't add my card to Apple Pay,Payment limits when using Apple Pay or Google Pay,Why aren’t my contactless payments working?",4
gig_courier_instant_pay_male_27,cards_atm_1,poor_internet_connection,"My card top-up in Ukraine is delayed and app's stuck at loading. Will it go through if the connection is bad, or should I retry?","If your card top-up in Ukraine is delayed and the app is stuck, you may need to wait for it to go through. Retrying may not be successful due to potential payment blocks or restrictions caused by Visa rules.","Why your card top-ups may be blocked,Ukraine card top-up limits,Auto top-ups,Can I transfer money to Ukraine?",4
gig_courier_instant_pay_male_27,cards_atm_1,vague_first_message,why can't i add money to my revolut card with that apple top-up thing from my ukraine account,I don't know.,"How to add money with a card,Add money with Apple Pay or Google Pay,I can't add my card to Apple Pay,Why your card top-ups may be blocked",4
gig_courier_instant_pay_male_27,transfers_1,empty,How do I transfer money from my joint account using my Revtag?,I don't know.,"Joint account transfers,Adding money to a Joint account,Revtags,Change my Revtag",4
gig_courier_instant_pay_male_27,transfers_1,calm_at_home,"Can I transfer funds from my joint account using my unique account tag, or do I need to make changes first?","To transfer funds from your Joint account using your unique account tag, follow the steps in the ""Joint account transfers"" article.","Joint account transfers,Adding money to a Joint account,Joint account card payments,Managing joint account ownership",4
gig_courier_instant_pay_male_27,transfers_1,panic_security_fear,please help i transferred money to my joint account but it's not showing and i'm scared it's lost is there a problem with my Revtag?,"If you're having trouble finding a transfer to your joint account, double-check with the sender that they used the correct details, such as your Revtag or phone number. If the issue persists, contact our Customer Support team for assistance.","My transfer to or from someone on Revolut wasn't received,I received a transfer from an unknown sender,Locate a bank transfer sent from Revolut,Report a fraudulent transfer",4
gig_courier_instant_pay_male_27,transfers_1,angry_after_waiting,Joint account transfer failed AGAIN. Needed the funds YESTERDAY. Why is this an issue every time? Fix it NOW. This is unacceptable.,"If the joint account transfer failed, it might be due to insufficient funds in the relevant currency account or assigned Pocket. You may need to complete a one-time transfer to send the money.","Insufficient funds for scheduled transfer,Why is my transfer to a bank account still pending?,I can't send a transfer or create a recipient,Difficulty adding money with an easy bank transfer",4
gig_courier_instant_pay_male_27,transfers_1,confused_by_app_updates,"I'm trying to send money from my joint account, but I don't see the option anywhere. Is there a specific place in the app I should be looking for this?","To send money from your Joint account in the Revolut app, follow these steps:
- Go to 'Home' on the bottom menu
- Below your balance, tap 'Accounts'
- Select your Joint account
- Tap 'More' 
- Choose the option to send money

If you need more guidance, please refer to the ""Joint account transfers"" article.","Joint account transfers,Adding money to a Joint account,Setting up a Joint account,I want to close my Joint account",4
gig_courier_instant_pay_male_27,transfers_1,rushing_with_typos,hi need to send money from joint acount but can't find option quick help pls,"In the Revolut app:
- Go to 'Home' on the bottom menu
- Below your balance, tap Accounts
- Select your Joint account
- Tap on the 'Send money' feature to start the transfer.","I want to close my Joint account,Adding money to a Joint account,Joint account transfers,Setting up a Joint account",4
gig_courier_instant_pay_male_27,transfers_1,on_the_go_direct,"transfer to joint account failed, urgent fix needed at checkout","If a transfer to your joint account failed due to insufficient funds, you'll need to complete a one-time transfer to send the money. Make sure you have enough funds in the relevant currency account or assigned Pocket.","Insufficient funds for scheduled transfer,Managing joint account ownership,Revolut closed my joint account,Joint account transfers",4
gig_courier_instant_pay_male_27,transfers_1,voice_transcription,um trying to send money from my joint account but it won't let me use my usual Revtag do i like need to change something with my profile or what could be wrong with this setup,"I'm not sure, as the provided articles do not cover this specific issue of being unable to use a Revtag with a Joint account. I recommend reaching out to Revolut customer support for assistance with this query.","I'm unable to send money to another Revolut customer,Joint account transfers,Change my Revtag,Setting up a Joint account",4
gig_courier_instant_pay_male_27,transfers_1,poor_internet_connection,"Trying to transfer money to my joint account but app keeps getting stuck at loading. Will it eventually go through if connection is bad, or do I need to retry?",It's likely the transfer is pending due to additional processing checks or information required. The app getting stuck is unrelated to the transfer process. You may need to retry the transfer later.,"Why is my transfer to a bank account still pending?,Insufficient funds for scheduled transfer,Joint account transfers,Difficulty adding money with an easy bank transfer",4
gig_courier_instant_pay_male_27,transfers_1,vague_first_message,"sent money to my friend's account but it's not showing, how do I fix this?","If you sent money to your friend's account but it's not showing, it may be that your friend hasn't added money or they added money in a way that doesn't count towards referrals. You may need to check with your friend to confirm.","My friend added money, but I still didn’t get the reward,I just made an exchange, but I can't find my money,I sent a transfer to the wrong Revolut customer,How to complete 'Add Money' step",4
gig_courier_instant_pay_male_27,savings_investments_1,empty,Can you explain how taxes apply to interest earned from my instant access savings?,"Revolut doesn't withhold any tax on your interest income earned. You are responsible for managing your tax obligations, including filing and paying any applicable taxes.","How is interest calculated on tiered Instant Access Savings?,Tax on Savings,Earning interest with Savings,How to calculate interest on Savings accounts",4
gig_courier_instant_pay_male_27,savings_investments_1,calm_at_home,I'm curious about the current terms for your instant access savings rate. Are there any tax implications I should be aware of when using this function?,I don't know.,"How is interest calculated on tiered Instant Access Savings?,Rate decrease on my Instant Access Savings,Instant Access Savings promotion,Earning interest with Savings",4
gig_courier_instant_pay_male_27,savings_investments_1,panic_security_fear,"Emergency! Is my savings guaranteed safe from fraud? Can you check immediately, I'm worried about losing it all!",I don't know.,"Urgent text from a kid or friend?,How can I keep my account safe from fraud?,How are the funds in my Savings accounts protected?,How does Revolut protect me against fraud?",4
gig_courier_instant_pay_male_27,savings_investments_1,angry_after_waiting,WHERE is my Instant Access Savings interest? Said it was immediate. This delay is unacceptable. PAY what I'm owed. Tired of waiting.,"I'm sorry you're experiencing a delay with your Instant Access Savings interest. If you need more information or assistance, you can contact our support team directly in the app.","Rate decrease on my Instant Access Savings,How is interest calculated on tiered Instant Access Savings?,Kids & Teens Instant Access Savings,Instant Access Savings promotion",4
gig_courier_instant_pay_male_27,savings_investments_1,confused_by_app_updates,"I'm trying to figure out how the instant savings thing works but I don’t quite get the terms. Where can I see the details, and is there a tax implication I should know about?","To see the details of how Instant Access Savings work, you can refer to the specific articles provided, such as ""How is interest calculated on tiered Instant Access Savings?"" and ""Kids & Teens Instant Access Savings."" For tax implications, it is recommended to consult a tax advisor or refer to official government resources.","How is interest calculated on tiered Instant Access Savings?,Kids & Teens Instant Access Savings,Instant Access Savings promotion,Rate decrease on my Instant Access Savings",4
gig_courier_instant_pay_male_27,savings_investments_1,rushing_with_typos,"how does the tax work if i get savings, any requirements? sorry 4 typs thx","Revolut doesn't withhold any tax on your interest income earned. You have sole responsibility for managing your tax affairs, including filings and payments.","Tax on Savings,Getting started with Savings,Savings Challenge,How is interest calculated on tiered Instant Access Savings?",4
gig_courier_instant_pay_male_27,savings_investments_1,on_the_go_direct,"Need clarity on savings interest tax, urgent. At checkout.","Revolut doesn't withhold any tax on your interest income earned. You have sole responsibility for managing your tax affairs, including making any filings and payments required by law.","Tax on Savings,How is interest calculated on tiered Instant Access Savings?,How to calculate interest on Savings accounts,Earning interest with Savings",4
gig_courier_instant_pay_male_27,savings_investments_1,voice_transcription,hey so with these savings things like do i get taxed right away or is it just on the interest thingy um you know when i actually withdraw it seeing those instant access ads got me thinking,You will only be taxed on the interest earned when you withdraw it.,"How is interest calculated on tiered Instant Access Savings?,Kids & Teens Instant Access Savings,Earning interest with Savings,How to calculate interest on Savings accounts",4
gig_courier_instant_pay_male_27,savings_investments_1,poor_internet_connection,"Trying to access my savings info, but app keeps timing out. Do withdrawals still process if I get 'stuck at loading' on my screen?",I'm unabe to find an answer to your question in the provided help articles.,"Why is my withdrawal pending?,Why your card top-ups may be blocked,Why was my ATM withdrawal declined?,My card deposit didn't work",4
gig_courier_instant_pay_male_27,savings_investments_1,vague_first_message,Is there any tax on the savings bit or promotion I have?,"Revolut doesn't withhold any tax on your interest income earned. You have sole responsibility for managing your tax affairs, including making any filings and payments.","Tax on Savings,Instant Access Savings promotion,Savings Challenge,How is interest calculated on tiered Instant Access Savings?",4
gig_courier_instant_pay_male_27,plans_billing_1,empty,Who handles trip cancellations for the Ultra plan if there's an event hiccup?,"If your supplier doesn't allow cancellations and you need to submit an Ultra trip and event cancellation protection claim, you should contact Qover to arrange and administer the policy for the insurer, Wakam.","My supplier won’t let me cancel my trip/event. Am I covered with Ultra trip and event cancellation protection?,Who provides Ultra trip and event cancellation protection?,Am I covered by Ultra trip cancellation protection if I need to cancel a flight while abroad?,Ultra trip & event cancellation with companion coverage",4
gig_courier_instant_pay_male_27,plans_billing_1,calm_at_home,I'm considering adjusting my plan and noticed the Premium travel insurance option isn't available anymore. How should I proceed if I need to claim something from a previous trip?,"If your claim is for an event that occurred before the removal of Premium travel insurance, you can contact Chubb directly to submit your claim.","Claiming after Premium travel insurance removal,How do I get an update on my existing claim?,Cover for delayed trips,Why is my travel insurance coverage ending?",4
gig_courier_instant_pay_male_27,plans_billing_1,panic_security_fear,"urgent! removed premium travel insurance, can i still make a claim for my canceled trip, please help this is an emergency!","Since travel insurance was removed as a benefit from the Premium plan, trips taking place on or after July 25, 2024, are not covered. If your event occurred before this date, you can contact Chubb directly to submit a claim.","My supplier won’t let me cancel my trip/event. Am I covered with Ultra trip and event cancellation protection?,Claiming after Premium travel insurance removal,How do I make a cancel for any reason protection claim?,Am I covered by Ultra trip cancellation protection if I need to cancel a flight while abroad?",4
gig_courier_instant_pay_male_27,plans_billing_1,angry_after_waiting,WHO is supposed to cover my trip cancellation? No help last time. REALLY need this sorted NOW!,"Contact the supplier directly to negotiate and see if they offer a refund, credit, or reschedule option. Ensure you gather all necessary documents to support your claim.","My supplier won’t let me cancel my trip/event. Am I covered with Ultra trip and event cancellation protection?,Am I covered by Ultra trip cancellation protection if I need to cancel a flight while abroad?,Cover for cancelled and interrupted trips,How do I make a cancel for any reason protection claim?",4
gig_courier_instant_pay_male_27,plans_billing_1,confused_by_app_updates,"I’m a bit lost with the Ultra plan. Do you guys handle the trip and event cancellation protection, or is it another company? I can't find clear info.","We currently work exclusively with Qover to provide trip and cancellation insurance for all of our Ultra customers. Qover arranges and administers the policy for the insurer, Wakam.","Who provides Ultra trip and event cancellation protection?,My supplier won’t let me cancel my trip/event. Am I covered with Ultra trip and event cancellation protection?,Am I covered by Ultra trip cancellation protection if I need to cancel a flight while abroad?,What is an event?",4
gig_courier_instant_pay_male_27,plans_billing_1,rushing_with_typos,hey how do i claim travel coverage if my premium plan dropped i thought i was covered by u,You can contact Chubb directly to submit your claim if the event occurred before the cut-off date when travel insurance was removed from the Premium plan benefits.,"Claiming after Premium travel insurance removal,Cover for cancelled and interrupted trips,My supplier won’t let me cancel my trip/event. Am I covered with Ultra trip and event cancellation protection?,Cover for delayed trips",4
gig_courier_instant_pay_male_27,plans_billing_1,on_the_go_direct,Need claim process after premium travel insurance removed. Urgent!,"Contact Chubb directly using the below details to submit your claim:
- Online: submit your claim on this website https://intake.sedgwick.com/u/ChubbTravel/RevolutTravelClaims
- Phone: call +44 (0) 203 964 3004","Claiming after Premium travel insurance removal,How do I get an update on my existing claim?,How do I make a travel insurance claim?,Submitting documents for a travel insurance claim",4
gig_courier_instant_pay_male_27,plans_billing_1,voice_transcription,hey um quick question if my premium travel insurance was removed can I still file a claim for something that happened before that removal or does it like not cover because I'm a bit confused thanks,"If your event occurred before the removal of the Premium travel insurance benefit on July 25, 2024, you can still file a claim. You can contact Chubb directly to submit your claim.","Claiming after Premium travel insurance removal,Why is my travel insurance coverage ending?,Cover for cancelled and interrupted trips,Cover for delayed trips",4
gig_courier_instant_pay_male_27,plans_billing_1,poor_internet_connection,"I want to know about my travel protection provider, but app keeps timing out and info won't load. Will the claim process work with poor connection?",I don't know.,"How do I get an update on my existing claim?,Getting an update on an everyday protection claim,How do I make a travel insurance claim?,Cover for delayed trips",4
gig_courier_instant_pay_male_27,plans_billing_1,vague_first_message,who is in charge of the travel protection thing when my premium plan changes?,You should contact Chubb directly for travel protection when your Premium plan changes.,"Claiming after Premium travel insurance removal,Does the account transfer impact my plan insurance cover?,Who provides Ultra trip and event cancellation protection?,Travel insurance coverage",4
gig_courier_instant_pay_male_27,family_joint_1,empty,"How can I set up savings for my child through the app, and are there any specific features for teens?","To set up savings for your child through the app, you can use the Kids & Teens Save feature with Pockets. This allows you and your child to create and customize savings compartments. As for specific features for teens, the Kid & Teens Instant Access Savings account is designed for minors with a parent or guardian in control and allows for the accumulation of savings over time.","Kids & Teens Instant Access Savings,Revolut Kids & Teens Save,Revolut – Kids & Teens card management,Revolut – Kids & Teens payments",4
gig_courier_instant_pay_male_27,family_joint_1,calm_at_home,I'm exploring options for setting savings goals for my kids. How do I manage their spending money while introducing them to saving with Revolut?,"To manage your kids' spending money and introduce them to saving with Revolut, you can create a Kids & Teens account, set monthly spending limits, receive transaction notifications, and freeze the card when needed. You can also use Pockets feature to set savings goals.","Revolut Kids & Teens Save,Kids & Teens Instant Access Savings,Revolut – Kids & Teens card management,Open a Revolut – Kids & Teens account",4
gig_courier_instant_pay_male_27,family_joint_1,panic_security_fear,"my kid just made a big payment with my card, i didn’t approve this, emergency help needed now!","Report the transaction as a fraudulent payment:
1. Go to 'Home' on the bottom menu in the Revolut app.
2. Go to transactions.
3. Report the unauthorised charge as a fraudulent payment.","Urgent text from a kid or friend?,Revolut – Kids & Teens card management,My card has been used fraudulently,My card has been swallowed by an ATM",4
gig_courier_instant_pay_male_27,family_joint_1,angry_after_waiting,Why can't my kid access their account to save money? I've asked this before. Frustrated with the lack of response. FIX IT.,"To gain access to a Kids & Teens Instant Access Savings account, follow these steps:
- Go to 'Home' on the bottom menu
- Below your balance, tap 'Accounts'
- Scroll down and select ‘Kids & Teens account’
If further assistance is needed, contact Revolut Support via the in-app chat for help.","Kids & Teens Instant Access Savings,Managing a Revolut – Kids & Teens account,Revolut – Kids & Teens card management,Open a Revolut – Kids & Teens account",4
gig_courier_instant_pay_male_27,family_joint_1,confused_by_app_updates,"I'm trying to set up some savings for my kids through the app, but I'm confused about where to start. Do family accounts link automatically, or is there a specific option I'm missing?","To set up savings for your kids, you can use the Kids & Teens Instant Access Savings or Kids & Teens Save features on Revolut. You can create Pockets for savings by following the steps mentioned in the ""Getting started with Pockets"" article. For family or joint savings accounts, you can refer to the ""Getting started with Joint Savings"" article for guidance on setting them up. Family accounts do not link automatically.","Kids & Teens Instant Access Savings,Revolut Kids & Teens Save,Getting started with Pockets,Getting started with Joint Savings",4
gig_courier_instant_pay_male_27,family_joint_1,rushing_with_typos,can i let my kid send money with their account what limits pls thx,"Your kid can send payments to other Revolut and Revolut – Kids & Teens customers with the same base currency. However, they can't send or receive regular bank transfers. You can set monthly spending limits for their account to control their spending.","Revolut – Kids & Teens payments,Revolut Kids & Teens Payment Links,Kids & Teens Instant Access Savings,Revolut – Kids & Teens card management",4
gig_courier_instant_pay_male_27,family_joint_1,on_the_go_direct,how can i set up savings for my kids quickly?,"To set up savings for your kids quickly, you can follow these steps:

1. Set up the Kids & Teens Instant Access Savings account following the steps provided in the article ""Kids & Teens Instant Access Savings.""
2. You can add money to the savings account with one-time or recurring deposits from your main Revolut currency account, as explained in the article ""Add money to your savings account.""
3. Consider using the Kids & Teens Save feature to customize savings compartments for your child, as described in the article ""Revolut Kids & Teens Save.""

By following these steps, you can efficiently set up savings for your kids.","Kids & Teens Instant Access Savings,Revolut Kids & Teens Save,Add money to your savings account,Revolut – Kids & Teens Earn",4
gig_courier_instant_pay_male_27,family_joint_1,voice_transcription,hey um if i set up savings for my kids through my account how does it work exactly do i like have to transfer money each time or is it automatic was just wondering thanks,"To add money to your Kids & Teens Savings account, you can set up one-time or recurring deposits from your main Revolut currency account. You'll need to transfer the money each time.","Kids & Teens Instant Access Savings,Revolut Kids & Teens Save,Add money to your savings account,Add money to or withdraw from Revolut Kids & Teens account",4
gig_courier_instant_pay_male_27,family_joint_1,poor_internet_connection,"trying to set up a savings for my kid in the app but getting stuck on loading screen, will it go through or should i retry later with better connection",You may be experiencing issues due to an unstable internet connection. It's advised to ensure a stable connection to proceed with setting up savings for your child.,"Kids & Teens Instant Access Savings,Revolut Kids & Teens Save,I'm having trouble using my Revolut Terminal,Revolut – Kids & Teens Earn",4
gig_courier_instant_pay_male_27,family_joint_1,vague_first_message,"My kid tried to use his card, but the payment didn't work. Do I need to update something?",Check your card details are correct and make sure there’s enough money in the account your child is paying from. You can also try the payment again or try with a different.,"My Ramp payment failed. What should I do?,My physical card isn't working,My card payment was declined,Revolut – Kids & Teens cards",4
gig_courier_instant_pay_male_27,plans_billing_2,empty,"Does the trip cancellation protection cover events purchased outside Revolut, like through another card?",The trip cancellation protection only covers trips or events purchased with your Revolut account on an active Ultra plan. Expenses paid outside your Revolut account or before upgrading to Ultra won't be covered.,"Am I covered for trips or events that I didn't purchase with my Revolut account with Ultra trip and event cancellation protection?,Event ticket cancellation protection coverage,Getting started with cancel for any reason protection,What is an event?",4
gig_courier_instant_pay_male_27,plans_billing_2,calm_at_home,Can you clarify if my Ultra plan covers cancellations for trips or events not purchased with my Revolut account? I want to ensure coverage for all travel plans.,"Your Ultra plan only covers trips or events purchased with your Revolut account. Expenses paid outside your account or before upgrading to the Ultra plan won't be covered, unless you purchased the trip or event no more than one day before upgrading to Ultra.","Am I covered for trips or events that I didn't purchase with my Revolut account with Ultra trip and event cancellation protection?,Will I get a full refund for my trip or event cancellation?,What is an event?,Event ticket cancellation protection coverage",4
gig_courier_instant_pay_male_27,plans_billing_2,panic_security_fear,"I'm worried! If my trip gets canceled but I didn't book with Revolut, am I covered? Please help, urgent!",Your trip must be purchased with your Revolut account on an active Ultra plan to be covered for trip cancellations. Expenses paid outside your Revolut account or before upgrading to the Ultra plan won't be covered unless you purchased the trip no more than one day before upgrading to Ultra.,"Do I have to pay for my trip using my Revolut account?,Am I covered for trips or events that I didn't purchase with my Revolut account with Ultra trip and event cancellation protection?,How do I make a cancel for any reason protection claim?,Cover for cancelled and interrupted trips",4
gig_courier_instant_pay_male_27,plans_billing_2,angry_after_waiting,Paid for my trip with another card. Does my Ultra plan still cover cancellations? Frustrated by previous unhelpful responses. Need clarity NOW!,Your trip or event must be purchased with your Revolut account on an active Ultra plan to be covered. Any expenses paid outside your Revolut account won't be covered unless you purchased the trip no more than one day before upgrading to Ultra.,"Am I covered by Ultra trip cancellation protection if I need to cancel a flight while abroad?,My supplier won’t let me cancel my trip/event. Am I covered with Ultra trip and event cancellation protection?,Am I covered for trips or events that I didn't purchase with my Revolut account with Ultra trip and event cancellation protection?,Will I get a full refund for my trip or event cancellation?",4
gig_courier_instant_pay_male_27,plans_billing_2,confused_by_app_updates,"I'm trying to understand if my trip is covered under this Ultra plan, even though I didn't book it with Revolut? Not sure what 'companion coverage' means or where to check this.",Your trip must be purchased with your Revolut account on an active Ultra plan to be covered. Expenses paid outside your Revolut account won't be covered unless you upgraded to the Ultra plan no more than one day before purchasing the trip. You can check if your trip is covered under the Ultra plan by ensuring it meets the criteria outlined in the relevant articles provided. The term 'companion coverage' is not explained in the provided articles.,"Am I covered for trips or events that I didn't purchase with my Revolut account with Ultra trip and event cancellation protection?,Travel insurance coverage,Trips covered by travel insurance,Do I have to pay for my trip using my Revolut account?",4
gig_courier_instant_pay_male_27,plans_billing_2,rushing_with_typos,does my ultra cover trips i didnt pay for with my revolut card need to know fast thx,Your trip must be purchased with your Revolut account on an active Ultra plan to be covered by Ultra trip and event cancellation protection. Any expenses paid outside your Revolut account or before upgrading to the Ultra plan may not be covered unless you upgraded to Ultra no more than one day before purchasing the trip.,"Am I covered for trips or events that I didn't purchase with my Revolut account with Ultra trip and event cancellation protection?,Do I have to pay for my trip using my Revolut account?,Will I get a full refund for my trip or event cancellation?,How do I make a cancel for any reason protection claim?",4
gig_courier_instant_pay_male_27,plans_billing_2,on_the_go_direct,Ultra protection cover my trip not paid using Revolut?,Your trip must be purchased with your Revolut account on an active Ultra plan to be covered by Ultra trip and event cancellation protection. Any expenses paid outside your Revolut account won't be covered unless you upgraded to the Ultra plan no more than one day before purchasing the trip.,"Do I have to pay for my trip using my Revolut account?,Am I covered for trips or events that I didn't purchase with my Revolut account with Ultra trip and event cancellation protection?,Travel insurance coverage,Trips covered by travel insurance",4
gig_courier_instant_pay_male_27,plans_billing_2,voice_transcription,hey so um if i book a trip with Revolut's Ultra thing do i need to use my Revolut card to pay for all parts of it or can i like still get protection if i used another card for some stuff,"To be covered by Ultra trip and event cancellation protection, you need to have an active Ultra plan at the time of booking your trip and use your Revolut account to pay for at least 75% of your primary transport and accommodation expenses. If you use another card for some expenses, they may not be covered.","Am I covered for trips or events that I didn't purchase with my Revolut account with Ultra trip and event cancellation protection?,Do I have to pay for my trip using my Revolut account?,Ultra plan,What is an event?",4
gig_courier_instant_pay_male_27,plans_billing_2,poor_internet_connection,"Trying to check if a trip I didn't book with Revolut is covered, app keeps timing out and uploads fail. Will the process complete despite these issues?","Please check if you have a Revolut Ultra plan and ensure the trip was purchased with your Revolut account on the active Ultra plan to be covered. If you encounter issues completing the process, please check your internet connection or try reconnecting.","Do I have to pay for my trip using my Revolut account?,I'm having trouble using my Revolut Terminal,Cover for delayed trips,Am I covered for trips or events that I didn't purchase with my Revolut account with Ultra trip and event cancellation protection?",4
gig_courier_instant_pay_male_27,plans_billing_2,vague_first_message,"If I didn’t book my trip through Revolut, does that protection thing still work for cancellations?",Your trip must be purchased with your Revolut account on an active Ultra plan to be eligible for cancellation protection. Expenses paid outside your Revolut account won't be covered unless you purchased the trip no more than one day before upgrading to Ultra.,"Am I covered for trips or events that I didn't purchase with my Revolut account with Ultra trip and event cancellation protection?,How do I make a cancel for any reason protection claim?,Will I get a full refund for my trip or event cancellation?,Getting started with cancel for any reason protection",4
gig_courier_instant_pay_male_27,fx_exchange_1,empty,"Why do I see an option to convert my payment at checkout, and is there a fee or rate difference?","Why do I see an option to convert my payment at checkout, and is there a fee or rate difference?

You may see an option to convert your payment at checkout due to Dynamic Currency Conversion (DCC). To ensure the best rate, you should always choose to be charged in the local currency.","What are Payment Links and how do I use them?,Fees for card payments in a foreign currency,I was charged extra by my bank for a Ramp payment. Why?,What is Dynamic Currency Conversion (DCC)?",4
gig_courier_instant_pay_male_27,fx_exchange_1,calm_at_home,I noticed some merchants offer to charge me in my home currency instead of using local currency. How does this impact the exchange rate I receive on my Revolut account?,"When merchants offer to charge you in your home currency instead of local currency, they are using a practice called Dynamic Currency Conversion (DCC). This can result in a less favorable exchange rate compared to using Revolut's exchange rates.","Tips for spending in a foreign currency,What exchange rates does Revolut offer?,What currency will I be charged in?,How do I exchange money?",4
gig_courier_instant_pay_male_27,fx_exchange_1,panic_security_fear,"charged way more than expected due to currency conversion, feels like fraud, kinda urgent please explain what happened","I'm sorry, but I don't have enough information to provide a conclusive answer based on the provided Help Articles.","Why was I charged more than I was shown?,I was charged extra by my bank for a Ramp payment. Why?,What is Dynamic Currency Conversion (DCC)?,I received a transfer from an unknown sender",4
gig_courier_instant_pay_male_27,fx_exchange_1,angry_after_waiting,WHY was I charged extra at the ATM? I NEVER agreed to a dynamic currency conversion. FIX this now!,"To address the extra charge at the ATM and prevent dynamic currency conversion, ensure you always choose to be charged in the local currency. This will help you avoid additional fees or unfavorable conversion rates.","What is Dynamic Currency Conversion (DCC)?,Why was I charged more than I was shown?,I was charged extra by my bank for a Ramp payment. Why?,Why was my ATM withdrawal declined?",4
gig_courier_instant_pay_male_27,fx_exchange_1,confused_by_app_updates,"I'm trying to understand this currency conversion thing while using Apple Pay abroad. Where can I find what rates Revolut applies, and what's this about a dynamic option? It's confusing.","To check the exchange rates offered by Revolut, visit their website at https://www.revolut.com/currency-converter/?geo-redirect=true. To understand Dynamic Currency Conversion, refer to the provided article ""What is Dynamic Currency Conversion (DCC).""","What exchange rates does Revolut offer?,What is Dynamic Currency Conversion (DCC)?,Tips for spending in a foreign currency,Why is my Apple Pay card number different from my Revolut's?",4
gig_courier_instant_pay_male_27,fx_exchange_1,rushing_with_typos,hey is it better to use revolut rate or store rate when paying abroad i got confused with currency conversion thx,"To get the best rate when paying abroad, you should choose to use Revolut's exchange rate instead of the store rate.","What exchange rates does Revolut offer?,Tips for spending in a foreign currency,What currency will I be charged in?,What is Dynamic Currency Conversion (DCC)?",4
gig_courier_instant_pay_male_27,fx_exchange_1,on_the_go_direct,"Getting charged in USD, not local currency, why? Need resolution.","In order to ensure you are charged in the local currency and avoid unexpected fees, always choose to be charged in the local currency when making transactions.","What is Dynamic Currency Conversion (DCC)?,I was charged extra by my bank for a Ramp payment. Why?,Why was I charged more than I was shown?,What currency will I be charged in?",4
gig_courier_instant_pay_male_27,fx_exchange_1,voice_transcription,hey i'm trying to figure out if i'm getting the best rate using my card abroad because someone mentioned this dynamic currency thing do i need to worry about the exchange rates when using Revolut for payments in another currency?,"To ensure you are getting the best rate when using Revolut for payments in another currency, you should always choose to be charged in the local currency to avoid Dynamic Currency Conversion (DCC). Revolut automatically converts your balance to the currency you're paying in.","What exchange rates does Revolut offer?,Tips for spending in a foreign currency,What is Dynamic Currency Conversion (DCC)?,What currency will I be charged in?",4
gig_courier_instant_pay_male_27,fx_exchange_1,poor_internet_connection,Trying to exchange some currency but the app keeps timing out and getting stuck. Do the rates change if the connection is poor or will my transaction still go through?,The rates will not change if the connection is poor. Your transaction might be failing due to low account balance or a daily exchange limit. You would need to check your balance and exchange limits to ensure the transaction goes through.,"Why might my currency order fail or not execute?,What exchange rates does Revolut offer?,Currency exchange fees and limits,Currency exchange orders",4
gig_courier_instant_pay_male_27,fx_exchange_1,vague_first_message,Why did I get less money than expected after using the currency thing abroad?,"Revolut doesn't charge fees for receiving a bank transfer. If you received less money while abroad, it could be due to fees applied by sending or intermediary banks, especially for international transfers. Additionally, currency exchange may have incurred fees from the sending bank.","Why did I receive less money?,Why did my recipient receive less money?,Why did I receive less crypto than I paid for?,Transfer I sent arrived in a different currency ",4
gig_courier_instant_pay_male_27,business_merchant_1,empty,How can I resolve issues when using my Revolut Terminal for transactions?,"To resolve issues with your Revolut Terminal for transactions, check if you have an active Revolut Pro account, ensure a stable internet connection, and confirm that the customer has enough money in their account or that their card is not blocked.","I'm having trouble using my Revolut Terminal,Failed payments on the Revolut Terminal,How do I log in to my Revolut Terminal?,Cards and contactless payments with Revolut Terminals",4
gig_courier_instant_pay_male_27,business_merchant_1,calm_at_home,"I'm trying to use my Revolut Terminal to process transactions, but it's not working as expected. Can you guide me on troubleshooting steps to ensure smooth operation?","Please check if you have an active Revolut Pro account and if your terminal's internet connection is stable.Ensure the cables are securely connected, choose 'Login with Revolut,' and follow the setup steps for connecting your Revolut Terminal.","I'm having trouble using my Revolut Terminal,How do I log in to my Revolut Terminal?,Failed payments on the Revolut Terminal,How do I order a Revolut Terminal?",4
gig_courier_instant_pay_male_27,business_merchant_1,panic_security_fear,"urgent my Revolut Terminal isn't working during a gig, can't process payments, worried about losing clients please help now!","It is possible that your Revolut Terminal is experiencing issues due to an unstable internet connection or an inactive Revolut Pro account. To resolve this, check if you have any requests in-app for your account and ensure a stable internet connection for the terminal.","I'm having trouble using my Revolut Terminal,Failed payments on the Revolut Terminal,Cards and contactless payments with Revolut Terminals,Cancel a transaction on the Revolut Terminal",4
gig_courier_instant_pay_male_27,business_merchant_1,angry_after_waiting,"Revolut Terminal keeps failing! Sales blocked, clients waiting. Tried everything, NOTHING works. Why is there NO fix yet? Urgent resolution needed NOW!",You may be experiencing issues with your Revolut Terminal if you do not have an active Revolut Pro account or if your terminal has an unstable internet connection. Ensure your account is active and the connection is stable to resolve the issue.,"I'm having trouble using my Revolut Terminal,Failed payments on the Revolut Terminal,How do I order a Revolut Terminal?,My Ramp payment failed. What should I do?",4
gig_courier_instant_pay_male_27,business_merchant_1,confused_by_app_updates,"I'm trying to add items to my product catalogue for sales, but I can't find where to do that on the app. What do these menu options mean? Feeling a bit lost here.","To add items to your product catalogue for sales on Revolut Pro, go to 'Revolut Pro', 'Tools', then 'Products', and tap '+ New product' to create new products.","Sales using a Revolut Pro product catalogue,Create and manage custom categories for transactions,How to place a stock order,Shops",4
gig_courier_instant_pay_male_27,business_merchant_1,rushing_with_typos,revolut terminal glitching payments not going through fast pls fix it asap thx,"Please check if the customer has enough money in their account or if the customer's card is blocked. Also, ensure that the Revolut Pro account is active and the terminal has a stable internet connection for fast payments.","Failed payments on the Revolut Terminal,I'm having trouble using my Revolut Terminal,Cancel a transaction on the Revolut Terminal,Cards and contactless payments with Revolut Terminals",4
gig_courier_instant_pay_male_27,business_merchant_1,on_the_go_direct,"Revolut Terminal not working, transactions failing at checkout. Help!","Please check if you have an active Revolut Pro account, ensure a stable internet connection, and make sure there are sufficient funds in the customer's account.","Failed payments on the Revolut Terminal,I'm having trouble using my Revolut Terminal,Cancel a transaction on the Revolut Terminal,Cards and contactless payments with Revolut Terminals",4
gig_courier_instant_pay_male_27,business_merchant_1,voice_transcription,"hey um i'm having a bit of an issue with the Revolut Terminal when i try to process payments sometimes it doesn't go through smoothly, like it lags or something, any idea why this might be happening",You might be experiencing issues with your Revolut Terminal due to an unstable internet connection. Ensure you have a stable connection to process payments smoothly.,"I'm having trouble using my Revolut Terminal,Failed payments on the Revolut Terminal,Cards and contactless payments with Revolut Terminals,My card payment was declined",4
gig_courier_instant_pay_male_27,business_merchant_1,poor_internet_connection,"My Revolut Terminal isn't loading sales data; uploads keep failing, and it times out repeatedly. What should I do if the connection drops or will my sales sync later?","Your Revolut Terminal may be experiencing issues due to an unstable internet connection. Follow the guidelines provided to ensure a stable connection and troubleshoot the issue. If your sales data isn't syncing, you may need to address the root cause of the connection problem and ensure a stable internet connection for successful data upload.","I'm having trouble using my Revolut Terminal,Failed payments on the Revolut Terminal,How do I log in to my Revolut Terminal?,When will I receive my Revolut Terminal?",4
gig_courier_instant_pay_male_27,business_merchant_1,vague_first_message,why is the payment terminal not working properly when i use it for my gigs,"Refer to the Article ""I'm having trouble using my Revolut Terminal."" Make sure you have an active Revolut Pro account and stable internet connection. Additionally, check for any requests in the app.","Failed payments on the Revolut Terminal,I'm having trouble using my Revolut Terminal,Failed payment on Tap to Pay on iPhone,My physical card isn't working",4
gig_courier_instant_pay_male_27,transfers_2,empty,"How long do bank transfers usually take, and are there any fees I should be aware of?","Bank transfers to accounts in the United Kingdom in pound sterling usually don't have fees and the time it takes for a transfer to reach your account depends on the sending bank. For international transfers inside the SEPA region, there are no fees.","Bank transfer fees,Why was my transfer sent via an intermediary bank?,How to transfer funds to Revolut,Can I make a local transfer in a different currency?",4
gig_courier_instant_pay_male_27,transfers_2,calm_at_home,I'm planning to transfer some funds to another bank. Could you clarify any fees involved and how long it typically takes for the transfer to be completed?,"For local transfers in a different currency, it will be processed as SWIFT, and intermediary banks may charge fees. The processing time usually takes up to 2 business days. If you're expecting a bank transfer to your Revolut account, the time it takes depends on the sending bank.","Can I make a local transfer in a different currency?,How to transfer funds to Revolut,Why was my transfer sent via an intermediary bank?,Sending money from Revolut to a bank account",4
gig_courier_instant_pay_male_27,transfers_2,panic_security_fear,"urgent! transfer still not in my account, could it be delayed or lost? need to know fees just in case. please help now!",Why is my transfer to a bank account still pending?,"Why is my transfer to a bank account still pending?,I received a transfer from an unknown sender,Why is my incoming transfer pending?,Why is my card transfer still pending?",4
gig_courier_instant_pay_male_27,transfers_2,angry_after_waiting,"WHY is my transfer taking so long? I need MY money NOW. Unacceptable delay, especially after no help last time. FIX this immediately!","""Why is my transfer to a bank account still pending?""","Why is my transfer to a bank account still pending?,Why is my incoming transfer pending?,I received a transfer from an unknown sender,My beneficiary has not received my card transfer",4
gig_courier_instant_pay_male_27,transfers_2,confused_by_app_updates,I'm trying to send a bank transfer and I'm confused about where to find the info on how long it'll take to go through. And are there any charges for this? I don't see anything clear.,"To check how long a bank transfer to Revolut will take, you usually can't track its progress until it appears in your transactions list. The time it takes to reach your account depends on the sending bank. Local transfers to the UK in GBP are free, and international transfers within the SEPA region are also free.","Sending money from Revolut to a bank account,Bank transfer fees,How to transfer funds to Revolut,Why was my transfer sent via an intermediary bank?",4
gig_courier_instant_pay_male_27,transfers_2,rushing_with_typos,tried sending money to bank says pending how long this take is there fee thx,The transfer is pending because it is still being processed and reviewed by us. The duration of this process can vary based on several factors. Please refer to this article for more information: 'Why is my transfer to a bank account still pending?',"Why is my transfer to a bank account still pending?,My card payment is pending,Why is my card transfer still pending?,Why is my incoming transfer pending?",4
gig_courier_instant_pay_male_27,transfers_2,on_the_go_direct,Why is my bank transfer taking longer than expected? Need money now.,"A bank transfer may take longer than expected due to weekends or public holidays, additional processing checks, or required information from the sending bank. You can check the latest status of your bank transfer by following these steps: tap your profile icon in the top-left corner, select 'Help' and Outbound transfer status.","Why is my transfer to a bank account still pending?,Why is my incoming transfer pending?,My beneficiary has not received my card transfer,Locate a bank transfer sent from Revolut",4
gig_courier_instant_pay_male_27,transfers_2,voice_transcription,hey so i noticed like a fee when i tried to make a bank transfer today um i thought their weren't any extra charges am i missing something can you let me know how the fees work for transfers thanks,"If you were charged a fee for your bank transfer, it might be due to sending to an international account outside the SEPA region. Please refer to the Bank transfer fees article.","Bank transfer fees,Why was my transfer sent via an intermediary bank?,Why did I receive less money?,Fees for card payments in a foreign currency",4
gig_courier_instant_pay_male_27,transfers_2,poor_internet_connection,"My transfer isn't showing and the app keeps timing out. If my connection's poor, will the transfer still go through or do I need to retry?","If the app timing out and your connection is poor, it's best to wait for a stable internet connection before retrying the transfer. If a transfer is pending or not showing, it could be due to additional processing checks or waiting for required information. Retrying the transfer when you have a stable connection is recommended to ensure it goes through smoothly.","Why is my transfer to a bank account still pending?,Managing a failed number transfer,Why is my incoming transfer pending?,More help with a scheduled transfer",4
gig_courier_instant_pay_male_27,transfers_2,vague_first_message,"i transferred money but it's not in my other account yet, did something go wrong","The transfer may still be pending for various reasons, such as sending it on a weekend or additional processing checks. You can reach out to the sender to confirm if they used the correct details for the transfer. If the issue persists, you can contact our Customer Support team for further assistance.","I received a transfer from an unknown sender,Why is my transfer to a bank account still pending?,My transfer to or from someone on Revolut wasn't received,I sent a transfer to the wrong Revolut customer",4
digital_nomad_tax_resident_female_33,savings_investments_1,empty,"How are my savings taxed, and are there any special rates or conditions for using the instant access savings feature?","To find information on how your savings are taxed, please refer to the following article: ""Earning interest with Savings."" If you're looking for special rates or conditions for using the Instant Access Savings feature, you can find details in the article ""Kids & Teens Instant Access Savings.""","How is interest calculated on tiered Instant Access Savings?,Kids & Teens Instant Access Savings,Rate decrease on my Instant Access Savings,Earning interest with Savings",4
digital_nomad_tax_resident_female_33,savings_investments_1,calm_at_home,Could you clarify how my savings interest is calculated during the current promotion and if the accrued interest might be subject to any tax regulations?,"Please see the article on ""Tax on Savings"" for information on tax obligations regarding your savings interest. For details on how interest is calculated during promotions, refer to the ""Earning interest with Savings"" article.","Tax on Savings,How to calculate interest on Savings accounts,Earning interest with Savings,How is interest calculated on tiered Instant Access Savings?",4
digital_nomad_tax_resident_female_33,savings_investments_1,panic_security_fear,"my savings balance changed suddenly, fear of unauthorized access, emergency please clarify promo impact and any tax deductions now",Please contact our Customer Support team by requesting a live agent in the in-app chat regarding your sudden changes in your savings balance. They can clarify any impacts from promotions and provide guidance on any tax deductions.,"Why was my Savings Accounts restricted or closed?,I received a transfer from an unknown sender,Tax on Savings,Kids & Teens Instant Access Savings",4
digital_nomad_tax_resident_female_33,savings_investments_1,angry_after_waiting,Savings interest not applied correctly. Contacted support before. Still no resolution. Why is it taking so long? This is unacceptable!,"Please refer to our article on ""Why is my transfer to a bank account still pending?"" for information on why your savings interest may not have been applied correctly.","Why is my transfer to a bank account still pending?,How to calculate interest on Savings accounts,Why is my withdrawal pending?,Earning interest with Savings",4
digital_nomad_tax_resident_female_33,savings_investments_1,confused_by_app_updates,"i'm trying to understand instant access savings but not sure what it means for my taxes, do i have to do anything special or is it all handled automatically","Revolut doesn't withhold any tax on your interest income earned. You have sole responsibility for managing your tax affairs, including making any applicable filings and tax payments.","How is interest calculated on tiered Instant Access Savings?,Kids & Teens Instant Access Savings,Tax on Savings,Instant Access Savings promotion",4
digital_nomad_tax_resident_female_33,savings_investments_1,rushing_with_typos,is interest from instant savings taxed if yes how much i ned to know thx,"Revolut doesn't withhold any tax on your interest income earned. You have sole responsibility for the management of your legal obligations and tax affairs, including making any applicable filings and tax payments.","Tax on Savings,How is interest calculated on tiered Instant Access Savings?,Earning interest with Savings,How to calculate interest on Savings accounts",4
digital_nomad_tax_resident_female_33,savings_investments_1,on_the_go_direct,Are my instant savings subject to any tax? Need to know now.,"Revolut doesn't withhold any tax on your interest income earned. It is your responsibility to manage your legal obligations and tax affairs, including making any applicable filings and tax payments.","Tax on Savings,How is interest calculated on tiered Instant Access Savings?,Kids & Teens Instant Access Savings,Rate decrease on my Instant Access Savings",4
digital_nomad_tax_resident_female_33,savings_investments_1,voice_transcription,hey just noticed my interest rate for the instant access savings seems different than before and i'm wondering if there's like something temporary going on with that promotion or maybe i misunderstood it can you clarify,"The interest rate on your Instant Access Savings might be influenced by the rates set by the Bank of England and other economic factors. The promotional boosted rate of 4.50% AER is available for eligible new and existing customers. For more information, please refer to our terms and conditions.","Rate decrease on my Instant Access Savings,Instant Access Savings promotion,Earning interest with Savings,How is interest calculated on tiered Instant Access Savings?",4
digital_nomad_tax_resident_female_33,savings_investments_1,poor_internet_connection,"i'm trying to check my savings account for interest rates but the app gets stuck loading, will my changes still apply despite this issue?",I don't know.,"Why are my statement balance and in-app balance different?,How to calculate interest on Savings accounts,Close my Savings account,Documents and statements for my Savings accounts",4
digital_nomad_tax_resident_female_33,savings_investments_1,vague_first_message,why are my savings not showing any bonus rate i thought it was automatic,Check the Terms and Conditions of the Instant Access Savings promotion to ensure your eligibility and the timeframe of the promotional campaign. The bonus rate may not be applied automatically.,"Instant Access Savings promotion,Earning interest with Savings,Rate decrease on my Instant Access Savings,How to calculate interest on Savings accounts",4
digital_nomad_tax_resident_female_33,fx_exchange_1,empty,Can you explain how the exchange rate works for withdrawals at foreign ATMs using Revolut?,"To withdraw money from foreign ATMs using Revolut, you will be subject to currency exchange fees and competitive rates set by Revolut based on independent sources. The exchange rate used will be applicable at the time of withdrawal.","How to withdraw a foreign currency,What exchange rates does Revolut offer?,Fees for cash withdrawals,Cash withdrawal limits and fees",4
digital_nomad_tax_resident_female_33,fx_exchange_1,calm_at_home,"I'm trying to understand how the exchange rates work with Revolut when using foreign ATMs, particularly if the rate is affected by any offered DCC options at the terminal.","If you encounter a Dynamic Currency Conversion (DCC) option at a foreign ATM, you should choose to be charged in the local currency to ensure you get the best rate. Revolut offers competitive exchange rates based on data from multiple independent sources.","What is Dynamic Currency Conversion (DCC)?,What exchange rates does Revolut offer?,Tips for spending in a foreign currency,How to withdraw a foreign currency",4
digital_nomad_tax_resident_female_33,fx_exchange_1,panic_security_fear,just used an atm abroad and got charged more than expected something about currency conversion what is happening please help emergency,"Ensure you choose to be charged in the local currency to get the best rate. If your card was swallowed by the ATM, freeze it immediately in the app and contact the ATM provider for instructions on retrieval. Refer to the article about Dynamic Currency Conversion for more details.","What is Dynamic Currency Conversion (DCC)?,My card has been swallowed by an ATM,Why was I charged more than I was shown?,Fees for cash withdrawals",4
digital_nomad_tax_resident_female_33,fx_exchange_1,angry_after_waiting,"Frustrated! ATM used DCC without my consent, higher rate charged. Revolut rates supposed to be better. Unacceptable! Fix this now!","If you were charged in a different currency at the ATM without your consent, you can follow up with the ATM provider.","What is Dynamic Currency Conversion (DCC)?,Why was my ATM withdrawal declined?,Report a fraudulent ATM withdrawal,My card has been swallowed by an ATM",4
digital_nomad_tax_resident_female_33,fx_exchange_1,confused_by_app_updates,"When using ATMs abroad, there's an option to choose something like currency conversion, but I'm not sure how it affects my exchange rate. Where can I find more details on this?","To find more details on how choosing currency conversion at ATMs abroad may affect your exchange rate, you can refer to the help article ""What is Dynamic Currency Conversion (DCC)?""","What is Dynamic Currency Conversion (DCC)?,Fees for cash withdrawals,Tips for spending in a foreign currency,How to withdraw a foreign currency",4
digital_nomad_tax_resident_female_33,fx_exchange_1,rushing_with_typos,trying to withdraw cash at atm abroad should i use dcc or not how r rates affectd thx,"When withdrawing cash abroad, choose to be charged in the local currency to get the best rate. Dynamic Currency Conversion (DCC) can lead to unfavorable exchange rates.","What is Dynamic Currency Conversion (DCC)?,How to withdraw a foreign currency,How to withdraw cash from an ATM,Fees for cash withdrawals",4
digital_nomad_tax_resident_female_33,fx_exchange_1,on_the_go_direct,stuck at atm what is dcc should i use or not,"If you are stuck at the ATM and wondering about Dynamic Currency Conversion (DCC), you should choose not to use it to ensure you get the best rate.","What is Dynamic Currency Conversion (DCC)?,I'm having trouble using my Revolut Terminal,My card has been swallowed by an ATM,I'm having difficulty with my airport lounge pass",4
digital_nomad_tax_resident_female_33,fx_exchange_1,voice_transcription,"hey i was using an atm abroad and i think it used a different rate than revolut because like it asked if i wanted to do the conversion, should i pick local currency or maybe revolut rates are better","To ensure you get the best rate, you should always choose to be charged in the local currency.","What exchange rates does Revolut offer?,How to withdraw a foreign currency,Tips for spending in a foreign currency,What is Dynamic Currency Conversion (DCC)?",4
digital_nomad_tax_resident_female_33,fx_exchange_1,poor_internet_connection,"app timing out when checking exchange rates, stuck loading or retries. will the correct rate apply if connection is unstable? need clear guidance on continuing safely.","If the app is timing out when checking exchange rates due to unstable internet connection, the correct rate may not apply. Ensure stable internet connection to get the accurate exchange rate.","Why might my currency order fail or not execute?,What exchange rates does Revolut offer?,Currency exchange fees and limits,I'm having trouble using my Revolut Terminal",4
digital_nomad_tax_resident_female_33,fx_exchange_1,vague_first_message,"why did my money go less at the atm, something about a conversion option?","To make sure you always get the best rate when withdrawing money from an ATM, you should always choose to be charged in the local currency. This is known as Dynamic Currency Conversion (DCC).","What is Dynamic Currency Conversion (DCC)?,Why was my ATM withdrawal declined?,Why did my recipient receive less money?,Why did I receive less money?",4
digital_nomad_tax_resident_female_33,travel_benefits_1,empty,Does my travel insurance cover areas that are currently experiencing conflict?,"Your travel insurance doesn't cover any claims caused by a war or act of war, whether or not one has been declared.","Travel insurance for areas affected by conflict,Travel insurance coverage,Cover for delayed trips,Cover for sports and activities",4
digital_nomad_tax_resident_female_33,travel_benefits_1,calm_at_home,I'm planning a trip to a region currently experiencing unrest and want to know if my Revolut travel insurance provides coverage in such areas. Can you clarify the details?,Your travel insurance does not cover any claims caused by a war or act of war if you are in a region experiencing conflict. Feel free to contact Chubb for more information or refer to the terms and conditions in the Revolut app.,"Travel insurance for areas affected by conflict,Travel insurance coverage,Cover for sports and activities,Trips covered by travel insurance",4
digital_nomad_tax_resident_female_33,travel_benefits_1,panic_security_fear,urgent! i'm traveling to a place with recent conflicts. is my travel insurance still valid? need confirmation now please help!,"Your travel insurance coverage does not include claims caused by a war or act of war. For urgent assistance, please contact Chubb for confirmation.","Travel insurance for areas affected by conflict,Travel insurance coverage,Cover for delayed trips,Getting started with travel insurance",4
digital_nomad_tax_resident_female_33,travel_benefits_1,angry_after_waiting,"Travel insurance refuses to cover conflict zone. WHY wasn’t this made clear earlier? Need resolution NOW, this is URGENT. Unacceptable delay!","I'm sorry, I don't know the answer to your question.","Travel insurance for areas affected by conflict,Cover for delayed trips,My supplier won’t let me cancel my trip/event. Am I covered with Ultra trip and event cancellation protection?,Cover for damaged, lost, or delayed baggage",4
digital_nomad_tax_resident_female_33,travel_benefits_1,confused_by_app_updates,"I'm trying to understand if the travel insurance covers regions with unrest or conflict. Is this info somewhere in the app? Only seeing general travel details, not specifics.","Please refer to the article ""Travel insurance for areas affected by conflict"" for information about coverage in conflict areas. If you have further questions, you can contact Chubb, the provider of Revolut's travel insurance.","Travel insurance for areas affected by conflict,Travel insurance coverage,Cover for sports and activities,Cover for cancelled and interrupted trips",4
digital_nomad_tax_resident_female_33,travel_benefits_1,rushing_with_typos,does my travel insurance cover if im going to a country with conflict what are the limits thx,"Your travel insurance doesn't cover any claims caused by a war or act of war, whether or not one has been declared. For specific details and limits of coverage, please refer to the terms and conditions provided by Chubb, the insurance provider. You can check this information in the Revolut app by following these steps.","Travel insurance for areas affected by conflict,Cover for delayed trips,Travel insurance coverage,Trips covered by travel insurance",4
digital_nomad_tax_resident_female_33,travel_benefits_1,on_the_go_direct,"traveling to a conflict zone, is insurance still covering me?",Your travel insurance won't cover any claims caused by a war or act of war in a conflict zone.,"Travel insurance for areas affected by conflict,Cover for delayed trips,Travel insurance coverage,Getting started with travel insurance",4
digital_nomad_tax_resident_female_33,travel_benefits_1,voice_transcription,hey so i'm traveling soon and i'm a bit confused about the travel insurance like does it cover me if i'm heading somewhere where there might be conflict or should i be worried about that thanks,"Your travel insurance doesn't cover any claims caused by a war or act of war, whether or not one has been declared. You should be aware of how your cover works in a region experiencing conflict.","Travel insurance for areas affected by conflict,Travel insurance coverage,Cover for delayed trips,Trips covered by travel insurance",4
digital_nomad_tax_resident_female_33,travel_benefits_1,poor_internet_connection,"Travel insurance info won't load for areas in conflict zones. If I retry later with poor connection, will it still apply?","If you're in a region experiencing conflict, your travel insurance does not cover claims caused by war or acts of war. It's essential to have a stable connection and check the coverage details before traveling.","Travel insurance for areas affected by conflict,Cover for delayed trips,Getting started with travel insurance,Does moving home impact my travel insurance?",4
digital_nomad_tax_resident_female_33,travel_benefits_1,vague_first_message,does my travel protection cover places where there's fighting happening now? need to know before my trip,Your travel insurance does not cover any claims caused by war or acts of war in conflict areas.,"Travel insurance for areas affected by conflict,Am I covered by Ultra trip cancellation protection if I need to cancel a flight while abroad?,Am I covered for trips or events that I didn't purchase with my Revolut account with Ultra trip and event cancellation protection?,Cover for cancelled and interrupted trips",4
digital_nomad_tax_resident_female_33,transfers_1,empty,How can I transfer money from my joint account using the app?,"To transfer money from your Joint account using the app:
- Go to 'Home' on the bottom menu
- Below your balance, tap 'Accounts'
- Select your Joint account
- Tap 'More' and follow the instructions","Joint account transfers,Adding money to a Joint account,I want to close my Joint account,Joint account card payments",4
digital_nomad_tax_resident_female_33,transfers_1,calm_at_home,I'm trying to transfer funds from our joint account using Revolut. Could you guide me on how to ensure the recipient sees my Revtag instead of the joint account's?,"To ensure the recipient sees your Revtag instead of the joint account's when transferring funds from your joint account using Revolut:
1. Go to 'Home' on the bottom menu
2. Below your balance, tap 'Accounts'
3. Select your Joint account
4. Tap 'More' → 'Details'

(Source: Joint account transfers & Revtags)","Joint account transfers,Revtags,Adding money to a Joint account,My transfer to or from someone on Revolut wasn't received",4
digital_nomad_tax_resident_female_33,transfers_1,panic_security_fear,"urgent, joint account transfer went to wrong Revtag, how do I fix this now? worried about fraud, please help!","If you sent a transfer to the wrong Revolut customer, you'll need to ask the recipient to return the money to you as soon as possible. Transfer between Revolut customers can't be canceled once processed. Please contact the recipient urgently via chat to request the return of the funds.","Report a fraudulent transfer,I want to cancel my transfer to a card,Revolut closed my joint account,I sent a transfer to the wrong Revolut customer",4
digital_nomad_tax_resident_female_33,transfers_1,angry_after_waiting,Joint account transfer NOT working again. FIX this ASAP. Changing Revtag didn’t help. Frustrated with delay and ZERO support before.,"I'm sorry for the difficulty you're facing with your Joint account transfer. To address this, contact our Customer Support team through the in-app chat for assistance. They will guide you on how to resolve the issue promptly.","My transfer to or from someone on Revolut wasn't received,I received a transfer from an unknown sender,Joint account transfers,Revolut closed my joint account",4
digital_nomad_tax_resident_female_33,transfers_1,confused_by_app_updates,"I’m trying to send money to a friend through our joint account, but the transfer option looks different. Should I use my Revtag, or is there another way to do this?","To send money to a friend through your joint account, you should follow these steps:
- Go to Payments in the bottom menu
- Tap the plus sign in the top-right corner
- Search for a past recipient or tap 'Revolut friend'
- Search by Revtag, phone number, or email
- Enter the amount
- Tap 'Send'","Joint account transfers,Adding money to a Joint account,Send or request money from other Revolut customers,More help with sending money via a payment link",4
digital_nomad_tax_resident_female_33,transfers_1,rushing_with_typos,can't transfer fr joint account do i need to change rev tag or smthing pls help thx,"To update your Revtag, go to your profile icon, select 'Account,' then 'Personal details,' and tap your Revtag to change it.","Change my Revtag,Revtags,What will happen to my Joint account?,Revolut closed my joint account",4
digital_nomad_tax_resident_female_33,transfers_1,on_the_go_direct,need to change revtag now for transfer issues urgent,"To update your Revtag for urgent transfer issues, please follow these steps:
1. Tap your profile icon in the top-left corner
2. Select 'Account' and 'Personal details'
3. Tap your Revtag to change it","Change my Revtag,Revtags,I want to cancel a bank transfer,Managing a failed number transfer",4
digital_nomad_tax_resident_female_33,transfers_1,voice_transcription,hey so i was trying to do a transfer between our joint account but it didn’t work did i set up something wrong or is their maybe a tag thing i need to change how do i fix this thanks,"To fix issues with transfers between your Joint account, follow the steps described in the ""Joint account transfers"" article to verify your account details. If the transfer still doesn't work, contact Customer Support for assistance.","Joint account transfers,My transfer to or from someone on Revolut wasn't received,I want to cancel my transfer to a card,I received a transfer from an unknown sender",4
digital_nomad_tax_resident_female_33,transfers_1,poor_internet_connection,"trying to transfer from joint account but app is stuck loading and drops connection, does it eventually go through or should i retry when network is better","If the transfer is stuck loading and the connection drops, it is recommended to retry the transfer when your network connection is stable.","Why is my transfer to a bank account still pending?,Insufficient funds for scheduled transfer,Joint account transfers,What happens if my joint account balance goes negative?",4
digital_nomad_tax_resident_female_33,transfers_1,vague_first_message,"tried moving money to our shared account but it's not showing up anywhere, what happened?",I don't know.,"I just made an exchange, but I can't find my money,My card deposit didn't work,Insufficient funds for scheduled transfer,My transfer to or from someone on Revolut wasn't received",4
digital_nomad_tax_resident_female_33,plans_billing_1,empty,Can I still claim travel insurance benefits if I cancel my Premium plan before my trip?,"No, you cannot claim travel insurance benefits if you cancel your Premium plan before your trip as travel insurance is no longer included as a Premium plan benefit after 25 July 2024.","Claiming after Premium travel insurance removal,Am I covered by Ultra trip cancellation protection if I need to cancel a flight while abroad?,My supplier won’t let me cancel my trip/event. Am I covered with Ultra trip and event cancellation protection?,Cover for cancelled and interrupted trips",4
digital_nomad_tax_resident_female_33,plans_billing_1,calm_at_home,Could you clarify who manages the trip and event cancellation protection for Ultra plan users? I'm reviewing my options to ensure comprehensive coverage as I travel frequently.,"Who provides Ultra trip and event cancellation protection?
We’re not an insurer, but we currently work exclusively with Qover to provide trip and cancellation insurance for all of our Ultra customers. Qover arranges and administers the policy for the insurer, Wakam.","Who provides Ultra trip and event cancellation protection?,My supplier won’t let me cancel my trip/event. Am I covered with Ultra trip and event cancellation protection?,Am I covered by Ultra trip cancellation protection if I need to cancel a flight while abroad?,Am I covered for trips or events that I didn't purchase with my Revolut account with Ultra trip and event cancellation protection?",4
digital_nomad_tax_resident_female_33,plans_billing_1,panic_security_fear,"Emergency! Removed my Premium plan, does my travel insurance still cover cancellations or am I at risk? Please help now!","Since your Premium plan's travel insurance has been removed, trips taking place after the cutoff date are not covered. Contact Chubb directly for possible options regarding your claim.","My supplier won’t let me cancel my trip/event. Am I covered with Ultra trip and event cancellation protection?,Am I covered by Ultra trip cancellation protection if I need to cancel a flight while abroad?,Claiming after Premium travel insurance removal,Cover for cancelled and interrupted trips",4
digital_nomad_tax_resident_female_33,plans_billing_1,angry_after_waiting,Why are my claims denied after upgrading to a Premium plan? This is unacceptable. Tried support but no resolution! DEMAND IMMEDIATE ACTION!,"I don't have access to claim information. Please contact Chubb directly if your claim is for an event that occurred before the removal of travel insurance as a Premium plan benefit on July 25, 2024.","Claiming after Premium travel insurance removal,How do I get an update on my existing claim?,Getting an update on an everyday protection claim,How do I get an update on my existing claim?",4
digital_nomad_tax_resident_female_33,plans_billing_1,confused_by_app_updates,i removed my premium travel insurance but now i'm unsure if i can still claim for my previous trips what does the app mean by trip cancellation protection who covers it,The information provided does not address who covers the trip cancellation protection.,"Cover for cancelled and interrupted trips,Claiming after Premium travel insurance removal,Am I covered by Ultra trip cancellation protection if I need to cancel a flight while abroad?,What is a trip?",4
digital_nomad_tax_resident_female_33,plans_billing_1,rushing_with_typos,pls explain if ultra trip cancellation still covers me after premium travel insurance removal thx,I don't know.,"Am I covered by Ultra trip cancellation protection if I need to cancel a flight while abroad?,Ultra trip & event cancellation with companion coverage,My supplier won’t let me cancel my trip/event. Am I covered with Ultra trip and event cancellation protection?,What is a trip?",4
digital_nomad_tax_resident_female_33,plans_billing_1,on_the_go_direct,"Ultra plan cancel, event protection provider, who actually covers?","We're not an insurer, but Qover arranges and administers the policy for Ultra trip and event cancellation protection, provided by the insurer, Wakam.","Ultra trip & event cancellation with companion coverage,Who provides Ultra trip and event cancellation protection?,My supplier won’t let me cancel my trip/event. Am I covered with Ultra trip and event cancellation protection?,What is an event?",4
digital_nomad_tax_resident_female_33,plans_billing_1,voice_transcription,uh so if i removed my premium travel insurance what do i do if i need to make a claim now cause i had the premium before but not anymore does that affect anything with a claim,"If you previously had Premium travel insurance but removed it, and need to make a claim for an event that occurred before the removal date, you can contact Chubb directly to submit your claim.","Claiming after Premium travel insurance removal,Why is my travel insurance coverage ending?,What is the excess for travel insurance claims?,Does moving home impact my travel insurance?",4
digital_nomad_tax_resident_female_33,plans_billing_1,poor_internet_connection,"my premium travel insurance was removed and i’m trying to submit a claim but the app gets stuck loading, will my claim still go through with these connection issues?",We don't have access to your claim information. Please contact Chubb directly for assistance with submitting your claim.,"Claiming after Premium travel insurance removal,How do I get an update on my existing claim?,Submitting documents for a travel insurance claim,How do I make a travel insurance claim?",4
digital_nomad_tax_resident_female_33,plans_billing_1,vague_first_message,i had ultra travel cover but now my plans changed do i still get any refund or coverage,"If you have Ultra trip and event cancellation protection, you may be eligible for a refund or coverage depending on the specific cancellation reasons outlined in the policy. I recommend reviewing the terms and conditions of your Ultra plan for more information on eligible cancellation reasons and the refund process.","Am I covered by Ultra trip cancellation protection if I need to cancel a flight while abroad?,Will I get a full refund for my trip or event cancellation?,Am I covered for trips or events that I didn't purchase with my Revolut account with Ultra trip and event cancellation protection?,My supplier won’t let me cancel my trip/event. Am I covered with Ultra trip and event cancellation protection?",4
digital_nomad_tax_resident_female_33,cards_atm_1,empty,Why can’t I deposit money into my Revolut card from my Ukrainian bank account?,"You can deposit money into your Revolut card from your Ukrainian bank account via bank transfer, except from unsupported regions such as Crimea, Donetsk, Kherson, Luhansk, Sevastopol, and Zaporizhzhia. Fees may apply.","Can I transfer money to Ukraine?,Ukraine card top-up limits,How to add money with a card,Can I transfer money to or from Russia or Belarus?",4
digital_nomad_tax_resident_female_33,cards_atm_1,calm_at_home,"I'm trying to top-up my account with my card, but it's not working. Are there any limits or restrictions I should be aware of?",Your card deposits may be blocked if your issuing bank has declined a previous payment or if you've made multiple unsuccessful attempts to make the payment. Payment blocks can last up to 30 days. Check the Card deposit limits and fees article for more information.,"Card deposit limits and fees,Limits for using my card abroad,Card payment fees and limits,Why your card top-ups may be blocked",4
digital_nomad_tax_resident_female_33,cards_atm_1,panic_security_fear,"urgent! my card got blocked after deposit attempt in ukraine, but i need access now, is this fraud or limit issue?","I'm sorry, I don't have the information to answer your question.","My card has been used fraudulently,My card payment was declined by the security system,Why your card top-ups may be blocked,Ukraine card top-up limits",4
digital_nomad_tax_resident_female_33,cards_atm_1,angry_after_waiting,MY CARD IS BLOCKED FOR NO REASON! Can't top up from bank. FIX THIS NOW! NEED MONEY! Why hasn’t this been resolved already?,"Why your card top-ups may be blocked for up to 30 days due to previous declined payments or multiple unsuccessful attempts. If your card is blocked, it could be attributed to these reasons. You can refer to the ""Why your card top-ups may be blocked"" article for more information.","Why your card top-ups may be blocked,Why was my top-up reverted?,My physical card isn't working,My card has been used fraudulently",4
digital_nomad_tax_resident_female_33,cards_atm_1,confused_by_app_updates,"I'm trying to add funds to my card, but it's not working. Is there a limit or something I missed? The app isn't clear on this.",Your card top-ups may be blocked due to previous declined payments or multiple unsuccessful attempts. This block can last up to 30 days. Check if this could be the reason why your funds are not going through.,"How to add money with a card,Why your card top-ups may be blocked,Transferring funds to an external card,Setting a monthly spending limit",4
digital_nomad_tax_resident_female_33,cards_atm_1,rushing_with_typos,card top up not working is there a deposit limit for ukraine atm pls help thx,"To add money through a card, you seem to be experiencing an issue. Here is a guide on how to successfully add money using a card: [How to add money with a card](https://www.revolut.com/help/add-money/topping-up-by-card/how-to-add-money-with-a-card). If you are having trouble with the top-up limit for Ukraine, refer to the article on [Ukraine card top-up limits](https://www.revolut.com/help/account/i-cant-make-payments/topping-up/what-are-the-top-up-limits-for-ukraine).","Ukraine card top-up limits,Can I transfer money to Ukraine?,How to add money with a card,Auto top-ups",4
digital_nomad_tax_resident_female_33,cards_atm_1,on_the_go_direct,"deposit limit reached, can't top up card in Kyiv, need help now","I'm sorry, but I don't have the information to address your query.","Ukraine card top-up limits,Can I transfer money to Ukraine?,Why your card top-ups may be blocked,Auto top-ups",4
digital_nomad_tax_resident_female_33,cards_atm_1,voice_transcription,hey my card deposit didn't go through and i'm like wondering if there's some sort of limit on this especially for top-ups from a bank outside Ukraine because i need to know what's the issue and fix it,"Based on the information provided in the articles you provided, it seems that card deposits may be blocked due to various reasons, including declined payments from the issuing bank or multiple unsuccessful attempts. You can check the deposit status in your in-app transactions list and contact your issuing bank for more information on potential limits or restrictions.","Ukraine card top-up limits,Why was my top-up reverted?,My card deposit didn't work,Why your card top-ups may be blocked",4
digital_nomad_tax_resident_female_33,cards_atm_1,poor_internet_connection,I'm trying to top up my card but the app keeps getting stuck at loading or timing out. Will it go through if my connection improves?,The issue you are experiencing with the app being stuck at loading or timing out while topping up may be resolved once your connection improves.,"Why your card top-ups may be blocked,I'm having trouble using my Revolut Terminal,Auto top-ups,My physical card isn't working",4
digital_nomad_tax_resident_female_33,cards_atm_1,vague_first_message,why can't i add money to my card from my other account like before,"Card top-ups may be blocked due to previous declined payments or multiple unsuccessful attempts. You can try troubleshooting the issue by checking the article ""Why your card top-ups may be blocked.""","Why your card top-ups may be blocked,How to add money with a card,Difficulty adding money with an easy bank transfer,I'm unable to send money to another Revolut customer",4
digital_nomad_tax_resident_female_33,plans_billing_2,empty,Does the Ultra plan's trip cancellation cover apply if I didn't use my Revolut account to pay for the trip?,"The Ultra plan's trip cancellation cover applies only if you paid for the trip using your Revolut account as instructed in the article ""Do I have to pay for my trip using my Revolut account?""","Am I covered for trips or events that I didn't purchase with my Revolut account with Ultra trip and event cancellation protection?,Will I get a full refund for my trip or event cancellation?,Am I covered by Ultra trip cancellation protection if I need to cancel a flight while abroad?,Do I have to pay for my trip using my Revolut account?",4
digital_nomad_tax_resident_female_33,plans_billing_2,calm_at_home,"I'm considering getting Ultra for trip coverage, but I often book with other accounts. Would it still cover me if I didn't use Revolut for the purchase?",Your trip or event must be purchased with your Revolut account on an active Ultra plan to be covered. Any expenses paid outside your Revolut account won't be covered unless you purchased the trip no more than one day before upgrading to Ultra.,"Am I covered for trips or events that I didn't purchase with my Revolut account with Ultra trip and event cancellation protection?,Do I have to pay for my trip using my Revolut account?,Will I get a full refund for my trip or event cancellation?,Trips covered by travel insurance",4
digital_nomad_tax_resident_female_33,plans_billing_2,panic_security_fear,is my trip covered if i didn't use revolut to pay for it? urgent i need to know now please,"Your trip must be purchased with your Revolut account on an active Ultra plan to be covered. If expenses were paid outside your Revolut account or before upgrading to the Ultra plan, they won't be covered.","Do I have to pay for my trip using my Revolut account?,Am I covered for trips or events that I didn't purchase with my Revolut account with Ultra trip and event cancellation protection?,Travel insurance coverage,Trips covered by travel insurance",4
digital_nomad_tax_resident_female_33,plans_billing_2,angry_after_waiting,Why am I not covered for a trip I booked without Revolut and why haven't I gotten a clear answer yet? NEED ACTION NOW.,"You are not covered for a trip booked without using Revolut because the trip must be paid with your Revolut account on an active Ultra plan to be eligible for coverage. For more clarity on your claim status, contact Qover directly as Revolut cannot confirm eligibility or access claim information.","Do I have to pay for my trip using my Revolut account?,Getting an update on an everyday protection claim,Am I covered for trips or events that I didn't purchase with my Revolut account with Ultra trip and event cancellation protection?,Travel insurance coverage",4
digital_nomad_tax_resident_female_33,plans_billing_2,confused_by_app_updates,"I'm looking into the Ultra plan's trip cancellation, and I'm unsure if it's valid for events not booked through Revolut. The coverage details aren't clear. Where can I confirm this?","You must purchase the event with your Revolut account on an active Ultra plan to be covered by the Ultra trip and event cancellation protection. Any expenses paid outside your Revolut account or before upgrading to the Ultra plan won't be covered, unless you purchased the event no more than one day before upgrading to Ultra.","Am I covered for trips or events that I didn't purchase with my Revolut account with Ultra trip and event cancellation protection?,What is an event?,Will I get a full refund for my trip or event cancellation?,Event ticket cancellation protection coverage",4
digital_nomad_tax_resident_female_33,plans_billing_2,rushing_with_typos,if i book trips using other banks am i still covered with revolut ultra protection pls? thx,"To be covered by Revolut's Ultra protection, the trip must be purchased with your Revolut account on an active Ultra plan. Expenses paid using other banks won't be covered.","Am I covered for trips or events that I didn't purchase with my Revolut account with Ultra trip and event cancellation protection?,Do I have to pay for my trip using my Revolut account?,Travel insurance coverage,Will I get a full refund for my trip or event cancellation?",4
digital_nomad_tax_resident_female_33,plans_billing_2,on_the_go_direct,Do I still have trip cancellation cover if booked outside Revolut?,"No, your trip or event must be purchased with your Revolut account on an active Ultra plan to be covered for trip cancellation. Any expenses paid outside your Revolut account won't be covered unless you purchased the trip using your Revolut account no more than one day before upgrading to Ultra.","Am I covered for trips or events that I didn't purchase with my Revolut account with Ultra trip and event cancellation protection?,Cover for cancelled and interrupted trips,Will I get a full refund for my trip or event cancellation?,How do I make a cancel for any reason protection claim?",4
digital_nomad_tax_resident_female_33,plans_billing_2,voice_transcription,hey so with like the ultra plan if i have to cancel a trip i didn't book through revolut am i still covered by the protection especially if i'm traveling with someone else just wanna make sure you know,You must have purchased the trip with your Revolut account on an active Ultra plan to be covered by the Ultra trip and event cancellation protection. Expenses paid outside your Revolut account won't be covered unless certain conditions are met.,"Am I covered for trips or events that I didn't purchase with my Revolut account with Ultra trip and event cancellation protection?,Will I get a full refund for my trip or event cancellation?,How do I make a cancel for any reason protection claim?,Am I covered by Ultra trip cancellation protection if I need to cancel a flight while abroad?",4
digital_nomad_tax_resident_female_33,plans_billing_2,poor_internet_connection,"Having trouble loading app features, connection keeps dropping. Can Ultra protection still cover a trip bought with another card if app won’t load policies?",I don't know.,"Am I covered for trips or events that I didn't purchase with my Revolut account with Ultra trip and event cancellation protection?,Am I covered by Ultra trip cancellation protection if I need to cancel a flight while abroad?,My supplier won’t let me cancel my trip/event. Am I covered with Ultra trip and event cancellation protection?,Ultra trip & event cancellation with companion coverage",4
digital_nomad_tax_resident_female_33,plans_billing_2,vague_first_message,if i book a flight with another card does my trip protection still cover it,"Your trip protection will only cover trips or events purchased with your Revolut account on an active Ultra plan. If you book a flight with another card, it will not be covered unless you upgraded to the Ultra plan within one day of purchasing the trip with the other card.","Am I covered by Ultra trip cancellation protection if I need to cancel a flight while abroad?,Am I covered for trips or events that I didn't purchase with my Revolut account with Ultra trip and event cancellation protection?,Do I have to pay for my trip using my Revolut account?,Ultra trip & event cancellation with companion coverage",4
digital_nomad_tax_resident_female_33,business_merchant_1,empty,How can I resolve issues with my Revolut Terminal not processing transactions correctly during sales events?,"I'm sorry, I don't have the specific information on resolving issues with your Revolut Terminal during sales events.","Failed payments on the Revolut Terminal,I'm having trouble using my Revolut Terminal,Cards and contactless payments with Revolut Terminals,Cancel a transaction on the Revolut Terminal",4
digital_nomad_tax_resident_female_33,business_merchant_1,calm_at_home,I'm having difficulties integrating the Revolut Terminal with my existing business setup. Could you provide guidance on resolving this issue efficiently?,"You may be having trouble integrating the Revolut Terminal with your existing business setup for several reasons. To resolve this efficiently, please make sure you have an active Revolut Pro account and a stable internet connection for the terminal. Additionally, ensure you are logging in correctly as per the provided steps. If the issue persists, please refer to the help article on using the Revolut Terminal for more troubleshooting tips.","I'm having trouble using my Revolut Terminal,How do I log in to my Revolut Terminal?,How do I order a Revolut Terminal?,Revolut Business",4
digital_nomad_tax_resident_female_33,business_merchant_1,panic_security_fear,"urgent issue! transactions through revolut terminal not going through, says failed but funds missing! please help fix this now, worried about fraud","If your transaction failed on the Revolut Terminal but funds are missing, please act quickly by securing your account and reporting the failed payment. Review the specific reasons for failed transactions and possible solutions indicated in the articles provided.","Failed payments on the Revolut Terminal,I'm having trouble using my Revolut Terminal,Report a fraudulent transfer,Why was my ATM withdrawal declined?",4
digital_nomad_tax_resident_female_33,business_merchant_1,angry_after_waiting,"Terminal not working AGAIN. Transactions stuck. Clients waiting. ALREADY tried support, no fix. SORT this immediately or I’ll escalate. UNACCEPTABLE delay!",You might be having trouble using your Revolut Terminal due to an unstable internet connection or an issue with your Revolut Pro account. Ensure you have an active connection and check for any requests in-app related to your account status.,"I'm having trouble using my Revolut Terminal,Failed payments on the Revolut Terminal,My Ramp transaction is completed but I didn't receive the funds,Delayed (offline) card payments",4
digital_nomad_tax_resident_female_33,business_merchant_1,confused_by_app_updates,"I'm trying to use my Revolut Terminal, but I can't find the option to link it to my Pro product catalogue. What does that mean and where should I be looking in the app?","You need to ensure you have a fully active Revolut Pro account to connect your Revolut Terminal. To check if you have a Pro account, follow these steps:

1. Go to 'Home' on the bottom menu of the main Revolut app
2. Tap 'Accounts' under your balance
3. If you don't see a Pro account listed, tap 'Add new' and select 'Pro account' to complete your application.","How do I log in to my Revolut Terminal?,How do I order a Revolut Terminal?,I'm having trouble using my Revolut Terminal,Where can I find my Revolut Pro account in-app?",4
digital_nomad_tax_resident_female_33,business_merchant_1,rushing_with_typos,cn’t get sales in app using product catalogue terminal keeps failing pls fix thx,"To resolve issues with making sales using the product catalogue on the terminal, first ensure you have an active Revolut Pro account. Then, set up your catalogue in your Revolut Pro payment account by following these steps: Go to 'Revolut Pro' > 'Tools' > 'Products' to create catalogue sales. Make sure your terminal's internet connection is stable to avoid payment failures.","Sales using a Revolut Pro product catalogue,I'm having trouble using my Revolut Terminal,Failed payments on the Revolut Terminal,Failed payment on Tap to Pay on iPhone",4
digital_nomad_tax_resident_female_33,business_merchant_1,on_the_go_direct,"can't access terminal for sales, urgent client waiting, need fix","You might be experiencing issues using your Revolut Terminal if you don't have an active Revolut Pro account. Please check if your account is active and follow the steps to connect your terminal as outlined in the article ""How do I log in to my Revolut Terminal?""","I'm having trouble using my Revolut Terminal,How do I log in to my Revolut Terminal?,Failed payments on the Revolut Terminal,How do I order a Revolut Terminal?",4
digital_nomad_tax_resident_female_33,business_merchant_1,voice_transcription,"uh i'm trying to use that revolut pro catalogue for sales but it's like um not loading or something and my network's fine, any idea why this might be happening because I'm kind of stuck their","It seems like you are facing challenges with using the Revolut Pro product catalogue for sales. Since your network is fine, the issue might be caused by the product catalogue setup. I recommend checking if you have created the catalogue in your Revolut Pro payment account following the steps outlined in the article ""Sales using a Revolut Pro product catalogue.""","I'm having trouble using my Revolut Terminal,Sales using a Revolut Pro product catalogue,My virtual card is not working,Pro account under review or payments not working",4
digital_nomad_tax_resident_female_33,business_merchant_1,poor_internet_connection,I'm having trouble uploading products to my Revolut Pro catalogue; connection keeps dropping and timing out. Can transactions still be processed if uploads fail due to poor connectivity?,You may experience issues with uploading products to your Revolut Pro catalogue due to poor connectivity. Transactions can still be processed if uploads fail.,"I'm having trouble using my Revolut Terminal,Failed payments on the Revolut Terminal,Can I accept payments with Revolut Pro?,Difficulty adding money with an easy bank transfer",4
digital_nomad_tax_resident_female_33,business_merchant_1,vague_first_message,"when using that thing for selling products, my sales aren't showing up right. what's happening?","You'll need to create a catalogue in your Revolut Pro payment account to be able to track your sales accurately. Go to 'Revolut Pro', 'Tools', then 'Products' to set up your catalogue correctly.","Sales using a Revolut Pro product catalogue,Pro account under review or payments not working,Declined card payment isn't visible,Why are my statement balance and in-app balance different?",4
digital_nomad_tax_resident_female_33,savings_investments_2,empty,How do I determine if I qualify as a high-net-worth or restricted investor with my current savings?,"To determine if you qualify as a high-net-worth investor or a restricted investor with your current savings, you need to consider your investment behavior based on the criteria outlined in the articles you provided.","What does it mean to be a high-net-worth investor?,What does it mean to be a restricted investor?,Glossary of onboarding terms,How is interest calculated on tiered Instant Access Savings?",4
digital_nomad_tax_resident_female_33,savings_investments_2,calm_at_home,Could you explain how my investment status affects my savings options with Revolut? I'm linking several external accounts and want to understand any impact or limitations.,I don't know.,"How are the funds in my Savings accounts protected?,Getting started with Savings,Tax on Savings,How are my investments with Revolut protected?",4
digital_nomad_tax_resident_female_33,savings_investments_2,panic_security_fear,"urgent help! app says high-net-worth status, i'm scared of fraud, did i lose my savings? fix this now please!",I don't know.,"Someone wants to give you a lot of money?,Urgent text from a kid or friend?,Feeling pressured or threatened?,Looking for a high return?",4
digital_nomad_tax_resident_female_33,savings_investments_2,angry_after_waiting,"Why am I being treated like a second-tier investor? Already wasted time on this. No proper help received, fix this ASAP.","Why didn't I get a bank account when I signed up?

The bank has begun a phased roll-out. This timeline ensures the best possible customer experience, allowing for a seamless and secure migration of our existing UK customers. This is a transitional period to ensure everything is working as expected. We'll let you know, via email and in-app, when we're ready.","Why didn't I get a bank account when I signed up?,Looking for a high return?,What information do I need to provide to onboard to trading?,Reasons an investment account may be closed",4
digital_nomad_tax_resident_female_33,savings_investments_2,confused_by_app_updates,"I'm seeing some terms like 'high-net-worth' and 'restricted' investors in my app, but I'm not sure what they mean or how they apply to my savings. Can you clarify this?","To clarify, a high-net-worth investor is someone who meets certain financial criteria, while a restricted investor has specific limits on their investment activities based on their net assets. These classifications may be relevant when considering investments like crypto ETNs.","Glossary of onboarding terms,What does it mean to be a restricted investor?,What does it mean to be a high-net-worth investor?,Understanding our onboarding question about affiliations",4
digital_nomad_tax_resident_female_33,savings_investments_2,rushing_with_typos,"trying to link external bank for savings, do i ned to be high-net invester or smth restricted","To link an external bank account for savings with Revolut, you do not need to be a high-net-worth investor or a restricted investor. Simply follow the steps outlined in the article ""How do I link an external account to Revolut?""","What does it mean to be a restricted investor?,How do I link an external account to Revolut?,Getting started with Savings,Glossary of onboarding terms",4
digital_nomad_tax_resident_female_33,savings_investments_2,on_the_go_direct,"urgent need to know if i qualify as high-net-worth or restricted investor for savings options, boarding soon","To determine if you qualify as a high-net-worth investor or a restricted investor for savings options, you'll need to assess if you meet the criteria outlined in the provided articles regarding high-net-worth and restricted investors.","What does it mean to be a high-net-worth investor?,What does it mean to be a restricted investor?,Glossary of onboarding terms,Understanding our onboarding question about affiliations",4
digital_nomad_tax_resident_female_33,savings_investments_2,voice_transcription,hi uh i heard about like different investor categories for like savings accounts um can you explain what being a high or restricted investor means like how do i know which one i am,"To determine if you are a high-net-worth investor or a restricted investor, you need to assess your investment behavior and intentions based on the criteria mentioned in the articles. If you invested less than 10% of your net assets in high-risk investments in the past 12 months and intend to invest less than 10% in the next 12 months, you are considered a restricted investor. If you qualify as a high-net-worth investor, you confirm this based on your financial situation and past investment behavior.","What does it mean to be a restricted investor?,Glossary of onboarding terms,What does it mean to be a high-net-worth investor?,Why was my Savings Accounts restricted or closed?",4
digital_nomad_tax_resident_female_33,savings_investments_2,poor_internet_connection,trying to check my investor profile but app stuck at loading does poor connection affect updates or will my profile still update properly,Poor internet connection may affect the app's functionality and cause loading issues. It's advisable to ensure a stable internet connection to allow proper updates to your profile.,"I'm having trouble using my Revolut Terminal,Pro account under review or payments not working,Difficulty logging in,Can't see my deposit in-app",4
digital_nomad_tax_resident_female_33,savings_investments_2,vague_first_message,am i supposed to do something special with savings on the app to be a big investor? how does it work,"To become a big investor, you can create a Savings Pocket in the Revolut app and deposit funds into it. Additionally, you can participate in the Savings Challenge to boost your savings. buttonWithType of Pocket and follow the instructions provided in the Getting started with Pockets article.","Getting started with Pockets,Savings Challenge,Kids & Teens Instant Access Savings,Add money to your savings account",4
digital_nomad_tax_resident_female_33,fx_exchange_2,empty,How can I avoid dynamic currency conversion fees when using my Revolut card at foreign ATMs?,"To avoid dynamic currency conversion fees when using your Revolut card at foreign ATMs, always choose to be charged in the local currency of the country you are in. This ensures you receive the best exchange rate.","How to withdraw a foreign currency,What is Dynamic Currency Conversion (DCC)?,Fees for cash withdrawals,Tips for spending in a foreign currency",4
digital_nomad_tax_resident_female_33,fx_exchange_2,calm_at_home,"Could you clarify how Dynamic Currency Conversion works at ATMs, and whether using Revolut offers any specific benefits in terms of exchange rates compared to other providers?","When using an ATM that offers Dynamic Currency Conversion, it's important to choose to be charged in the local currency to ensure you get the best exchange rate. Revolut offers competitive exchange rates based on data from multiple independent sources.","What is Dynamic Currency Conversion (DCC)?,What exchange rates does Revolut offer?,How to withdraw a foreign currency,Fees for cash withdrawals",4
digital_nomad_tax_resident_female_33,fx_exchange_2,panic_security_fear,"used atm abroad, charged different rate than expected, is there fraud or DCC involved please help right away","I'm sorry, I cannot provide an answer with the available resources.","What is Dynamic Currency Conversion (DCC)?,Strange small charges on your card?,Report a fraudulent transfer,Report a card payment as a scam or fraud",4
digital_nomad_tax_resident_female_33,fx_exchange_2,angry_after_waiting,Why was I charged DCC fee at ATM when Revolut is supposed to have better rates? Fix this now!,"To avoid being charged a DCC fee at an ATM, you should always choose to be charged in the local currency.","What is Dynamic Currency Conversion (DCC)?,Why was I charged more than I was shown?,Fees for cash withdrawals,Why was my ATM withdrawal declined?",4
digital_nomad_tax_resident_female_33,fx_exchange_2,confused_by_app_updates,"using atms abroad shows dynamic currency option, not clear what that does. does revolut use own rates here or should i choose something else to avoid extra fees?","To ensure you always get the best rate when using ATMs abroad and encountering Dynamic Currency Conversion (DCC), you should always choose to be charged in the local currency. This way, you will benefit from Revolut's competitive exchange rates rather than potentially higher rates offered by the ATM.","What is Dynamic Currency Conversion (DCC)?,What exchange rates does Revolut offer?,How to withdraw a foreign currency,Tips for spending in a foreign currency",4
digital_nomad_tax_resident_female_33,fx_exchange_2,rushing_with_typos,does revolut offer better rates than DCC when using foreign ATMs thnx,Revolut always offers competitive rates for currency exchange. It is recommended to always choose to be charged in the local currency when using a foreign ATM to ensure you get the best rate.,"What is Dynamic Currency Conversion (DCC)?,How to withdraw a foreign currency,What exchange rates does Revolut offer?,Fees for cash withdrawals",4
digital_nomad_tax_resident_female_33,fx_exchange_2,on_the_go_direct,"At ATM, prompt says choose currency conversion rate. Which Revolut rate applies?","When prompted to choose a currency conversion rate at an ATM, the rate you should select should be the one offered by Revolut for the best conversion rate. Avoid choosing the Dynamic Currency Conversion offered by the ATM to ensure you get the best rate.","What exchange rates does Revolut offer?,What is Dynamic Currency Conversion (DCC)?,What currency will I be charged in?,How to withdraw a foreign currency",4
digital_nomad_tax_resident_female_33,fx_exchange_2,voice_transcription,"hey uh when i'm using atms abroad is their like a way to make sure the conversion rate isn't messed up, i keep hearing about this currency conversion thing but how do i know what rate is applied by you guys","To ensure you get the best rate when using ATMs abroad, you should always opt to be charged in the local currency of the country you're in. This helps you avoid Dynamic Currency Conversion (DCC) which may not offer the best exchange rate. You can also check the exchange rates offered by Revolut on their website.","What is Dynamic Currency Conversion (DCC)?,What exchange rates does Revolut offer?,Tips for spending in a foreign currency,Transfer I sent arrived in a different currency ",4
digital_nomad_tax_resident_female_33,fx_exchange_2,poor_internet_connection,Trying to check exchange rates but app keeps timing out. Will currency conversion use local ATM rate if connection fails during withdrawal?,"I'm sorry, I don't know.","What is Dynamic Currency Conversion (DCC)?,Fees for cash withdrawals,Limits for using my card abroad,Cash withdrawal limits and fees",4
digital_nomad_tax_resident_female_33,fx_exchange_2,vague_first_message,"why did i get a strange amount when withdrawing cash, is there a hidden charge or something","Revolut always communicates clearly how much you are being charged, including a breakdown of any applicable fees. If you receive a strange amount when withdrawing cash, it may be due to currency exchange fees or unexpected conversions from your bank. You can review the breakdown of charges in your payment confirmation screen.","Fees for cash withdrawals,Why was my ATM withdrawal declined?,Why was I charged more than I was shown?,I was charged extra by my bank for a Ramp payment. Why?",4
cross_border_commuter_female_37,transfers_1,empty,How can I transfer money from my joint account and change my Revtag?,"To transfer money from your Joint account:
1. Go to 'Home' on the bottom menu
2. Below your balance, tap 'Accounts'
3. Select your Joint account
4. Tap 'Add money' and follow the instructions

To change your Revtag:
1. Tap your profile icon in the top-left corner
2. Select 'Account' and 'Personal details'
3. Tap your Revtag to change it","Joint account transfers,Change my Revtag,Adding money to a Joint account,Revtags",4
cross_border_commuter_female_37,transfers_1,calm_at_home,Can I transfer money from my joint account to my single account? Want to make sure the settings are correct.,"To transfer money from your Joint account to your personal account, please go to 'Home' on the bottom menu, select your Joint account, and initiate a bank transfer following the provided steps.","Joint account transfers,Adding money to a Joint account,I want to close my Joint account,Setting up a Joint account",4
cross_border_commuter_female_37,transfers_1,panic_security_fear,emergency! my eur transfer not showing in joint account did i use wrong tag? please help now,"I'm sorry, I don't have the information to help you with your query.","I received a transfer from an unknown sender,I want to cancel my transfer to a card,My transfer to or from someone on Revolut wasn't received,I sent a transfer to the wrong Revolut customer",4
cross_border_commuter_female_37,transfers_1,angry_after_waiting,"My Revtag wrong. Can't transfer. This is slow, fix it NOW. Tried before, nothing changed! Why? Wasting time!","To update your Revtag, follow these steps: 
- Tap your profile icon in the top-left corner
- Select 'Account' and 'Personal details'
- Tap your Revtag to change it

If you are experiencing issues with transferring funds due to a wrong Revtag, please contact the recipient to return the money to you.","Change my Revtag,I sent a transfer to the wrong Revolut customer,My transfer to or from someone on Revolut wasn't received,My transfer to another Revolut customer is pending",4
cross_border_commuter_female_37,transfers_1,confused_by_app_updates,"I changed my Revtag, but now I'm confused where to do transfers from my joint account. Do I need a new process or setting? I don't see any option.","To transfer funds from your Joint account after changing your Revtag, you can follow these steps:
- Go to 'Home' on the bottom menu
- Below your balance, tap 'Accounts'
- Select your Joint account
- Tap 'More' → 'Details'
If you need further assistance, please let me know.","Change my Revtag,Revtags,Joint account transfers,Setting up a Joint account",4
cross_border_commuter_female_37,transfers_1,rushing_with_typos,"how i change my revtag, need to do transfer to joint account, cant find option, thx","To change your Revtag, tap your profile icon, then go to 'Account' and 'Personal details'. To do a transfer to a Joint account, you need to share the Joint account details with the sender. If you can't find the option to transfer to a Joint account, you may need to ensure you have set up the Joint account details correctly.","Change my Revtag,Revtags,Joint account transfers,I want to close my Joint account",4
cross_border_commuter_female_37,transfers_1,on_the_go_direct,"transfer not working, is it because of wrong Revtag? need to fix",I can't find information on whether a transfer may not work due to a wrong Revtag.,"Change my Revtag,My transfer to or from someone on Revolut wasn't received,Revtags,I sent a transfer to the wrong Revolut customer",4
cross_border_commuter_female_37,transfers_1,voice_transcription,uh so i need to move some money to a joint account and i'm not sure if i can use my revtag for that like how do i make it happen is it the same process,"To add money to your Joint account using your Revolut account, follow these steps:
1. Go to 'Home' on the bottom menu
2. Below your balance, tap 'Accounts'
3. Select your Joint account
4. Tap 'Add money' and follow the instructions

If you wish to use your RevTag for this transfer, unfortunately, RevTag is not mentioned as a method for transferring funds to a Joint account in the available articles.","Setting up a Joint account,What will happen to my Joint account?,Joint account transfers,Adding money to a Joint account",4
cross_border_commuter_female_37,transfers_1,poor_internet_connection,"my app getting stuck during transfer to joint account, cannot load, what happen if connection is bad, will it still finish or retry?","If your app gets stuck during a transfer to your joint account, it's recommended to check your connection and retry the transfer process. If there are issues due to a bad connection, the transfer may fail and you may need to try again.","Insufficient funds for scheduled transfer,Joint account transfers,What happens if my joint account balance goes negative?,What will happen to my Joint account?",4
cross_border_commuter_female_37,transfers_1,vague_first_message,"i transfer money but mixup with my shared account, now not sure what happened","If you transferred money to the wrong account, you need to contact the recipient to return it to you. If you need further assistance, reach out to our Customer Support team via the in-app chat.","I received a transfer from an unknown sender,I want to cancel my transfer to a card,I sent a transfer to the wrong Revolut customer,I just made an exchange, but I can't find my money",4
cross_border_commuter_female_37,fx_exchange_1,empty,Can you explain how exchange rates work for my scheduled currency conversions between CHF and EUR?,I don't know.,"What exchange rates does Revolut offer?,Currency exchange orders,Calculation of crypto tiered pricing,How do I exchange money?",4
cross_border_commuter_female_37,fx_exchange_1,calm_at_home,I want to know if using my card in euros in Switzerland has any extra charges from currency conversion.,"You can spend, withdraw, and exchange foreign currencies during the week without additional fees, up to a certain amount based on your plan. After this, you will be charged an exchange fee. This fee is only charged if you exceed your monthly free allowance.","Fees for card payments in a foreign currency,Why was I charged more than I was shown?,I was charged extra by my bank for a Ramp payment. Why?,What currency will I be charged in?",4
cross_border_commuter_female_37,fx_exchange_1,panic_security_fear,saw a transaction in eur but i earn in chf scared if currency conversion wrong please help emergency,"If you're worried about currency conversion, you can request a live agent in the in-app chat to clarify the transaction to ensure everything is correct.","Transfer I sent arrived in a different currency ,What is Dynamic Currency Conversion (DCC)?,Report a fraudulent transfer,I received a transfer from an unknown sender",4
cross_border_commuter_female_37,fx_exchange_1,angry_after_waiting,"WHY is exchange rate so BAD on my conversion? I scheduled it, NO HELP before! Fix it NOW!","I'm sorry, I don't have the necessary information to address your question.","Currency exchange orders,More help with a scheduled transfer,What exchange rates does Revolut offer?,What is Dynamic Currency Conversion (DCC)?",4
cross_border_commuter_female_37,fx_exchange_1,confused_by_app_updates,"I see DCC option when spending in EUR, what does this mean? I'm confused about which rates Revolut use for conversions.","To know which rates Revolut uses for conversions and avoid DCC when spending in EUR, follow the instructions in this article: ""What is Dynamic Currency Conversion (DCC)?""","What is Dynamic Currency Conversion (DCC)?,What currency will I be charged in?,Spare change round ups,Calculation of crypto tiered pricing",4
cross_border_commuter_female_37,fx_exchange_1,rushing_with_typos,why my CHF to EUR rate different than expected? is it some extra charge or smth else pls help,"Refer to the article ""Why was I charged more than I was shown?"" for clarification on why your CHF to EUR rate might be different than expected and to understand any additional charges that may have been applied.","Why was I charged more than I was shown?,I was charged extra by my bank for a Ramp payment. Why?,Why was my transfer sent via an intermediary bank?,What exchange rates does Revolut offer?",4
cross_border_commuter_female_37,fx_exchange_1,on_the_go_direct,Exchange rates different than expected at ATM. Why is this happening?,I don't know.,"Transfer I sent arrived in a different currency ,What is Dynamic Currency Conversion (DCC)?,Why are my statement balance and in-app balance different?,What exchange rates does Revolut offer?",4
cross_border_commuter_female_37,fx_exchange_1,voice_transcription,"uh i earn in chf but i spend in eur and i do scheduled conversions, does my conversion use like Revolut rate or this other thing i hear about where the rate is different at checkout",You can view the current currency exchange rates for your scheduled conversions on our website: https://www.revolut.com/currency-converter/?geo-redirect=true,"What exchange rates does Revolut offer?,Tips for spending in a foreign currency,What is Dynamic Currency Conversion (DCC)?,What currency will I be charged in?",4
cross_border_commuter_female_37,fx_exchange_1,poor_internet_connection,the app stuck at loading exchange rates for my chf to eur conversion is dcc safe if connection drops,"I'm sorry, but I don't have information related to your query.","What is Dynamic Currency Conversion (DCC)?,Is my private information safe?,Currency exchange orders,Why are my statement balance and in-app balance different?",4
cross_border_commuter_female_37,fx_exchange_1,vague_first_message,Why was my currency conversion rate different at the shop yesterday?,You can view the current currency exchange rates on our website to understand the difference you experienced at the shop.,"What exchange rates does Revolut offer?,Why was I charged more than I was shown?,Why are my statement balance and in-app balance different?,Transfer I sent arrived in a different currency ",4
cross_border_commuter_female_37,other_1,empty,"I can't log in to my account. Is this problem with all accounts, or only mine?",I don't know.,"Difficulty logging in,Duplicate account,My transfer to or from someone on Revolut wasn't received,I just made an exchange, but I can't find my money",4
cross_border_commuter_female_37,other_1,calm_at_home,I cannot log into my Revolut app. Does this have anything to do with payment issues or app support for certain merchants?,I don't know.,"My card payment was declined,Declined card payment isn't visible,Difficulty logging in,My card payment was declined by the security system",4
cross_border_commuter_female_37,other_1,panic_security_fear,"can't log in, scared my account hacked, seeing strange charge, emergency help me fix now please!","I'm sorry to hear about your situation. If you believe your account has been hacked, or if you're seeing a strange charge, please follow the steps outlined in the article on an urgent call out of the blue. It provides information on how to handle such situations.","An urgent call out of the blue?,Urgent text from a kid or friend?,Lost or stolen device,Received an unexpected link?",4
cross_border_commuter_female_37,other_1,angry_after_waiting,CAN'T LOGIN! Tried everything. No help from support before. I need access NOW. Fix it or I'm DONE with this app!,"If you're unable to log in, please try the troubleshooting tips for mobile verification code issues mentioned in the article. Ensure your network signal is strong, check SMS filtering settings, and make sure your phone inbox isn't full. If the issue persists, you can report a lost device to secure your account.","Difficulty logging in,Trouble with mobile verification code,Sign in with face ID or fingerprint,Lost or stolen device",4
cross_border_commuter_female_37,other_1,confused_by_app_updates,I try to log in Revolut app but can't find where to check merchants. Does my Clear Sky card help Ukraine? Confused about what to look for.,"To see information about the merchants you've interacted with, please follow these steps: Open the Revolut app > More > Profile > Privacy & Permissions > Manage data > My data > Merchant list.

Yes, the Clear Sky debit card supports Ukraine through donations made with its use.

If you are looking for merchants you've interacted with using the Clear Sky card, follow the steps provided above.","How do I get the Clear Sky debit card?,How does the Clear Sky debit card support Ukraine?,My card payment was declined,Where can I use my Revolut card?",4
cross_border_commuter_female_37,other_1,rushing_with_typos,cant log in app keeps saying wrong info tried many time is there some merchants not supported by revolut,"To resolve the login issue, use your phone number linked to your Revolut account. If you're still unable to log in, contact Revolut support. As for the supported merchants, Revolut restricts age-restricted vendors such as gambling establishments or adult content providers.","I'm having trouble using my Revolut Terminal,My card payment was declined,Difficulty logging in,Which merchants are not supported by Revolut?",4
cross_border_commuter_female_37,other_1,on_the_go_direct,"can't login, urgent, boarding now, fix access","If you can't login and need urgent access due to boarding now, follow the steps in the ""Lost or stolen device"" article to report a lost device and verify your identity with a selfie. You can access the link here: https://app.revolut.com/lost-device.","I'm having difficulty with my airport lounge pass,Difficulty logging in,Lost or stolen device,I lost access to a device my passkey is stored on",4
cross_border_commuter_female_37,other_1,voice_transcription,um can't log into app after their update happening did Revolut stop working with some banks or what can't figure it out please help,I don't know.,"Difficulty logging in,I'm having trouble using my Revolut Terminal,My transfer to or from someone on Revolut wasn't received,Why is the Revolut app no longer supported on my device?",4
cross_border_commuter_female_37,other_1,poor_internet_connection,"app not loading my account, stuck at loading screen. bad connection, will it finish or retry? need to check my schedule conversions.","If your app is not loading and stuck at the loading screen due to a bad connection, you may need to try again later. A stable internet connection is required to access your account.","I'm having trouble using my Revolut Terminal,Insufficient funds for scheduled transfer,Trouble with mobile verification code,My Ramp payment failed. What should I do?",4
cross_border_commuter_female_37,other_1,vague_first_message,"i can't log in the app, seems like my money is gone, why can't i see my euros anymore?","If you can't see your euros in the app after logging in, it could be related to your currency account being inactive. To reactivate it, follow these steps:
- Go to 'Home' on the bottom menu
- Below your balance, tap 'Accounts'
- Tap 'Add new'
- Select your destination currency.","I just made an exchange, but I can't find my money,Why are my statement balance and in-app balance different?,My card payment was declined,Why was my ATM withdrawal declined?",4
cross_border_commuter_female_37,plans_billing_1,empty,who gives the trip cancellation protection with the ultra plan,Qover provides trip cancellation protection for Ultra plan customers.,"My supplier won’t let me cancel my trip/event. Am I covered with Ultra trip and event cancellation protection?,Am I covered by Ultra trip cancellation protection if I need to cancel a flight while abroad?,Ultra trip & event cancellation with companion coverage,Who provides Ultra trip and event cancellation protection?",4
cross_border_commuter_female_37,plans_billing_1,calm_at_home,"I want to know who gives the protection if my Ultra trip needs cancel, and how to claim after Premium travel insurance is gone.",I don't know.,"My supplier won’t let me cancel my trip/event. Am I covered with Ultra trip and event cancellation protection?,Am I covered by Ultra trip cancellation protection if I need to cancel a flight while abroad?,Who provides Ultra trip and event cancellation protection?,How do I make a cancel for any reason protection claim?",4
cross_border_commuter_female_37,plans_billing_1,panic_security_fear,emergency my premium travel insurance ended how do i claim cancelled trip costs please help me now worried about fraud,"To claim for a trip cancelled before the removal of Premium travel insurance, contact Chubb directly using the details in the provided article ""Claiming after Premium travel insurance removal."" For canceled trips after this date, refer to the article ""Cover for cancelled and interrupted trips"" for details on claiming with Metal plan coverage.","Claiming after Premium travel insurance removal,Cover for cancelled and interrupted trips,My supplier won’t let me cancel my trip/event. Am I covered with Ultra trip and event cancellation protection?,Cover for delayed trips",4
cross_border_commuter_female_37,plans_billing_1,angry_after_waiting,"Why no help for trip cancellation refund yet? Premium insurance removed, but needs solving! Angry with delay! DO SOMETHING NOW!","Since Premium travel insurance has been removed, you can contact the supplier directly to negotiate a refund, credit, or reschedule option. If trip cancellation is covered by the Ultra trip and event cancellation protection, gather the necessary documents to submit a claim.","My supplier won’t let me cancel my trip/event. Am I covered with Ultra trip and event cancellation protection?,Cover for cancelled and interrupted trips,Claiming after Premium travel insurance removal,Am I covered by Ultra trip cancellation protection if I need to cancel a flight while abroad?",4
cross_border_commuter_female_37,plans_billing_1,rushing_with_typos,does my ultra plan cvr trip cancellations who is giving this service thx,"Ultra trip and event cancellation protection is provided through Qover and administered by the insurer, Wakam. If you need to cancel a trip/event for a covered reason such as death, serious injury, or sickness, you may be eligible for 100% compensation.","Who provides Ultra trip and event cancellation protection?,My supplier won’t let me cancel my trip/event. Am I covered with Ultra trip and event cancellation protection?,Am I covered by Ultra trip cancellation protection if I need to cancel a flight while abroad?,Will I get a full refund for my trip or event cancellation?",4
cross_border_commuter_female_37,plans_billing_1,on_the_go_direct,"Travel insurance removed, how to claim for trip cancellations now?","You can contact Chubb directly to submit a claim for trip cancellations that occurred before the cut-off date of July 25, 2024, when travel insurance was included in the Premium plan benefits.","Claiming after Premium travel insurance removal,Cover for cancelled and interrupted trips,My supplier won’t let me cancel my trip/event. Am I covered with Ultra trip and event cancellation protection?,Am I covered by Ultra trip cancellation protection if I need to cancel a flight while abroad?",4
cross_border_commuter_female_37,plans_billing_1,voice_transcription,um so i had premium travel insurance but now it's gone what do i do if i need to claim a trip cancel is the protection still there or not just a bit confused about it thanks,"If your trip occurred before the removal of Premium travel insurance on July 25, 2024, and you need to make a claim, you can contact Chubb directly. For trips taking place after this date, the travel insurance benefit is no longer included in the Premium plan.","Claiming after Premium travel insurance removal,Cover for cancelled and interrupted trips,Am I covered by Ultra trip cancellation protection if I need to cancel a flight while abroad?,My supplier won’t let me cancel my trip/event. Am I covered with Ultra trip and event cancellation protection?",4
cross_border_commuter_female_37,plans_billing_1,poor_internet_connection,"I can't upload documents for travel insurance claim, keeps timing out. If app is slow, will my submission still go through or retry later needed?","If the app is slow while uploading documents for a travel insurance claim, it's best to retry later to ensure the submission goes through successfully.","Submitting documents for a travel insurance claim,Documents needed for an Ultra trip and event cancellation protection claim,How to make a Pet Insurance claim,How can I view my travel insurance policy documents?",4
cross_border_commuter_female_37,plans_billing_1,vague_first_message,who covers the trip or event cancellation things in my plan? can't find this in app,"If you have the Metal plan, your travel insurance covers trip cancellations, and for other plans, the Ultra trip and event cancellation protection covers these expenses.","Cover for cancelled and interrupted trips,My supplier won’t let me cancel my trip/event. Am I covered with Ultra trip and event cancellation protection?,Ultra trip & event cancellation with companion coverage,Am I covered by Ultra trip cancellation protection if I need to cancel a flight while abroad?",4
cross_border_commuter_female_37,cards_atm_1,empty,Why can't I add money to my card with my CHF account?,I don't know.,"How to add money with a card,Difficulty adding money with an easy bank transfer,Why your card top-ups may be blocked,Cards and currencies supported for adding money",4
cross_border_commuter_female_37,cards_atm_1,calm_at_home,"I tried adding money to my Revolut card, but it says not possible. Is it because of some limit or another issue?",Card deposits may be blocked if your issuing bank has declined a previous payment using this card or due to multiple unsuccessful payment attempts. These blocks can be applied for up to 30 days. I recommend checking your card's status and contact your bank if necessary.,"Difficulty adding money with an easy bank transfer,How to add money with a card,I'm unable to send money to another Revolut customer,Why your card top-ups may be blocked",4
cross_border_commuter_female_37,cards_atm_1,panic_security_fear,"urgent help! my card can't add money for trip to Ukraine, need it working ASAP, what's the limit?","As of September 30th, 2024, there are new restrictions on card top-up limits for Ukraine. You can find detailed information on the limits in the ""Ukraine card top-up limits"" article.","Ukraine card top-up limits,Can I transfer money to Ukraine?,Why your card top-ups may be blocked,How to add money with a card",4
cross_border_commuter_female_37,cards_atm_1,angry_after_waiting,"CHF can't top-up card, says not allowed. WHY? I'm sick of this issue, had enough! Fix immediately. URGENT! No help received before.","The issue with CHF top-up may be due to restrictions imposed by Visa or Mastercard processing rules. These restrictions can last for up to 30 days. You can find more information on this issue in the article ""Why your card top-ups may be blocked.""","Why your card top-ups may be blocked,Why was my top-up reverted?,My physical card isn't working,My card has been used fraudulently",4
cross_border_commuter_female_37,cards_atm_1,confused_by_app_updates,I try to add CHF to Revolut card but it says top limit or something. Where can I check my limit in app? Don't see any option.,"You can check your top-up limits in the app by following these steps:
- Go to 'Home' then tap on the 'Add money' option. The app will display your current top-up limits there.","Card deposit limits and fees,Card payment fees and limits,What are Wealth Protection limits?,Auto top-ups",4
cross_border_commuter_female_37,cards_atm_1,rushing_with_typos,my card not working for deposit why is it restricted pls help thx,"Your card deposit may be blocked due to your issuing bank declining a previous payment or multiple unsuccessful attempts. This block can last up to 30 days. If you want to check the status of your deposit, look in your in-app transactions list.","Why your card top-ups may be blocked,My card deposit didn't work,My card payment was declined,My card payment was declined by the security system",4
cross_border_commuter_female_37,cards_atm_1,on_the_go_direct,"card not working, says limit reached, need to fix fast","To reset your card's contactless limit, follow these steps in the Revolut app:
1. Go to 'Home' on the bottom menu
2. Tap the cards icon in the top-right corner
3. Select your card
4. Tap 'Sett","Why aren’t my contactless payments working?,My physical card isn't working,Problems with my card PIN,My virtual card is not working",4
cross_border_commuter_female_37,cards_atm_1,voice_transcription,hey so i tried to add money to my card but it says its not allowed can you tell me why i hear like there's rules or something about sending from ukraine but i'm not sure if that's the issue,"I am sorry, I cannot provide an accurate answer based on the provided help articles.","Can I transfer money to Ukraine?,Ukraine card top-up limits,Why your card top-ups may be blocked,My card payment was declined",4
cross_border_commuter_female_37,cards_atm_1,poor_internet_connection,trying to load app to top up card but it gets stuck loading and says retry will the transaction go through with weak connection or timeout,"Please check if you have an active internet connection. Make sure to have a stable connection to successfully load the app and complete the transaction. If the app gets stuck loading, retry the process with a stronger internet connection to avoid potential issues.","Why your card top-ups may be blocked,Failed payments on the Revolut Terminal,I'm having trouble using my Revolut Terminal,Failed payment on Tap to Pay on iPhone",4
cross_border_commuter_female_37,cards_atm_1,vague_first_message,"tried to put money on card but app won't let me do it, why?","If your card top-up is not going through, it might be because your issuing bank has declined a previous payment using this card or there have been multiple unsuccessful attempts. This payment block can last for up to 30 days per Visa and Mastercard rules.","How to add money with a card,Why your card top-ups may be blocked,My card payment was declined,Problems with my card PIN",4
cross_border_commuter_female_37,savings_investments_1,empty,Is there any tax I pay on my instant access savings?,"Revolut doesn't withhold any tax on your interest income earned. You have sole responsibility for the management of your legal obligations and tax affairs, including making any applicable filings and tax payments.","How is interest calculated on tiered Instant Access Savings?,Kids & Teens Instant Access Savings,Rate decrease on my Instant Access Savings,Tax on Savings",4
cross_border_commuter_female_37,savings_investments_1,calm_at_home,I want to know if my savings interest is taxed. Can you explain how the taxes work on my savings account?,"Revolut doesn't withhold any tax on your interest income earned. You have sole responsibility for managing your legal obligations and tax affairs, including making any applicable filings and tax payments.","Tax on Savings,Earning interest with Savings,How to calculate interest on Savings accounts,How is interest calculated on tiered Instant Access Savings?",4
cross_border_commuter_female_37,savings_investments_1,panic_security_fear,my savings account interest missing maybe fraud? is it taxed please help now,"I'm sorry, I don't have the information to assist with your query.","Tax on Savings,Have you been offered money to move funds?,Report a fraudulent transfer,Report a fraudulent ATM withdrawal",4
cross_border_commuter_female_37,savings_investments_1,angry_after_waiting,Why is there delay with my savings access? Promo said instant! Need my money NOW. Taxes not clear. Very frustrated with this service.,"I see you're experiencing a delay with your savings access. The delay could be due to receiving funds from the partner bank, as mentioned in the article ""Why is my withdrawal pending?"" Your access to funds may be faster than usual, but there can still be a delay in some cases. It's best to refer to the terms and conditions of the specific promotion for clarity on instant access. If you have further questions about taxes, you can reach out to support for assistance.","Why is my withdrawal pending?,Why didn't I get a bank account when I signed up?,Kids & Teens Instant Access Savings,Why is my transfer to a bank account still pending?",4
cross_border_commuter_female_37,savings_investments_1,confused_by_app_updates,I see something called 'Instant Access Savings' in app. How does this work with tax? I don't understand if it's a good choice for saving money.,I don't know.,"Kids & Teens Instant Access Savings,Instant Access Savings promotion,How is interest calculated on tiered Instant Access Savings?,Rate decrease on my Instant Access Savings",4
cross_border_commuter_female_37,savings_investments_1,rushing_with_typos,how is the savings taxed got promo access savings need to know for my chf eur things thx,Revolut doesn't withhold any tax on your interest income earned. You are responsible for managing your tax obligations. Please note that tax regulations may vary based on your personal tax status and country of residence.,"Tax on Savings,Instant Access Savings promotion,Getting started with Savings,Kids & Teens Instant Access Savings",4
cross_border_commuter_female_37,savings_investments_1,on_the_go_direct,"Savings balance missing instant access offer, why not applied? Need now, checkout.","I'm sorry, I couldn't find information about why a savings balance might be missing the instant access offer. I recommend contacting Revolut customer support for assistance with this issue.","Instant Access Savings promotion,Kids & Teens Instant Access Savings,Rate decrease on my Instant Access Savings,Getting started with Savings",4
cross_border_commuter_female_37,savings_investments_1,voice_transcription,"um can you tell me if my savings are getting interest like is there anything i need to do about taxes on this money, i’m just trying to understand how it works better","Revolut doesn't withhold any tax on your interest income earned. You are responsible for managing your legal obligations, including tax affairs. Interest accrues daily on your Savings account but will only be paid once it exceeds a minimum amount. You can download statements for your Savings account in the app.","Tax on Savings,Earning interest with Savings,How to calculate interest on Savings accounts,Documents and statements for my Savings accounts",4
cross_border_commuter_female_37,savings_investments_1,poor_internet_connection,i try to move money to savings but app not work always loading retry what to do can i finish this with bad connection,Your issue may be due to an unstable internet connection. Ensure you have a stable connection to successfully move money to your Savings account.,"I'm having trouble using my Revolut Terminal,Withdraw from your Savings account,Insufficient funds for scheduled transfer,Difficulty adding money with an easy bank transfer",4
cross_border_commuter_female_37,savings_investments_1,vague_first_message,"where did my savings go after using that quick money transfer button, it's less now",I don't know.,"Why did my recipient receive less money?,I received a transfer from an unknown sender,Why did I receive less money?,Withdraw from your Savings account",4
cross_border_commuter_female_37,family_joint_1,empty,"I want to know if my kid can save money in their own account using Revolut, is that possible?","Yes, your kid can save money in their Revolut Kids & Teens account using Pockets to create and customize savings compartments. Funds can be added by either the child or the parent or guardian.","Revolut Kids & Teens Save,Open a Revolut – Kids & Teens account,Kids & Teens Instant Access Savings,Revolut – Kids & Teens card management",4
cross_border_commuter_female_37,family_joint_1,calm_at_home,I want to use Revolut for my children to save money. How can I set this up for them in the app?,"To set up a savings account for your children in the Revolut app, follow these steps:
- Go to 'Home' on the bottom menu
- Below your balance, tap Accounts
- Tap 'Add new'
- Select 'Kids'
- Enter your child’s details and follow the prompts

Once the Kids & Teens account is set up, you can introduce children and teens to saving with Pockets feature.","Open a Revolut – Kids & Teens account,Revolut Kids & Teens Save,Revolut – Kids & Teens card management,Revolut – Kids & Teens payments",4
cross_border_commuter_female_37,family_joint_1,panic_security_fear,"please help my kid's money in the app gone missing, is it stolen? check now emergency",I don't know.,"My card was stolen. What should I do?,Urgent text from a kid or friend?,Revolut – Kids & Teens card management,My card has been swallowed by an ATM",4
cross_border_commuter_female_37,family_joint_1,angry_after_waiting,Where is my son's allowance? No money sent to him. Been waiting too long. FIX THIS NOW!,"To get more information on when the funds will arrive to your son's account, you can download the transfer confirmation and share it with his bank. Learn how to do it here: https://www.revolut.com/help/transfers/outbound-transfers/how-to-s","My beneficiary has not received my card transfer,Why is my transfer to a bank account still pending?,Locate a bank transfer sent from Revolut,I sent a transfer to the wrong Revolut customer",4
cross_border_commuter_female_37,family_joint_1,confused_by_app_updates,where do i find kid's savings option in app i have problem seeing it in menu is it same as pocket for bills?,"To find the Kids & Teens Save option in the app, follow these steps:
- Go to 'Home' on the bottom menu
- Below your balance, tap Accounts
- Select 'Add new' and choose 'Pockets'
- Choose your Pocket type and follow the instructions

It is different from ""Pocket for Bills"".","Revolut Kids & Teens Save,Kids & Teens Instant Access Savings,Getting started with Pockets,I can't find my Vaults",4
cross_border_commuter_female_37,family_joint_1,rushing_with_typos,how do i set up savings for kids account in app for family need quick guide pls,"To set up savings for a Kids account in the app for family needs, you can use the ""Kids & Teens Save"" feature which introduces children and teens to saving with Pockets. Here’s a quick guide:

1. Go to the 'Home' section in the main Revolut app.
2. Tap on 'Accounts' below your balance.
3. Select 'Add new'.
4. Choose 'Kids' and enter your child’s details.
5. Create and customize savings compartments (Pockets) with your child to start saving together.

For further details, you can refer to the 'Revolut Kids & Teens Save' article.","Kids & Teens Instant Access Savings,Revolut Kids & Teens Save,Open a Revolut – Kids & Teens account,Revolut – Kids & Teens card management",4
cross_border_commuter_female_37,family_joint_1,on_the_go_direct,"can't send allowance to my kid's card, fix quickly","In the main Revolut app, go to 'Home', then tap the card icon in the top-right corner, select 'Kids & Teens', choose the recipient, and follow the prompts to complete the transfer. If you encounter issues, contact Revolut support for assistance.","Revolut – Kids & Teens card management,Revolut – Kids & Teens cards,Why your card top-ups may be blocked,My beneficiary has not received my card transfer",4
cross_border_commuter_female_37,family_joint_1,voice_transcription,"i'm trying to figure out how to set up savings for my kids in the app, um like do they get their own account or something or do i manage it from my app i'm a bit confused help please","To set up savings for your kids, you can create a Kids & Teens account in your main Revolut app by following these steps: 
1. Go to 'Home' on the bottom menu
2. Below your balance, tap 'Accounts'
3. Tap 'Add new' and select 'Kids'
4. Enter your child's details and follow the prompts
This will allow you to manage and set up savings for your kids within the app.","Kids & Teens Instant Access Savings,Revolut Kids & Teens Save,Managing a Revolut – Kids & Teens account,Open a Revolut – Kids & Teens account",4
cross_border_commuter_female_37,family_joint_1,poor_internet_connection,"try loading Revolut Kids account but app not working, keeps saying retry. does saving work when connection is bad or need stable internet?",Saving needs a stable internet connection on the Revolut - Kids & Teens app. Check your internet connection to resolve the loading issue.,"I'm having trouble using my Revolut Terminal,What if Revolut - Kids & Teens isn't available?,Revolut – Kids & Teens cards,Open a Revolut – Kids & Teens account",4
cross_border_commuter_female_37,family_joint_1,vague_first_message,"my kid's savings money seems missing after set up plan, what do i check?","Check if the currency account for your kid's savings account is active. You can reactivate it by following these steps:
- Go to 'Home' on the bottom menu
- Below your balance, tap 'Accounts'
- Tap 'Add new'
- Select your destination currency from","Kids & Teens Instant Access Savings,Revolut Kids & Teens Save,Add money to or withdraw from Revolut Kids & Teens account,I just made an exchange, but I can't find my money",4
cross_border_commuter_female_37,business_merchant_1,empty,"Need help with Revolut Terminal during business use, not processing sales from my Pro product catalogue properly. What should I check or do?","Check if your Revolut Terminal is connected to an active internet connection. If the issue persists, ensure you have a fully active Revolut Pro account and verify if there are any pending requests in-app. If all else fails, contact Revolut Support for further assistance.","I'm having trouble using my Revolut Terminal,How do I log in to my Revolut Terminal?,How do I order a Revolut Terminal?,Failed payments on the Revolut Terminal",4
cross_border_commuter_female_37,business_merchant_1,calm_at_home,I use Revolut Terminal for my business. Can you help me understand why some sales are not showing in my Pro product catalogue properly?,"You'll need to set up your catalogue in your Revolut Pro payment account first. Go to 'Revolut Pro', 'Tools', then 'Products' to be able to create catalogue sales. If sales are not showing up properly, it might be due to incomplete setup or connection issues.","Sales using a Revolut Pro product catalogue,I'm having trouble using my Revolut Terminal,How do I log in to my Revolut Terminal?,How do I order a Revolut Terminal?",4
cross_border_commuter_female_37,business_merchant_1,panic_security_fear,"see suspicious transaction with my Revolut Terminal, losing CHF now please help me fast i’m worried about fraud","Go to 'Home' on the bottom menu and tap the transaction in your transactions list on the Revolut app. If you believe it's fraudulent, report it as such.","Report a fraudulent transfer,Report a fraudulent ATM withdrawal,My card has been used fraudulently,Report a card payment as a scam or fraud",4
cross_border_commuter_female_37,business_merchant_1,angry_after_waiting,"Terminal won't process my sales! Already tried fixing, nothing helps! I need this working NOW! Why no better support? Losing business here!","Your terminal might be facing issues due to an unstable internet connection or if your Revolut Pro account is not active. Please ensure you have an active Pro account and a stable internet connection to process sales. If the issue persists, you can contact Revolut support for further assistance by following the steps in the article ""I'm having trouble using my Revolut Terminal.""","I'm having trouble using my Revolut Terminal,Failed payments on the Revolut Terminal,Pro account under review or payments not working,Failed payment on Tap to Pay on iPhone",4
cross_border_commuter_female_37,business_merchant_1,confused_by_app_updates,"I try to sell using Revolut Terminal, but it doesn't work. Where do I find the right options to set up? I am seeing product catalogue but I am unsure what it means.","To set up your Revolut Terminal for sales, you need to create a catalogue in your Revolut Pro payment account. You can do this by going to 'Revolut Pro', 'Tools', then 'Products'. From there, tap '+ New product' to create products for your catalogue sales.","Sales using a Revolut Pro product catalogue,How do I order a Revolut Terminal?,How do I log in to my Revolut Terminal?,I'm having trouble using my Revolut Terminal",4
cross_border_commuter_female_37,business_merchant_1,rushing_with_typos,"trouble with revolt terminal, not taking chf payments, is it catalog prob or smthing else, thx","I'm having trouble using my Revolut Terminal, I recommend checking if you have an active Revolut Pro account and also ensuring that you have a stable internet connection. If the issue persists, please contact support for further assistance.","I'm having trouble using my Revolut Terminal,Failed payments on the Revolut Terminal,Problem with a Direct Debit,Cards and contactless payments with Revolut Terminals",4
cross_border_commuter_female_37,business_merchant_1,on_the_go_direct,"terminal not working, sales stuck, urgent fix needed, checkout line","Check if you have an active Revolut Pro account and ensure stable internet connection for the terminal to work properly. If the sales are stuck, you can cancel a transaction by pressing 'X' on the payment screen on the terminal or refund the customer through the 'Orders' section.","I'm having trouble using my Revolut Terminal,Failed payments on the Revolut Terminal,Cancel a transaction on the Revolut Terminal,My Ramp payment failed. What should I do?",4
cross_border_commuter_female_37,business_merchant_1,voice_transcription,uh hey i'm trying to use my revolut terminal for sales from the catalogue it keeps giving error and my client is waiting can you help fix this like um is their a step i missed,"Failed payments on the Revolut Terminal can occur due to various reasons, such as insufficient funds in the customer's account or a blocked card. Please ensure the customer has enough money in their account and their card is not blocked.","I'm having trouble using my Revolut Terminal,Failed payments on the Revolut Terminal,How do I log in to my Revolut Terminal?,How do I order a Revolut Terminal?",4
cross_border_commuter_female_37,business_merchant_1,poor_internet_connection,"My Revolut Terminal stuck at loading when I try to use it. Uploads fail, connection drops. What to do with poor connection, will sales go through?","To troubleshoot your issue with the Revolut Terminal stuck at loading and experiencing connection drops during uploads, ensure you have an active Revolut Pro account and a stable internet connection. If these are in order, consider checking the terminal's battery and cable connections, as well as following the steps to connect the terminal correctly. If the issue persists, contact Revolut support for further assistance.","I'm having trouble using my Revolut Terminal,Failed payments on the Revolut Terminal,How do I log in to my Revolut Terminal?,How do I order a Revolut Terminal?",4
cross_border_commuter_female_37,business_merchant_1,vague_first_message,"the machine to accept payments not working right, sales catalog is missing items, need fix for business","I'm sorry, I don't have the information to address the issue you're experiencing with the machine to accept payments and missing items in the sales catalog.","My physical card isn't working,Declined card payment isn't visible,Pro account under review or payments not working,Failed payments on the Revolut Terminal",4
cross_border_commuter_female_37,transfers_2,empty,How long does it take for my CHF to EUR transfer in the app?,"I'm sorry, I don't have the information on how long it takes for CHF to EUR transfers.","Timeframes for transfers,Transferring funds to an external card,Can I make a local transfer in a different currency?,Why was my transfer sent via an intermediary bank?",4
cross_border_commuter_female_37,transfers_2,calm_at_home,I make scheduled conversions from CHF to EUR. Can you explain if there are fees and how long transfers usually take to complete?,"For scheduled conversions from CHF to EUR, intermediary banks may charge fees, and processing time usually takes up to 2 business days.","Why was my transfer sent via an intermediary bank?,Schedule a transfer,Can I make a local transfer in a different currency?,Timeframes for transfers",4
cross_border_commuter_female_37,transfers_2,panic_security_fear,sent money euro to friend no show up urgent help why delay? scared it's lost please now!,"If you have sent money to a friend and it hasn't shown up yet, you can track the transfer using the in-app incoming transfer tracker. It is possible the bank may delay transferring the funds, which could take up to 48 hours. To ensure the funds arrive, download the transfer confirmation and share it with the recipient's bank for further assistance.","Urgent text from a kid or friend?,Locate a bank transfer sent to my Revolut account,Report a fraudulent transfer,My beneficiary has not received my card transfer",4
cross_border_commuter_female_37,transfers_2,angry_after_waiting,Why is my EUR to CHF conversion taking so long? Already waited days! I need it NOW. This is unacceptable.,I'm sorry I can't find a relevant answer in the provided articles.,"Timeframes for transfers,Why is my transfer to a bank account still pending?,Why is my incoming transfer pending?,Why is my card transfer still pending?",4
cross_border_commuter_female_37,transfers_2,confused_by_app_updates,"I tried transferring CHF to EUR, but I don’t know how long it takes. Where can I see transfer time information? Not sure if I did it right.","You can check the transfer time information under the ""Timeframes for transfers"" article in our help center. If you are unsure if you completed the transfer correctly, you can review the process for transferring funds to an external card in the ""Transferring funds to an external card"" article for guidance.","Timeframes for transfers,Locate a bank transfer sent to my Revolut account,Transferring funds to an external card,Can I make a local transfer in a different currency?",4
cross_border_commuter_female_37,transfers_2,rushing_with_typos,my transfer euro to chf taking longer than i thought usual delay or problem pls help thx,Your transfer from EUR to CHF may be pending due to additional processing time or checks. It is possible that the transfer needs to be reviewed before the funds are released. You can track your transfer using the in-app incoming transfer tracker to get specific dates and timelines.,"Why is my transfer to a bank account still pending?,Timeframes for transfers,Why is my incoming transfer pending?,Locate a bank transfer sent to my Revolut account",4
cross_border_commuter_female_37,transfers_2,on_the_go_direct,why is my CHF to EUR conversion taking long,"I'm sorry, I don't have the information to answer your question.","Timeframes for transfers,Why is my transfer to a bank account still pending?,What is Dynamic Currency Conversion (DCC)?,Why was my transfer sent via an intermediary bank?",4
cross_border_commuter_female_37,transfers_2,voice_transcription,"uh how long does a transfer take if i'm sending money from my account in euros to my other account in francs, like is there a fee involved too i need to know cause i do it regularly","For local transfers in a different currency, it will be processed as SWIFT, and the processing time usually takes up to 2 business days. Intermediary banks may charge fees.","How to transfer funds to Revolut,Why was my transfer sent via an intermediary bank?,Can I make a local transfer in a different currency?,Sending money from Revolut to a bank account",4
cross_border_commuter_female_37,transfers_2,poor_internet_connection,"trying transfer chf to eur, but app stuck loading, connection bad, will it finish transfer or not, and is there fee for retry?","I'm sorry, I don't have specific information to answer your question about the fee for retrying a failed transfer.","Transferring funds to an external card,Difficulty adding money with an easy bank transfer,Why is my transfer to a bank account still pending?,Insufficient funds for scheduled transfer",4
cross_border_commuter_female_37,transfers_2,vague_first_message,"I moved money from CHF to EUR, nothing showing yet, is there a delay?","Timeframes for CHF to EUR transfers may vary but typically happen within the same business day. If the transfer seems delayed, it could be due to processing time. Check the incoming transfer tracker in the app or contact support for more information.","Timeframes for transfers,Why is my transfer to a bank account still pending?,Locate a bank transfer sent to my Revolut account,Transferring funds to an external card",4
cross_border_commuter_female_37,transfers_3,empty,Please when will my scheduled conversion from CHF to EUR complete and are there any fees for this?,"I'm sorry, I don't have the information on when your scheduled conversion from CHF to EUR will complete or if there are any fees involved.","Schedule a transfer,Can I cover intermediary bank fees upfront?,Fees for cash withdrawals,Why was my transfer sent via an intermediary bank?",4
cross_border_commuter_female_37,transfers_3,calm_at_home,"I earn CHF but spend in EUR. How long does it take for currency conversion to complete with scheduled transfers, and are there any fees for this?","For CHF to EUR transfers, if processed locally, it will be sent via SWIFT with processing time usually taking up to 2 business days. Fees may be charged by intermediary banks.","Timeframes for transfers,Can I make a local transfer in a different currency?,Why was my transfer sent via an intermediary bank?,Can I cover intermediary bank fees upfront?",4
cross_border_commuter_female_37,transfers_3,panic_security_fear,"money transfer to euro account not arrived, is my money stuck? please help, urgent, need it now!","If your money transfer to a Euro account has not arrived, it could be due to various reasons such as processing checks or delays by the recipient's bank. To get more information and assistance, you can track the transfer using the in-app incoming transfer tracker and check the status of the transfer by following the steps outlined in this article: 'Locate a bank transfer sent to my Revolut account'.","Why is my transfer to a bank account still pending?,Locate a bank transfer sent to my Revolut account,My beneficiary has not received my card transfer,Locate a bank transfer sent from Revolut",4
cross_border_commuter_female_37,transfers_3,angry_after_waiting,"TRANSFER DELAYED AGAIN! Why isn't my money in already? Need it NOW. Tried fixing this before, no luck. UNACCEPTABLE.","I understand your concern. To better assist you, please provide me with your transfer details so I can look into this further.","Why is my transfer to a bank account still pending?,Why is my incoming transfer pending?,My beneficiary has not received my card transfer,I received a transfer from an unknown sender",4
cross_border_commuter_female_37,transfers_3,confused_by_app_updates,"I want to move CHF to EUR with schedule, but don't see fee info. It says something about transfers, then different amounts pop up. Where do I find what it means?","You can find information on bank transfer fees in the article ""Bank transfer fees."" It explains when fees are charged based on the type of transfer you are making.","Schedule a transfer,Why was my transfer sent via an intermediary bank?,Bank transfer fees,Manage scheduled transfers",4
cross_border_commuter_female_37,transfers_3,rushing_with_typos,why my chf to eur transfer takes so long and any fees i dont know,"Your CHF to EUR transfer may take longer due to intermediary bank involvement, which could lead to processing delays. Additionally, intermediary banks may charge fees during the transfer process.","Why was my transfer sent via an intermediary bank?,Transferring funds to an external card,Can I make a local transfer in a different currency?,Why is my transfer to a bank account still pending?",4
cross_border_commuter_female_37,transfers_3,on_the_go_direct,why my money not arrived yet fast bank transfer? i need it now,Please download the transfer confirmation and share it with the recipient's bank for more information on when the funds will arrive. You can learn how to download it in this article: https://www.revolut.com/form/outbound-transfer-status-under-quick-help-v-2?faqEntryPoint=question.my-recipient-has-not-received-the-money-,"My beneficiary has not received my card transfer,Why is my transfer to a bank account still pending?,Locate a bank transfer sent from Revolut,Locate a bank transfer sent to my Revolut account",4
cross_border_commuter_female_37,transfers_3,voice_transcription,um like i did my scheduled conversion from chf to eur yesterday but uh the transfer to my eur account still not there today is it normal or did something go wrong with the timing thanks,"It is normal for transfers to take some time to be processed, especially if sent on weekends or public holidays. Additional processing checks or information could also cause delays. You can check the estimated arrival date of your transfer and track it in your transaction history.","Why is my transfer to a bank account still pending?,Timeframes for transfers,More help with a scheduled transfer,Locate a bank transfer sent to my Revolut account",4
cross_border_commuter_female_37,transfers_3,poor_internet_connection,trying to transfer money stuck at loading screen nothing happens if connection weak will it still go through?,"If you are experiencing difficulty with transferring money and it is stuck on the loading screen, it may be due to various reasons like insufficient funds, pending transfers, or blocked card top-ups. It is recommended to ensure a stable internet connection and check your account for any issues that may be causing the transfer to fail.","Insufficient funds for scheduled transfer,Why is my transfer to a bank account still pending?,Difficulty adding money with an easy bank transfer,Why your card top-ups may be blocked",4
cross_border_commuter_female_37,transfers_3,vague_first_message,"my money lost during transfer to euro bank, when it will show up?","Your money may be lost during transfer to a Euro bank if the transfer has been reverted. This could happen due to incorrect details provided or other reasons. To understand when the funds will show up, you can track the transfer using the in-app incoming transfer tracker. This will provide you with specific dates based on your transfer.","Why is my transfer to a bank account still pending?,My beneficiary has not received my card transfer,Locate a bank transfer sent to my Revolut account,Why was my outbound bank transfer reverted?",4
crypto_web3_enthusiast_male_24,crypto_1,empty,How does crypto staking work and is there any fee when using it?,"Crypto staking is the process of actively participating in block validation on proof-of-stake (PoS) blockchains, supporting network security, and earning token rewards. Revolut doesn't charge any fees on staking rewards, but third-party validators may deduct up to 3% of gross rewards.","Is there a fee associated with crypto staking?,How does crypto staking work?,Stake and unstake crypto,Fees for trading crypto",4
crypto_web3_enthusiast_male_24,crypto_1,calm_at_home,Can you tell me how the crypto staking works and if there are any fees I need to know about before I start?,"To start crypto staking in Revolut, go to 'Crypto' on the bottom menu, select a supported token, and tap 'Stake.' Revolut doesn't charge any fees on your staking rewards, but third-party validators may deduct a small fee up to 3% on-chain.","How does crypto staking work?,Stake and unstake crypto,Is there a fee associated with crypto staking?,Fees for trading crypto",4
crypto_web3_enthusiast_male_24,crypto_1,panic_security_fear,"emergency! i started crypto staking and now worried about hidden fees or losing my coins, help fast please!","Revolut doesn’t charge any fees on your staking rewards. We give you 100% of the staking rewards we receive on-chain, and no extra fees are taken by Revolut.","Stake and unstake crypto,How does crypto staking work?,Failed crypto deposits,Is there a fee associated with crypto staking?",4
crypto_web3_enthusiast_male_24,crypto_1,angry_after_waiting,"WHY does staking crypto have a FEE? I didn't know before! Fix this! Tried support, NO HELP!","I'm sorry, I don't know.","Is there a fee associated with crypto staking?,Stake and unstake crypto,How does crypto staking work?,Fees for trading crypto",4
crypto_web3_enthusiast_male_24,crypto_1,confused_by_app_updates,I want to stake crypto but not sure how it works or if it costs something. Where to find this info in app?,"To find information on how crypto staking works and if it costs anything, you can refer to the ""Is there a fee associated with crypto staking?"" article in the app.","Stake and unstake crypto,How does crypto staking work?,Is there a fee associated with crypto staking?,Fees for trading crypto",4
crypto_web3_enthusiast_male_24,crypto_1,rushing_with_typos,how crypto staking work fee or anything i need know thx,"Revolut doesn’t charge any fees on your staking rewards. However, for some blockchains, a small validator fee of up to 3% of gross staking rewards may be deducted on-chain by third-party validators. Staking involves actively participating in block validation on PoS blockchains to support network security and earn token rewards. To start staking in your Revolut app, go to 'Crypto' on the bottom menu, select a supported token, and tap 'Stake'.","Is there a fee associated with crypto staking?,How does crypto staking work?,Stake and unstake crypto,Fees for trading crypto",4
crypto_web3_enthusiast_male_24,crypto_1,on_the_go_direct,"Crypto staking fees? Need quick info, short time.","Revolut doesn’t charge any fees on your staking rewards. We give you 100% of the staking rewards we receive on-chain, and no extra fees are taken by Revolut.","Is there a fee associated with crypto staking?,Stake and unstake crypto,How does crypto staking work?,Fees for trading crypto",4
crypto_web3_enthusiast_male_24,crypto_1,voice_transcription,um so if i wanna do this crypto staking thing like how does it work and uh is there like a fee i gotta pay for it you know just trying to figure it out thanks,"To start crypto staking with Revolut, go to 'Crypto' in the app, select a supported token, and tap 'Stake'. There are no fees charged by Revolut for staking. You can earn token rewards by participating in block validation on proof-of-stake (PoS) blockchains.","Is there a fee associated with crypto staking?,How does crypto staking work?,Stake and unstake crypto,Fees for trading crypto",4
crypto_web3_enthusiast_male_24,crypto_1,poor_internet_connection,"crypto staking stuck loading, nothing happens. will it stake even with connection drop, or do I need to retry?","If your crypto staking is stuck loading, it is recommended to retry the process. A dropped connection may affect the staking process. To retry, you can follow the steps outlined in the article ""Stake and unstake crypto.""","How does crypto staking work?,Failed crypto deposits,Stake and unstake crypto,Is there a fee associated with crypto staking?",4
crypto_web3_enthusiast_male_24,crypto_1,vague_first_message,i tried that crypto thingy and now i see charges is this normal for making money grow,I don't know,"Taxes on crypto,Crypto recurring buy,Failed crypto deposits,Looking for a high return?",4
crypto_web3_enthusiast_male_24,other_1,empty,"i am having trouble logging into the web app, is there any restriction with some merchants?","I'm sorry, I don't have enough information to answer your question based on the provided help articles.","Pro account under review or payments not working,Accessing the Retail Web App,How do regulatory limits affect my usage?,How do I block and unblock a merchant?",4
crypto_web3_enthusiast_male_24,other_1,calm_at_home,I can't log into my Revolut web app even though I set up passkey for two-step verification. What should I do to fix login access?,"If you set up a passkey for two-step verification and are unable to log into the Revolut web app, you should sign in using your passcode and 2FA (two-factor authentication) methods as outlined in the provided articles. If you've lost access to your passkey, you can still log in with your passcode and 2FA. Remember that accessing and recovering your passkey is done within your Apple, Google, or Microsoft cloud accounts.","Accessing the Retail Web App,I lost access to my passkey,Accessing Revolut X,Lost or stolen device",4
crypto_web3_enthusiast_male_24,other_1,panic_security_fear,"can't login with passkey, try many times, urgent help, account locked or fraud? please fix now","If you can't log in with your passkey, you can sign in using your passcode and 2FA as outlined in the ""I lost access to my passkey"" article. If you are experiencing urgent issues, you may need to contact Revolut support for further assistance.","I lost access to my passkey,I lost access to a device my passkey is stored on,What are passkeys?,Change passcode",4
crypto_web3_enthusiast_male_24,other_1,angry_after_waiting,CAN'T LOGIN using passkey! WHY? Tried everything! NO HELP before. FIX IT NOW!,"If you can't login using your passkey, you should sign in with your passcode and 2FA instead. Make sure to access and recover your passkey within your Apple, Google, or Microsoft cloud accounts to keep it secure.","I lost access to a device my passkey is stored on,I lost access to my passkey,What are passkeys?,Change passcode",4
crypto_web3_enthusiast_male_24,other_1,confused_by_app_updates,"Trying to log in web app, it asks for something called passkey 2FA. I don’t see what it means or where to find it. Can you help?","To log in to the web app, you need to enter your phone number and Revolut passcode, then confirm with 2FA using a push notification or a one-time password from your email or phone. The passkey is part of the secure login process.","I lost access to my passkey,I lost access to a device my passkey is stored on,What are passkeys?,Accessing the Retail Web App",4
crypto_web3_enthusiast_male_24,other_1,rushing_with_typos,cant log in on web app is it 2FA or something else pls help,"To log in to the Revolut web app, enter your phone number and passcode, then verify with 2FA through a push notification or a one-time password from your email or phone. If you are having trouble logging in, ensure you are using the correct phone number and passcode associated with your account.","Accessing the Retail Web App,Difficulty logging in,Sign in with face ID or fingerprint,Accessing Revolut X",4
crypto_web3_enthusiast_male_24,other_1,on_the_go_direct,"can't login Revolut web app, says merchant not supported, fix fast","Since you are unable to login to the Revolut web app and are receiving a message saying the merchant is not supported, it is advised to check if the merchant you are trying to access is supported by Revolut. If the merchant is age-restricted, such as gambling establishments or adult content providers, they are not available with Revolut. You may need to contact Revolut support for further assistance if related to a different merchant.","Which merchants are not supported by Revolut?,Declined card payment isn't visible,Accessing the Retail Web App,My card payment was declined",4
crypto_web3_enthusiast_male_24,other_1,voice_transcription,um trying to log in on the web app but it's not working could this be because of like some merchants not being supported or is there another issue with the login process i need to know about,"I'm sorry, I don't have the information to answer your question.","Pro account under review or payments not working,My card payment was declined,Declined card payment isn't visible,Accessing the Retail Web App",4
crypto_web3_enthusiast_male_24,other_1,poor_internet_connection,trying to login with passkey but screen stuck at loading keeps saying retry or timeout how to fix when bad connection will it complete anyway,"If you're experiencing issues logging in with your passkey due to a bad connection, it may complete anyway after a few retries. Please wait for the process to finish.","I lost access to a device my passkey is stored on,I'm having trouble using my Revolut Terminal,I lost access to my passkey,Difficulty logging in",4
crypto_web3_enthusiast_male_24,other_1,vague_first_message,"can't open my account with that security number thing it's stuck, need my money fast",You can access your account by following the steps to report a lost device using this link: https://app.revolut.com/lost-device. Verify your identity with a selfie to secure your account and access your funds.,"Why was my Savings Accounts restricted or closed?,My card payment was declined by the security system,Lost or stolen device,I just made an exchange, but I can't find my money",4
crypto_web3_enthusiast_male_24,cards_atm_1,empty,Why is my card not accepting deposits since I reached a certain amount?,Card deposits may be blocked if your issuing bank has declined a previous payment or if you've made multiple unsuccessful attempts. These payment blocks can last for up to 30 days. Please refer to the article 'Why your card top-ups may be blocked' for more information.,"Why your card top-ups may be blocked,My card deposit didn't work,How to add money with a card,Can't see my deposit in-app",4
crypto_web3_enthusiast_male_24,cards_atm_1,calm_at_home,I tried adding funds to my card but it says restricted. How can I solve this issue to keep using the card for my transactions?,"To resolve the issue of your card being restricted for top-ups, you can follow these steps outlined in the article ""Why your card top-ups may be blocked"":
1. Check if your issuing bank has declined a previous payment using this card.
2. Ensure you haven't made multiple unsuccessful attempts to make the payment.
3. Be aware that payment blocks can be applied for up to 30 days due to Visa and Mastercard processing rules.","Why your card top-ups may be blocked,My card payment was declined,Problems with my card PIN,How to add money with a card",4
crypto_web3_enthusiast_male_24,cards_atm_1,panic_security_fear,my card not working for deposit is it blocked please help now i'm worried,"Your card deposit may be blocked due to previous declined payments or multiple unsuccessful attempts. This can last up to 30 days. To troubleshoot, check the decline reason in your in-app transactions list.","Why your card top-ups may be blocked,My card deposit didn't work,My physical card isn't working,My card has been used fraudulently",4
crypto_web3_enthusiast_male_24,cards_atm_1,angry_after_waiting,"WHY can't I top up my card? Tried many times, still blocked! Frustrated with NO help!","Card top-ups may be blocked if your issuing bank has declined a previous payment with the card or you've made multiple unsuccessful attempts. These blocks can last up to 30 days. If still blocked, contact your bank to understand and resolve the issue.","Why your card top-ups may be blocked,Why was my top-up reverted?,Problems with my card PIN,How to add money with a card",4
crypto_web3_enthusiast_male_24,cards_atm_1,confused_by_app_updates,"I try to add money from my Ukraine card, but it says limit problem. What does this mean? I don’t see any limit info in app.","I'm sorry, I don't have the specific information on why you're encountering a limit issue when adding money from your Ukraine card.","Ukraine card top-up limits,Can I transfer money to Ukraine?,How to add money with a card,Difficulty adding money with an easy bank transfer",4
crypto_web3_enthusiast_male_24,cards_atm_1,rushing_with_typos,"cant add funds to my card, says problem with topup, need fix pls","To address the issue of not being able to add funds to your card, you may be experiencing a block due to a previous declined payment or multiple unsuccessful attempts. Please refer to the steps outlined in the article ""Why your card top-ups may be blocked"" for possible solutions.","Why your card top-ups may be blocked,How to add money with a card,Why was my top-up reverted?,My physical card isn't working",4
crypto_web3_enthusiast_male_24,cards_atm_1,on_the_go_direct,"card won't let me deposit BGN, need fix now","If your card won't let you deposit BGN, it might be due to reasons mentioned in the article ""Why your card top-ups may be blocked."" You can find more information about this issue and steps to resolve it there.","My card deposit didn't work,How to add money with a card,My physical card isn't working,Why your card top-ups may be blocked",4
crypto_web3_enthusiast_male_24,cards_atm_1,voice_transcription,uh i tried topping up my card from ukraine and like it didn't work do i need to do something special for this or is there a limit or something thanks,"To top up your card from Ukraine, you can refer to the ""How to add money with a card"" article for step-by-step instructions: https://www.revolut.com/help/topping-up/add-money-with-a-card. If you encountered issues, you can check the Ukraine card top-up limits article for more information: https://www.revolut.com/help/topping-up/card-top-up-limits.","Ukraine card top-up limits,Can I transfer money to Ukraine?,Auto top-ups,How to add money with a card",4
crypto_web3_enthusiast_male_24,cards_atm_1,poor_internet_connection,"card deposit not working, page stuck loading, connection drops, need to retry. will it complete if connection is poor? please advice what to do","If your card deposit is not working due to a poor connection or if the page is stuck loading, you may need to retry the transaction once you have a stable connection. It's essential to ensure a reliable internet connection to complete the deposit successfully.","My card deposit didn't work,Failed payments on the Revolut Terminal,Why your card top-ups may be blocked,My card payment was declined",4
crypto_web3_enthusiast_male_24,cards_atm_1,vague_first_message,why can't i put more money from my card into my revolut the app just stops me,"Your card top-ups may be blocked because your issuing bank has declined a previous payment using this card, or because you've made multiple unsuccessful attempts to make the payment. These payment blocks can be applied for up to 30 days, due to Visa and Mastercard payment processing rules.","How to add money with a card,Why your card top-ups may be blocked,Auto top-ups,My card payment was declined",4
crypto_web3_enthusiast_male_24,savings_investments_1,empty,Can you explain how taxes work on savings with the Instant Access offer?,"I'm sorry, I don't have information on how taxes work specifically with the Instant Access Savings offer.","How is interest calculated on tiered Instant Access Savings?,Kids & Teens Instant Access Savings,Instant Access Savings promotion,Rate decrease on my Instant Access Savings",4
crypto_web3_enthusiast_male_24,savings_investments_1,calm_at_home,I want to know if my savings earn interest immediately and if I need to pay taxes on it. Can you explain how this works?,"Browsing through Revolut's articles, it is reported that interest on Savings account accrues and is paid daily if it exceeds a specific threshold. Revolut does not withhold tax on the interest earned; you are responsible for managing your taxes.","Earning interest with Savings,Tax on Savings,How to calculate interest on Savings accounts,How is interest calculated on tiered Instant Access Savings?",4
crypto_web3_enthusiast_male_24,savings_investments_1,panic_security_fear,"urgent! savings promo missing from my balance, did i lose money? please help now!","If you are missing a savings promo from your balance, you may want to contact Revolut support for assistance.","Why are my statement balance and in-app balance different?,I just made an exchange, but I can't find my money,Why was my Savings Accounts restricted or closed?,Kids & Teens Instant Access Savings",4
crypto_web3_enthusiast_male_24,savings_investments_1,angry_after_waiting,My savings account tax info is wrong. WHY is there a delay fixing this?! Already tried contacting. NEED action now.,"I'm sorry, I don't have the specific information you're looking for based on the available articles.","Update my tax information,I'm unable to verify my identity,Confirm your personal details again,Why is my transfer to a bank account still pending?",4
crypto_web3_enthusiast_male_24,savings_investments_1,rushing_with_typos,"hi, saving account interest taxed? want to know before i move bgn to eur thx",Revolut doesn't withhold any tax on your interest income earned. You have sole responsibility for managing your tax affairs. It's recommended you consult with a tax professional regarding any tax implications when switching between currencies.,"Tax on Savings,Earning interest with Savings,Will the account transition have any tax implications?,How to calculate interest on Savings accounts",4
crypto_web3_enthusiast_male_24,savings_investments_1,on_the_go_direct,"Instant savings, what's the tax? Need clarity fast.","Revolut doesn't withhold any tax on interest income earned. You're responsible for managing your tax affairs, including making any filings and payments as required by law.","Tax on Savings,How is interest calculated on tiered Instant Access Savings?,Kids & Teens Instant Access Savings,Instant Access Savings promotion",4
crypto_web3_enthusiast_male_24,savings_investments_1,voice_transcription,uh so like i'm using the instant savings feature and like i want to know if i make money from it do i have to pay tax on my earnings or how does that work,"Revolut doesn't withhold any tax on your interest income earned. You have sole responsibility for managing your tax affairs, making filings, payments, and complying with laws and regulations.","Tax on Savings,How is interest calculated on tiered Instant Access Savings?,Kids & Teens Instant Access Savings,Earning interest with Savings",4
crypto_web3_enthusiast_male_24,savings_investments_1,poor_internet_connection,"trying to see savings offer details but page not loading, connection bad, will action still work with poor wifi or do i retry?",You might be experiencing trouble due to your unstable internet connection. It's advised to ensure a stable connection to view savings offer details successfully.,"I'm having trouble using my Revolut Terminal,Difficulties with eSIM,Trouble with mobile verification code,My card payment was declined",4
crypto_web3_enthusiast_male_24,savings_investments_1,vague_first_message,"I can't find my savings money, was it taxed or something else? It’s not there.","Please check if your currency account is inactive and follow the steps to reactivate it as indicated in the provided help article ""I just made an exchange, but I can't find my money.""","I just made an exchange, but I can't find my money,Tax on Savings,I can't find my Vaults,Why was my Savings Accounts restricted or closed?",4
crypto_web3_enthusiast_male_24,fx_exchange_1,empty,Why do I get a different amount after converting BGN to EUR compared to other services?,I don't know.,"How does Bulgaria adopting the Euro affect me?,Transfer I sent arrived in a different currency ,Why are my statement balance and in-app balance different?,Why did I receive less crypto than I paid for?",4
crypto_web3_enthusiast_male_24,fx_exchange_1,calm_at_home,"I want to know if Revolut uses mid-market rates when converting BGN to EUR or if extra fees apply, like with some other currency exchanges.",Please check the exchange rate on Revolut's website for the most accurate information about converting BGN to EUR.,"What exchange rates does Revolut offer?,What are Revolut's trading fees?,Bank transfer fees,Why was I charged more than I was shown?",4
crypto_web3_enthusiast_male_24,fx_exchange_1,panic_security_fear,"emergency! fx rates different when paying, is this fraud or what, help fast, losing money!","I'm sorry, I don't have the information to assist with that.","Feeling pressured or threatened?,Urgent text from a kid or friend?,Report a fraudulent transfer,Authorised Push Payment fraud reimbursement requirements",4
crypto_web3_enthusiast_male_24,fx_exchange_1,angry_after_waiting,Why my exchange rate so bad? I use BGN to EUR. I already tried to fix. Unhappy with info. NEED ANSWER NOW!,I don't know.,"How does Bulgaria adopting the Euro affect me?,What exchange rates does Revolut offer?,How do I exchange money?,Currency exchange orders",4
crypto_web3_enthusiast_male_24,fx_exchange_1,confused_by_app_updates,"Hi, I exchange BGN to EUR in the app, but something shows about currency conversion I don’t understand. Is it automatic or need to do something? Please help.","To exchange BGN to EUR in the app, follow these steps:
1. Go to 'Home' on the bottom menu
2. Below your balance, tap 'More'
3. Choose Exchange and select the currencies
4. Choose the amount to buy or sell
5. Review the order before completing it.
If you have further questions about currency conversion or need assistance, you can reach out to our support team.","How does Bulgaria adopting the Euro affect me?,How do I exchange money?,Currency exchange orders,Why are my statement balance and in-app balance different?",4
crypto_web3_enthusiast_male_24,fx_exchange_1,rushing_with_typos,why my bgn to eur rate differ at checkout is there some hidden fee like commission pls help,"Revolut always communicates clearly how much you are being charged, including a breakdown of any applicable fees. The payment confirmation screen is updated with the live exchange rate, so you know exactly how much you are getting and being charged.","Why was I charged more than I was shown?,What are Revolut's trading fees?,What are trading regulatory fees and taxes?,Bank transfer fees",4
crypto_web3_enthusiast_male_24,fx_exchange_1,on_the_go_direct,"BGN to EUR rate not matching app, fix quickly!","I'm sorry, I don't have the necessary information to advise on BGN to EUR rate discrepancies. ","How does Bulgaria adopting the Euro affect me?,Why are my statement balance and in-app balance different?,What exchange rates does Revolut offer?,Switching languages in the app",4
crypto_web3_enthusiast_male_24,fx_exchange_1,voice_transcription,uh so when i use my revolut card in shops their asking if i wanna pay in my own currency or euro what's the best option cause i thought revolut gives good rates but like i don’t know what to choose,"You should choose to pay in the local currency rather than your own currency when using your Revolut card. This way, Revolut will automatically convert your balance to the local currency you're paying in, offering you competitive exchange rates.","What exchange rates does Revolut offer?,What currency will I be charged in?,Tips for spending in a foreign currency,How to withdraw a foreign currency",4
crypto_web3_enthusiast_male_24,fx_exchange_1,poor_internet_connection,I try to exchange BGN to EUR but the app keeps timing out. Is the rate still the same when my connection is poor?,I don't know.,"How does Bulgaria adopting the Euro affect me?,What exchange rates does Revolut offer?,Why are my statement balance and in-app balance different?,Currency exchange orders",4
crypto_web3_enthusiast_male_24,fx_exchange_1,vague_first_message,why my euro conversion took more money than expected what rate is being used,"I'm sorry, I don't have the information to answer your question.","Why was I charged more than I was shown?,Transfer I sent arrived in a different currency ,What is Dynamic Currency Conversion (DCC)?,What exchange rates does Revolut offer?",4
crypto_web3_enthusiast_male_24,plans_billing_1,empty,Who gives the cancellation protection benefits for Ultra plan trips and events?,"Qover arranges and administers the policy for the insurer, Wakam, to provide trip and cancellation insurance for Ultra customers.","My supplier won’t let me cancel my trip/event. Am I covered with Ultra trip and event cancellation protection?,Ultra trip & event cancellation with companion coverage,Who provides Ultra trip and event cancellation protection?,Am I covered by Ultra trip cancellation protection if I need to cancel a flight while abroad?",4
crypto_web3_enthusiast_male_24,plans_billing_1,calm_at_home,I hear Premium plan travel insurance is not included anymore. Can you explain how I make a claim now if my trip gets canceled unexpectedly?,You can contact Chubb directly if your claim is for an event that occurred before the removal date of the travel insurance benefit from the Premium plan.,"Claiming after Premium travel insurance removal,Cover for cancelled and interrupted trips,Cover for delayed trips,How do I make a cancel for any reason protection claim?",4
crypto_web3_enthusiast_male_24,plans_billing_1,panic_security_fear,i need help my ultra trip cancellation protection is it still covered after plan change urgent,"You are only covered by Ultra trip and event cancellation protection for trips/events purchased with your Revolut account on an active Ultra plan. If the trip/event was purchased before upgrading to Ultra, it may not be covered. Contact the supplier to negotiate and gather documents to submit a claim.","My supplier won’t let me cancel my trip/event. Am I covered with Ultra trip and event cancellation protection?,Am I covered by Ultra trip cancellation protection if I need to cancel a flight while abroad?,Am I covered for trips or events that I didn't purchase with my Revolut account with Ultra trip and event cancellation protection?,Ultra trip & event cancellation with companion coverage",4
crypto_web3_enthusiast_male_24,plans_billing_1,rushing_with_typos,who covers trip cancelation with ultra plan unable to find pls confirm thx,"We’re not an insurer, but we currently work exclusively with Qover to provide trip and cancellation insurance for all of our Ultra customers. Qover arranges and administers the policy for the insurer, Wakam.","My supplier won’t let me cancel my trip/event. Am I covered with Ultra trip and event cancellation protection?,Ultra trip & event cancellation with companion coverage,Am I covered by Ultra trip cancellation protection if I need to cancel a flight while abroad?,Who provides Ultra trip and event cancellation protection?",4
crypto_web3_enthusiast_male_24,plans_billing_1,on_the_go_direct,Who covers Ultra event cancellation if my Premium insurance gone?,"I'm sorry, I don't have the exact answer to your question based on the provided articles.","Who provides Ultra trip and event cancellation protection?,Ultra trip & event cancellation with companion coverage,My supplier won’t let me cancel my trip/event. Am I covered with Ultra trip and event cancellation protection?,What is an event?",4
crypto_web3_enthusiast_male_24,plans_billing_1,voice_transcription,uh my plan changed and uh I wanna know um who handles like the protection for events and trips now with my account and if uh I can still make a claim if there's a problem after the change,"Your insurance under the Ultra plan is provided by Qover and administered by Wakam. Your coverage remains the same, and you can still make a claim if needed after the plan change.","My supplier won’t let me cancel my trip/event. Am I covered with Ultra trip and event cancellation protection?,Am I covered for trips or events that I didn't purchase with my Revolut account with Ultra trip and event cancellation protection?,Does the account transfer impact my plan insurance cover?,Who provides Ultra trip and event cancellation protection?",4
crypto_web3_enthusiast_male_24,plans_billing_1,poor_internet_connection,I need help with Ultra trip cover but my app keeps timing out or getting stuck loading. Can I still claim if Premium travel insurance removed?,"If you are experiencing issues with the app and cannot access information on Ultra trip cover because of the Premium travel insurance removal, you can contact Chubb directly to inquire about your specific situation.","My supplier won’t let me cancel my trip/event. Am I covered with Ultra trip and event cancellation protection?,Am I covered by Ultra trip cancellation protection if I need to cancel a flight while abroad?,Claiming after Premium travel insurance removal,Cover for delayed trips",4
crypto_web3_enthusiast_male_24,plans_billing_1,vague_first_message,Did Ultra stop covering events or trips if I cancel now?,"If your supplier doesn't allow cancellations, you need to negotiate directly with them to try to get a refund, credit, or reschedule option. Gather all necessary documents for your Ultra trip and event cancellation protection claim.","My supplier won’t let me cancel my trip/event. Am I covered with Ultra trip and event cancellation protection?,Am I covered by Ultra trip cancellation protection if I need to cancel a flight while abroad?,What is an event?,Am I covered for trips or events that I didn't purchase with my Revolut account with Ultra trip and event cancellation protection?",4
crypto_web3_enthusiast_male_24,transfers_1,empty,how do i transfer from my joint account to someone else using my revtag,"I'm sorry, I don't have the information on transferring from a joint account using a RevTag.","Joint account transfers,Change my Revtag,I want to close my Joint account,Revtags",4
crypto_web3_enthusiast_male_24,transfers_1,calm_at_home,How can I transfer money from joint account using app and if necessary change the name linked to it?,"To transfer money from a Joint account using the app:
1. Go to 'Home' on the bottom menu
2. Below your balance, tap 'Accounts'
3. Select your Joint account
4. Tap 'More' or 'Add money' and follow the instructions provided.

To change the name linked to a Joint account, you would need to contact customer support for assistance as this feature is not mentioned in the provided articles.","Joint account transfers,Adding money to a Joint account,I want to close my Joint account,Setting up a Joint account",4
crypto_web3_enthusiast_male_24,transfers_1,panic_security_fear,emergency i try sending euro from joint account to crypto wallet but wrong tag now please help fix to correct before loss,I don't know.,"I sent crypto to an incorrect wallet address. What can I do?,Failed crypto withdrawals,My Ramp payment was completed but I didn’t receive the crypto. What should I do?,How to make sure crypto withdrawals are processed smoothly",4
crypto_web3_enthusiast_male_24,transfers_1,angry_after_waiting,"Crypto transfer blocked. Need joint account, but can’t change my tag. Support is SLOW, HELP NOW!","To transfer crypto with a joint account you need to share your joint account details for bank transfers. If you're facing an issue with your tag, please contact our Customer Support to resolve it.","Revolut closed my joint account,Joint account transfers,I received a transfer from an unknown sender,Adding money to a Joint account",4
crypto_web3_enthusiast_male_24,transfers_1,confused_by_app_updates,"I try sending euro to joint account but see only one Revtag, I am confused, where can I change it or find the joint option?","To find the Joint account option for sending money in euros, please follow these steps within the app:
- Go to 'Home' on the bottom menu
- Below your balance, tap 'Accounts'
- Select your Joint account
- Tap 'Add money' and follow the instructions","Adding money to a Joint account,Setting up a Joint account,Joint account transfers,Getting started with Joint Savings",4
crypto_web3_enthusiast_male_24,transfers_1,rushing_with_typos,cant send joint account euros to my crypto wllt my revtag changed i think?,I don't know.,"Revolut closed my joint account,Failed crypto withdrawals,Joint account transfers,Adding money to a Joint account",4
crypto_web3_enthusiast_male_24,transfers_1,on_the_go_direct,need help transfer from crypto wallet to joint account now,"I'm sorry, I couldn't find information in the provided articles on transferring from a crypto wallet to a joint account. I recommend reaching out to our customer support for further assistance.","I want to close my Joint account,Managing joint account ownership,What will happen to my Joint account?,Adding money to a Joint account",4
crypto_web3_enthusiast_male_24,transfers_1,voice_transcription,hi um i need to send euros from my joint account but it doesn't let me change the person i want to send it to can i fix this how do i like change the name on the transfer,"To send euros from your Joint account, follow these steps from the article ""Joint account transfers"": 
- Go to 'Home' on the bottom menu
- Below your balance, tap 'Accounts'
- Select your Joint account
- Tap 'More' → 'Deta

You can't change the recipient's name while making a transfer from the Joint account. If you need to change the recipient, you have to cancel the transfer, if eligible, and initiate a new one.","Joint account transfers,Adding money to a Joint account,I want to cancel a bank transfer,The name on my card is incorrect",4
crypto_web3_enthusiast_male_24,transfers_1,poor_internet_connection,trying to send BGN to joint account but app says timeout error and still loading will this transfer succeed if connection bad,I don't know the answer to your question.,"Insufficient funds for scheduled transfer,What happens if my joint account balance goes negative?,I can't send a transfer or create a recipient,Why is my transfer to a bank account still pending?",4
crypto_web3_enthusiast_male_24,transfers_1,vague_first_message,i sent money to joint account but it not show up did something go wrong,"To troubleshoot the issue of the money not showing up in your Joint account, you can follow these steps:
1. Check if the transaction has indeed been processed.
2. Verify if the correct account details were provided to the sender.
3. You can also contact our support team for further assistance if needed.","Joint account transfers,Revolut closed my joint account,Adding money to a Joint account,Your Joint account statement",4
crypto_web3_enthusiast_male_24,business_merchant_1,empty,how do i make sales from my product list using the app,"To make sales from your product list using the app, you'll need to set up your catalogue in your Revolut Pro payment account first. Go to 'Revolut Pro', 'Tools', then 'Products' to be able to create catalogue sales. Then, to manage your products and create sales, tap '+ New product' in the app.","Sales using a Revolut Pro product catalogue,How to place a stock order,Can I accept payments with Revolut Pro?,Trading watchlist and price alerts",4
crypto_web3_enthusiast_male_24,business_merchant_1,calm_at_home,I have problem with my Revolut Terminal when trying to use it for crypto transactions. Can you show me how to fix this so I can continue my sales?,I don't know.,"I'm having trouble using my Revolut Terminal,How do I log in to my Revolut Terminal?,How do I order a Revolut Terminal?,Failed payments on the Revolut Terminal",4
crypto_web3_enthusiast_male_24,business_merchant_1,panic_security_fear,"urgent! i can't make sales, revolut terminal not working, losing customers now, please help quickly!","You might be experiencing issues because you don't have an active Revolut Pro account. Please check your app for any requests regarding this. If this is not the case, ensure your terminal's internet connection is stable to process payments.","I'm having trouble using my Revolut Terminal,Failed payments on the Revolut Terminal,Cancel a transaction on the Revolut Terminal,How do I order a Revolut Terminal?",4
crypto_web3_enthusiast_male_24,business_merchant_1,angry_after_waiting,"Terminal not working. Crypto transaction failed. Need fix NOW. Business losing money. Tried support, no help! Unacceptable DELAY!","If your terminal is not working, it could be due to an unstable internet connection. Ensure your Revolut Pro account is active and troubleshoot the internet connection. For the failed crypto transaction, please wait for the funds to be credited back to your wallet.","Failed crypto deposits,I'm having trouble using my Revolut Terminal,My Ramp transaction is completed but I didn't receive the funds,Failed crypto withdrawals",4
crypto_web3_enthusiast_male_24,business_merchant_1,rushing_with_typos,trying sell products wtih pro catalogue but payments not processing any idea why this is happening pls fix,"Please check the details provided in the Pro account review process or any pending emails, push notifications, or in-app banners. Make sure your Pro account review is complete, and your identity/business information is validated. Then, create a catalog in your Revolut Pro account under 'Tools' > 'Products' to start accepting payments.","Pro account under review or payments not working,Sales using a Revolut Pro product catalogue,Can I accept payments with Revolut Pro?,Revolut Pro invoices",4
crypto_web3_enthusiast_male_24,business_merchant_1,on_the_go_direct,"can't load products on terminal, need to sell, fix urgently","You need to set up your catalogue in your Revolut Pro payment account first. Go to 'Revolut Pro', 'Tools', then 'Products' to be able to create catalogue sales.","Sales using a Revolut Pro product catalogue,I'm having trouble using my Revolut Terminal,Failed payments on the Revolut Terminal,Why is my stock on 'sell only'?",4
crypto_web3_enthusiast_male_24,business_merchant_1,voice_transcription,uh so my revolut terminal isn't working right when making sales with my pro product catalogue can you tell me why it's not connecting or like processing transactions properly i need it for my business now,"I'm having trouble using my Revolut Terminal. Make sure you have an active Revolut Pro account and a stable internet connection to process transactions properly. If the issue persists, check the device's power and cable connections, and follow the login steps provided in the article.","I'm having trouble using my Revolut Terminal,How do I log in to my Revolut Terminal?,How do I order a Revolut Terminal?,Failed payments on the Revolut Terminal",4
crypto_web3_enthusiast_male_24,business_merchant_1,poor_internet_connection,"Revolut Terminal not loading my catalogue, keeps saying retry or timeout. My uploads fail, and connection drops. What can I do to complete sales with bad connection?","Check if you have an active Revolut Pro account, as stated in the article ""How do I log in to my Revolut Terminal?"" Make sure your terminal has a stable internet connection, as mentioned in the article ""I'm having trouble using my Revolut Terminal.""","I'm having trouble using my Revolut Terminal,Failed payments on the Revolut Terminal,How do I log in to my Revolut Terminal?,My Ramp payment failed. What should I do?",4
crypto_web3_enthusiast_male_24,business_merchant_1,vague_first_message,"my money gone after customer buy from catalogue, how to see what happened?",I don't know.,"I received a transfer from an unknown sender,I just made an exchange, but I can't find my money,My card has been swallowed by an ATM,I sent crypto to an incorrect wallet address. What can I do?",4
crypto_web3_enthusiast_male_24,crypto_2,empty,I try to transfer crypto but confused about supported currency and network. Can you help?,"To check the supported tokens and networks for crypto transfers:
1. Go to 'Crypto' on the bottom menu in the app.
2. Tap 'More'
3. Tap 'Limits and fees'
4. Tap 'Multi-network transfer'

This will provide you with the information on which cryptocurrencies are supported on which blockchain networks.","Cryptocurrency networks,Cryptocurrencies and networks available for withdrawals,Supported crypto deposit currencies, networks, and exchanges,Send (withdraw) crypto to an external address",4
crypto_web3_enthusiast_male_24,crypto_2,calm_at_home,I tried logging in with my passkey but it didn't work. Can I transfer crypto from my wallet to use in the web app without logging in?,"If you lost access to your passkey, you can sign into Revolut with your passcode and 2FA. If you're unable to login with your passkey, you can transfer crypto from your wallet to use in the web app without logging in.","I lost access to a device my passkey is stored on,I lost access to my passkey,What are passkeys?,Accessing the Retail Web App",4
crypto_web3_enthusiast_male_24,crypto_2,panic_security_fear,"can't log in web app, passkey not working, urgent! crypto wallet transfer to unsupported address, is my deposit lost or rolled back? please help now",I don't have the exact information requested.,"Failed crypto deposits,I lost access to a device my passkey is stored on,I sent crypto to an incorrect wallet address. What can I do?,Can't see my deposit in-app",4
crypto_web3_enthusiast_male_24,crypto_2,angry_after_waiting,Can’t log in web app. Crypto transfer failed! Wrong advice before! WHY no supported network info? FIX this immediately! Tired of waiting!,I'm unable to find an article specifically addressing the issue of not being able to log in to the web app and a failed crypto transfer due to wrong advice. I recommend reaching out to Revolut support directly for further assistance with these specific issues.,"Can't see my deposit in-app,Failed crypto withdrawals,Pending crypto withdrawals,Failed crypto deposits",4
crypto_web3_enthusiast_male_24,crypto_2,confused_by_app_updates,"I try log into app using passkey, but it say wrong. I don't see where to go for crypto withdraw address. I use BGN to EUR, but options confuse me. What mean network selection?",I don't know.,"I lost access to a device my passkey is stored on,Can't see my deposit in-app,I lost access to my passkey,Cryptocurrencies and networks available for withdrawals",4
crypto_web3_enthusiast_male_24,crypto_2,rushing_with_typos,"cant login account web app, crypto wallet address wrong? bgn to eur pls fix",I don't know.,"I sent crypto to an incorrect wallet address. What can I do?,Failed crypto withdrawals,My Ramp payment was completed but I didn’t receive the crypto. What should I do?,Failed crypto deposits",4
crypto_web3_enthusiast_male_24,crypto_2,on_the_go_direct,"Can't login, is my crypto network supported?",I don't have the information on checking if your crypto network is supported if you can't log in.,"Failed crypto deposits,Can't see my deposit in-app,Failed crypto withdrawals,Supported crypto deposit currencies, networks, and exchanges",4
crypto_web3_enthusiast_male_24,crypto_2,voice_transcription,"hi im trying to login on the web app um and i think maybe a problem with my crypto wallet because i sent BGN to EUR uh, but not sure on supported networks or exchanges could this affect my access?","I'm sorry, the information provided in the articles does not directly address the specific issue you are encountering. I recommend contacting Revolut customer support for further assistance with your login issue related to the crypto wallet.","Can't see my deposit in-app,Cryptocurrencies and networks available for withdrawals,Supported crypto deposit currencies, networks, and exchanges,Failed crypto withdrawals",4
crypto_web3_enthusiast_male_24,crypto_2,poor_internet_connection,"can't login on web app, connection keeps dropping, nothing loads. Can I retry later or do I need to change any settings for crypto wallet transfer?","I'm sorry, I don't have the relevant information to help you with your question about logging in on the web app.","Failed crypto deposits,Failed crypto withdrawals,Pending crypto withdrawals,I sent crypto to an incorrect wallet address. What can I do?",4
crypto_web3_enthusiast_male_24,crypto_2,vague_first_message,"i try to move crypto to my app and it's not showing up, what is wrong?","Your deposit might be in a failed state if the blockchain rejects the transaction. This can happen if the network fee you paid was too low. In this event, the blockchain treats this deposit as if it never happened, and the funds will be credited back to the sending wallet.","Can't see my deposit in-app,Failed crypto deposits,Pending crypto withdrawals,My Ramp payment was completed but I didn’t receive the crypto. What should I do?",4
crypto_web3_enthusiast_male_24,savings_investments_2,empty,I have savings in crypto and want to know if I'm seen as high-value or limited investor?,"To determine if you are seen as a high-value or limited investor in relation to your crypto savings, you will need to certify whether you qualify as a high-net-worth investor or restricted investor based on the specified criteria provided in the help articles about high-net-worth and restricted investors.","What does it mean to be a high-net-worth investor?,What does it mean to be a restricted investor?,Is my crypto safe with Revolut?,Crypto withdrawal limits",4
crypto_web3_enthusiast_male_24,savings_investments_2,calm_at_home,"I want to save in euro, but not sure if I'm restricted investor or high-net-worth status affects the options. Can you help?","To determine if you are a restricted investor or high-net-worth investor, review your investment activities and intentions regarding high-risk investments. Follow the guidelines outlined in the ""Restricted investor"" and ""High-net-worth individual"" sections of our glossary article.","What does it mean to be a restricted investor?,What does it mean to be a high-net-worth investor?,Glossary of onboarding terms,Get started with crypto ETNs",4
crypto_web3_enthusiast_male_24,savings_investments_2,panic_security_fear,"emergency, my crypto wallet may be compromised, am i a high-net investment, or is it restricted, funds missing! please help urgently!","I'm sorry, but I don't have information on whether you are a high-net-worth investor or if your funds are restricted. For concerns about a compromised wallet or missing funds, please follow the steps outlined in the help articles related to failed crypto withdrawals and deposits.","Failed crypto withdrawals,Failed crypto deposits,I sent crypto to an incorrect wallet address. What can I do?,What does it mean to be a restricted investor?",4
crypto_web3_enthusiast_male_24,savings_investments_2,angry_after_waiting,Why am I listed as restricted? I’m high-net-worth! Fix this fast. Been waiting ages. Unacceptable. NO RESPONSE before.,"I'm sorry, I don't have the information available to answer your question.","What does it mean to be a restricted investor?,Pro account under review or payments not working,What does it mean to be a high-net-worth investor?,My account was restricted or closed",4
crypto_web3_enthusiast_male_24,savings_investments_2,confused_by_app_updates,"i am trying to understand what does high-net-worth or restricted investor mean in my savings options, where do i find this information","In your savings options, being a high-net-worth or restricted investor determines your eligibility to invest in crypto exchange-traded notes. You can find this information in the onboarding terms under the 'Glossary of onboarding terms' article.","What does it mean to be a restricted investor?,What does it mean to be a high-net-worth investor?,Glossary of onboarding terms,Why was my Savings Accounts restricted or closed?",4
crypto_web3_enthusiast_male_24,savings_investments_2,rushing_with_typos,trying to invest savings crypto high net worth investor or something what does it mean pls explain thx,"To invest in crypto ETNs, you need to certify if you qualify as a high-net-worth investor or a restricted investor. Being a high-net-worth investor means you meet specific financial criteria. If you are unsure about your classification, please refer to the detailed guidelines provided in our resources.","What does it mean to be a high-net-worth investor?,What does it mean to be a restricted investor?,Glossary of onboarding terms,Get started with crypto ETNs",4
crypto_web3_enthusiast_male_24,savings_investments_2,on_the_go_direct,"can't move savings to crypto wallet, am i restricted investor?","Please refer to the ""Why was my Savings Account restricted or closed?"" article to understand why you may be experiencing difficulty moving savings to your crypto wallet. If you suspect being a restricted investor may be the issue, refer to the ""What does it mean to be a restricted investor?"" article for details.","Why was my Savings Accounts restricted or closed?,What does it mean to be a restricted investor?,Failed crypto withdrawals,Crypto withdrawal limits",4
crypto_web3_enthusiast_male_24,savings_investments_2,voice_transcription,"um i'm trying to understand the investor categories in app like if being a high amount investor affects my savings options or is it the same if restricted investor maybe, can i still invest in crypto?","Based on the articles provided, being a high-net-worth investor or a restricted investor affects your ability to invest in crypto exchange-traded notes (ETNs). You need to certify your investor status to access crypto investments. As for your savings options, please refer to the app for specific details.","What does it mean to be a restricted investor?,What does it mean to be a high-net-worth investor?,Crypto account onboarding requirements,Glossary of onboarding terms",4
crypto_web3_enthusiast_male_24,savings_investments_2,poor_internet_connection,"I try to move savings to EUR from BGN but app stuck at loading, if connection fails, will my action still happen?","If the app is stuck at loading while trying to move savings from BGN to EUR and the connection fails, the action may not be completed. We recommend ensuring a stable connection to avoid any issues with the transaction.","How does Bulgaria adopting the Euro affect me?,Why is my transfer to a bank account still pending?,Withdraw from your Savings account,Difficulty adding money with an easy bank transfer",4
crypto_web3_enthusiast_male_24,savings_investments_2,vague_first_message,i try move funds and it says i am restricted investor what does this mean for my savings,"I am sorry for the inconvenience you're experiencing. Based on the provided articles, being a restricted investor means you have limitations when it comes to investing in certain products. As for your savings, please refer to the scenario where your Savings Account could be restricted or closed for possible insights.","Why was my Savings Accounts restricted or closed?,What does it mean to be a restricted investor?,How are the funds in my investment account protected?,Reasons an investment account may be closed",4
boutique_hotel_host_female_41,other_1,empty,I'm having trouble logging into my account. Are there any merchants that might be causing issues with the authentication process?,I don't know.,"Difficulty logging in,Pro account under review or payments not working,Declined card payment isn't visible,Problems with my card PIN",4
boutique_hotel_host_female_41,other_1,calm_at_home,I am unable to log in to my Revolut account. Could this issue be related to any merchant restrictions or specific support services tied to my card?,I don't know.,"My card payment was declined,Declined card payment isn't visible,Which merchants are not supported by Revolut?,Problems with my card PIN",4
boutique_hotel_host_female_41,other_1,panic_security_fear,"my account won't login and i fear unauthorized access, is there an emergency support for fixing this quickly please help now","If you are unable to log in to your account and suspect unauthorized access, follow the steps below:
1. Tap this link to report a lost device: https://app.revolut.com/lost-device 
2. Verify your identity with a selfie. 

If you require urgent assistance, you can contact Revolut support through the app for further help.","Lost or stolen device,Difficulty logging in,My account was restricted or closed,How can I keep my account safe from fraud?",4
boutique_hotel_host_female_41,other_1,angry_after_waiting,Can't login. Tried everything. Waste of time. Want to use Ukraine support via Clear Sky card but LOCKED out. FIX THIS NOW. Why no help before?,"I'm sorry, I don't have enough information to assist with your specific issue.","Difficulty logging in,How do I get the Clear Sky debit card?,Lost or stolen device,How does the Clear Sky debit card support Ukraine?",4
boutique_hotel_host_female_41,other_1,confused_by_app_updates,"I'm having trouble logging into my Revolut account. It mentions something about Clear Sky and Ukraine, but this doesn't make sense to me. What should I look for or do next?","You may be experiencing difficulties logging into your Revolut account. Please log in using your phone number associated with your account. If you encounter any issues, you can report a lost device using the steps outlined in the article ""Lost or stolen device.""","Difficulty logging in,How do I get the Clear Sky debit card?,How does the Clear Sky debit card support Ukraine?,Lost or stolen device",4
boutique_hotel_host_female_41,other_1,rushing_with_typos,cant login revolut pay did i miss some steps svc temporarily down?,"I'm sorry, I don't have the information to answer your question about login issues related to Revolut Pay being temporarily down.","I'm having trouble using my Revolut Terminal,My card payment was declined,My Ramp payment failed. What should I do?,My virtual card is not working",4
boutique_hotel_host_female_41,other_1,on_the_go_direct,"can't log in at store checkout, assistance needed urgently","If you can't log in at a store checkout, ensure you are using the correct phone number associated with your Revolut account or try using your email address associated with your account. If the issue persists, contact our support team for urgent assistance.","Difficulty logging in,My Ramp payment failed. What should I do?,Trouble with mobile verification code,Lost or stolen device",4
boutique_hotel_host_female_41,other_1,voice_transcription,"hey i'm having trouble logging into the app did Revolut like change its support for certain countries or something, especially with the whole situation in Ukraine and their Clear Sky cards, could that be why?","I'm sorry, I don't know how changes in support for certain countries with regards to Clear Sky cards could affect your log-in issue. You can check the Difficulty logging in article for steps to troubleshoot logging in.","Difficulty logging in,How does the Clear Sky debit card support Ukraine?,Ukraine card top-up limits,How do I get the Clear Sky debit card?",4
boutique_hotel_host_female_41,other_1,poor_internet_connection,"stuck at login screen, nothing loads, keeps timing out, how can i access account with frequent connection dropouts, will retries eventually work or do i need stable connection","To address the issue of being stuck at the login screen due to frequent connection dropouts, you should ensure a stable internet connection. If retries are not successful, you may need to resolve the unstable connection before trying to log in again.","I'm having trouble using my Revolut Terminal,Difficulty logging in,Failed payments on the Revolut Terminal,Trouble with mobile verification code",4
boutique_hotel_host_female_41,other_1,vague_first_message,"can't login after trying to use my card, does it work in all stores?",I don't know.,"My physical card isn't working,My single-use virtual card isn't working,My virtual card is not working,Why aren’t my contactless payments working?",4
boutique_hotel_host_female_41,transfers_1,empty,How can I transfer funds from a joint account using my custom username in the app?,I'm not sure how you can transfer funds from a joint account using your custom username in the app.,"Joint account transfers,Adding money to a Joint account,Setting up a Joint account,I want to close my Joint account",4
boutique_hotel_host_female_41,transfers_1,calm_at_home,How can I make a transfer from a joint account if I need to update my Revtag first? I'm unsure how these changes might affect the process.,"To make a transfer from a joint account, you can provide the sender with your joint account details. Updating your Revtag won't affect this process.","Joint account transfers,Change my Revtag,What will happen to my Joint account?,Revtags",4
boutique_hotel_host_female_41,transfers_1,panic_security_fear,please help urgent! joint account transfer made but not showing in my account did someone change my Revtag without permission?,"If you're having trouble finding a transfer from someone on Revolut, please double-check with the sender that they used the correct details, such as your Revtag or phone number. Also, check your other currency accounts to ensure the transfer is not there. If you suspect that your Revtag was changed without permission, please contact Revolut support for further assistance.","Revolut closed my joint account,My transfer to or from someone on Revolut wasn't received,What will happen to my Joint account?,Managing joint account ownership",4
boutique_hotel_host_female_41,transfers_1,angry_after_waiting,"I need to transfer from my joint account, but it's impossible. Why this delay? Fix it NOW! Already tried changing Revtag, STILL NOT WORKING!","I'm sorry, I don't have the information to address your specific issue. If you're experiencing issues with transferring from your Joint account, I recommend reviewing the help article on Joint account transfers for guidance on resolving this delay.","Joint account transfers,Revolut closed my joint account,Why is my transfer to a bank account still pending?,My transfer to or from someone on Revolut wasn't received",4
boutique_hotel_host_female_41,transfers_1,confused_by_app_updates,"I'm trying to transfer funds, but I don't see the option for joint accounts. Is there a specific menu or setting I’m missing? It’s quite confusing.","To transfer funds to your Joint account: 
1. Go to 'Home' on the bottom menu
2. Below your balance, tap 'Accounts'
3. Select your Joint account
4. Tap 'More' and follow the appropriate steps to add or receive money as needed.","Joint account transfers,Adding money to a Joint account,Setting up a Joint account,Managing joint account ownership",4
boutique_hotel_host_female_41,transfers_1,rushing_with_typos,tried sending a transfer from joint accnt but not going thru help pls,"To troubleshoot your issue with sending a transfer from your Joint account, please follow these steps:
1. Ensure the account has sufficient funds.
2. Check the recipient's details for accuracy.
3. If the issue persists, contact our Customer Support team through the in-app chat for assistance.","Joint account transfers,I received a transfer from an unknown sender,Revolut closed my joint account,I want to close my Joint account",4
boutique_hotel_host_female_41,transfers_1,on_the_go_direct,"need to change my Revtag urgently, how's that done?","To change your Revtag:
1. Tap your profile icon in the top-left corner
2. Select 'Account' and 'Personal details'
3. Tap your Revtag to change it","Change my Revtag,Revtags,Change my name,Change my phone number",4
boutique_hotel_host_female_41,transfers_1,voice_transcription,uh so i tried to transfer money from my joint account but it didn't work how can i make sure it's set up right or am i like missing something please help me figure this out,"To ensure your Joint account is set up correctly for transfers, please follow these steps: 
- Go to 'Home' on the bottom menu
- Below your balance, tap 'Accounts'
- Select your Joint account
- Tap 'Add money' and follow the instructions provided in the app. If the issue persists, you can contact our Customer Support team for further assistance by requesting a live agent in the in-app chat.","Joint account transfers,Setting up a Joint account,Adding money to a Joint account,I received a transfer from an unknown sender",4
boutique_hotel_host_female_41,transfers_1,poor_internet_connection,"trying to change my Revtag but keeps timing out or getting stuck loading, will it eventually update if i keep retrying or any tips for bad connection?","To change your Revtag, follow these steps carefully:
1. Tap your profile icon in the top-left corner.
2. Select 'Account' and 'Personal details'.
3. Tap your Revtag to change it. 

If you're experiencing issues due to a bad connection, you may need to ensure a stable internet connection to complete the update successfully.","Change my Revtag,I'm having trouble using my Revolut Terminal,Difficulty logging in,Revtags",4
boutique_hotel_host_female_41,transfers_1,vague_first_message,"trying to send funds to my joint account but it didn't go through, what should i do?","To troubleshoot issues with sending funds to your joint account, please ensure the transaction details are correct and the sender inputted the correct information. If the issue persists, you may contact our support team for further assistance.","I want to close my Joint account,Revolut closed my joint account,What happens if my joint account balance goes negative?,Joint account transfers",4
boutique_hotel_host_female_41,cards_atm_1,empty,Why can't I deposit funds to my card from my account right now?,Your card deposit may be blocked due to your issuing bank declining a previous payment using this card or after multiple unsuccessful attempts. These payment blocks can be applied for up to 30 days.,"My card deposit didn't work,Why your card top-ups may be blocked,How to add money with a card,How to make cash deposits",4
boutique_hotel_host_female_41,cards_atm_1,calm_at_home,"I'm trying to top up my Revolut card from Ukraine, but it seems there's a limit. Can you please explain what restrictions or limits are in place for this?","Changes to Visa rules on 30th September 2024 have affected the movement of money between accounts through a card, leading to new restrictions and limits on card top-ups in Ukraine.","Ukraine card top-up limits,Card payment fees and limits,Card deposit limits and fees,Restricted card deposits",4
boutique_hotel_host_female_41,cards_atm_1,panic_security_fear,"urgent problem with card deposit not working, says limit issue but no idea what's wrong help me now please","If you're having an urgent issue with a card deposit not working due to a limit issue, please refer to the article on ""Why your card top-ups may be blocked"" to understand possible reasons and solutions for this problem.","My card deposit didn't work,How to add money with a card,Why your card top-ups may be blocked,Problems with my card PIN",4
boutique_hotel_host_female_41,cards_atm_1,angry_after_waiting,"WHY is my DEPOSIT blocked again? Your limits are too LOW, and NO solution was given last time. FIX this ASAP!","Card deposits may be blocked due to previous declined payments or multiple unsuccessful attempts, which can lead to payment blocks for up to 30 days. You may need to resolve any pending issues with your issuing bank to unblock your deposit.","Why your card top-ups may be blocked,Why was my top-up reverted?,Problem with a Direct Debit,My card deposit didn't work",4
boutique_hotel_host_female_41,cards_atm_1,confused_by_app_updates,Trying to top up my card but it's saying something about limits or restrictions. I don't understand where this is explained. What are the steps I need to follow?,"You can check your Revolut card limits in the ""Limits for using my card abroad"" article. If your card top-up is being blocked due to limits or restrictions, it's likely related to the card deposit limits explained in the ""Card deposit limits and fees"" article. It's important to understand these limits to ensure successful top-ups.","Limits for using my card abroad,Why your card top-ups may be blocked,Card deposit limits and fees,Card payment fees and limits",4
boutique_hotel_host_female_41,cards_atm_1,rushing_with_typos,card top-up not working im in ukraine any limit or restriction issue pls help fast,I don't know.,"Ukraine card top-up limits,Can I transfer money to Ukraine?,My physical card isn't working,Why aren’t my contactless payments working?",4
boutique_hotel_host_female_41,cards_atm_1,on_the_go_direct,"can't top-up card, deposit restricted, need it working now","Your card top-up may be blocked due to a previous declined payment or multiple unsuccessful attempts. This block can last up to 30 days. If your deposit is pending or has been reverted, it may be due to technical issues or your bank disputing the charge. Check the deposit status in your transactions list for more information.","Why your card top-ups may be blocked,My card deposit didn't work,How to add money with a card,Why was my top-up reverted?",4
boutique_hotel_host_female_41,cards_atm_1,voice_transcription,hey so um i tried topping up my Revolut card from my bank in Ukraine but it's not going through and i need to know if their's like a limit or something on the amount i can add help me out,"Based on the information provided in the ""Ukraine card top-up limits"" article, Visa rule changes on September 30, 2024, may have affected the movement of money from your bank in Ukraine to your Revolut account. This could be the reason why your top-up isn't going through. I recommend checking the article for more details on the restrictions.","Ukraine card top-up limits,Auto top-ups,How to add money with a card,Can I transfer money to Ukraine?",4
boutique_hotel_host_female_41,cards_atm_1,poor_internet_connection,"trying to top-up card but it's stuck loading and fails to upload, will my deposit complete despite poor connection, or should i try again later?","If your top-up is stuck loading and fails to upload due to a poor connection, you should wait and try again later. In the meantime, you can check the deposit status in your in-app transactions list to ensure the deposit completed.","How to add money with a card,Why your card top-ups may be blocked,My card deposit didn't work,Why was my top-up reverted?",4
boutique_hotel_host_female_41,cards_atm_1,vague_first_message,"my card isn't letting me add more money, is there a limit or something?",Your card top-ups may be blocked due to a previous declined payment or multiple unsuccessful attempts. This block can last up to 30 days. You can also set a monthly spending limit to avoid overspending.,"Why your card top-ups may be blocked,How to add money with a card,Setting a monthly spending limit,Card payment fees and limits",4
boutique_hotel_host_female_41,savings_investments_1,empty,"How does the tax on interest from savings work, and do I need to report it myself?","Revolut doesn't withhold any tax on your interest income earned. Customers have sole responsibility for managing their legal obligations and tax affairs, including making filings and tax payments.","Tax on Savings,How to calculate interest on Savings accounts,Earning interest with Savings,How is interest calculated on tiered Instant Access Savings?",4
boutique_hotel_host_female_41,savings_investments_1,calm_at_home,I'd like more information on how taxes are applied to my savings interest with your promotional offers. Are there any specific tax implications I should be aware of?,"Revolut doesn't withhold any tax on your interest income earned. You are responsible for managing your tax affairs, making necessary filings, and complying with laws and regulations.","Tax on Savings,Documents and statements for my Savings accounts,Earning interest with Savings,Investor related tax information",4
boutique_hotel_host_female_41,savings_investments_1,panic_security_fear,"i'm worried about my savings, is there a chance they might get taxed unexpectedly? please help, need to understand this now to avoid any issues","Revolut doesn't withhold any tax on your interest income earned. You are responsible for managing your tax affairs and complying with tax laws. Your savings are FSCS protected up to £120,000 per eligible depositor, per bank.","Tax on Savings,Feeling pressured or threatened?,Is the money in my Savings account protected by the FSCS?,Why was my Savings Accounts restricted or closed?",4
boutique_hotel_host_female_41,savings_investments_1,angry_after_waiting,"WHERE are my instant access savings benefits? Not seeing any promotion applied. Tried resolving before, no help. Fix this NOW. Tax info unclear too. Tired of delays.","To find your Instant Access Savings benefits, follow these steps:
- Go to 'Savings' in the app
- Tap 'More'
- Check for 'Promotions' or 'Boosted AER' details
If you still can't find the promotion applied or need further assistance, you may contact customer support for help. For unclear tax info, you can refer to the FAQ section on our website or reach out to support for clarification.","Instant Access Savings promotion,Kids & Teens Instant Access Savings,Rate decrease on my Instant Access Savings,Documents and statements for my Savings accounts",4
boutique_hotel_host_female_41,savings_investments_1,confused_by_app_updates,"I'm trying to figure out how the instant access savings feature works in the app. I can't locate where to view it, and I'm unsure about how taxes might apply. Could you help clarify this?","To view the Instant Access Savings feature in the app:
1. Go to 'Savings'
2. Tap 'More'

Regarding taxes, I'm unsure.","Kids & Teens Instant Access Savings,Documents and statements for my Savings accounts,How is interest calculated on tiered Instant Access Savings?,Rate decrease on my Instant Access Savings",4
boutique_hotel_host_female_41,savings_investments_1,rushing_with_typos,how is interest added on savings is it taxed like what rates apply pls,"Revolut doesn't withhold any tax on your interest income earned. You have sole responsibility for managing your tax affairs. The interest rate depends on your plan, with different tiers for different balances. Interest accrues daily on your savings account.","Tax on Savings,Earning interest with Savings,How to calculate interest on Savings accounts,How is interest calculated on tiered Instant Access Savings?",4
boutique_hotel_host_female_41,savings_investments_1,on_the_go_direct,"can't see how savings affect my taxes, urgent guidance needed",Revolut doesn't withhold any tax on your interest income earned. You have sole responsibility for managing your tax affairs.,"Tax on Savings,Documents and statements for my Savings accounts,Getting started with Savings,Savings Challenge",4
boutique_hotel_host_female_41,savings_investments_1,voice_transcription,um hey i was just kinda wondering about how the interest from my savings with revolut gets taxed or if there's like any special offers for instant access accounts right now thanks,"Revolut doesn't withhold any tax on your interest income earned. You need to manage your tax obligations. There's a promotional offer for Instant Access Savings accounts until December 10, 2025.","Tax on Savings,Earning interest with Savings,Instant Access Savings promotion,Getting started with Savings",4
boutique_hotel_host_female_41,savings_investments_1,poor_internet_connection,"app not loading savings info, uploads fail consistently with timeout, concerned about promo deadlines and tax impacts if connection fails, does action complete if connection drops?",I don't know.,"Pro account under review or payments not working,Decline reasons on Apple Pay and Google Pay,Delayed (offline) card payments,I was asked for additional information about my transaction",4
boutique_hotel_host_female_41,savings_investments_1,vague_first_message,where is my savings money i thought it was growing but amount not changed,"If you want to check your accumulated savings in your account, you may need to access your Savings account through your Revolut app following these steps:
- Go to 'Home' on the bottom menu
- Below your balance, tap 'Accounts'
- Select your Savings account and check the balance there.","Kids & Teens Instant Access Savings,Close my Savings account,I can't find my Vaults,Add money to your savings account",4
boutique_hotel_host_female_41,plans_billing_1,empty,Who provides the trip and event cancellation coverage in the Ultra plan?,"We currently work exclusively with Qover to provide trip and cancellation insurance for all Ultra customers, and Qover arranges and administers the policy for the insurer, Wakam.","Who provides Ultra trip and event cancellation protection?,My supplier won’t let me cancel my trip/event. Am I covered with Ultra trip and event cancellation protection?,Ultra trip & event cancellation with companion coverage,Am I covered by Ultra trip cancellation protection if I need to cancel a flight while abroad?",4
boutique_hotel_host_female_41,plans_billing_1,calm_at_home,I recently downgraded my Revolut plan and noticed my Premium travel insurance is no longer active. How can I file a claim for events that occurred before this change?,"If your claim is for an event that occurred before the travel insurance removal date, you can contact Chubb directly to file a claim. You can submit your claim online.","Claiming after Premium travel insurance removal,How do I get an update on my existing claim?,Why is my travel insurance coverage ending?,How do I make a protection insurance claim?",4
boutique_hotel_host_female_41,plans_billing_1,panic_security_fear,"urgent! ultra trip cancellation protection, who covers this? worry about fraud, need to know now!","We currently work exclusively with Qover to provide trip and cancellation insurance for all of our Ultra customers. Qover arranges and administers the policy for the insurer, Wakam.","My supplier won’t let me cancel my trip/event. Am I covered with Ultra trip and event cancellation protection?,Am I covered by Ultra trip cancellation protection if I need to cancel a flight while abroad?,Ultra trip & event cancellation with companion coverage,Who provides Ultra trip and event cancellation protection?",4
boutique_hotel_host_female_41,plans_billing_1,angry_after_waiting,"Why is my Ultra trip cancellation claim delayed? Urgent. Nobody helps, and this is frustrating. FIX IT NOW!","I'm sorry to hear about the delay with your Ultra trip cancellation claim. To address your situation promptly, please make sure you have followed the correct steps when submitting your claim and have provided all the necessary documents as outlined in the articles. If you are facing challenges, you can reach out to our support team for further assistance.","My supplier won’t let me cancel my trip/event. Am I covered with Ultra trip and event cancellation protection?,Am I covered by Ultra trip cancellation protection if I need to cancel a flight while abroad?,Documents needed for an Ultra trip and event cancellation protection claim,How do I make a cancel for any reason protection claim?",4
boutique_hotel_host_female_41,plans_billing_1,confused_by_app_updates,"I'm confused about the trip cancellation protection with Ultra. Who is the provider, and how do I claim if my plan changes? I don't see clear options for this in the app.","The Ultra trip and event cancellation protection is provided by Qover and administered by Wakam. If your plan changes and you need to make a claim, you should contact the supplier first to negotiate directly. Then, you can gather the necessary documents to submit your claim. There is no direct option in the app for claiming trip cancellation protection.","My supplier won’t let me cancel my trip/event. Am I covered with Ultra trip and event cancellation protection?,Am I covered by Ultra trip cancellation protection if I need to cancel a flight while abroad?,Who provides Ultra trip and event cancellation protection?,Am I covered for trips or events that I didn't purchase with my Revolut account with Ultra trip and event cancellation protection?",4
boutique_hotel_host_female_41,plans_billing_1,rushing_with_typos,who provides the ultra travel protection i need to file claim fast thnk u,"We currently work exclusively with Qover to provide Ultra trip and cancellation insurance for all of our Ultra customers. Qover arranges and administers the policy for the insurer, Wakam.","My supplier won’t let me cancel my trip/event. Am I covered with Ultra trip and event cancellation protection?,Who provides Ultra trip and event cancellation protection?,Am I covered by Ultra trip cancellation protection if I need to cancel a flight while abroad?,Documents needed for an Ultra trip and event cancellation protection claim",4
boutique_hotel_host_female_41,plans_billing_1,on_the_go_direct,"Who backs Ultra trip cancellation coverage? Need it fast, I'm boarding.","We’re not an insurer, but we currently work exclusively with Qover to provide trip and cancellation insurance for all of our Ultra customers. Qover arranges and administers the policy for the insurer, Wakam.","Am I covered by Ultra trip cancellation protection if I need to cancel a flight while abroad?,My supplier won’t let me cancel my trip/event. Am I covered with Ultra trip and event cancellation protection?,Ultra trip & event cancellation with companion coverage,Who provides Ultra trip and event cancellation protection?",4
boutique_hotel_host_female_41,plans_billing_1,voice_transcription,hey uh why is premium travel insurance not working anymore on my account i need to know who is handling my event cancellations because i relied on that for my business trips you know,"Since travel insurance is no longer included as a Premium plan benefit, you may need to contact Chubb directly for any event cancellations that occurred before the cut-off date. For future coverage, Ultra trip and event cancellation protection is now provided exclusively by Qover and Wakam.","My supplier won’t let me cancel my trip/event. Am I covered with Ultra trip and event cancellation protection?,Claiming after Premium travel insurance removal,Who provides Ultra trip and event cancellation protection?,Am I covered by Ultra trip cancellation protection if I need to cancel a flight while abroad?",4
boutique_hotel_host_female_41,plans_billing_1,poor_internet_connection,my revolut app keeps getting stuck or timing out when trying to check trip cancellation protection details. how do i claim coverage if the connection keeps dropping?,"I'm sorry, but I don't have the information to provide a specific answer to your query about connection issues when accessing trip cancellation protection details.","How do I make a cancel for any reason protection claim?,How do I make a protection insurance claim?,Getting an update on an everyday protection claim,What are the limits of cover and deductibles?",4
boutique_hotel_host_female_41,plans_billing_1,vague_first_message,did my protection for event cancellations stop because of some change in my plan,"I'm sorry, I don't have the specific information on whether your protection for event cancellations stopped due to a change in your plan.","My supplier won’t let me cancel my trip/event. Am I covered with Ultra trip and event cancellation protection?,Am I covered for trips or events that I didn't purchase with my Revolut account with Ultra trip and event cancellation protection?,Am I covered by Ultra trip cancellation protection if I need to cancel a flight while abroad?,What is an event?",4
boutique_hotel_host_female_41,family_joint_1,empty,How can I use Revolut to help manage or save for my kids' future expenses?,"You can use Revolut Kids & Teens Save to introduce children to saving and create custom compartments for savings. Additionally, you can set monthly spending limits, receive notifications, and freeze the Kids & Teens card to control their spending.","Revolut Kids & Teens Save,Revolut – Kids & Teens card management,Kids & Teens Instant Access Savings,Open a Revolut – Kids & Teens account",4
boutique_hotel_host_female_41,family_joint_1,calm_at_home,I'm interested in setting up savings for my kids through the app. Can you explain how payments between my account and theirs work with Revolut Kids?,"To set up savings for your kids through the Revolut app, you can use the Kids & Teens Save feature. Payments between your account and your child's Kids & Teens account work by adding funds to their account through Pockets. Your child can then use these funds for payments within the Revolut ecosystem. (Reference: Revolut Kids & Teens Save)","Revolut Kids & Teens Save,Revolut – Kids & Teens payments,Kids & Teens Instant Access Savings,Open a Revolut – Kids & Teens account",4
boutique_hotel_host_female_41,family_joint_1,panic_security_fear,my kid made a payment with their Revolut card i didn’t approve please help this is an emergency what can i do now,"Report the fraudulent transaction and you can replace your card. To report the unauthorised payment, you can follow these steps from your Revolut app:
- Go to 'Home' on the bottom menu
- Go to transactions","My card was stolen. What should I do?,Report a fraudulent transfer,Revolut – Kids & Teens card management,My card has been used fraudulently",4
boutique_hotel_host_female_41,family_joint_1,angry_after_waiting,WHY can't my kid access their savings? Tried everything. Revolut support has been NO help. Fix this NOW!,"To address the issue of your child not being able to access their savings in the Kids & Teens Instant Access Savings account, you can try the following steps: 
- Go to 'Home' on the bottom menu
- Below your balance, tap 'Accounts'
- Scroll down and select ‘Kids & Teens account’

If the issue persists, you may need to contact Revolut Support for further assistance.","Kids & Teens Instant Access Savings,Managing a Revolut – Kids & Teens account,Revolut – Kids & Teens card management,Open a Revolut – Kids & Teens account",4
boutique_hotel_host_female_41,family_joint_1,confused_by_app_updates,"I'm trying to set up something for my child, like savings or payments, but I'm not sure which option to pick in the Revolut app. Where should I look?","To set up savings for your child, open a Kids account in the Revolut app. Follow these steps: 
- Go to 'Home' on the bottom menu
- Below your balance, tap Accounts
- Tap 'Add new'
- Select 'Kids'
- Enter your child’s details and follow the prompts
You can then use the Kids & Teens Save feature to introduce saving to your child.","Add money to your savings account,Revolut Kids & Teens Save,Open a Revolut – Kids & Teens account,Revolut – Kids & Teens card management",4
boutique_hotel_host_female_41,family_joint_1,rushing_with_typos,do kids cards block certain payments my kid cant buy things at the app store help pls,Please check the 'Revolut - Kids & Teens payments' article to learn about what Kids & Teens accounts can and cannot do regarding payments.,"Revolut – Kids & Teens cards,Revolut – Kids & Teens card management,Why your card top-ups may be blocked,Revolut – Kids & Teens payments",4
boutique_hotel_host_female_41,family_joint_1,on_the_go_direct,"can't add funds to my kid's account, urgent, fix it now","To add funds to your kid's account, follow these steps:
- Go to 'Home' on the bottom menu
- Below your balance, tap Accounts
- Select their ‘Kids & Teens account’
- Choose 'Add money', enter the amount, and tap 'Add money'","Kids & Teens Instant Access Savings,Add money to or withdraw from Revolut Kids & Teens account,Managing a Revolut – Kids & Teens account,Revolut – Kids & Teens card management",4
boutique_hotel_host_female_41,family_joint_1,voice_transcription,"hey so how do i like set savings goals for my kid's account in the app, um i want them to like save up for something specific but not sure how to do it","To set savings goals for your kid's account, you can use the Pockets feature in the app. You can create custom savings compartments for specific goals. Here's how you can create a Pocket for savings goals:
- Go to 'Home' on the bottom menu
- Below your balance, tap Accounts
- Select 'Add new' and choose 'Pockets'
- Choose your Pocket type and follow the instructions

For more details, please refer to the ""Getting started with Pockets"" article.","Kids & Teens Instant Access Savings,Revolut Kids & Teens Save,Revolut – Kids & Teens Earn,Getting started with Pockets",4
boutique_hotel_host_female_41,family_joint_1,poor_internet_connection,"trying to set up savings for my kid but connection keeps dropping, upload fails. will this process finish despite errors or do i need stable connection?","You need a stable connection to set up savings for your kid using Revolut Kids & Teens Save. Without a secure internet connection, the process might not finish successfully.","Kids & Teens Instant Access Savings,I'm having trouble using my Revolut Terminal,Insufficient funds for scheduled transfer,Revolut Kids & Teens Save",4
boutique_hotel_host_female_41,family_joint_1,vague_first_message,set up something for my kid to save his money on revolut but can't find where to check his savings,"To check your kid's savings on Revolut, you need to access their Kids & Teens Instant Access Savings account. Here's how:
1. Access the Kids & Teens account in the main Revolut app.
2. Locate the Pockets section designed for savings compartments.
3. Check the details and balance of the savings in the Pockets section.","Kids & Teens Instant Access Savings,Revolut Kids & Teens Save,Add money to your savings account,Open a Revolut – Kids & Teens account",4
boutique_hotel_host_female_41,fx_exchange_1,empty,Can you explain how the currency conversion at checkout works when using Revolut Pay?,"When using Revolut Pay for online payments, your balance will automatically be converted to the currency you're paying in. This ensures you can make purchases without needing to exchange currency beforehand.","What is Revolut Pay?,What currency will I be charged in?,What exchange rates does Revolut offer?,How does converting cryptocurrency to fiat currency work?",4
boutique_hotel_host_female_41,fx_exchange_1,calm_at_home,"I would like to understand how Revolut's currency conversion works, especially when using the Pay checkout feature. Are there specific rates or fees applied compared to local bank rates?","To understand how Revolut's currency conversion works when using the Pay checkout feature and any associated rates or fees compared to local bank rates, you can refer to the article titled ""What exchange rates does Revolut offer?"" on the Revolut support website.","What exchange rates does Revolut offer?,Bank transfer fees,Tips for spending in a foreign currency,What are Revolut's trading fees?",4
boutique_hotel_host_female_41,fx_exchange_1,panic_security_fear,"emergency! charged in another currency, not clear on rates, could it be fraud? please help now","Please follow these steps immediately:
1. Stop communication with the scammer.
2. Freeze your card in the Revolut app by tapping the card icon.

If you suspect you've fallen victim to fraud, you should contact Revolut support as soon as possible.","Strange small charges on your card?,Report a fraudulent transfer,Why was I charged more than I was shown?,Urgent text from a kid or friend?",4
boutique_hotel_host_female_41,fx_exchange_1,angry_after_waiting,Why am I charged in my home currency instead of local currency? Revolut rates supposed to apply! FIX THIS NOW!,"To understand why you may have been charged in your home currency instead of the local currency, please review the article about how Revolut determines the currency you will be charged in. You can find more information here: https://www.revolut.com/help/exploring-revolut/spending/currency-conversion/how-revolut-determines-the-currency-youll-be-charged-in","What exchange rates does Revolut offer?,What currency will I be charged in?,Why was I charged more than I was shown?,Tips for spending in a foreign currency",4
boutique_hotel_host_female_41,fx_exchange_1,confused_by_app_updates,I’m trying to understand how currency conversion works on my account. Is there a specific rate or option I should be looking at? I'm not sure about this DCC thing.,"To ensure you get the best currency conversion rate, you should always opt for local currency when making transactions. Avoid selecting Dynamic Currency Conversion (DCC) as it may lead to additional charges.","What is Dynamic Currency Conversion (DCC)?,Calculation of crypto tiered pricing,Fees for card payments in a foreign currency,Currency exchange fees and limits",4
boutique_hotel_host_female_41,fx_exchange_1,rushing_with_typos,"exchange rate seems off on card transaction in USD, is currency conversion automatic can i fix it","To ensure the best exchange rate, you should always choose to be charged in the local currency. If your card transaction exchange rate seems off, you may want to ensure you are charged in the local currency.","What is Dynamic Currency Conversion (DCC)?,Fees for card payments in a foreign currency,Transfer I sent arrived in a different currency ,Why are my statement balance and in-app balance different?",4
boutique_hotel_host_female_41,fx_exchange_1,on_the_go_direct,Why is my payment in local currency when I choose EUR?,"Revolut determines the currency you'll be charged based on the currency you're paying in. If you choose EUR but are still being charged in the local currency, it might be due to the merchant's settings or the payment method used.","Learn about my rights when making payments in Europe,I was charged extra by my bank for a Ramp payment. Why?,What currency will I be charged in?,Tips for spending in a foreign currency",4
boutique_hotel_host_female_41,fx_exchange_1,voice_transcription,uh hey so i made a payment using my revolut card and it seemed like the amount was higher than expected um is this because of some currency thing or like the rate was different than usual,"If you made a payment using your Revolut card and the amount was higher than expected, it could be due to currency conversion fees charged by your bank. Revolut ensures transparent communication of charges and exchange rates during transactions.","Why was I charged more than I was shown?,Why did I receive less crypto than I paid for?,Why are my statement balance and in-app balance different?,I was charged extra by my bank for a Ramp payment. Why?",4
boutique_hotel_host_female_41,fx_exchange_1,poor_internet_connection,"why isn't the currency conversion loading, app keeps timing out, will my exchange rate apply automatically despite connection issues?","Please ensure that you have a stable internet connection when attempting to view currency exchange rates or make currency conversions in the Revolut app. As long as the exchange is not finalized during a timeout, the rate will not be locked in.","What exchange rates does Revolut offer?,Currency exchange orders,What is Dynamic Currency Conversion (DCC)?,Currency exchange fees and limits",4
boutique_hotel_host_female_41,fx_exchange_1,vague_first_message,"why did my payment switch currencies at checkout, charged more than expected","I don't know, please contact our customer support for further assistance.","I was charged extra by my bank for a Ramp payment. Why?,Why was I charged more than I was shown?,Why did my payment amount change?,What is Dynamic Currency Conversion (DCC)?",4
boutique_hotel_host_female_41,fraud_security_1,empty,"I noticed my card was used for a withdrawal I didn't authorize, what should I do next?","Go to 'Home' on the bottom menu in your Revolut app, tap the card icon in the top-right corner, select the card you want to freeze, and tap 'Freeze'. Then report the fraudulent transaction as per the steps in the ""Report a fraudulent ATM withdrawal"" article.","My card has been used fraudulently,Report a fraudulent ATM withdrawal,My card has been swallowed by an ATM,I want to cancel my transfer to a card",4
boutique_hotel_host_female_41,fraud_security_1,calm_at_home,I noticed a transaction showing an ATM withdrawal that I didn’t make. Could you guide me on how to report this as fraudulent?,"To report a fraudulent ATM withdrawal:
- Go to 'Home' on the bottom menu
- Tap the card icon in the top-right corner
- Select the card you want to freeze, and tap 'Freeze'
- Go to transactions and locate the fraudulent ATM withdrawal transaction
- Report the transaction as fraudulent.","Report a fraudulent ATM withdrawal,Report a fraudulent transfer,Report a card payment as a scam or fraud,My card has been used fraudulently",4
boutique_hotel_host_female_41,fraud_security_1,panic_security_fear,"urgent! my card was used and money withdrawn from an atm today, but i didn't do it, please help now","If your card was used fraudulently at an ATM today, first freeze your card to prevent further unauthorized transactions. Then, report the fraudulent ATM withdrawal from your Revolut app by following the steps provided in the article ""Report a fraudulent ATM withdrawal.""","My card has been swallowed by an ATM,My card has been used fraudulently,Report a fraudulent ATM withdrawal,My card was stolen. What should I do?",4
boutique_hotel_host_female_41,fraud_security_1,angry_after_waiting,My card charged for something I NEVER authorized. Tried fixing. NO RESPONSE. WHEN will you do something about this?,"To report a fraudulent transaction made with your stolen card, follow the steps below:
- Go to 'Home' on the bottom menu
- Go to transactionshttps://app.revolut.com/transactions
If you've already done this and received no response, you can contact the merchant directly as a next step.","My card has been used fraudulently,Dispute a card payment,Report a card payment as a scam or fraud,My card payment was declined by the security system",4
boutique_hotel_host_female_41,fraud_security_1,confused_by_app_updates,"i noticed a transaction from an atm withdrawal that i don’t recall making, can you tell me what steps to take or where to check it?","If you noticed an ATM withdrawal you don't recognize, the steps to take are to freeze your card in the app and report the fraudulent transaction. You can do this by following these steps:
1. Go to 'Home' on the bottom menu
2. Tap the card icon in the top-right corner
3. Select the card you want to freeze and tap 'Freeze'
After freezing your card, report the fraudulent transaction.","Report a fraudulent ATM withdrawal,My card has been swallowed by an ATM,Why was my ATM withdrawal declined?,Why is my ATM withdrawal pending?",4
boutique_hotel_host_female_41,fraud_security_1,rushing_with_typos,card used without my permision for a payment i didnt make need help asap,"To report a fraudulent transaction and get help, you need to report it in the app. Go to 'Home' on the bottom menu, then go to transactions. Select the unauthorized transaction and report it as fraudulent.","My card has been used fraudulently,Report a card payment as a scam or fraud,My card has been swallowed by an ATM,My card payment was declined by the security system",4
boutique_hotel_host_female_41,fraud_security_1,on_the_go_direct,"my card used fraudulently, transactions not mine, fix it now","To report fraudulent transactions on your card, follow these steps from the Revolut app:
- Go to 'Home' on the bottom menu
- Go to transactions: https://app.revolut.com/transactions
- Tap the unauthorized transactions and report them as fraudulent payments.","My card has been used fraudulently,Report a card payment as a scam or fraud,I want to cancel my transfer to a card,Report a fraudulent transfer",4
boutique_hotel_host_female_41,fraud_security_1,voice_transcription,uh like i just got a notification for a payment on my card but i didn't make it what do i do cause i'm worried about fraud and i have no clue if someone got my details or what,"If you received a payment notification you didn't make, it's important to report it as a fraudulent transaction. To do this, follow these steps:
- Go to 'Home' on the bottom menu
- Go to transactionshttps://app.revolut.com/transactions","My card has been used fraudulently,Report a card payment as a scam or fraud,My card payment was declined by the security system,Strange small charges on your card?",4
boutique_hotel_host_female_41,fraud_security_1,poor_internet_connection,"i see a payment on my card i didn't authorize and app stuck at loading when i tried to report it, will it still process or should i retry?","If you see a payment on your card that you didn't authorize and the app is stuck at loading when you try to report it, you should retry reporting it. End all communication with the fraudster or scammer immediately. ","Report a card payment as a scam or fraud,My card payment was declined by the security system,My card payment is pending,My card payment was declined",4
boutique_hotel_host_female_41,fraud_security_1,vague_first_message,"saw a charge i didn't make, looks like my card was used somewhere else, can you help?","To report a charge you didn't make, follow these steps:
- Go to 'Home' on the bottom menu of your Revolut app
- Go to transactions and tap on the transaction to report it as fraudulent.","My card has been used fraudulently,Strange small charges on your card?,Report a fraudulent transfer,Report a card payment as a scam or fraud",4
boutique_hotel_host_female_41,business_merchant_1,empty,How can I troubleshoot if my Revolut Terminal isn't processing payments during checkout?,"To troubleshoot if your Revolut Terminal isn't processing payments during checkout, you can check the following:

1. Ensure you have an active Revolut Pro account and no pending requests.
2. Check that your terminal has a stable internet connection.
3. Verify that the customer has enough funds in their account or their card is not blocked.
4. Try accepting the payment using different methods supported by Revolut Terminal.

If the issue persists, you may need to contact Revolut support for further assistance.","Failed payments on the Revolut Terminal,I'm having trouble using my Revolut Terminal,Cards and contactless payments with Revolut Terminals,Cancel a transaction on the Revolut Terminal",4
boutique_hotel_host_female_41,business_merchant_1,calm_at_home,I'm having difficulty processing payments with my Revolut Terminal. Could you provide guidance on troubleshooting steps I can take to resolve this issue?,"For troubleshooting payment issues with your Revolut Terminal:
1. Check if you have an active Revolut Pro account.
2. Ensure your terminal has a stable internet connection.
3. Confirm that the customer has enough funds in their account or their card is not blocked.","I'm having trouble using my Revolut Terminal,Failed payments on the Revolut Terminal,Cards and contactless payments with Revolut Terminals,How do I log in to my Revolut Terminal?",4
boutique_hotel_host_female_41,business_merchant_1,panic_security_fear,"Revolut Terminal not working during client payment, urgent, might lose sale please help now!","Ensure you have an active Revolut Pro account and a stable internet connection on your terminal. If the payment still fails, follow the steps to cancel the transaction or process a refund as needed.","I'm having trouble using my Revolut Terminal,Failed payments on the Revolut Terminal,Cancel a transaction on the Revolut Terminal,Cards and contactless payments with Revolut Terminals",4
boutique_hotel_host_female_41,business_merchant_1,angry_after_waiting,"Why is my Revolut Terminal still not working? Tried everything! Losing sales, need this FIXED ASAP. Your delay is unacceptable. FURIOUS!","You might be experiencing issues with your Revolut Terminal due to a possible unstable internet connection or the lack of an active Revolut Pro account. Kindly check for any in-app requests related to your account status and ensure your terminal's internet connection is stable. If the issue persists, you can refer to the troubleshooting steps provided in the article ""I'm having trouble using my Revolut Terminal"" to resolve the problem promptly.","I'm having trouble using my Revolut Terminal,Failed payments on the Revolut Terminal,When will I receive my Revolut Terminal?,How do I log in to my Revolut Terminal?",4
boutique_hotel_host_female_41,business_merchant_1,confused_by_app_updates,i am trying to use my revolut terminal with the product catalogue but i don't see how to connect them or where to manage sales can you clarify what steps i need to follow,"To connect your Revolut Terminal to the product catalogue, you first need to ensure you have set up your catalogue in your Revolut Pro account. Go to 'Revolut Pro', 'Tools', then 'Products' to create your catalogue. This will allow you to manage sales when using your Revolut Terminal.","Sales using a Revolut Pro product catalogue,How do I log in to my Revolut Terminal?,How do I order a Revolut Terminal?,I'm having trouble using my Revolut Terminal",4
boutique_hotel_host_female_41,business_merchant_1,rushing_with_typos,trying to use Revolut Terminal for sales but it keeps failing can't process payments help pls,"You may be experiencing issues with your Revolut Terminal due to the following reasons:

1. Ensure you have an active Revolut Pro account and there are no pending requests in the app.
2. Check if the terminal's internet connection is stable for payment processing.

If you continue to face problems, please follow the steps outlined in the articles provided for further assistance.","I'm having trouble using my Revolut Terminal,Failed payments on the Revolut Terminal,Cards and contactless payments with Revolut Terminals,How do I log in to my Revolut Terminal?",4
boutique_hotel_host_female_41,business_merchant_1,on_the_go_direct,"Terminal not processing payments, need immediate fix, customers waiting.","If your terminal is not processing payments, first ensure you have an active Revolut Pro account. Check for any in-app requests and make sure you have a stable internet connection. If all settings are correct and the issue persists, follow the troubleshooting steps in the provided articles.","Failed payments on the Revolut Terminal,I'm having trouble using my Revolut Terminal,Failed payment on Tap to Pay on iPhone,Cancel a transaction on the Revolut Terminal",4
boutique_hotel_host_female_41,business_merchant_1,voice_transcription,um so i've been using the revolut terminal and sometimes it doesn't seem to process payments properly like it just stops and the transaction doesn't go through can you help me figure out why this happens thanks,"In case of payment failure on the Revolut terminal, transactions may fail due to reasons such as not having enough money in the account or the card being blocked. Double-check these factors to ensure successful payments.","Failed payments on the Revolut Terminal,I'm having trouble using my Revolut Terminal,Cards and contactless payments with Revolut Terminals,My card payment was declined",4
boutique_hotel_host_female_41,business_merchant_1,poor_internet_connection,"trying to upload new items in my pro product catalogue but everything is stuck at loading or fails to upload, will the action complete despite bad connection?","If you are experiencing issues uploading new items in your Pro product catalogue, it may be due to a bad internet connection. Without a stable connection, the action may fail to complete. Ensure you have a stable internet connection before attempting to upload items.","Pro account under review or payments not working,I'm having trouble using my Revolut Terminal,Sales using a Revolut Pro product catalogue,Difficulty adding money with an easy bank transfer",4
boutique_hotel_host_female_41,business_merchant_1,vague_first_message,why does the card reader not connect to my phone when i try to charge customers,"I'm sorry, I don't have the information to answer your question.","Failed payment on Tap to Pay on iPhone,My physical card isn't working,Failed payments on the Revolut Terminal,Why aren’t my contactless payments working?",4
boutique_hotel_host_female_41,other_2,empty,How can I set up a Direct Debit through my Pro account for recurring payments to vendors?,"To set up a Direct Debit through your Pro account for recurring payments to vendors, you need to provide your bank account details to the vendor you wish to set up the Direct Debit with. You can view your account details in your Revolut Pro Home Page under 'More' and 'Details'.","How to set up Direct Debits in Pro,Setting up a Direct Debit,Manage Direct Debits,Problem with a Direct Debit",4
boutique_hotel_host_female_41,other_2,calm_at_home,"I'm setting up a new Direct Debit for my client, but it's not processing as expected. Could you guide me on the steps to ensure it's correctly set up?","To ensure your Direct Debit is correctly set up, first, provide your bank account details to the provider. Then, ensure you have enough funds in the Direct Debit currency or other balances to cover the payment. You can view and manage your Direct Debits under the 'Payments' section in your Revolut Pro account.","Setting up a Direct Debit,How to set up Direct Debits in Pro,Problem with a Direct Debit,Manage Direct Debits",4
boutique_hotel_host_female_41,other_2,panic_security_fear,direct debit was supposed to come out today but it's not showing worried about losing my client please help now emergency,"We'll send you a notification 24 hours before the payment, so you'll have enough time to top-up your account to ensure the payment goes through. If necessary, you can also contact our support team for further assistance.","Problem with a Direct Debit,What if I don't have enough money in my bills Pocket?,Manage Direct Debits,My beneficiary has not received my card transfer",4
boutique_hotel_host_female_41,other_2,angry_after_waiting,Direct Debit FAILED again and no one has FIXED it. Frustrated! Why can't this be resolved? Need answers NOW!,"I'm sorry to hear about the issues you're facing with your Direct Debit. To address this, I recommend checking the available funds in your account to ensure they are sufficient for the payment. If you need further assistance, you can view your Direct Debits in the Payments section of your app to investigate any failed transactions or reach out to support for help.","Problem with a Direct Debit,Setting up a Direct Debit,Manage Direct Debits,My card deposit didn't work",4
boutique_hotel_host_female_41,other_2,confused_by_app_updates,I'm trying to set up a Direct Debit but the options and terms are confusing. Where exactly do I find the setup instructions in the app?,"To set up a Direct Debit, tap your profile icon in the app, then select 'Payments' on the bottom menu, and follow the steps given in the provided article ""Setting up a Direct Debit.""","Setting up a Direct Debit,How to set up Direct Debits in Pro,Manage Direct Debits,Problem with a Direct Debit",4
boutique_hotel_host_female_41,other_2,rushing_with_typos,direct debit not working setup on pro cant find option pls help fast need this sorted thx,"To set up a Direct Debit in Revolut Pro, go to your Pro Home Page, select 'More', then 'Details' to view your account details. If you're facing issues with a Direct Debit, make sure you have sufficient funds in the applicable currency. You can manage Direct Debits by going to 'Payments', tapping the calendar icon, and canceling any active Direct Debits as needed.","How to set up Direct Debits in Pro,Setting up a Direct Debit,Problem with a Direct Debit,Manage Direct Debits",4
boutique_hotel_host_female_41,other_2,on_the_go_direct,direct debit not processing for invoice payment today need fix now,"To address the issue with your direct debit not processing for the invoice payment today, please ensure you have sufficient funds in the Direct Debit currency or in other available currencies as per the article ""Insufficient funds for a Direct Debit"". If the problem persists, you can view and manage your Direct Debits by following the steps outlined in the article ""Manage Direct Debits"".","Problem with a Direct Debit,Manage Direct Debits,Setting up a Direct Debit,Delayed (offline) card payments",4
boutique_hotel_host_female_41,other_2,voice_transcription,hey so i set up a direct debit with revolut pro for my hosting bills but it didn't go through this month and now i'm worried clients might get upset any idea why this happened or how to fix it,"If your Direct Debit didn't go through for your hosting bills, it might be due to insufficient funds in your account. Revolut will check other currency balances if there aren't enough funds in the Direct Debit currency. Make sure to have enough balance in the currency required for the Direct Debit. You can check your account details and balances in the Revolut Pro app.","Problem with a Direct Debit,How to set up Direct Debits in Pro,Setting up a Direct Debit,Manage Direct Debits",4
boutique_hotel_host_female_41,other_2,poor_internet_connection,"trying to set up a direct debit but app keeps timing out or stuck at loading, will it eventually complete or do i need to retry on better connection?",You need to retry setting up the Direct Debit on a better connection.,"Problem with a Direct Debit,Setting up a Direct Debit,What if I don't have enough money in my bills Pocket?,I'm having trouble using my Revolut Terminal",4
boutique_hotel_host_female_41,other_2,vague_first_message,set up a payment thing to take money monthly but my bank says i did it wrong what now,"If your payment setup with your bank failed, you may try the following solutions:
- Check if you entered the correct details
- Verify if the 3DS authentication is set up correctly
- Ensure there are enough funds in the account
- Try setting up the payment again with a different method.","My Ramp payment failed. What should I do?,Setting up a Direct Debit,Setting a monthly spending limit,Pay for your missed plan payment",4
student_abroad_exchange_male_22,transfers_1,empty,Can I change my Revtag if it's already linked to multiple contacts for sending and receiving transfers?,"Yes, you can change your Revtag even if it's linked to multiple contacts for sending and receiving transfers. Follow these steps:
1. Tap your profile icon in the top-left corner of the app.
2. Select 'Account' and 'Personal details'.
3. Tap your Revtag to change it. 
Your previous Revtag will become inactive and can't be used by other customers.","Change my Revtag,Revtags,More help with sending money via a payment link,I want to cancel a bank transfer",4
student_abroad_exchange_male_22,transfers_1,calm_at_home,"I need to update my Revtag for transferring money to friends, but I'm not sure how to do that. Can you guide me through the process?","To update your Revtag for transferring money to friends, follow these steps:
1. Tap your profile icon in the top-left corner
2. Select 'Account' and then 'Personal details'
3. Tap your Revtag to change it. Previous Revtags will become inactive and new one can be used.","Revtags,Change my Revtag,More help with sending money via a payment link,Send or request money from other Revolut customers",4
student_abroad_exchange_male_22,transfers_1,panic_security_fear,"my Revtag suddenly changed, worried about unauthorized activity, is my account safe? please fix this now, urgent","To update your Revtag and ensure your account's security, follow these steps:
1. Tap your profile icon in the top-left corner
2. Select 'Account' and 'Personal details'
3. Tap your Revtag to change it

If you suspect unauthorized activity, you can report it following these steps:
1. Go to 'Home' on the bottom menu
2. Go to 'Transactions'

If you're concerned about the security of your account due to a lost or stolen device, use this link to report it: https://app.revolut.com/lost-device","Change my Revtag,Revtags,My card has been used fraudulently,Lost or stolen device",4
student_abroad_exchange_male_22,transfers_1,angry_after_waiting,"Why is my joint account transfer stuck? Tried customer service already, NO HELP. Fix this immediately! I need my money NOW.","I'm sorry, I don't have the specific information on why your joint account transfer is stuck. It's best to contact our Customer Support team through the in-app chat for urgent assistance.","Why is my transfer to a bank account still pending?,Revolut closed my joint account,What happens if my joint account balance goes negative?,I received a transfer from an unknown sender",4
student_abroad_exchange_male_22,transfers_1,confused_by_app_updates,"I'm trying to send money using a Revtag, but I don't see an option to use my joint account. Am I missing something or is there a different process for this?","To send money using your joint account via RevTag, you can follow the steps outlined for bank transfers in the ""Receiving bank transfers to your Joint account"" article. There is no specific option for using RevTag with a joint account.","Joint account transfers,Setting up a Joint account,Adding money to a Joint account,Joint account card payments",4
student_abroad_exchange_male_22,transfers_1,rushing_with_typos,hey can u tell me how to change my revtag i need a new one thx,"To change your Revtag, tap your profile icon in the top-left corner, select 'Account' and 'Personal details,' then tap your Revtag to change it. Remember that previous Revtag will become inactive.","Change my Revtag,Revtags,Change my name,Change my phone number",4
student_abroad_exchange_male_22,transfers_1,on_the_go_direct,how to change my Revtag for a quick transfer?,"To change your Revtag for a quick transfer, tap your profile icon in the top-left corner, select 'Account' and 'Personal details,' then tap your Revtag to change it. Your previous Revtag will become inactive, and you can switch back to an old Revtag at any time.","Change my Revtag,Revtags,Can I transfer my account from another broker?,Bring your number to Revolut mobile",4
student_abroad_exchange_male_22,transfers_1,voice_transcription,so i'm trying to send money with revtag to my friend yeah but like i can't find their name and um i might need to update my revtag or something how do i do that in the app,"To update your Revtag in the app, follow these steps:
1. Tap your profile icon in the top-left corner of the app.
2. Select 'Account' and 'Personal details.'
3. Tap your Revtag to change it.","Revtags,Change my Revtag,My friend added money, but I still didn’t get the reward,My transfer to or from someone on Revolut wasn't received",4
student_abroad_exchange_male_22,transfers_1,poor_internet_connection,"trying to change my revtag to transfer a bill split but the app gets stuck on loading then fails to upload, what should i do with bad internet?","If you are experiencing issues changing your Revtag due to bad internet, you can try to connect to a more stable internet connection and then follow these steps:

1. Tap your profile icon in the top-left corner
2. Select 'Account' and 'Personal details'
3. Tap your Revtag to change it

If the app still gets stuck on loading, you may need to address your internet connection to ensure the process can be completed successfully.","I'm having trouble using my Revolut Terminal,Managing a failed number transfer,Change my Revtag,My Ramp payment failed. What should I do?",4
student_abroad_exchange_male_22,transfers_1,vague_first_message,"my username tag thing changed without me doing it and now i can't send money, help?","I'm sorry, I don't have the information to answer your question.","I just made an exchange, but I can't find my money,I received a transfer from an unknown sender,More help with sending money via a payment link,Change my Revtag",4
student_abroad_exchange_male_22,family_joint_1,empty,How can I set up or manage a savings account for my younger sibling using Revolut Kids features?,"To set up a savings account for your younger sibling using Revolut Kids features, you can follow the steps outlined in the ""Open a Revolut – Kids & Teens account"" article. Once the account is created, you can manage it using the information provided in the ""Managing a Revolut – Kids & Teens account"" article.","Open a Revolut – Kids & Teens account,Kids & Teens Instant Access Savings,Revolut Kids & Teens Save,Managing a Revolut – Kids & Teens account",4
student_abroad_exchange_male_22,family_joint_1,calm_at_home,I'm thinking about setting up a savings plan for my younger sibling through Revolut. How can I manage their allowance using the app's features for kids and teens?,"To manage your younger sibling's allowance through Revolut Kids & Teens: 
1. Create a Kids & Teens account for them following the steps outlined in the ""Open a Revolut – Kids & Teens account"" article.
2. Add money to their account by following the instructions in the ""Add money to or withdraw from Revolut Kids & Teens account"" article.
3. Utilize the Pockets feature within their account to allocate and customize savings compartments.","Revolut Kids & Teens Save,Add money to or withdraw from Revolut Kids & Teens account,Kids & Teens Instant Access Savings,Open a Revolut – Kids & Teens account",4
student_abroad_exchange_male_22,family_joint_1,panic_security_fear,"my kid's account shows missing money, terrified it's fraud please help fix this now, what can we do?","If you suspect fraudulent activity on your kid's account, follow these steps to report a fraudulent transfer:

1. Stop all communication with the scammer.
2. Freeze the card in-app by tapping the card icon.
3. Report the fraudulent transfer by contacting Revolut customer support.","Urgent text from a kid or friend?,Report a fraudulent transfer,Kids & Teens Instant Access Savings,My card was stolen. What should I do?",4
student_abroad_exchange_male_22,family_joint_1,angry_after_waiting,"Why hasn't my teen's allowance been transferred yet? Tried contacting before, NO RESPONSE. This is unacceptable, fix it NOW.","I'm sorry to hear you're facing issues with your teen's allowance transfer. To better understand the delay and manage the situation effectively, you may want to ensure the correct details were used for the transfer, check for any additional processing checks, and review the transfer confirmation. If the issue persists, you can reach out to the recipient's bank with the transfer confirmation for further assistance.","Why is my transfer to a bank account still pending?,I sent a transfer to the wrong Revolut customer,My beneficiary has not received my card transfer,My transfer to or from someone on Revolut wasn't received",4
student_abroad_exchange_male_22,family_joint_1,confused_by_app_updates,i'm trying to use the app feature for kids but can't figure out how to transfer allowance or save for them can you clarify where i should look or what steps to follow,"To transfer allowance or save for your child in the Revolut Kids & Teens app, you can follow these steps:
- Go to 'Home' on the bottom menu
- Below your balance, tap Accounts
- Select their ‘Kids & Teens account’
- Choose 'Add money', enter the amount, and tap 'Add money'","Add money to or withdraw from Revolut Kids & Teens account,Revolut Kids & Teens Save,Revolut – Kids & Teens card management,Revolut Kids & Teens Payment Links",4
student_abroad_exchange_male_22,family_joint_1,rushing_with_typos,how do i set up savings for my little brother using kids account? cant figure it out thx,"To set up savings for your little brother using a Kids account:
1. Create a Kids account for your brother following the steps outlined in the article ""Open a Revolut – Kids & Teens account.""
2. Once the account is created, you can set up savings using the Revolut Kids & Teens Save feature with Pockets.","Kids & Teens Instant Access Savings,Revolut Kids & Teens Save,Open a Revolut – Kids & Teens account,Managing a Revolut – Kids & Teens account",4
student_abroad_exchange_male_22,family_joint_1,on_the_go_direct,"can't access my kid's account, need to transfer money now","To access your kid's account, go to 'Home' on the bottom menu, then tap 'Accounts' and select 'Kids & Teens account.' If you need to transfer money from the account, please contact Revolut Support through the in-app chat for assistance.","Managing a Revolut – Kids & Teens account,Kids & Teens Instant Access Savings,I received a transfer from an unknown sender,Graduation to the main app",4
student_abroad_exchange_male_22,family_joint_1,voice_transcription,hey so trying to set up that um like savings thing for my little sister and their app says something I don't really get is it the same way I do my regular transfers or is there a special step?,"To set up the savings account for your little sister, you can follow these steps:
1. Go to Payments on the bottom menu
2. Tap the calendar icon in the top-right corner
3. Tap 'New'
4. Choose 'Transfer'
5. Choose a past recipient or tap 'New'
6. Enter the amount and 'Continue'
7. Set the date and frequency

If you encounter any issues, you can refer to the official help articles for more guidance.","Kids & Teens Instant Access Savings,Revolut Kids & Teens Save,Schedule a transfer,Add money to your savings account",4
student_abroad_exchange_male_22,family_joint_1,poor_internet_connection,"Trying to save money for my sibling using Kids & Teens, but app keeps timing out and uploads fail. Will savings update despite errors?",I don't know.,"Kids & Teens Instant Access Savings,Revolut Kids & Teens Save,Revolut – Kids & Teens Earn,Savings Challenge",4
student_abroad_exchange_male_22,family_joint_1,vague_first_message,"transferred money to my kid's account but it's not showing up, how can I fix this?","In this situation, you can follow the steps outlined in the article ""My beneficiary has not received my card transfer"". Contact the recipient's bank with the transfer confirmation to inquire about the delay and when the funds will arrive.","I received a transfer from an unknown sender,My beneficiary has not received my card transfer,I sent a transfer to the wrong Revolut customer,Why is my transfer to a bank account still pending?",4
student_abroad_exchange_male_22,cards_atm_1,empty,Why can't I use my Revolut card to deposit money from my Ukrainian bank account?,"I am sorry, but I don't have the information you are looking for in the provided help articles.","Ukraine card top-up limits,Where can I use my Revolut card?,Can I transfer money to Ukraine?,How to add money with a card",4
student_abroad_exchange_male_22,cards_atm_1,calm_at_home,I've been trying to top up my card but it seems limited; is there a specific restriction I should be aware of while using my card in Ukraine?,"Changes in Visa rules on September 30, 2024 have impacted card top-up limits in Ukraine. Please see the article ""Ukraine card top-up limits"" for more information.","Ukraine card top-up limits,Can I transfer money to Ukraine?,Where can I use my Revolut card?,Card payment fees and limits",4
student_abroad_exchange_male_22,cards_atm_1,panic_security_fear,"card blocked when trying deposit, says restrictions apply and urgently need access now, afraid of fraud or issues, what to do?","Your card deposit may be blocked due to restrictions set by your issuing bank. To resolve this, you may need to contact your bank to lift the restriction. If you are worried about fraud, you can complete the in-app questionnaire by going to the home page of your Revolut app and tapping the relevant tile.","Why your card top-ups may be blocked,My card payment was declined by the security system,Problems with my card PIN,My card payment was declined",4
student_abroad_exchange_male_22,cards_atm_1,angry_after_waiting,"WHY is my card deposit RESTRICTED when trying to top-up? Tried support before, NO HELP. Fix this!","Your card deposit may be restricted due to a decline by your issuing bank or multiple failed attempts. The restriction can last up to 30 days. You can find more information on why card top-ups may be blocked in our article ""Why your card top-ups may be blocked.""","Why your card top-ups may be blocked,Why was my top-up reverted?,How to add money with a card,My card deposit didn't work",4
student_abroad_exchange_male_22,cards_atm_1,confused_by_app_updates,"I'm trying to deposit money from my card, but it says something about restrictions. What does this mean, and where can I see if there's a limit set for me?","To check if there are any restrictions or limits on your card deposits, you can refer to the ""Restricted card deposits"" article. This will provide information on why new restrictions are in place and how they may affect depositing money from your card.","Card payment fees and limits,Card deposit limits and fees,Restricted card deposits,Setting a monthly spending limit",4
student_abroad_exchange_male_22,cards_atm_1,rushing_with_typos,tryn to top-up card for p2p but limit probs in ukraine pls help thx,"To increase the limits, you can verify your identity on Revolut. You can do this easily in the app. Just tap More > Profile > Verify identity.","Ukraine card top-up limits,Can I transfer money to Ukraine?,Auto top-ups,Problems with my card PIN",4
student_abroad_exchange_male_22,cards_atm_1,on_the_go_direct,"can't top up card, says limit reached, boarding soon, help","To reset your card's top-up limit in the Revolut app, follow these steps:
- Go to 'Home' on the bottom menu
- Tap the cards icon in the top-right corner
- Select your card
- Tap 'Settings' and then tap 'Reset limit' ","Why your card top-ups may be blocked,Auto top-ups,Why aren’t my contactless payments working?,How to add money with a card",4
student_abroad_exchange_male_22,cards_atm_1,voice_transcription,hey so i'm trying to top up my card but like it won't let me add more funds and i'm wondering if there's like a limit or something i hit or if i'm not allowed to use certain cards now,Your card top-ups may be blocked due to your issuing bank declining a previous payment with the card or multiple unsuccessful attempts. This block can last up to 30 days. You may need to check with your bank or use a different card.,"Why your card top-ups may be blocked,How to add money with a card,My virtual card is not working,Problems with my card PIN",4
student_abroad_exchange_male_22,cards_atm_1,poor_internet_connection,"i tried topping up my account using my ukrainian card but app just keeps loading and times out, will funds still get added once connection improves or should i try again later","If you experience issues while topping up your account using your Ukrainian card and the app times out, it's recommended to check your connection and then try again later. The funds may not be added if the transaction did not go through successfully.","Auto top-ups,Ukraine card top-up limits,Why your card top-ups may be blocked,How to add money with a card",4
student_abroad_exchange_male_22,cards_atm_1,vague_first_message,why can't i add more money to my revolut card today it's not working like before,Your card top-ups may be blocked if your issuing bank has declined a previous payment or due to multiple unsuccessful attempts. This block can last for up to 30 days. You can check the status of your card payments in the app.,"How to add money with a card,Disruptions to adding money with Visa cards,Difficulty adding money with an easy bank transfer,Why your card top-ups may be blocked",4
student_abroad_exchange_male_22,savings_investments_1,empty,Do I have to pay tax on the interest earned from my Revolut savings?,"Revolut doesn't withhold any tax on your interest income earned. You have sole responsibility for the management of your legal obligations and tax affairs, including making any applicable filings and tax payments.","Tax on Savings,Earning interest with Savings,How to calculate interest on Savings accounts,Close my Savings account",4
student_abroad_exchange_male_22,savings_investments_1,calm_at_home,I'm interested in learning more about how taxes apply to the savings interest I earn through the app. Could you provide some detailed information on this?,Revolut doesn't withhold any tax on your interest income earned. You have sole responsibility for managing your legal obligations and tax affairs.,"Tax on Savings,Documents and statements for my Savings accounts,How to calculate interest on Savings accounts,Earning interest with Savings",4
student_abroad_exchange_male_22,savings_investments_1,panic_security_fear,I'm worried about my savings account; I need to know if there's a chance of losing my money or facing taxes. Please help immediately!,"Revolut doesn't withhold any tax on your interest income earned. You have sole responsibility for the management of your legal obligations and tax affairs. In exceptional circumstances, Revolut may need to close or restrict your Savings Account, for reasons outlined in their Terms and Conditions. If you have concerns about your account, you can contact Revolut support for assistance.","Tax on Savings,Why was my Savings Accounts restricted or closed?,How can I improve my financial health?,Feeling pressured or threatened?",4
student_abroad_exchange_male_22,savings_investments_1,angry_after_waiting,"Why is my savings interest delayed? Thought it was instant. Already contacted support, no help. FIX THIS NOW! Losing trust here.","I'm sorry to hear about the issue you're facing with your savings interest. The interest rate on your Savings account may change depending on your plan and external factors. Your trust is important, and we are here to assist you. Please review the articles provided for more details on the interest rate and account specifics.","Earning interest with Savings,Rate decrease on my Instant Access Savings,Kids & Teens Instant Access Savings,Why is my withdrawal pending?",4
student_abroad_exchange_male_22,savings_investments_1,confused_by_app_updates,"I'm trying to understand how your savings accounts promotions work, but I’m confused about where to see any tax implications or details in the app. Can you guide me?","I'm sorry, I don't know.","Documents and statements for my Savings accounts,Tax on Savings,How to calculate interest on Savings accounts,Kids & Teens Instant Access Savings",4
student_abroad_exchange_male_22,savings_investments_1,rushing_with_typos,how does the savings promo work do i need pay tax on earnings thx,"Revolut does not withhold any tax on savings interest income earned. You are solely responsible for managing your legal obligations and tax affairs, including any applicable tax payments.","Tax on Savings,Savings Challenge,Instant Access Savings promotion,Taxes on crypto",4
student_abroad_exchange_male_22,savings_investments_1,on_the_go_direct,"Can't find info on savings promo rates. Help now, please.","I'm sorry, I don't have the exact information on Savings promotional rates.","Rate decrease on my Instant Access Savings,Instant Access Savings promotion,Documents and statements for my Savings accounts,Earning interest with Savings",4
student_abroad_exchange_male_22,savings_investments_1,voice_transcription,uh so i heard something about like instant access savings and i was wondering if there’s like any special promo or um if there’s anything about taxes i should know about when i earn from it,"To learn about any special promotions for Instant Access Savings, you can refer to the ""Instant Access Savings promotion"" article. For information on taxes related to earning from savings accounts, please refer to the relevant tax authorities or financial advisors.","Instant Access Savings promotion,Kids & Teens Instant Access Savings,Rate decrease on my Instant Access Savings,Promotional cashback",4
student_abroad_exchange_male_22,savings_investments_1,poor_internet_connection,"my app keeps timing out when accessing instant savings, will my actions save if the connection drops, and do i need to worry about taxes on this?","If your app times out when accessing Instant Access Savings, your actions may not be saved automatically. To ensure your actions are saved, it's best to reconnect and check. Regarding taxes on this account, you may need to consult with a tax professional for guidance.","Kids & Teens Instant Access Savings,Delayed (offline) card payments,Documents and statements for my Savings accounts,How do regulatory limits affect my usage?",4
student_abroad_exchange_male_22,savings_investments_1,vague_first_message,do i need to worry about any taxes with this savings thingy or is it all done automatically,"Revolut doesn't withhold any tax on your interest income earned. You have sole responsibility for managing your tax affairs, making any applicable filings and tax payments, and complying with laws and regulations.","Tax on Savings,How to calculate interest on Savings accounts,Kids & Teens Instant Access Savings,Earning interest with Savings",4
student_abroad_exchange_male_22,plans_billing_1,empty,Who backs the trip cancellation protection included with my Ultra plan?,"We currently work exclusively with Qover to provide trip and cancellation insurance for all of our Ultra customers. Qover arranges and administers the policy for the insurer, Wakam.","My supplier won’t let me cancel my trip/event. Am I covered with Ultra trip and event cancellation protection?,Am I covered by Ultra trip cancellation protection if I need to cancel a flight while abroad?,Who provides Ultra trip and event cancellation protection?,Ultra trip & event cancellation with companion coverage",4
student_abroad_exchange_male_22,plans_billing_1,calm_at_home,Can you tell me who is responsible for handling trip cancellations under the Ultra plan or how to claim for events if I've downgraded my plan recently?,"I'm sorry, but I don't have the information to answer your question.","My supplier won’t let me cancel my trip/event. Am I covered with Ultra trip and event cancellation protection?,Am I covered by Ultra trip cancellation protection if I need to cancel a flight while abroad?,Who provides Ultra trip and event cancellation protection?,Am I covered for trips or events that I didn't purchase with my Revolut account with Ultra trip and event cancellation protection?",4
student_abroad_exchange_male_22,plans_billing_1,panic_security_fear,"urgent! ultra travel insurance help, need to know provider for trip issues, facing potential event cancelations. please reply now, worried about fraud exposure.","I am sorry, I don't know the correct answer to your query.","My supplier won’t let me cancel my trip/event. Am I covered with Ultra trip and event cancellation protection?,Who provides Ultra trip and event cancellation protection?,Am I covered by Ultra trip cancellation protection if I need to cancel a flight while abroad?,Ultra trip & event cancellation with companion coverage",4
student_abroad_exchange_male_22,plans_billing_1,angry_after_waiting,"Why isn't Ultra covering my trip cancellation? Premium insurance gone, Revolut just ignoring my claims. NEED ANSWERS NOW.",Please check if you canceled and submitted a claim no less than one day before the trip or event was due to start. Ensure you have proof of payment for the trip and the required documents when submitting your claim for Ultra trip and event cancellation protection.,"How do I make a cancel for any reason protection claim?,Will I get a full refund for my trip or event cancellation?,Am I covered for trips or events that I didn't purchase with my Revolut account with Ultra trip and event cancellation protection?,Documents needed for an Ultra trip and event cancellation protection claim",4
student_abroad_exchange_male_22,plans_billing_1,confused_by_app_updates,"I'm not sure where to look for the Ultra trip cancellation protection details in the app. Can you clarify who provides it? It's a bit unclear, sorry.",Ultra trip and event cancellation protection is provided by Qover and arranged by Wakam.,"Who provides Ultra trip and event cancellation protection?,My supplier won’t let me cancel my trip/event. Am I covered with Ultra trip and event cancellation protection?,Am I covered by Ultra trip cancellation protection if I need to cancel a flight while abroad?,What is an event?",4
student_abroad_exchange_male_22,plans_billing_1,rushing_with_typos,who do i contact for event cancellation protection with ultra plan? thx,"Contact the supplier directly to negotiate for a refund, credit, or reschedule option in case of cancellation, and then gather the necessary documents for submitting an Ultra trip and event cancellation protection claim, as outlined in the help articles provided.","My supplier won’t let me cancel my trip/event. Am I covered with Ultra trip and event cancellation protection?,Who provides Ultra trip and event cancellation protection?,Ultra trip & event cancellation with companion coverage,What is an event?",4
student_abroad_exchange_male_22,plans_billing_1,on_the_go_direct,"Ultra trip cancellation protection provider info needed, mid-checkout, urgent decision!","We currently work with Qover to provide Ultra trip and event cancellation protection for our customers. Qover arranges and administers the policy for the insurer, Wakam.","My supplier won’t let me cancel my trip/event. Am I covered with Ultra trip and event cancellation protection?,Am I covered by Ultra trip cancellation protection if I need to cancel a flight while abroad?,Ultra trip & event cancellation with companion coverage,Who provides Ultra trip and event cancellation protection?",4
student_abroad_exchange_male_22,plans_billing_1,voice_transcription,hey um just like confused about what happens if uh i need to cancel a trip but my premium insurance isn't active anymore who do i need to talk to about getting some sort of refund or whatever,"If your premium insurance is not active anymore and you need to cancel a trip, you may need to contact Revolut's customer support for assistance with getting a refund or discussing your options.","Cover for cancelled and interrupted trips,Am I covered by Ultra trip cancellation protection if I need to cancel a flight while abroad?,My supplier won’t let me cancel my trip/event. Am I covered with Ultra trip and event cancellation protection?,How do I make a cancel for any reason protection claim?",4
student_abroad_exchange_male_22,plans_billing_1,poor_internet_connection,I'm trying to look into trip cancellation protection info but it keeps timing out or stuck on load. Does the service still work if the connection drops?,I don't know.,"My supplier won’t let me cancel my trip/event. Am I covered with Ultra trip and event cancellation protection?,Am I covered by Ultra trip cancellation protection if I need to cancel a flight while abroad?,Who provides Ultra trip and event cancellation protection?,Cover for cancelled and interrupted trips",4
student_abroad_exchange_male_22,plans_billing_1,vague_first_message,"i had premium but now no insurance how to get my claim, what's the next step","If your claim is for an event that occurred before the removal of travel insurance from the Premium plan, you can contact Chubb directly. Would you like the contact details for Chubb?","Claiming after Premium travel insurance removal,How to make a Pet Insurance claim,How do I get an update on my existing claim?,How do I make a protection insurance claim?",4
student_abroad_exchange_male_22,business_merchant_1,empty,How can I resolve an issue with my terminal not processing payments properly?,"You can resolve issues with your terminal not processing payments properly by ensuring you have enough money in your account, checking if your card is blocked, ensuring you have an active Revolut Pro account, and verifying your terminal's stable internet connection.","Failed payments on the Revolut Terminal,I'm having trouble using my Revolut Terminal,Cards and contactless payments with Revolut Terminals,Failed payment on Tap to Pay on iPhone",4
student_abroad_exchange_male_22,business_merchant_1,calm_at_home,"I'm trying to set up a business transaction using my product catalogue in the Revolut app, but some sales aren't registering properly. What could be causing this issue?",The sales not registering properly could be due to insufficient funds in the customer's account or a card issue. Check the customer's account balance and card status to resolve the problem.,"Sales using a Revolut Pro product catalogue,Problem with a Direct Debit,Failed payment on Tap to Pay on iPhone,Failed payments on the Revolut Terminal",4
student_abroad_exchange_male_22,business_merchant_1,panic_security_fear,"payment not showing from customer using Revolut Terminal, feels like money missing, please help fix now, emergency!","I'm sorry, but I'm unable to answer this question with the provided information.","Failed payments on the Revolut Terminal,Cancel a transaction on the Revolut Terminal,I'm having trouble using my Revolut Terminal,I sent a transfer to the wrong Revolut customer",4
student_abroad_exchange_male_22,business_merchant_1,angry_after_waiting,"Revolut Terminal is failing during sales, clients frustrated, why isn't this fixed yet? I've reported before, need immediate resolution!","You might be experiencing trouble with your Revolut Terminal due to various reasons. It's important to ensure you have an active Revolut Pro account and a stable internet connection to resolve the issue. Additionally, you can follow the steps in the article on failed payments on the Revolut Terminal to understand possible reasons for transaction failures. If the problem persists, it's recommended to contact Revolut Support for further assistance.","I'm having trouble using my Revolut Terminal,Failed payments on the Revolut Terminal,How do I order a Revolut Terminal?,Cancel a transaction on the Revolut Terminal",4
student_abroad_exchange_male_22,business_merchant_1,confused_by_app_updates,"I'm trying to set up a product catalogue for my Revolut sales, but I can't find the right option in the app. Where should I look, and what am I missing?","To set up a product catalogue for your Revolut sales, you need to go to 'Revolut Pro', 'Tools', then 'Products' in your Revolut Pro payment account. If you don't have a Pro account, you can sign up following the steps in the app.","Sales using a Revolut Pro product catalogue,Where can I find my Revolut Pro account in-app?,I can't find my Vaults,Order a Revolut Pro card",4
student_abroad_exchange_male_22,business_merchant_1,rushing_with_typos,having issues with my revolut terminal during bill splits can't figure out why payments not processing fast pls help thx,Please ensure you have an active Revolut Pro account and a stable internet connection on your Revolut Terminal to process payments smoothly during bill splits.,"I'm having trouble using my Revolut Terminal,Failed payments on the Revolut Terminal,Cards and contactless payments with Revolut Terminals,How to split a bill with another Revolut customer",4
student_abroad_exchange_male_22,business_merchant_1,on_the_go_direct,"catalog items not appearing at checkout, losing sales, urgent fix needed","To ensure your catalogue items appear at checkout, confirm you have set up your catalogue in your Revolut Pro payment account by going to 'Revolut Pro', 'Tools', then 'Products'. If the issue persists, consider the possibility of technical disruptions or restrictions on the merchant's side affecting the sales process.","Sales using a Revolut Pro product catalogue,Declined card payment isn't visible,Why is my card added to Click to Pay not shown at checkout?,Failed payments on the Revolut Terminal",4
student_abroad_exchange_male_22,business_merchant_1,voice_transcription,um i’m trying to manage like my sales with the catalogue on my revolut pro but the items aren’t showing properly when my friends try to see them like is there a setting i’m missing or something,"To manage your catalogue sales on Revolut Pro, ensure you have set up your catalogue correctly following these steps: Go to 'Revolut Pro', 'Tools', then 'Products' to create catalogue sales. If items aren't showing properly, you may need to verify your setup in the products section.","Sales using a Revolut Pro product catalogue,I'm having trouble using my Revolut Terminal,How to set up Direct Debits in Pro,Manage Direct Debits",4
student_abroad_exchange_male_22,business_merchant_1,poor_internet_connection,"Having issues with Revolut Terminal, keeps getting stuck at loading or says connection timed out. Will my sales go through if I retry later?","If your Revolut Terminal is getting stuck at loading or says connection timed out, your sales may not go through until the issue is resolved. Check for an active Revolut Pro account, stable internet connection, and follow the steps to connect your terminal.","I'm having trouble using my Revolut Terminal,Failed payments on the Revolut Terminal,How do I log in to my Revolut Terminal?,When will I receive my Revolut Terminal?",4
student_abroad_exchange_male_22,business_merchant_1,vague_first_message,"my money is showing wrong after using that thing for sales, not sure what happened can you help?",I don't know.,"I sent crypto to an incorrect wallet address. What can I do?,Why are my statement balance and in-app balance different?,I received a transfer from an unknown sender,I just made an exchange, but I can't find my money",4
student_abroad_exchange_male_22,travel_benefits_1,empty,Does the travel insurance cover regions currently affected by conflict for my upcoming trip?,Your travel insurance does not cover any claims caused by a war or act of war in regions experiencing conflict.,"Travel insurance for areas affected by conflict,Cover for delayed trips,Cover for cancelled and interrupted trips,Travel insurance coverage",4
student_abroad_exchange_male_22,travel_benefits_1,calm_at_home,I'm planning a trip and wonder if my travel insurance will cover destinations currently experiencing conflict. Can you provide details about coverage in such areas?,"Your travel insurance doesn't cover any claims caused by a war or act of war, whether or not one has been declared.","Travel insurance for areas affected by conflict,Cover for cancelled and interrupted trips,Cover for delayed trips,Travel insurance coverage",4
student_abroad_exchange_male_22,travel_benefits_1,panic_security_fear,"Is my travel insurance still valid if i'm going to a place that's suddenly unsafe? Emergency trip soon, please help!","If you're traveling to a region experiencing conflict, your travel insurance may not cover claims caused by war or acts of war. It's important to be aware of this limitation.","Travel insurance for areas affected by conflict,Getting started with travel insurance,Cover for medical expenses abroad,Cover for delayed trips",4
student_abroad_exchange_male_22,travel_benefits_1,angry_after_waiting,"Why isn't my travel insurance covering places with conflict? Need this resolved NOW, unacceptable delay!","Your travel insurance doesn't cover any claims caused by a war or act of war, whether or not one has been declared. If there are concerns regarding your specific policy coverage, please reach out to the insurance provider directly for assistance.","Travel insurance for areas affected by conflict,Cover for delayed trips,Cover for damaged, lost, or delayed baggage,How do I get an update on my existing claim?",4
student_abroad_exchange_male_22,travel_benefits_1,confused_by_app_updates,"I'm planning a trip soon, and I'm worried about insurance in conflict zones. Where can I find details on what's actually covered in those areas?","If you're looking for information on what's covered in conflict zones, you should refer to the article ""Travel insurance for areas affected by conflict.""","Travel insurance for areas affected by conflict,Travel insurance coverage,Cover for cancelled and interrupted trips,Cover for sports and activities",4
student_abroad_exchange_male_22,travel_benefits_1,rushing_with_typos,heading to a country with conflict is insurance still coverd need to know quickly pls,Your travel insurance policy does not cover claims caused by war or acts of war in conflict areas.,"Travel insurance for areas affected by conflict,Cover for delayed trips,Getting started with travel insurance,Cover for sports and activities",4
student_abroad_exchange_male_22,travel_benefits_1,on_the_go_direct,Is insurance valid if conflict suddenly occurs where I'm traveling?,"Your travel insurance doesn't cover any claims caused by a war or act of war, whether or not one has been declared.","Travel insurance for areas affected by conflict,Does moving home affect Ultra trip and event coverage?,Does moving home impact my travel insurance?,Cover for delayed trips",4
student_abroad_exchange_male_22,travel_benefits_1,voice_transcription,uh i'm planning to travel soon but i heard there's like a conflict going on in the area i'm visiting does my travel insurance still cover me if things get worse or something,"Your travel insurance doesn't cover any claims caused by a war or act of war, whether or not one has been declared.","Travel insurance for areas affected by conflict,Travel insurance coverage,Cover for cancelled and interrupted trips,Cover for delayed trips",4
student_abroad_exchange_male_22,travel_benefits_1,poor_internet_connection,"I'm traveling soon, but info on my travel insurance won't load. Will it cover areas with conflict if I keep trying despite connection issues?",I don't know.,"Travel insurance for areas affected by conflict,Cover for delayed trips,Travel insurance coverage,Does moving home impact my travel insurance?",4
student_abroad_exchange_male_22,travel_benefits_1,vague_first_message,Is my travel insurance still okay if there's trouble in the area I'm visiting?,Your travel insurance may not cover claims caused by a war or act of war in the area you are visiting.,"Travel insurance for areas affected by conflict,Does moving home impact my travel insurance?,Travel insurance coverage,Does moving home affect Ultra trip and event coverage?",4
student_abroad_exchange_male_22,fx_exchange_1,empty,"Can you explain how currency conversion works when I use my Revolut card abroad, and will I get the best exchange rates?","You can view Revolut's currency exchange rates on their website. Revolut automatically converts your balance to the currency you're paying in, and you can exchange money using the steps provided in the article.","What exchange rates does Revolut offer?,Tips for spending in a foreign currency,What currency will I be charged in?,How do I exchange money?",4
student_abroad_exchange_male_22,fx_exchange_1,calm_at_home,"I'm trying to understand how the currency exchange works on my Revolut app. How are exchange rates determined, and is there something I should know about opting for different currency conversion methods?","Revolut offers competitive rates based on data from multiple sources. You can view current exchange rates on the Revolut website. To exchange money, follow the steps outlined in the ""How do I exchange money"" article. Revolut also allows setting up limit and stop orders for automatic currency exchange.","What exchange rates does Revolut offer?,How do I exchange money?,Currency exchange orders,Tips for spending in a foreign currency",4
student_abroad_exchange_male_22,fx_exchange_1,panic_security_fear,"emergency pls help, bought in euros but see extra conversion charge, was DCC used or is it fraud?","Please refer to the article ""What is Dynamic Currency Conversion (DCC)?"" to understand if DCC was used in your transaction.","What is Dynamic Currency Conversion (DCC)?,I was charged extra by my bank for a Ramp payment. Why?,Why was I charged more than I was shown?,Strange small charges on your card?",4
student_abroad_exchange_male_22,fx_exchange_1,angry_after_waiting,"Why are FX rates different at checkout? Looked like a scam. FIX THIS. I’m sick of the runaround, need answers NOW.","Revolut offers competitive rates for currency exchange based on data from multiple sources. To check the exchange rate at checkout, view the current rates on our website.","Why was I charged more than I was shown?,What exchange rates does Revolut offer?,What is Dynamic Currency Conversion (DCC)?,Why are my statement balance and in-app balance different?",4
student_abroad_exchange_male_22,fx_exchange_1,confused_by_app_updates,"I'm trying to understand this currency conversion thing, but I'm unsure where to find the explanation in the app. Could you clarify what rates Revolut applies and where I can see them?","To understand the exchange rates Revolut applies and where to see them, you can view the current currency exchange rates on our website: https://www.revolut.com/currency-converter/?geo-redirect=true.","What exchange rates does Revolut offer?,Why was I charged more than I was shown?,Commodities prices, rates, and fees,Why are my statement balance and in-app balance different?",4
student_abroad_exchange_male_22,fx_exchange_1,rushing_with_typos,why did my rate change during the transaction when using different currency thx,"When using a different currency during a transaction, the rate may change due to Dynamic Currency Conversion (DCC). To ensure you get the best rate, you should choose to be charged in the local currency.","Transfer I sent arrived in a different currency ,Why was I charged more than I was shown?,Why are my statement balance and in-app balance different?,What is Dynamic Currency Conversion (DCC)?",4
student_abroad_exchange_male_22,fx_exchange_1,on_the_go_direct,"ATM asked to convert currency fee, is this a scam? Need details.",I don't know.,"What is Dynamic Currency Conversion (DCC)?,Fees for cash withdrawals,Report a fraudulent ATM withdrawal,Fees for card payments in a foreign currency",4
student_abroad_exchange_male_22,fx_exchange_1,voice_transcription,hi uhm why do i see different amounts when paying abroad with my card is that because of some conversion rate thing or maybe just a fee idk i thought my rate was supposed to be really good with revolut,You can view the current currency exchange rates on our website to understand the conversion rates applied when paying abroad with your Revolut card.,"What exchange rates does Revolut offer?,Why was I charged more than I was shown?,Why did my recipient receive less money?,Why are my statement balance and in-app balance different?",4
student_abroad_exchange_male_22,fx_exchange_1,poor_internet_connection,Trying to exchange currency but app keeps timing out. What happens to my rate if connection drops during the process?,"If your connection drops during a currency exchange process, the rate may expire, and the order may fail.","Currency exchange orders,Currency exchange fees and limits,What exchange rates does Revolut offer?,Why might my currency order fail or not execute?",4
student_abroad_exchange_male_22,fx_exchange_1,vague_first_message,why did i get charged more when i paid in euros instead of dollars what happened to my exchange rate,"Refer to the article ""I was charged extra by my bank for a Ramp payment. Why?"" for information on why you may have been charged more when paying in euros instead of dollars and what happened to your exchange rate.","Why was I charged more than I was shown?,I was charged extra by my bank for a Ramp payment. Why?,Why did I receive less money?,Why did I receive less crypto than I paid for?",4
student_abroad_exchange_male_22,transfers_2,empty,How long does it usually take for a Revtag transfer to go through?,"I'm sorry, I don't have the information on the usual processing time for a Revtag transfer.","Locate a bank transfer sent from Revolut,Why is my incoming transfer pending?,Why is my transfer to a bank account still pending?,Why is my card transfer still pending?",4
student_abroad_exchange_male_22,transfers_2,calm_at_home,Could you let me know how long it usually takes for a Revtag transfer to complete? I need to plan my expenses accurately.,"I'm sorry, but I don't have the information regarding the timeframes for Revtag transfers.","How to transfer funds to Revolut,Locate a bank transfer sent from Revolut,Timeframes for transfers,Why is my incoming transfer pending?",4
student_abroad_exchange_male_22,transfers_2,panic_security_fear,"sent transfer to my friend and it's taking too long, is it lost? please help now i’m really worried about fraud","If you sent a transfer to your friend and it's taking too long, don't worry, it may just be pending. While waiting, you can secure your account by following the steps in the article ""Report a fraudulent transfer"". If the transfer is still pending after following the steps, please refer to the article ""Why is my transfer to a bank account still pending?"" for possible reasons.","I received a transfer from an unknown sender,I want to cancel my transfer to a card,Report a fraudulent transfer,Why is my transfer to a bank account still pending?",4
student_abroad_exchange_male_22,transfers_2,angry_after_waiting,"TRANSFER STILL PENDING! Why is this taking so long? I need answers NOW, fees info was useless. Fix it!",I don't know.,"Why is my transfer to a bank account still pending?,Why is my incoming transfer pending?,Why is my card transfer still pending?,My transfer to another Revolut customer is pending",4
student_abroad_exchange_male_22,transfers_2,confused_by_app_updates,"I'm trying to send money to a friend, but I'm confused about how long it should take. The app mentions different times, but I’m not sure what applies to me. Can you clarify?","To clarify the timeframes for sending money to a friend:
- If it's a transfer to a card recipient, it may take a few hours, but can take up to 1 business day.
- If it's a local transfer to your friend's bank account, it can also vary based on the payment type as mentioned in the ""Timeframes for transfers"" article.
If you have concerns about the timing, you can check the status in the app.","Transferring funds to an external card,Timeframes for transfers,Why is my transfer to a bank account still pending?,Sending money from Revolut to a bank account",4
student_abroad_exchange_male_22,transfers_2,rushing_with_typos,sent money to friend via revtag yest still not in his accnt why so long thx,"My friend added money, but I still didn’t get the reward. Check if your friend has added money in a way that counts towards referrals. If not, it may not trigger the reward. Also, consider that the transfer might be pending due to additional processing checks or information required. You can check the status of the transfer by going to 'Help' and looking for 'Outbound transfer status'.","My friend added money, but I still didn’t get the reward,Locate a bank transfer sent from Revolut,Why is my transfer to a bank account still pending?,My beneficiary has not received my card transfer",4
student_abroad_exchange_male_22,transfers_2,on_the_go_direct,"transfer delayed, should've received money by now, any fees holding it up?",Why is my transfer to a bank account still pending?,"Why is my transfer to a bank account still pending?,Delayed (offline) card payments,Why is my incoming transfer pending?,Why is my card transfer still pending?",4
student_abroad_exchange_male_22,transfers_2,voice_transcription,hey just wondering like how long it usually takes for a transfer i sent to show up in my friend's account because it's been a bit longer than i expected and i'm just not sure if i did something wrong,"To inquire about the status of the transfer you sent to your friend, please follow the steps outlined in the ""Locate a bank transfer sent from Revolut"" article provided. Tap your profile icon, select 'Help,' and then select 'Outbound transfer status.' ","Why is my transfer to a bank account still pending?,Why is my incoming transfer pending?,Locate a bank transfer sent from Revolut,My beneficiary has not received my card transfer",4
student_abroad_exchange_male_22,transfers_2,poor_internet_connection,"Trying to transfer money but it's stuck at loading, keeps timing out. Will it still go through despite poor connection?","If your transfer is stuck at loading and times out, it's recommended to ensure a stable internet connection. If the transfer fails, you may need to retry when you have a better connection to avoid potential issues.","Why is my transfer to a bank account still pending?,Insufficient funds for scheduled transfer,Difficulty adding money with an easy bank transfer,Why is my incoming transfer pending?",4
student_abroad_exchange_male_22,transfers_2,vague_first_message,"sent money to a friend and it's not showing in her account, any idea why it takes so long?","You can check the status of the transfer by tapping your profile icon, selecting 'Help', and checking the Outbound transfer status.","Why is my transfer to a bank account still pending?,My beneficiary has not received my card transfer,My friend added money, but I still didn’t get the reward,Locate a bank transfer sent from Revolut",4
student_abroad_exchange_male_22,transfers_3,empty,How long does it typically take for a Revtag transfer to complete? I need to confirm timing for a payment.,I don't know.,"Locate a bank transfer sent from Revolut,Why is my incoming transfer pending?,Locate a bank transfer sent to my Revolut account,Timeframes for transfers",4
student_abroad_exchange_male_22,transfers_3,calm_at_home,"I'm curious about how long it typically takes for a bank transfer to go through, and whether there are any fees associated with these transfers?","Bank transfers to your Revolut account duration depends on the sending bank, while fees vary based on the transfer type. Local transfers in GBP to the UK are typically free, whereas international SEPA region transfers are also fee-free.","Why was my transfer sent via an intermediary bank?,How to transfer funds to Revolut,Bank transfer fees,Sending money from Revolut to a bank account",4
student_abroad_exchange_male_22,transfers_3,panic_security_fear,my transfer isn’t showing up yet panicking please help is it lost or delayed i need it now,"Refer to the article ""Why is my transfer to a bank account still pending?"" to understand why your transfer may be delayed. It could be due to additional processing checks, being sent on a weekend, or requiring additional information. To manage your anxiety about the transfer, you can try to get more information on when the funds will arrive by downloading the transfer confirmation and sharing it with the recipient's bank as explained in the article ""My beneficiary has not received my card transfer.""","Why is my transfer to a bank account still pending?,Why is my incoming transfer pending?,My beneficiary has not received my card transfer,Why is my card transfer still pending?",4
student_abroad_exchange_male_22,transfers_3,angry_after_waiting,"Why is my transfer taking so long? I need it NOW. This delay is unacceptable, fix this immediately!",A transfer can take extra time due to a variety of reasons such as additional processing checks or waiting for required information. You can find more information regarding transfer delays in the provided articles.,"Why is my incoming transfer pending?,Why is my transfer to a bank account still pending?,Why is my card transfer still pending?,My transfer to another Revolut customer is pending",4
student_abroad_exchange_male_22,transfers_3,confused_by_app_updates,"Um, trying to send money using Revtag but it says something about fees and I’m not sure why. Do transfers always cost, or am I missing a step here?",Please check the fees for the transfer by tapping on the transfer in your transaction history. Fees are always visible before sending and after the transfer is completed.,"Bank transfer fees,Send or request money from other Revolut customers,Sending money from Revolut to a bank account,Why did my recipient receive less money?",4
student_abroad_exchange_male_22,transfers_3,rushing_with_typos,transfer is taking long to arrive from my friend is there a reason for delay pls,"The transfer may be pending due to additional processing checks, required information from the sending bank, or regulatory requirements. To get an update on the transfer status, you can check the latest status in the app by following the steps in the ""Locate a bank transfer sent from Revolut"" article.","Why is my transfer to a bank account still pending?,Why is my incoming transfer pending?,Locate a bank transfer sent from Revolut,My beneficiary has not received my card transfer",4
student_abroad_exchange_male_22,transfers_3,on_the_go_direct,"transfer taking too long, need it processed before boarding, what's the hold-up?","I'm sorry, I don't know.","Why is my transfer to a bank account still pending?,Why is my incoming transfer pending?,Why is my card transfer still pending?,My transfer to another Revolut customer is pending",4
student_abroad_exchange_male_22,transfers_3,voice_transcription,uh so like i sent money to my friend using revtag and it's been like longer than usual does it take longer sometimes or maybe there's a fee or something that's delaying it cause usually it's faster,Why is my transfer to a bank account still pending?,"Why is my transfer to a bank account still pending?,Why did my recipient receive less money?,Locate a bank transfer sent from Revolut,Why is my incoming transfer pending?",4
student_abroad_exchange_male_22,transfers_3,poor_internet_connection,"I tried sending money to a friend, but the transfer is stuck at loading. Will it eventually go through if my connection is bad?","If your transfer is stuck at loading, it may be due to a poor connection or other issues. You can try troubleshooting your connection or checking for any error messages. If the issue persists, you may need to contact support for further assistance.","Why is my transfer to a bank account still pending?,Insufficient funds for scheduled transfer,Difficulty adding money with an easy bank transfer,Why is my incoming transfer pending?",4
student_abroad_exchange_male_22,transfers_3,vague_first_message,"sent money to a friend but it hasn't arrived yet, is it stuck or something?","To check the status of your transfer and get help, go to your profile icon, select 'Help,' and check the Outbound transfer status. It could be pending due to additional processing checks or required information from the recipient's bank.","Why is my transfer to a bank account still pending?,Locate a bank transfer sent from Revolut,Why is my incoming transfer pending?,My beneficiary has not received my card transfer",4
eu_freelancer_traveling_uae_male_29,cancel_recurring_subscription,empty,How can I cancel a recurring payment for a subscription from a merchant on my Revolut account?,"To cancel a recurring payment for a subscription from a merchant on your Revolut account, go to 'Payments' on the bottom menu, tap the calendar icon in the top right corner, select the subscription, and tap 'Cancel future payments.'","Manage subscription payments to merchants,Manage Direct Debits,Cancel a transaction on the Revolut Terminal,Dispute a card payment",4
eu_freelancer_traveling_uae_male_29,cancel_recurring_subscription,calm_at_home,Can you guide me on how to cancel a recurring subscription payment to a merchant through the app? I want to stop these automatic charges.,"To cancel a recurring subscription payment to a merchant through the app, follow these steps:

1. Go to 'Payments' on the bottom menu.
2. Tap the calendar icon in the top right corner.
3. Select the subscription you want to cancel and view its details.
4. If you don't see your subscription, you can mark a payment as a subscription manually instead.","Manage subscription payments to merchants,How do I block and unblock a merchant?,Manage Direct Debits,Dispute a card payment",4
eu_freelancer_traveling_uae_male_29,cancel_recurring_subscription,panic_security_fear,"urgent need to stop a recurring charge from my account, fear it's a fraud, how to cancel it immediately?","If you suspect a recurring charge is fraudulent, you can report a card transaction as fraudulent through the Revolut app. Here's how:

1. Tap the transaction in your transactions list.
2. Follow the steps outlined in the article ""Report a card payment as a scam or fraud.""","Report a card payment as a scam or fraud,I want to cancel my transfer to a card,Report a fraudulent transfer,How can I keep my account safe from fraud?",4
eu_freelancer_traveling_uae_male_29,cancel_recurring_subscription,angry_after_waiting,"CANCEL my subscription NOW. Tried before. Still charged. WHY is this so hard? Need action, not endless waiting!","To cancel your subscription, you can follow these steps:
1. Go to 'Payments' on the bottom menu in the app.
2. Tap the calendar icon in the top right corner.
3. Select the subscription you want to cancel.

If you're still having issues, you can mark a payment as a subscription manually.","Manage subscription payments to merchants,I want to cancel a bank transfer,Pay for your missed plan payment,Cancelling your old phone plan",4
eu_freelancer_traveling_uae_male_29,cancel_recurring_subscription,confused_by_app_updates,"i want to cancel a subscription but the app isn't clear on how to stop it monthly, where should i be looking, i see options but none for stopping it outright","To cancel a subscription, go to 'Payments' on the bottom menu, tap the calendar icon in the top right corner, and select the subscription you want to cancel. If you don't see your subscription, you can mark a payment as a subscription manually.","Manage subscription payments to merchants,How do I cancel my Pet Insurance policy?,Cancelling your scheduled plan downgrade,Manage Direct Debits",4
eu_freelancer_traveling_uae_male_29,cancel_recurring_subscription,rushing_with_typos,how cancel recurring charge from merchant i don’t use anymore pls stop it thx,"To cancel a recurring charge from a merchant you no longer use, you can view and manage subscriptions by following these steps:
1. Go to 'Payments' on the bottom menu in the Revolut app.
2. Tap the calendar icon in the top right corner.
3. Select the subscription you want to cancel and follow the steps outlined in the article ""Manage subscription payments to merchants.""","Manage subscription payments to merchants,How do I block and unblock a merchant?,Dispute a card payment,Manage Direct Debits",4
eu_freelancer_traveling_uae_male_29,cancel_recurring_subscription,on_the_go_direct,"stop recurring charge from a merchant now, don't need it anymore","To stop a recurring charge from a merchant, you can disable the subscription in the app. Here's how:

1. Go to 'Payments' on the bottom menu.
2. Tap the calendar icon in the top right corner.
3. Select the subscription you want to manage and disable it.
If you can't find the subscription, you can manually mark a payment as a subscription.","Manage subscription payments to merchants,Why has my card payment been reverted?,Purchase RevPoints in app,Why did my payment amount change?",4
eu_freelancer_traveling_uae_male_29,cancel_recurring_subscription,voice_transcription,um how do i cancel a subscription the app is still charging me every month from a merchant and i don't need it anymore but can't seem to find where to stop it like through the app,"To cancel a subscription in the app, follow these steps:
- Go to 'Payments' on the bottom menu
- Tap the calendar icon in the top right corner
- Select the subscription you want to cancel and manage it accordingly.","Manage subscription payments to merchants,Manage Direct Debits,How do I block and unblock a merchant?,Dispute a card payment",4
eu_freelancer_traveling_uae_male_29,cancel_recurring_subscription,poor_internet_connection,"trying to cancel a recurring subscription but app keeps getting stuck and won't load, not sure if cancellation will complete with poor connection, what can i do","You can try canceling the subscription by following these steps: 
- Go to 'Payments' on the bottom menu in the app
- Tap the calendar icon in the top right corner
- Select the subscription you want to cancel and proceed with the cancellation.

If the app keeps getting stuck due to a poor connection, you may want to improve your terminal's internet connection to complete the cancellation successfully.","I'm having trouble using my Revolut Terminal,Headway,Managing mobile plans and add-ons,Manage subscription payments to merchants",4
eu_freelancer_traveling_uae_male_29,cancel_recurring_subscription,vague_first_message,how can i stop a regular payment for an app subscription i don't need anymore,"To stop a regular payment for an app subscription you no longer need, you can view and manage your subscriptions by following these steps:
1. Go to 'Payments' on the bottom menu.
2. Tap the calendar icon in the top right corner.
3. Select the subscription you want to view its details.
If you don't see your subscription, you can mark a payment as a subscription manually instead.","Manage subscription payments to merchants,Pay for your missed plan payment,How can I remove my card from Click to Pay?,Cancelling your scheduled plan downgrade",4
migrant_worker_remittance_male_38,savings_investments_1,confused_by_app_updates,"I see Instant Access for savings in app, but not sure what it does. Will it change how taxes apply on my savings? Please help, I am confused.","Please refer to the Revolut help center article on ""Kids & Teens Instant Access Savings"" for information on how Instant Access Savings works and whether it affects taxes on your savings.","Kids & Teens Instant Access Savings,Rate decrease on my Instant Access Savings,Instant Access Savings promotion,How is interest calculated on tiered Instant Access Savings?",4
migrant_worker_remittance_male_38,transfers_2,confused_by_app_updates,I try send money to Morocco but not sure about fees and I don't see how long it takes. Where do I find this? Confused with IBAN fees too.,"To send money to Morocco through Revolut, you can check for the fees applying to international transfers and find the estimated time it will take for the transfer to reach your account. Additionally, you can verify the need for an IBAN number when transferring to Morocco.","Sending money from Revolut to a bank account,Bank transfer fees,How to transfer funds to Revolut,Why was my transfer sent via an intermediary bank?",4
cafe_owner_smb_female_52,savings_investments_1,confused_by_app_updates,"I try to use savings feature for my coffee shop taxes, but I don’t understand what 'instant access' means, and how it affects my VAT Tax Pockets?","You can use Instant Access Savings to save for your taxes. ""Instant Access Savings"" refers to an account where you can earn interest while having the flexibility to access your funds when needed. You can connect your Instant Access Savings account with your Tax Pockets to save for your coffee shop taxes.","Kids & Teens Instant Access Savings,How is interest calculated on tiered Instant Access Savings?,Getting started with Savings,What are Pro Pockets?",4
cafe_owner_smb_female_52,business_merchant_1,confused_by_app_updates,I'm having trouble finding where to see the daily sales with Tap to Pay on iPhone. Is it in the app? Can't find anything about product catalogue. Please help.,"The information about daily sales with Tap to Pay on iPhone and managing the product catalogue can be found in your Revolut Pro payment account. First, ensure you have set up your catalogue. Then, you can view the daily sales and manage your products within the Revolut Pro account.","Failed payment on Tap to Pay on iPhone,Using Tap to Pay on iPhone to take payments,Sales using a Revolut Pro product catalogue,Where can I pay with Apple Pay or Google Pay?",4
cross_border_commuter_female_37,plans_billing_1,confused_by_app_updates,I see something about Ultra trip protection but not sure who gives this. Is it in the app or somewhere else? Need help to understand.,"Who provides Ultra trip and event cancellation protection? We’re not an insurer, but we currently work exclusively with Qover to provide trip and cancellation insurance for all of our Ultra customers.","What is an event?,Who provides Ultra trip and event cancellation protection?,Am I covered for trips or events that I didn't purchase with my Revolut account with Ultra trip and event cancellation protection?,What is a trip?",4
crypto_web3_enthusiast_male_24,savings_investments_1,confused_by_app_updates,"I see Instant Access Savings but not sure about taxes or promotion details. Where do I find this info in the app? Confused about terms, not clear to me.","You can find information about taxes and promotion details for your Instant Access Savings account in the app under the 'Terms and Conditions' section. To access this information, please follow these steps: Go to 'Savings' > 'Account' > 'More' > 'Terms and Conditions'.","Instant Access Savings promotion,Kids & Teens Instant Access Savings,Documents and statements for my Savings accounts,Rate decrease on my Instant Access Savings",4
crypto_web3_enthusiast_male_24,plans_billing_1,angry_after_waiting,"Ultra plan promise event protection failed! Why no action? Trip lost. Tried contacting, no help! Fix this NOW!","Please contact the supplier directly to negotiate for a refund, credit, or reschedule option. Make sure to gather all necessary documents to support your claim. For more information, refer to the Ultra trip and event cancellation protection policy.","My supplier won’t let me cancel my trip/event. Am I covered with Ultra trip and event cancellation protection?,Ultra trip & event cancellation with companion coverage,Am I covered by Ultra trip cancellation protection if I need to cancel a flight while abroad?,What is an event?",4
crypto_web3_enthusiast_male_24,plans_billing_1,confused_by_app_updates,"i pay for ultra plan but don't see trip protection info in app who is giving this? looks like something missing or changed, i do not understand what happen with protection","Please refer to the article ""Who provides Ultra trip and event cancellation protection?"" for information on the provider of trip and event cancellation protection for Revolut Ultra customers.","Am I covered for trips or events that I didn't purchase with my Revolut account with Ultra trip and event cancellation protection?,My supplier won’t let me cancel my trip/event. Am I covered with Ultra trip and event cancellation protection?,Am I covered by Ultra trip cancellation protection if I need to cancel a flight while abroad?,Who provides Ultra trip and event cancellation protection?",4
crypto_web3_enthusiast_male_24,business_merchant_1,confused_by_app_updates,"I try using Revolut Terminal and it is not working for my sales. What is the right way to connect this to my crypto wallet? I'm confused with options, don't see what I expect.",I don't know.,"I'm having trouble using my Revolut Terminal,How do I log in to my Revolut Terminal?,How do I order a Revolut Terminal?,Trading Terminal",4
migrant_worker_remittance_male_38,fx_exchange_2,confused_by_app_updates,"I see currency conversion option, but I don't understand if it's good for my remittances to Morocco. What's the best rate and how do I avoid extra charges?","To ensure the best rate for remittances to Morocco and avoid extra charges, review your currency exchange allowance and feeshttps://www.revolut.com/en-LT/help/exploring-revolut/spending-and-sending-money/tips-for-spending-in-a-foreign-currency and check Revolut's competitive exchange rateshttps://www.revolut.com/en-LT/help/exploring-revolut/financial-planning/what-exchange-rates-does-revolut-offer.","Tips for spending in a foreign currency,What is Dynamic Currency Conversion (DCC)?,Bank transfer fees,What exchange rates does Revolut offer?",4
