persona,scenario,modifier,query
eu_freelancer_traveling_uae_male_29,fraud_unauthorised_atm_withdrawal,empty,"I see an ATM withdrawal on my account that I didn't make, how can I report this?"
eu_freelancer_traveling_uae_male_29,fraud_unauthorised_atm_withdrawal,calm_at_home,A suspicious ATM withdrawal appeared today that I did not make. Could you guide me on how to address and report this issue?
eu_freelancer_traveling_uae_male_29,fraud_unauthorised_atm_withdrawal,panic_security_fear,"urgent! atm cash withdrawal just appeared on my account but it's not me, need help now to fix this!"
eu_freelancer_traveling_uae_male_29,fraud_unauthorised_atm_withdrawal,angry_after_waiting,JUST SAW ATM withdrawal I DIDN'T MAKE! Need this fixed NOW. Why is this taking so long?
eu_freelancer_traveling_uae_male_29,fraud_unauthorised_atm_withdrawal,confused_by_app_updates,There's an ATM withdrawal on my account that I didn't make. What should I do to report this? I'm not sure where to find the option in the app.
eu_freelancer_traveling_uae_male_29,fraud_unauthorised_atm_withdrawal,rushing_with_typos,"atm cash taken but i didnt withdraw it, need to report urgent, what do i do pls"
eu_freelancer_traveling_uae_male_29,fraud_unauthorised_atm_withdrawal,on_the_go_direct,"unauthorized withdrawal from my account at atm today, act now"
eu_freelancer_traveling_uae_male_29,fraud_unauthorised_atm_withdrawal,voice_transcription,uh so there's an atm withdrawal on my account today and i definitely didn't make this transaction and i'm really worried can you help me with how to report it cause i need this sorted asap
eu_freelancer_traveling_uae_male_29,fraud_unauthorised_atm_withdrawal,poor_internet_connection,i see atm withdrawal i didn't make while my app struggles to load can i report it despite connection issues stuck retrying
eu_freelancer_traveling_uae_male_29,fraud_unauthorised_atm_withdrawal,vague_first_message,unexpected atm withdrawal in dubai just now but it wasn't me what do i do urgently
eu_freelancer_traveling_uae_male_29,fraud_unrecognised_card_payment,empty,I saw a card payment I don't recognize. How can I report it as fraudulent?
eu_freelancer_traveling_uae_male_29,fraud_unrecognised_card_payment,calm_at_home,"I noticed an unexpected charge on my Revolut account in AED, and I’m concerned it might be fraudulent. Could you guide me on how to report this correctly?"
eu_freelancer_traveling_uae_male_29,fraud_unrecognised_card_payment,panic_security_fear,"urgent! just saw unknown card payment, seems like fraud please help asap what should i do"
eu_freelancer_traveling_uae_male_29,fraud_unrecognised_card_payment,angry_after_waiting,"Unrecognized card payment in AED. NOT me! Tried solving before, no help. THIS IS A SCAM. Need immediate action now!"
eu_freelancer_traveling_uae_male_29,fraud_unrecognised_card_payment,confused_by_app_updates,"i see a card payment I don't recognize, looks like fraud but i’m confused how to report this, where do i find this feature in the app?"
eu_freelancer_traveling_uae_male_29,fraud_unrecognised_card_payment,rushing_with_typos,saw a card charge i dont recognize looked like fraud pls fix what steps should i take
eu_freelancer_traveling_uae_male_29,fraud_unrecognised_card_payment,on_the_go_direct,"unauthorized charge on my card, not my purchase, stop this now"
eu_freelancer_traveling_uae_male_29,fraud_unrecognised_card_payment,voice_transcription,uh i see this charge on my card today like i did not make it looks wrong uh could this be fraud i'm kinda worried what should i do
eu_freelancer_traveling_uae_male_29,fraud_unrecognised_card_payment,poor_internet_connection,"noticed a suspicious card payment from yesterday but it wasn’t me. experiencing issues with app loading slowly and error message, will the report go through despite this?"
eu_freelancer_traveling_uae_male_29,fraud_unrecognised_card_payment,vague_first_message,just saw card payment i didn't make what should i do now because money's gone without me knowing
eu_freelancer_traveling_uae_male_29,cross_border_transfer_delay,empty,I'm waiting for a transfer but it's not arrived yet. Could the IBAN I provided be incorrect?
eu_freelancer_traveling_uae_male_29,cross_border_transfer_delay,calm_at_home,"I was expecting a EUR transfer from the UK, but it's not in my account yet. Could there be an issue with the IBAN details provided?"
eu_freelancer_traveling_uae_male_29,cross_border_transfer_delay,panic_security_fear,"transfer sent to my revolut account in euro but not arrived yet, worried something wrong with IBAN or details please help emergency"
eu_freelancer_traveling_uae_male_29,cross_border_transfer_delay,angry_after_waiting,"Why hasn't my transfer arrived yet? Checked IBAN, it's correct. Stop delaying, need my money NOW. This is unacceptable."
eu_freelancer_traveling_uae_male_29,cross_border_transfer_delay,confused_by_app_updates,i expected a eur transfer from abroad but nothing in my account yet i checked the iban but unsure it’s right can’t find where to confirm details in the app
eu_freelancer_traveling_uae_male_29,cross_border_transfer_delay,rushing_with_typos,expecting transfer in eur from abroad didn't come yet check iban details pls
eu_freelancer_traveling_uae_male_29,cross_border_transfer_delay,on_the_go_direct,"transfer from uk hasn't arrived yet, check my iban details please"
eu_freelancer_traveling_uae_male_29,cross_border_transfer_delay,voice_transcription,hey so i'm waiting for a transfer i should have received from the UK but it hasn't arrived uh i'm worried like maybe the IBAN i gave is wrong or something how do i check this
eu_freelancer_traveling_uae_male_29,cross_border_transfer_delay,poor_internet_connection,"my transfer from uk hasn't arrived yet and i'm worried about my iban details, app gets stuck loading when checking, will the transfer go through?"
eu_freelancer_traveling_uae_male_29,cross_border_transfer_delay,vague_first_message,i was expecting a euro transfer but nothing in my account yet is my info wrong
eu_freelancer_traveling_uae_male_29,plans_billing_1,empty,Who handles the trip cancellation coverage under my Ultra plan?
eu_freelancer_traveling_uae_male_29,plans_billing_1,calm_at_home,I'm reviewing my plan benefits and need clarification on who manages the event cancellation protection within the Ultra plan. Could you provide some details on this aspect?
eu_freelancer_traveling_uae_male_29,plans_billing_1,panic_security_fear,"had premium travel insurance but now removed, can i still claim for trip issues please urgent need to know now"
eu_freelancer_traveling_uae_male_29,plans_billing_1,angry_after_waiting,"Why does Ultra plan not cover event cancellations anymore? You removed my insurance, and I'm fed up with waiting for clear answers!"
eu_freelancer_traveling_uae_male_29,plans_billing_1,confused_by_app_updates,"I'm trying to understand the travel insurance part after my plan change, where exactly can I find details about making claims if something goes wrong during a trip?"
eu_freelancer_traveling_uae_male_29,plans_billing_1,rushing_with_typos,ultra plan here does it cover event cancellation i need 2 know for my trip thx
eu_freelancer_traveling_uae_male_29,plans_billing_1,on_the_go_direct,"boarding soon, how does trip cancellation work on ultra plan?"
eu_freelancer_traveling_uae_male_29,plans_billing_1,voice_transcription,Hey so I heard like trip cancellations are no longer covered in my plan and I'm wondering who's gonna cover that now 'cause I'm uh planning a trip soon and wanna be sure about the details thanks
eu_freelancer_traveling_uae_male_29,plans_billing_1,poor_internet_connection,"while trying to check trip cancellation protection under ultra plan the screen keeps loading and upload fails if connection drops, will my protection still be valid or need to retry?"
eu_freelancer_traveling_uae_male_29,plans_billing_1,vague_first_message,i heard something about covering my trips but not sure if i still have it after changing my plan can you clarify
eu_freelancer_traveling_uae_male_29,fx_exchange_1,empty,"What exchange rates does Revolut use for converting EUR and GBP to AED, and how does it affect my spending?"
eu_freelancer_traveling_uae_male_29,fx_exchange_1,calm_at_home,Can you explain how your conversion process works when I use my card in Dubai? I'm trying to understand if I should choose local currency or not.
eu_freelancer_traveling_uae_male_29,fx_exchange_1,panic_security_fear,"used card in dubai, charged more than expected, is there some hidden conversion fee? please help, emergency, worried about fraud"
eu_freelancer_traveling_uae_male_29,fx_exchange_1,angry_after_waiting,Sick of getting a worse rate with DCC. Why doesn't Revolut automatically use the best rate every time? Fix this now!
eu_freelancer_traveling_uae_male_29,fx_exchange_1,confused_by_app_updates,"I'm confused about what exchange rate I'm getting with transactions in AED. It mentions something called Dynamic Currency Conversion, but where do I see that option in the app? Not sure what it means."
eu_freelancer_traveling_uae_male_29,fx_exchange_1,rushing_with_typos,need to knw fx rates revolut use when spendng AED from EUR accnt thx
eu_freelancer_traveling_uae_male_29,fx_exchange_1,on_the_go_direct,at checkout app shows higher card rate fix this
eu_freelancer_traveling_uae_male_29,fx_exchange_1,voice_transcription,"hey so I'm in Dubai working and not sure if I should use my card's local currency or AED, um like what's better for exchanges uh do I get better rates if I avoid the automatic conversion stuff"
eu_freelancer_traveling_uae_male_29,fx_exchange_1,poor_internet_connection,"exchange rate page keeps timing out, can't see if my rates are set for AED spending. Help with rates while app issues?"
eu_freelancer_traveling_uae_male_29,fx_exchange_1,vague_first_message,why was i charged extra when i paid in aed thought it converts automatically
eu_freelancer_traveling_uae_male_29,crypto_1,empty,Can you explain how staking my crypto works and if there are any fees involved?
eu_freelancer_traveling_uae_male_29,crypto_1,calm_at_home,I'm considering staking my cryptocurrencies through the Revolut app. Could you explain how staking works and if there are any fees involved?
eu_freelancer_traveling_uae_male_29,crypto_1,panic_security_fear,crypto staking just done on my account without my action fees deducted why? is it safe please help emergency
eu_freelancer_traveling_uae_male_29,crypto_1,angry_after_waiting,Why is there a FEE for staking crypto? I wasn't INFORMED. Need answers NOW. Unacceptable service delay.
eu_freelancer_traveling_uae_male_29,crypto_1,confused_by_app_updates,"i am trying to understand crypto staking in the app but feel lost, what does staking mean exactly and where can i find it in the menu?"
eu_freelancer_traveling_uae_male_29,crypto_1,rushing_with_typos,how does crpto staking work on revolut r there any fees involved pls let me know thx
eu_freelancer_traveling_uae_male_29,crypto_1,on_the_go_direct,"crypto staking, how much does it cost, any fees?"
eu_freelancer_traveling_uae_male_29,crypto_1,voice_transcription,hey i'm trying to figure out how this crypto staking thing works because i'm interested in doing it but like are there any fees involved or anything i need to watch out for before i start
eu_freelancer_traveling_uae_male_29,crypto_1,poor_internet_connection,"trying to stake crypto but app is stuck loading, is there a fee and will it retry automatically if connection fails"
eu_freelancer_traveling_uae_male_29,crypto_1,vague_first_message,what does that crypto thing actually do to earn money and are there hidden costs involved because i cannot find details
eu_freelancer_traveling_uae_male_29,card_profile_restricted_security_system,empty,"My card payment was declined due to a security issue, can you advise on how to resolve this while I'm in Dubai?"
eu_freelancer_traveling_uae_male_29,card_profile_restricted_security_system,calm_at_home,"I tried to make a card payment today, but it was declined due to a security system restriction. Can you help me resolve this issue?"
eu_freelancer_traveling_uae_male_29,card_profile_restricted_security_system,panic_security_fear,"urgent! my revolut card got declined in dubai, says security issue, worried about fraud, need it fixed now please!"
eu_freelancer_traveling_uae_male_29,card_profile_restricted_security_system,angry_after_waiting,"CARD DECLINED AGAIN! I’m in Dubai. Tried payments but blocked. Your system’s messing up my business! Fix this NOW. Already contacted, no response!"
eu_freelancer_traveling_uae_male_29,card_profile_restricted_security_system,confused_by_app_updates,"i tried to pay with my card but it got declined due to security reasons, where do i find the reason or fix it because i'm not sure what to do"
eu_freelancer_traveling_uae_male_29,card_profile_restricted_security_system,rushing_with_typos,tried to pay but card declined sys said security reasons pls tell what i can do thx
eu_freelancer_traveling_uae_male_29,card_profile_restricted_security_system,on_the_go_direct,card declined at restaurant security blocked it need access now
eu_freelancer_traveling_uae_male_29,card_profile_restricted_security_system,voice_transcription,uh my card got declined like i was shopping and it said something about security restrictions i don't understand why it's blocked can you help me fix it i need my card for payments
eu_freelancer_traveling_uae_male_29,card_profile_restricted_security_system,poor_internet_connection,"tried to pay in AED but card blocked by security, app not loading solutions, connectivity issues, what should I do, does it retry automatically despite error?"
eu_freelancer_traveling_uae_male_29,card_profile_restricted_security_system,vague_first_message,"tried paying at a restaurant, it says blocked or restricted, what happened to my card?"
eu_freelancer_traveling_uae_male_29,maintenance_fee_plan_billing,empty,Why did I get charged a plan fee when my premium subscription is supposed to cover this?
eu_freelancer_traveling_uae_male_29,maintenance_fee_plan_billing,calm_at_home,"I was recently charged a fee on my Revolut account, but I thought my premium subscription was already paid. Could you clarify why this charge occurred?"
eu_freelancer_traveling_uae_male_29,maintenance_fee_plan_billing,panic_security_fear,"charged fee today, my plan is active and paid up, why was this deducted? please help, urgent!"
eu_freelancer_traveling_uae_male_29,maintenance_fee_plan_billing,angry_after_waiting,Why am I charged a plan fee again this month? It should not be billed like this. FIX IT NOW!
eu_freelancer_traveling_uae_male_29,maintenance_fee_plan_billing,confused_by_app_updates,"i noticed a plan fee on my account but i thought my premium plan was already covered, did i miss something or is there another charge i don’t see?"
eu_freelancer_traveling_uae_male_29,maintenance_fee_plan_billing,rushing_with_typos,charged extra fee on plan dont kno why active premium pls explain mismatch thx
eu_freelancer_traveling_uae_male_29,maintenance_fee_plan_billing,on_the_go_direct,"unexpected charge on my plan, why is this happening? fix it"
eu_freelancer_traveling_uae_male_29,maintenance_fee_plan_billing,voice_transcription,um i just got charged some fee on my premium plan but i thought i already paid my subscription so why is this fee showing up it doesn't make sense to me right now
eu_freelancer_traveling_uae_male_29,maintenance_fee_plan_billing,poor_internet_connection,i noticed a plan fee charged but i have connectivity issues app not loading properly will the transaction retry or fail when connection improves
eu_freelancer_traveling_uae_male_29,maintenance_fee_plan_billing,vague_first_message,why am i seeing a charge for my plan when i thought it's covered already
eu_freelancer_traveling_uae_male_29,crypto_2,empty,I am unable to log into my account. Does my current location affect crypto deposit options?
eu_freelancer_traveling_uae_male_29,crypto_2,calm_at_home,"Can I withdraw or convert crypto deposits to my account given my current location in Dubai, and are there any network restrictions I should be aware of?"
eu_freelancer_traveling_uae_male_29,crypto_2,panic_security_fear,"can’t login after crypto transfer, worried network issue or wrong address please help immediately emergency"
eu_freelancer_traveling_uae_male_29,crypto_2,angry_after_waiting,Can't log in. Crypto deposit failed. No support. WHAT addresses and currencies are supported? Fix this NOW!
eu_freelancer_traveling_uae_male_29,crypto_2,confused_by_app_updates,"I'm trying to log in and see crypto options, but I don't understand what the supported networks are. Where can I find details on currency compatibility for deposits?"
eu_freelancer_traveling_uae_male_29,crypto_2,rushing_with_typos,cant log in after crypto deposit is my address supported or did i do wrongly pls help thx
eu_freelancer_traveling_uae_male_29,crypto_2,on_the_go_direct,"can't access crypto deposits in app, need fast resolution please. urgent transaction."
eu_freelancer_traveling_uae_male_29,crypto_2,voice_transcription,"uh when i try to log into my revolut app it keeps asking me about this crypto address thing and i don’t know how to set it up right for my location, any ideas what i should do?"
eu_freelancer_traveling_uae_male_29,crypto_2,poor_internet_connection,"i'm stuck at loading screen on login, is it due to poor connection or can crypto deposits still go through in such cases?"
eu_freelancer_traveling_uae_male_29,crypto_2,vague_first_message,"can't log in after putting crypto in but it's not showing in my funds, am i using the wrong address or something else?"
ultra_globetrotter_executive_female_42,plans_billing_1,empty,Who covers the trip and event cancellation protection for Ultra plan holders?
ultra_globetrotter_executive_female_42,plans_billing_1,calm_at_home,"As I'm deciding between travel coverage options with Revolut, could you clarify who provides the event and trip cancellation protection under the Ultra plan?"
ultra_globetrotter_executive_female_42,plans_billing_1,panic_security_fear,"I’m moving to the UK soon and worried about trip cancellations. Who covers this if something goes wrong? Please, it’s urgent!"
ultra_globetrotter_executive_female_42,plans_billing_1,angry_after_waiting,Ultra travel insurance removed. Need help claiming refund. Who is responsible? Delays unacceptable. FIX this NOW!
ultra_globetrotter_executive_female_42,plans_billing_1,confused_by_app_updates,"I'm trying to understand the travel insurance change. Since it's not part of my plan now, who exactly handles cancellations and how do I make a claim? Not seeing clear info."
ultra_globetrotter_executive_female_42,plans_billing_1,rushing_with_typos,"what's th policy on claming travel insurance after it's cancelled? worried about UAE trip, pls advise"
ultra_globetrotter_executive_female_42,plans_billing_1,on_the_go_direct,"boarding with no Ultra trip coverage, how's cancellation protection now?"
ultra_globetrotter_executive_female_42,plans_billing_1,voice_transcription,um so with my premium plan like i removed the travel insurance but i'm wondering if i can still get coverage for any recent trips that got canceled um who do i need to contact about that
ultra_globetrotter_executive_female_42,plans_billing_1,poor_internet_connection,I’m trying to upload travel insurance documents but they keep failing. Will my claim still be processed if I retry when connection improves?
ultra_globetrotter_executive_female_42,plans_billing_1,vague_first_message,"Just removed travel cover, now can I claim on recent trip cancellation? Not sure who's in charge of that process."
ultra_globetrotter_executive_female_42,travel_benefits_1,empty,"Does my travel insurance cover destinations currently experiencing conflict, like some areas I might visit on my next trip?"
ultra_globetrotter_executive_female_42,travel_benefits_1,calm_at_home,I'm planning a trip between the UAE and UK. Could you clarify if my travel insurance extends to regions that might currently be considered conflict zones?
ultra_globetrotter_executive_female_42,travel_benefits_1,panic_security_fear,"urgent need to know if my travel insurance covers me in war zones, flying to a conflict area for business soon, please help now"
ultra_globetrotter_executive_female_42,travel_benefits_1,angry_after_waiting,"Travel insurance claim denied due to conflict zone? I was assured coverage. FIX THIS NOW. Ridiculous delay in response, I need action immediately!"
ultra_globetrotter_executive_female_42,travel_benefits_1,confused_by_app_updates,"I'm planning to travel between the UAE and the UK soon, but I'm confused about what my travel insurance covers in areas with potential conflicts. Where can I find this information in the app?"
ultra_globetrotter_executive_female_42,travel_benefits_1,rushing_with_typos,im in uae n worried abt my travel insurance if i visit conflict zones does it still cover any emergencies pls clarify thnks
ultra_globetrotter_executive_female_42,travel_benefits_1,on_the_go_direct,"Is my travel insurance valid in conflict zones? Boarding now, need clarity."
ultra_globetrotter_executive_female_42,travel_benefits_1,voice_transcription,hey uh so i'm heading to a country that's like kinda risky right now conflict and all that just wondering does my travel insurance cover stuff like that or do i need to get something extra? thanks
ultra_globetrotter_executive_female_42,travel_benefits_1,poor_internet_connection,"I’m trying to check my travel insurance details for areas with potential conflict, but the app keeps timing out. Will the coverage still apply if the connection drops?"
ultra_globetrotter_executive_female_42,travel_benefits_1,vague_first_message,Is my travel insurance still valid if I go to a new conflict area for work?
ultra_globetrotter_executive_female_42,travel_insurance_claim_question,empty,Could you explain how trip cancellation coverage works and how I can file a claim for it?
ultra_globetrotter_executive_female_42,travel_insurance_claim_question,calm_at_home,"I’m reviewing travel insurance details and need clarification on the process for claiming a refund due to trip cancellations. Specifically, what are the steps involved if I cancel for any reason?"
ultra_globetrotter_executive_female_42,travel_insurance_claim_question,panic_security_fear,"Trip got cancelled, need to know if I'll get a full refund and how to claim. Emergency, please help now!"
ultra_globetrotter_executive_female_42,travel_insurance_claim_question,angry_after_waiting,WHY is my trip cancellation claim STILL not resolved? I need details on full refund process now. Extremely dissatisfied with your support!
ultra_globetrotter_executive_female_42,travel_insurance_claim_question,rushing_with_typos,if my trip cancels how much refund do i get pls and how to start claim
ultra_globetrotter_executive_female_42,travel_insurance_claim_question,on_the_go_direct,trip cancelled. need full refund. how do i claim it fast?
ultra_globetrotter_executive_female_42,travel_insurance_claim_question,voice_transcription,hey uh just wondering if my trip gets canceled like will I get the whole amount refunded or what steps do I need to take to claim something like that
ultra_globetrotter_executive_female_42,travel_insurance_claim_question,poor_internet_connection,"My app gets stuck loading, so I'm unsure if my trip cancellation will be fully refunded. How do I complete the claim if the connection keeps dropping?"
ultra_globetrotter_executive_female_42,travel_insurance_claim_question,vague_first_message,can i get my trip money back if it's canceled and how do i start claiming?
ultra_globetrotter_executive_female_42,cards_atm_1,empty,Why is my card deposit restricted when trying to add funds from my UAE bank account?
ultra_globetrotter_executive_female_42,cards_atm_1,calm_at_home,"I'm trying to deposit funds into my account, but there seems to be a restriction. Could this be related to my card settings, considering my frequent travels between the UAE and UK?"
ultra_globetrotter_executive_female_42,cards_atm_1,panic_security_fear,"card suddenly blocked during top-up attempt in Ukraine, says restricted deposit, but I’m in UK now. Please help immediately. Is this fraud prevention?"
ultra_globetrotter_executive_female_42,cards_atm_1,angry_after_waiting,"Card deposit blocked again. No explanation, no warning. FIX THIS NOW, I need access immediately! Your previous response was useless. Totally unacceptable."
ultra_globetrotter_executive_female_42,cards_atm_1,confused_by_app_updates,I'm trying to add funds to my card but it's saying something about a restriction. I'm not sure what this means or why it's happening. Where can I get clarity?
ultra_globetrotter_executive_female_42,cards_atm_1,rushing_with_typos,card got declined trying load funds cant top up in uae fixes possible?
ultra_globetrotter_executive_female_42,cards_atm_1,on_the_go_direct,"card deposit attempt failing at ATM, urgent need cash now fix this"
ultra_globetrotter_executive_female_42,cards_atm_1,voice_transcription,hey so i'm trying to add funds to my revolut card but keeps saying it won't work because of limits or something i just need to understand why this is happening can you explain a bit please
ultra_globetrotter_executive_female_42,cards_atm_1,poor_internet_connection,"my card deposit attempts keep failing due to timeout errors, nothing loads properly, will these go through when connection stabilizes?"
ultra_globetrotter_executive_female_42,cards_atm_1,vague_first_message,"why can't i add money to my card now, it worked before in ukraine, confused here"
ultra_globetrotter_executive_female_42,savings_investments_1,empty,Could you explain how taxes are handled on the interest earned from my savings account promotion?
ultra_globetrotter_executive_female_42,savings_investments_1,calm_at_home,I'm curious about how the interest rates might change based on the tax implications for my savings account as I move between the UK and UAE.
ultra_globetrotter_executive_female_42,savings_investments_1,panic_security_fear,"please emergency is my savings safe from fraud? I'm panicking about UK-UAE tax issues and instant access features now, I need help urgently"
ultra_globetrotter_executive_female_42,savings_investments_1,angry_after_waiting,Why hasn't anyone fixed my savings access issue yet? I need access NOW. Your delay is unacceptable. Handle this immediately!
ultra_globetrotter_executive_female_42,savings_investments_1,confused_by_app_updates,I'm looking into the Instant Access Savings option but I'm unsure about tax implications. Where can I find details about how taxes are applied? It wasn't clear in the app menu.
ultra_globetrotter_executive_female_42,savings_investments_1,rushing_with_typos,how does savings interest work for my uk account are there any tax implications it's urgent thx
ultra_globetrotter_executive_female_42,savings_investments_1,on_the_go_direct,Am I taxed on my UK-UAE savings with Revolut? Need clarity now.
ultra_globetrotter_executive_female_42,savings_investments_1,voice_transcription,hey so i'm trying to understand how the savings promotion works with tax stuff like do i get taxed differently because i'm between the uae and uk just want to make sure you know i'm clear on this
ultra_globetrotter_executive_female_42,savings_investments_1,poor_internet_connection,"Trying to check savings promo details but the app keeps timing out. Will my settings update if I manage a poor connection, or should I wait?"
ultra_globetrotter_executive_female_42,savings_investments_1,vague_first_message,"can't see any interest coming from the money I saved, is there an issue with that offer?"
ultra_globetrotter_executive_female_42,fx_exchange_1,empty,"When I use my card abroad, should I choose local currency or GBP for the best exchange rate?"
ultra_globetrotter_executive_female_42,fx_exchange_1,calm_at_home,I'm comparing currency conversion options when spending abroad; does Revolut offer better exchange rates than choosing local currency with the merchant?
ultra_globetrotter_executive_female_42,fx_exchange_1,panic_security_fear,"emergency! just paid in GBP but charged more than expected, was currency exchanged? help, can't afford this loss now!"
ultra_globetrotter_executive_female_42,fx_exchange_1,angry_after_waiting,"Why am I getting hit with high conversion charges? Already complained. FIX IT NOW. Your rate should be accurate, stop DCC nonsense!"
ultra_globetrotter_executive_female_42,fx_exchange_1,confused_by_app_updates,"I’m a bit confused about something I saw at a store, something about dynamic currency conversion. What does that mean exactly, and how does the exchange rate work with Revolut?"
ultra_globetrotter_executive_female_42,fx_exchange_1,rushing_with_typos,why does rate change suddenly when i pay diff currency is it better not to let card convert
ultra_globetrotter_executive_female_42,fx_exchange_1,on_the_go_direct,"trying to pay in AED, is there a hidden fee with currency conversion?"
ultra_globetrotter_executive_female_42,fx_exchange_1,voice_transcription,"hey so when i make a purchase abroad, should i pay in the local currency or let like my card handle the conversion and what rate do you guys use for that, just wanna make sure i get the best deal"
ultra_globetrotter_executive_female_42,fx_exchange_1,poor_internet_connection,"Trying to make a payment but app keeps timing out, does the transaction complete if Wi-Fi is unstable and how can I avoid currency conversion fees?"
ultra_globetrotter_executive_female_42,fx_exchange_1,vague_first_message,"Why was I charged extra using my card abroad, wasn't it supposed to be in local currency?"
ultra_globetrotter_executive_female_42,fraud_security_1,empty,"I've noticed a suspicious withdrawal on my card, but I didn't make it. What steps should I take to report this?"
ultra_globetrotter_executive_female_42,fraud_security_1,calm_at_home,I've noticed a recent ATM withdrawal I didn't authorize. Could you guide me on the steps to report this fraudulent activity through the app?
ultra_globetrotter_executive_female_42,fraud_security_1,panic_security_fear,"just saw my card used in UK but I'm in UAE, didn't make this purchase, please help it's an emergency"
ultra_globetrotter_executive_female_42,fraud_security_1,angry_after_waiting,Unauthorized card charge! FIFTH TIME! When will you fix this? Sick of waiting and nothing being done. ACT NOW!
ultra_globetrotter_executive_female_42,fraud_security_1,confused_by_app_updates,"I see a weird ATM withdrawal on my statement, and I don’t recall making it. How can I check if it’s fraud and what steps to take next? Confused here."
ultra_globetrotter_executive_female_42,fraud_security_1,rushing_with_typos,my card was used for big charge but wasn't me pls fix asap what do i do
ultra_globetrotter_executive_female_42,fraud_security_1,on_the_go_direct,"abnormal transaction, card used in london but i'm in dubai, fix asap"
ultra_globetrotter_executive_female_42,fraud_security_1,voice_transcription,um so my card was like used for a withdrawal in London but I am like in Dubai right now and I didn't use any ATM like can you help me figure out what's going on with my account
ultra_globetrotter_executive_female_42,fraud_security_1,poor_internet_connection,Trying to report a fraudulent card charge but app keeps timing out and getting stuck. Will this go through or do I need better connectivity?
ultra_globetrotter_executive_female_42,fraud_security_1,vague_first_message,"noticed charges on my card that i didn't make in london, worried someone else used it, what should i do?"
ultra_globetrotter_executive_female_42,esim_data_activation_failed,empty,I activated my eSIM data plan but can't connect to the local network. What should I check to fix this?
ultra_globetrotter_executive_female_42,esim_data_activation_failed,calm_at_home,I've activated my eSIM data package but can't connect to the local network. Can you guide me on troubleshooting steps to resolve this issue?
ultra_globetrotter_executive_female_42,esim_data_activation_failed,panic_security_fear,"activated eSIM plan but cannot connect to network in UAE, worried it's fraud or setup issue, need urgent help please"
ultra_globetrotter_executive_female_42,esim_data_activation_failed,angry_after_waiting,"Activated eSIM but can't connect in the UK. Tried everything, NOTHING works. This delay is UNACCEPTABLE. Fix this NOW."
ultra_globetrotter_executive_female_42,esim_data_activation_failed,confused_by_app_updates,"I activated my eSIM data package but can't connect to the local network. It says 'active', but there's no signal. Where do I check settings? Not sure if I've missed a step."
ultra_globetrotter_executive_female_42,esim_data_activation_failed,rushing_with_typos,esim data activated but not connecting to local network UAE how do i fix it pls thx
ultra_globetrotter_executive_female_42,esim_data_activation_failed,on_the_go_direct,"eSIM activated, can't connect to UAE network, need immediate fix."
ultra_globetrotter_executive_female_42,esim_data_activation_failed,voice_transcription,so i got this eSIM package while i’m traveling right but my phone isn’t connecting to the local network at all kinda urgent because i need data for work can you help figure out what’s wrong
ultra_globetrotter_executive_female_42,esim_data_activation_failed,poor_internet_connection,"eSIM data package activated but nothing loads, keeps timing out. What steps to ensure stable connection or will it eventually connect on its own?"
ultra_globetrotter_executive_female_42,esim_data_activation_failed,vague_first_message,"my phone shows no signal after setting up that mobile data thing, how to fix it?"
ultra_globetrotter_executive_female_42,family_joint_1,empty,"Can I set up a savings account for my child through my Revolut account, and how does it work?"
ultra_globetrotter_executive_female_42,family_joint_1,calm_at_home,We're planning to teach our children about savings. How do I set up Revolut accounts for my kids and manage their pocket money transfers effectively?
ultra_globetrotter_executive_female_42,family_joint_1,panic_security_fear,"urgent issue! daughter sent money from her account, not showing up! is it lost or fraud? please help now!"
ultra_globetrotter_executive_female_42,family_joint_1,angry_after_waiting,"Why can't my kids use their Revolut cards for payments? THIS IS UNACCEPTABLE. Fix this immediately, I've had no help for days!"
ultra_globetrotter_executive_female_42,family_joint_1,confused_by_app_updates,"I'm trying to set up savings for my kids through the app and I'm a bit confused. Where exactly do I manage their savings accounts, and what are the steps to do this?"
ultra_globetrotter_executive_female_42,family_joint_1,rushing_with_typos,can i set up spending limits for my kids cards on the app? they might overspend pls help fast
ultra_globetrotter_executive_female_42,family_joint_1,on_the_go_direct,"Can't send pocket money to kids, app not working. Fix quickly, please."
ultra_globetrotter_executive_female_42,family_joint_1,voice_transcription,"hey so i'm trying to set up savings for my kids using the app but like, i'm not sure how the payment works do their accounts get money automatically from mine or what need some help figuring this out"
ultra_globetrotter_executive_female_42,family_joint_1,poor_internet_connection,"Having issues setting up a saving goal and sending money to my kids through the app; it keeps timing out and not loading, what happens if I retry with poor connection?"
ultra_globetrotter_executive_female_42,family_joint_1,vague_first_message,"can't seem to make that pocket money thing work for my kids, am i missing something?"
ultra_globetrotter_executive_female_42,airport_lounge_pass_issue,empty,I can't generate the QR code for my airport lounge access and I need to board soon. How can I fix this?
ultra_globetrotter_executive_female_42,airport_lounge_pass_issue,calm_at_home,"I'm trying to generate a QR code for my airport lounge access via the app, but it isn't working. Could you guide me on how to proceed?"
ultra_globetrotter_executive_female_42,airport_lounge_pass_issue,panic_security_fear,"Airport lounge QR code not showing, need access urgently before I board. Is there a fix for this now, please?"
ultra_globetrotter_executive_female_42,airport_lounge_pass_issue,angry_after_waiting,"Lounge QR code won't show up! Boarding soon, need this fixed NOW. Why is this taking so long? Frustrated with no help!"
ultra_globetrotter_executive_female_42,airport_lounge_pass_issue,confused_by_app_updates,I'm at the airport trying to use my lounge pass but the QR code won't show up in the app. Where am I supposed to find it? I'm a bit lost here.
ultra_globetrotter_executive_female_42,airport_lounge_pass_issue,rushing_with_typos,boarding soon cant generate lounge qr code pls help quickly need access now
ultra_globetrotter_executive_female_42,airport_lounge_pass_issue,on_the_go_direct,"Lounge QR code won’t show up, boarding soon, fix this now."
ultra_globetrotter_executive_female_42,airport_lounge_pass_issue,voice_transcription,um i'm at heathrow trying to get into the lounge but the QR code i need won't show up on the app and my flight is like boarding soon can you fix this like right away please
ultra_globetrotter_executive_female_42,airport_lounge_pass_issue,poor_internet_connection,"stuck at loading screen while trying to get my lounge QR code, connection keeps dropping, boarding soon. will it still work if i retry despite the timeout?"
ultra_globetrotter_executive_female_42,airport_lounge_pass_issue,vague_first_message,"I'm at the airport and the lounge pass QR code won't show up in the app, need it quickly before boarding."
senior_citizen_uk_female_67,cards_atm_1,empty,Why can't I add funds to my card while I'm abroad on holiday?
senior_citizen_uk_female_67,cards_atm_1,calm_at_home,"I’m trying to add money to my card but it seems there’s a limit or restriction. Can you explain how much I can add, especially since I'm planning to use it abroad?"
senior_citizen_uk_female_67,cards_atm_1,panic_security_fear,"why can't i add money to my card now, is it blocked or something? please help, i'm worried it's urgent"
senior_citizen_uk_female_67,cards_atm_1,angry_after_waiting,Why can't I add money to my card? Limits make no sense. Tried everything. NO help last time. Need it fixed NOW! Unbelievable delay.
senior_citizen_uk_female_67,cards_atm_1,confused_by_app_updates,"I'm trying to add money to my card for my trip, but it says there's a problem with limits or something. I can't figure out where to check or change this. Can someone guide me?"
senior_citizen_uk_female_67,cards_atm_1,rushing_with_typos,cant add more money to card says limit reached is there max daily topup i can do thx
senior_citizen_uk_female_67,cards_atm_1,on_the_go_direct,"can't top up my card, says limit reached, need it now fix please"
senior_citizen_uk_female_67,cards_atm_1,voice_transcription,hey i’m having trouble putting money on my card for my trip like i tried but it didn't work is there some kind of limit cuz i don’t understand why it’s not letting me do it can you help
senior_citizen_uk_female_67,cards_atm_1,poor_internet_connection,"I'm trying to top up my card for holiday spending, but keep getting stuck at loading screen. Is this because of my connection or a limit issue?"
senior_citizen_uk_female_67,cards_atm_1,vague_first_message,"why can't i put more holiday money on my card, is there a limit"
senior_citizen_uk_female_67,other_1,empty,I can't log into the app; it says my account is restricted. How do I fix this?
senior_citizen_uk_female_67,other_1,calm_at_home,I am having trouble logging into my Revolut app. Can you guide me on what steps to take for a smooth login?
senior_citizen_uk_female_67,other_1,panic_security_fear,"can't log in, worried someone stole my info, please help now, urgent!"
senior_citizen_uk_female_67,other_1,angry_after_waiting,LOGIN FAILED AGAIN! WHY CAN'T I GET IN? THIS KEEPS HAPPENING. FIX THIS NOW. NO HELP FROM SUPPORT LAST TIME. RIDICULOUS DELAY!
senior_citizen_uk_female_67,other_1,confused_by_app_updates,"I'm trying to log in to my Revolut app, but nothing happens. I see ""Clear Sky"" on my card, but not sure what it means or where to find login help."
senior_citizen_uk_female_67,other_1,rushing_with_typos,"cant login app, keeps asking pin or cvv whats wrong? need it fast pls"
senior_citizen_uk_female_67,other_1,on_the_go_direct,"can't log in at ATM, says error, need access now"
senior_citizen_uk_female_67,other_1,voice_transcription,"um I'm having trouble logging into my app it keeps rejecting my PIN and CVV number are these numbers supposed to change every time or am I just doing something wrong, like I'm so confused here please help"
senior_citizen_uk_female_67,other_1,poor_internet_connection,"App isn't loading my account, keeps timing out. Can I still finish logging in when connection drops, or will it retry automatically?"
senior_citizen_uk_female_67,other_1,vague_first_message,"I can't get into my app, and I'm worried my money is missing. What should I do?"
senior_citizen_uk_female_67,savings_investments_1,empty,Can you explain if there are any special tax rules I should know for savings I make here?
senior_citizen_uk_female_67,savings_investments_1,calm_at_home,I'm trying to understand how the savings interest works with my account. Are there any tax implications I need to be aware of?
senior_citizen_uk_female_67,savings_investments_1,panic_security_fear,"urgent, my savings look lower than expected, is tax taken automatically or am i missing money? please help now, worried!"
senior_citizen_uk_female_67,savings_investments_1,angry_after_waiting,"WHY is my savings interest not instant? TRIED calling, NO HELP! Tax info confusing. FIX THIS. So FRUSTRATED!"
senior_citizen_uk_female_67,savings_investments_1,confused_by_app_updates,"I’m trying to understand the savings thing in the app, but I’m not sure about this instant access term. Where do I find how it works or taxes involved?"
senior_citizen_uk_female_67,savings_investments_1,rushing_with_typos,how does instant savings work is there tax im confused about my interest rates pls explain
senior_citizen_uk_female_67,savings_investments_1,on_the_go_direct,"At ATM, need quick info: savings taxed or not? Clarify please."
senior_citizen_uk_female_67,savings_investments_1,voice_transcription,um so i have this holiday money in savings now and was wondering if it affects taxes or something like how does that work i'm not sure about this stuff do i need to do anything special
senior_citizen_uk_female_67,savings_investments_1,poor_internet_connection,Trying to check savings offers but the app is stuck at loading. Will the bonus still apply if I try later with poor connection?
senior_citizen_uk_female_67,savings_investments_1,vague_first_message,"I thought my savings would grow more, but I don't see the extra money added. Can you explain?"
senior_citizen_uk_female_67,transfers_1,empty,How can I transfer money from my account to someone else's joint account using the app?
senior_citizen_uk_female_67,transfers_1,calm_at_home,I opened a joint account for my holiday but I'm unsure how to transfer money between our accounts. Can you guide me through the steps?
senior_citizen_uk_female_67,transfers_1,panic_security_fear,"I think my money went to wrong person! Tried to send it from joint account, please help fix this emergency!"
senior_citizen_uk_female_67,transfers_1,angry_after_waiting,"Tried transferring to my joint account, but it won't go through. WHY is this happening? FIX immediately! Frustrated with NO help before!"
senior_citizen_uk_female_67,transfers_1,confused_by_app_updates,"I'm trying to send money, and I see something about a Revtag. What is that, and how do I change it? I tried but got stuck."
senior_citizen_uk_female_67,transfers_1,rushing_with_typos,tried send money my friend but it says wrong revtag cant find how change pls help
senior_citizen_uk_female_67,transfers_1,on_the_go_direct,"need to send money but can't find joint account option, help"
senior_citizen_uk_female_67,transfers_1,voice_transcription,uh i want to send money from my joint account but it doesn't work not sure if it's something i need to change like maybe the tag or something else can you help me with this
senior_citizen_uk_female_67,transfers_1,poor_internet_connection,Trying to send money from joint account but app keeps hanging and saying retry. Will the transfer still go through if it says timeout?
senior_citizen_uk_female_67,transfers_1,vague_first_message,"I tried to send money with my joint thing but it's not working, did I do something wrong?"
senior_citizen_uk_female_67,plans_billing_1,empty,What happens to my travel insurance if I change my plan before my trip?
senior_citizen_uk_female_67,plans_billing_1,calm_at_home,I'm trying to figure out who handles the trip and event cancellation protection with my Ultra account. Can you provide some clarity on this?
senior_citizen_uk_female_67,plans_billing_1,panic_security_fear,"urgent help! lost access to ultra trip protection. is my event cancellation still covered somehow? worried about a fraud problem, need to know now!"
senior_citizen_uk_female_67,plans_billing_1,angry_after_waiting,Why is my trip protection not working after Premium insurance changed? Tried getting help before. NO RESPONSE. Fix this NOW!
senior_citizen_uk_female_67,plans_billing_1,confused_by_app_updates,"I'm looking at this Ultra plan, but I'm not sure who covers trip cancellations. Is it Revolut who handles claims or do I go somewhere else? Can't find this info in the app."
senior_citizen_uk_female_67,plans_billing_1,rushing_with_typos,"do i still have trip protection if premium insurance got removed, who handles it now pls"
senior_citizen_uk_female_67,plans_billing_1,on_the_go_direct,"Need to claim insurance after removing my plan, how to proceed?"
senior_citizen_uk_female_67,plans_billing_1,voice_transcription,uh so i heard that like my ultra plan has trip cancellation protection but i'm not sure who actually like provides that cause i was thinking about making a claim any help with that
senior_citizen_uk_female_67,plans_billing_1,poor_internet_connection,"Trying to check Ultra trip protection when app loads slow or fails. Does connection issues stop protection confirmation? Please advise, I'm timed out often."
senior_citizen_uk_female_67,plans_billing_1,vague_first_message,I can't find the insurance thing for cancelling trips; is it still there or gone?
senior_citizen_uk_female_67,family_joint_1,empty,How can I set up an allowance for my grandchild with my Revolut account?
senior_citizen_uk_female_67,family_joint_1,calm_at_home,"I'm considering giving my grandchild some pocket money through the app. How do I set this up for them, and are there any restrictions I should know about?"
senior_citizen_uk_female_67,family_joint_1,panic_security_fear,"my grandchild's account shows a payment I don't recognize, could it be wrong? please help, I'm worried it might be unsafe"
senior_citizen_uk_female_67,family_joint_1,angry_after_waiting,Why can’t my grandson use his card at the shop? Tried fixing this before. Not acceptable. NEED HELP NOW!
senior_citizen_uk_female_67,family_joint_1,confused_by_app_updates,"I'm trying to set up something for my grandkids' savings, but I can't find where to add them or see how it works. What do they mean by 'saving pots'?"
senior_citizen_uk_female_67,family_joint_1,rushing_with_typos,how do i set up something for my grandkids in the app for saving money im confused by all the buttons
senior_citizen_uk_female_67,family_joint_1,on_the_go_direct,Can't figure out how to send money to grandson's Revolut card. Urgent.
senior_citizen_uk_female_67,family_joint_1,voice_transcription,uh so I’m like trying to sort out using money for my grandkids with this app but um I don’t know how to set their allowance or if I can even do that maybe you can help with that
senior_citizen_uk_female_67,family_joint_1,poor_internet_connection,"Trying to check something on my Revolut app about the kids' allowances, but it keeps getting stuck at loading or says retry. Does it still work with poor internet?"
senior_citizen_uk_female_67,family_joint_1,vague_first_message,"my grandkids can't seem to use that thing to buy snacks, what am i missing?"
senior_citizen_uk_female_67,other_2,empty,How can I check if my direct debit is set up properly for my bills?
senior_citizen_uk_female_67,other_2,calm_at_home,"I'm trying to use my Revolut app for holiday money, but I'm unsure how to set up a Direct Debit. Could you guide me through the steps?"
senior_citizen_uk_female_67,other_2,panic_security_fear,"My direct debit isn't working, and I worry about missing payments. Is something wrong with my account? Please help now, it's urgent!"
senior_citizen_uk_female_67,other_2,angry_after_waiting,"My direct debit is NOT working. Tried everything, still failing. This is URGENT. Why is this taking so long to fix?!"
senior_citizen_uk_female_67,other_2,confused_by_app_updates,"I set up a Direct Debit for my holiday account, but it didn't work. Where can I view or check if it's active? I'm confused about where to find this in the app. Thanks."
senior_citizen_uk_female_67,other_2,rushing_with_typos,cant figure out how to set direct dbit for bills pls help me do this thx
senior_citizen_uk_female_67,other_2,on_the_go_direct,"Direct Debit failed, why? Need this sorted quickly."
senior_citizen_uk_female_67,other_2,voice_transcription,um i think i have to set up a way for my bills to pay themselves like a direct debit thing but i don’t really know how can you show me how to start that in the app
senior_citizen_uk_female_67,other_2,poor_internet_connection,"Trying to set up a direct debit, but app keeps getting stuck at loading. Will it go through when connection is better or do I need to retry?"
senior_citizen_uk_female_67,other_2,vague_first_message,"tried getting direct thing for bill but money went twice, how fix this?"
senior_citizen_uk_female_67,fraud_security_1,empty,I noticed some withdrawals from my account that I didn't make. How do I report this as fraud?
senior_citizen_uk_female_67,fraud_security_1,calm_at_home,I've noticed a withdrawal on my account that I didn't make. How can I report this suspicious activity and ensure my money is safe?
senior_citizen_uk_female_67,fraud_security_1,panic_security_fear,"just saw my card was used, not me, in another country please help stop this now, it’s urgent"
senior_citizen_uk_female_67,fraud_security_1,angry_after_waiting,I need help NOW! My card was used without my permission. Why isn't anyone fixing this yet?
senior_citizen_uk_female_67,fraud_security_1,confused_by_app_updates,"I see some charges from an ATM, but I didn't take out any money today. Where do I report this? I'm confused about what to do next."
senior_citizen_uk_female_67,fraud_security_1,rushing_with_typos,my card got used wrongly at atm today i didnt take cash help fix pls
senior_citizen_uk_female_67,fraud_security_1,on_the_go_direct,"atm withdrawal I didn’t make just happened, what do I do?"
senior_citizen_uk_female_67,fraud_security_1,voice_transcription,um i'm confused saw my card charged for something i didn't buy like it's hard to navigate could this be fraud i don't know how to stop it help me with what i should do
senior_citizen_uk_female_67,fraud_security_1,poor_internet_connection,"I’m seeing charges on my card but wasn’t even using it, and app keeps freezing, can't tell what’s going on, is this safe?"
senior_citizen_uk_female_67,fraud_security_1,vague_first_message,i saw money gone from my account but i didn’t use my card what should i do now
senior_citizen_uk_female_67,cards_atm_2,empty,I tried using my virtual card but it didn’t work. Can you help me understand why?
senior_citizen_uk_female_67,cards_atm_2,calm_at_home,I'm having trouble using my virtual card for online purchases. Can you help me understand why it's not working and what I should do to fix it?
senior_citizen_uk_female_67,cards_atm_2,panic_security_fear,"Trying to use my card, but it's suddenly not working, worried about fraud or losing it. Please help, urgent!"
senior_citizen_uk_female_67,cards_atm_2,angry_after_waiting,"Virtual card doesn't work! TRIED everything! Can't buy anything, FIX this NOW! Why is this happening? So FRUSTRATED with no help before!"
senior_citizen_uk_female_67,cards_atm_2,confused_by_app_updates,"I'm looking at my card options, and I see something called a virtual card. What exactly is that, and how do I use it? I only need it for my trip."
senior_citizen_uk_female_67,cards_atm_2,rushing_with_typos,cant seem to use my vrtual card keeps sayng error what do i do pls help
senior_citizen_uk_female_67,cards_atm_2,on_the_go_direct,"Why can't my virtual card work? At checkout now, urgent fix needed!"
senior_citizen_uk_female_67,cards_atm_2,voice_transcription,"hi, um my virtual card is like not working um i tried to use it for hotel booking and it's just not going through uh am i missing something or do i need to like do anything special with it"
senior_citizen_uk_female_67,cards_atm_2,poor_internet_connection,"trying to use my virtual card but nothing loads and i keep getting timeout errors, will my purchase go through or what should i do with this bad connection"
senior_citizen_uk_female_67,cards_atm_2,vague_first_message,"I tried to use my online card but the payment didn’t go through, what should I do?"
senior_citizen_uk_female_67,crypto_1,empty,I'm interested in doing something called crypto staking. Could you explain how it works and if there's any fee?
senior_citizen_uk_female_67,crypto_1,calm_at_home,I am trying to understand how crypto staking works in the Revolut app and if there are any fees involved when I participate. Could you clarify this for me?
senior_citizen_uk_female_67,crypto_1,panic_security_fear,"urgent help! can my crypto vanish if i try this staking thing? fee worries me, feel scammed, need clarity now!"
senior_citizen_uk_female_67,crypto_1,angry_after_waiting,Put my money in crypto but can't access or understand staking. Paid fees? I'M ANGRY! No help from app. Fix this NOW!
senior_citizen_uk_female_67,crypto_1,confused_by_app_updates,I'm trying to understand this staking thing for crypto. Where do I find the fees for this? I'm a bit lost and don't really see where to look in the app.
senior_citizen_uk_female_67,crypto_1,rushing_with_typos,how do i do that crypto staking thing and r there any fees i need to knw about pls
senior_citizen_uk_female_67,crypto_1,on_the_go_direct,"crypto staking costs, how much do i pay?"
senior_citizen_uk_female_67,crypto_1,voice_transcription,um i opened this thing for holiday money and now i'm curious about the crypto stuff they have i heard something about staking and fees just wondering uh does it cost me anything to do that
senior_citizen_uk_female_67,crypto_1,poor_internet_connection,Trying to understand crypto staking but app keeps getting stuck loading. Is there a fee and will action complete if my connection drops?
senior_citizen_uk_female_67,crypto_1,vague_first_message,"I put money in the app for crypto but it's less now, is this normal?"
b2b_ecommerce_merchant_male_31,other_1,empty,"I'm having trouble logging into my account, can you guide me on what merchants might be causing this issue?"
b2b_ecommerce_merchant_male_31,other_1,calm_at_home,I am having trouble logging into my Revolut account and want to verify if any restrictions apply to my account due to my involvement with multiple currency transactions and supplier payments.
b2b_ecommerce_merchant_male_31,other_1,panic_security_fear,"urgent problem can't log in to app, scared someone hacked my account or card blocked, need access now please help!"
b2b_ecommerce_merchant_male_31,other_1,angry_after_waiting,"Logged out of my Revolut app AGAIN. Tried everything, nothing works! Sick of this delay. I need access to my account NOW!"
b2b_ecommerce_merchant_male_31,other_1,confused_by_app_updates,i'm trying to log in but it says something about merchants not supported? i'm not sure what that means or how to fix it for my online shop using revolut
b2b_ecommerce_merchant_male_31,other_1,rushing_with_typos,"cant login my rev acct, coud it be cuz of any restricted merchants? rly need access asap pls help"
b2b_ecommerce_merchant_male_31,other_1,on_the_go_direct,"can't log into Revolut, urgent checkout issue, fix now"
b2b_ecommerce_merchant_male_31,other_1,voice_transcription,hey i'm like trying to login to my revolut app on my phone for my e-commerce stuff and it's not working did something change because i'm using the same way as before with no issues you know
b2b_ecommerce_merchant_male_31,other_1,poor_internet_connection,"trying to login to revolut app but it keeps loading and saying retry due to timeout, can i still process my payments during poor connection?"
b2b_ecommerce_merchant_male_31,other_1,vague_first_message,"can't log in, app says something about unsupported stores, please why is this happening?"
b2b_ecommerce_merchant_male_31,transfers_1,empty,How can I change my Revtag for transferring funds between my joint account and business partners?
b2b_ecommerce_merchant_male_31,transfers_1,calm_at_home,How can I transfer funds directly between my joint account and supplier invoices using my multi-currency corporate cards on Revolut?
b2b_ecommerce_merchant_male_31,transfers_1,panic_security_fear,"urgent issue! i think someone changed my Revtag without permission and funds didn’t go through, how to fix this now?"
b2b_ecommerce_merchant_male_31,transfers_1,angry_after_waiting,"TRANSFER FAILED! Joint account linked, payment stuck. Revtag issues. No help for days, losing PATIENCE. FIX it NOW!"
b2b_ecommerce_merchant_male_31,transfers_1,confused_by_app_updates,"i'm trying to transfer from our joint account but can't find where to add the recipient, can you guide me through it because i'm really confused with the options i see"
b2b_ecommerce_merchant_male_31,transfers_1,rushing_with_typos,trying to transfer funds from a joint account but getting errors what should i do pls fix
b2b_ecommerce_merchant_male_31,transfers_1,on_the_go_direct,"need to transfer funds but can't find joint account transfer option, urgent"
b2b_ecommerce_merchant_male_31,transfers_1,voice_transcription,hey so trying to do a transfer from my joint account but it's not going through like is there something i need to change with my account settings or am i missing a step
b2b_ecommerce_merchant_male_31,transfers_1,poor_internet_connection,"trying to send payment using joint account but app keeps timing out and upload errors, will transfer go through despite these issues or any steps with poor connection?"
b2b_ecommerce_merchant_male_31,transfers_1,vague_first_message,"i tried moving funds between accounts but it seems stuck or missing, what's going wrong?"
b2b_ecommerce_merchant_male_31,cards_atm_1,empty,Why am I unable to deposit more funds on my Revolut card when it’s linked to my business account?
b2b_ecommerce_merchant_male_31,cards_atm_1,calm_at_home,I'm trying to top up my Revolut card to settle supplier invoices but I'm facing some restrictions. Could you provide details on any limits or requirements that might apply?
b2b_ecommerce_merchant_male_31,cards_atm_1,panic_security_fear,"my card is blocked and I urgently need to process a supplier invoice, is this due to any deposit restrictions? please help fast!"
b2b_ecommerce_merchant_male_31,cards_atm_1,angry_after_waiting,My corporate card keeps getting rejected. Money is there. Limits? I NEED THIS RESOLVED NOW. Customer support has been useless so far.
b2b_ecommerce_merchant_male_31,cards_atm_1,confused_by_app_updates,"I’m trying to top-up my Ukraine card but it’s not allowing more funds, and I’m confused about these limits mentioned. Where exactly can I find out more about this?"
b2b_ecommerce_merchant_male_31,cards_atm_1,rushing_with_typos,my card deposit not wroking supplies payment stopped can u check if there's a limit or ban thx
b2b_ecommerce_merchant_male_31,cards_atm_1,on_the_go_direct,"card not accepting deposits in any currency, urgent fix needed"
b2b_ecommerce_merchant_male_31,cards_atm_1,voice_transcription,"um hey so i'm trying to top up my business card and there's this message about a limit because it's from a ukrainian source or something, can you explain what that means and how i can get around it, thanks"
b2b_ecommerce_merchant_male_31,cards_atm_1,poor_internet_connection,"my corporate card deposits are stuck loading, and i can't upload invoices either. is there a way to complete actions with a bad connection?"
b2b_ecommerce_merchant_male_31,cards_atm_1,vague_first_message,why can't i add money to my card from my ukraine account it says something like limit reached
b2b_ecommerce_merchant_male_31,savings_investments_1,empty,Can you explain how interest from Instant Access Savings is taxed on business accounts?
b2b_ecommerce_merchant_male_31,savings_investments_1,calm_at_home,I'm looking to understand if there are any promotional benefits for moving some funds into instant access savings and how taxes would affect potential earnings there.
b2b_ecommerce_merchant_male_31,savings_investments_1,panic_security_fear,"emergency! savings account suddenly shows less money, tax issues? please help now, afraid of fraud or loss!"
b2b_ecommerce_merchant_male_31,savings_investments_1,angry_after_waiting,Why is my savings interest delayed AGAIN? I need this sorted out immediately. Tired of the excuses and tax confusion.
b2b_ecommerce_merchant_male_31,savings_investments_1,confused_by_app_updates,"I’m seeing something about instant access savings but unsure how it works for my business. How do taxes apply on these savings? The options aren’t clear to me, please assist."
b2b_ecommerce_merchant_male_31,savings_investments_1,rushing_with_typos,"can't find info on instnt savings promo benefits, r they taxed, thx"
b2b_ecommerce_merchant_male_31,savings_investments_1,on_the_go_direct,what are the tax implications on the savings in my account
b2b_ecommerce_merchant_male_31,savings_investments_1,voice_transcription,"hey so i heard about some sorta savings thing with uh instant access and i'm curious does that affect like tax stuff for my business savings or how it's, um, reported or something thanks"
b2b_ecommerce_merchant_male_31,savings_investments_1,poor_internet_connection,"Trying to check Instant Access Savings on app, but it keeps getting stuck at loading. If connection drops, will my interest still accumulate or taxes apply correctly?"
b2b_ecommerce_merchant_male_31,savings_investments_1,vague_first_message,what happens to my business savings interest if i'm no longer using them right away for expenses
b2b_ecommerce_merchant_male_31,plans_billing_1,empty,"If I cancel my Premium plan, can I still file a claim for travel issues previously covered?"
b2b_ecommerce_merchant_male_31,plans_billing_1,calm_at_home,I'm reviewing my current plan benefits and have questions about the provider of event cancellation protection. Can you clarify who is responsible for this service?
b2b_ecommerce_merchant_male_31,plans_billing_1,panic_security_fear,"urgent, i had premium travel insurance but removed it, can i still make a claim, please help now, this is an emergency"
b2b_ecommerce_merchant_male_31,plans_billing_1,angry_after_waiting,Why is my Ultra trip protection not active? Already tried resolving this. NEED ANSWERS NOW. Beyond frustrated with lack of support.
b2b_ecommerce_merchant_male_31,plans_billing_1,confused_by_app_updates,"I'm a bit confused about the Ultra plan’s trip cancellation protection. Who actually provides it, and where do I find more details in the app? I'm not sure if I've located the right section."
b2b_ecommerce_merchant_male_31,plans_billing_1,rushing_with_typos,are ultra plan trip cancellations still covered after i stopped my premium insurance bit confused pls help
b2b_ecommerce_merchant_male_31,plans_billing_1,on_the_go_direct,Is Ultra trip protection affected if I change plans?
b2b_ecommerce_merchant_male_31,plans_billing_1,voice_transcription,uh so i have this question about event cancellation protection on my ultra plan like who exactly is providing that coverage cause i need to know in case i gotta make a claim you know
b2b_ecommerce_merchant_male_31,plans_billing_1,poor_internet_connection,"I'm dealing with connection drops while checking my plan benefits. Will my premium travel claim go through despite these errors, or should I try again when it loads properly?"
b2b_ecommerce_merchant_male_31,plans_billing_1,vague_first_message,what happens to my travel coverage if i change my plan now
b2b_ecommerce_merchant_male_31,fx_exchange_1,empty,Can you explain how currency conversion works when I use my Revolut card abroad?
b2b_ecommerce_merchant_male_31,fx_exchange_1,calm_at_home,Could you explain how the currency conversion process works when using Revolut for my corporate cards? I'm trying to understand if there are any additional fees involved.
b2b_ecommerce_merchant_male_31,fx_exchange_1,panic_security_fear,"urgent please! fx conversion looks wrong, charged more than expected on my purchase, is it fraud or currency error? need help now, losing money!"
b2b_ecommerce_merchant_male_31,fx_exchange_1,angry_after_waiting,Why are my card transactions using incorrect currency rates? This is hurting my business. FIX IT. Your support is too slow!
b2b_ecommerce_merchant_male_31,fx_exchange_1,confused_by_app_updates,"I'm confused about dynamic currency conversion. When making international payments, should I choose the app's rate or the one at checkout? The different rates are puzzling, not sure which is better."
b2b_ecommerce_merchant_male_31,fx_exchange_1,rushing_with_typos,why are rates diff when paying in usd but settled in eur bit confusing
b2b_ecommerce_merchant_male_31,fx_exchange_1,on_the_go_direct,Exchange rates at checkout seem off. How to avoid extra fees?
b2b_ecommerce_merchant_male_31,fx_exchange_1,voice_transcription,hey so um i'm trying to figure out how the currency rates are handled when i use my Revolut card for different countries you know like do i get the best rates or could it be converted differently?
b2b_ecommerce_merchant_male_31,fx_exchange_1,poor_internet_connection,"having issues with app not loading while checking exchange rate options, will the conversion go through once connection is stable or do i need to retry?"
b2b_ecommerce_merchant_male_31,fx_exchange_1,vague_first_message,"my online store payment charged extra, is the currency rate wrong or changed suddenly?"
b2b_ecommerce_merchant_male_31,business_merchant_1,empty,How can I resolve issues with my Revolut Terminal not processing multi-currency transactions smoothly for my clothing brand?
b2b_ecommerce_merchant_male_31,business_merchant_1,calm_at_home,I'm encountering issues processing transactions through the Revolut Terminal for my multi-currency e-commerce business. Could you please provide detailed guidance on how to resolve this?
b2b_ecommerce_merchant_male_31,business_merchant_1,panic_security_fear,emergency my supplier invoices and payouts not visible in app could this be fraud please help fix this now
b2b_ecommerce_merchant_male_31,business_merchant_1,angry_after_waiting,"Pro Terminal not working during checkout, losing sales. FIX THIS NOW. Tried contacting support before, no solution yet. Urgent!"
b2b_ecommerce_merchant_male_31,business_merchant_1,confused_by_app_updates,I'm trying to process sales but keep having issues with the terminal. I don't see the options I'm supposed to. How do I find the right menu to fix this?
b2b_ecommerce_merchant_male_31,business_merchant_1,rushing_with_typos,cn't get Revolut terminal work at checkout how do i fix fast thx
b2b_ecommerce_merchant_male_31,business_merchant_1,on_the_go_direct,"unable to process sales through terminal, need fix ASAP"
b2b_ecommerce_merchant_male_31,business_merchant_1,voice_transcription,uh so i'm having trouble with uh using the terminal for my business uh transactions don't seem to register correctly it's like my sales data from the pro catalogue isn't syncing right any ideas on what i might be missing
b2b_ecommerce_merchant_male_31,business_merchant_1,poor_internet_connection,"my connection drops when using the Revolut terminal, causing uploads to fail and stuck loading screens, will transaction complete if connection is poor?"
b2b_ecommerce_merchant_male_31,business_merchant_1,vague_first_message,"my checkout thing stopped working, can't take payments, need to fix for sales"
b2b_ecommerce_merchant_male_31,crypto_1,empty,How do the fees work if I decide to stake my crypto with your app?
b2b_ecommerce_merchant_male_31,crypto_1,calm_at_home,I'm considering crypto staking with Revolut and would like to know if there are any fees involved in the process. Can you provide details on how it works?
b2b_ecommerce_merchant_male_31,crypto_1,panic_security_fear,"urgent help, just started crypto staking, worried about fees or losing funds, what should i know, please clarify now"
b2b_ecommerce_merchant_male_31,crypto_1,angry_after_waiting,I NEED answers about crypto staking fees NOW. Why wasn't I informed earlier? This is UNACCEPTABLE! Resolve this immediately.
b2b_ecommerce_merchant_male_31,crypto_1,confused_by_app_updates,"i'm looking at the crypto section and there's something about staking but don't understand it well, especially where to find it or if there are fees, can you help clarify?"
b2b_ecommerce_merchant_male_31,crypto_1,rushing_with_typos,does staking crypto here have fees im new want to start thx
b2b_ecommerce_merchant_male_31,crypto_1,on_the_go_direct,"staking crypto, what's the cost? need quick info"
b2b_ecommerce_merchant_male_31,crypto_1,voice_transcription,uh can you tell me how staking works in the app like do I need to keep my crypto in there for a specific time and are there any fees involved um just trying to figure it out for my business thanks
b2b_ecommerce_merchant_male_31,crypto_1,poor_internet_connection,"trying to stake crypto but app keeps timing out and not loading properly, will staking still go through even with bad connection, or any fees i should know about"
b2b_ecommerce_merchant_male_31,crypto_1,vague_first_message,i put my crypto in that earning thing but now my balance shows less did i get charged for it
b2b_ecommerce_merchant_male_31,business_merchant_2,empty,Can you tell me how long it usually takes to get a Revolut Terminal after ordering?
b2b_ecommerce_merchant_male_31,business_merchant_2,calm_at_home,I'm considering using Revolut Terminals for my online clothing business. Can you explain their benefits and the timeframe to expect once I order one?
b2b_ecommerce_merchant_male_31,business_merchant_2,panic_security_fear,"urgent! waiting for my terminal delivery, no updates, can’t accept payments, worried about fraud risk please help now"
b2b_ecommerce_merchant_male_31,business_merchant_2,angry_after_waiting,"Where is my Revolut Terminal? Needed last week! Customer service has been USELESS! Can't wait any longer, fix this NOW!"
b2b_ecommerce_merchant_male_31,business_merchant_2,confused_by_app_updates,I'm trying to understand what a Revolut Terminal is for my e-commerce business. Where do I find this option or feature in the app? Confused about its purpose and use.
b2b_ecommerce_merchant_male_31,business_merchant_2,rushing_with_typos,when will my revolut terminal arrive ordered it last week need it for shopify payments thx
b2b_ecommerce_merchant_male_31,business_merchant_2,on_the_go_direct,need terminal for shopify gateway now when's delivery
b2b_ecommerce_merchant_male_31,business_merchant_2,voice_transcription,um hey so i ordered that terminal device thing for my shop and just wondering uh when would i expect to get that delivered cause i need it soon for new payment setups thanks
b2b_ecommerce_merchant_male_31,business_merchant_2,poor_internet_connection,"Revolut Terminal keeps getting stuck at loading, uploads failing due to timeout. Can I still complete payments with poor connection or will it need fixing first?"
b2b_ecommerce_merchant_male_31,business_merchant_2,vague_first_message,when do i get that device to take payments from my app sales in different currencies?
b2b_ecommerce_merchant_male_31,transfers_2,empty,How long does it usually take for an international transfer to complete with my Revolut account?
b2b_ecommerce_merchant_male_31,transfers_2,calm_at_home,Could you please clarify the time it generally takes for a multi-currency transfer to reach a supplier? I want to ensure my clothing brand's transactions are completed promptly.
b2b_ecommerce_merchant_male_31,transfers_2,panic_security_fear,"urgent transfer delay, sent payment to supplier but not received yet, worried about possible fraud or error, need confirmation now, please help!"
b2b_ecommerce_merchant_male_31,transfers_2,angry_after_waiting,"WHY is my international transfer STILL not in my supplier's account? Unacceptable delay and NO clear response, FIX THIS NOW!"
b2b_ecommerce_merchant_male_31,transfers_2,confused_by_app_updates,"I'm trying to transfer funds, but the app mentions fees and timeframes. Where exactly do I find the details? It's not clear, and I'm unsure if different currencies affect this."
b2b_ecommerce_merchant_male_31,transfers_2,rushing_with_typos,tried sending payment but not sure how long it takes could you confirm timing pls thx
b2b_ecommerce_merchant_male_31,transfers_2,on_the_go_direct,"why is my transfer to supplier not processed yet, time-sensitive order"
b2b_ecommerce_merchant_male_31,transfers_2,voice_transcription,hey i'm wondering how long it usually takes for a transfer to be completed because i was expecting funds from a supplier and it's like not showing up yet is there a way to track it or check if there's fees holding it up
b2b_ecommerce_merchant_male_31,transfers_2,poor_internet_connection,"trying to send multi-currency transfer but app stuck at loading screen, will it go through or is there a way to handle this during poor connection?"
b2b_ecommerce_merchant_male_31,transfers_2,vague_first_message,why is my transfer taking longer than usual and are there any hidden charges involved?
genz_crypto_trader_female_20,crypto_1,empty,"Is there a fee for staking crypto on Revolut, and how does the process work?"
genz_crypto_trader_female_20,crypto_1,calm_at_home,I'm interested in crypto staking on Revolut. Could you explain how it works and let me know if there are any fees involved?
genz_crypto_trader_female_20,crypto_1,panic_security_fear,"urgent! is my crypto staking safe? worried about fees or losses from my account suddenly, please help now!"
genz_crypto_trader_female_20,crypto_1,angry_after_waiting,"Why is there a fee for crypto staking? No one explained this before. Frustrated with delays, fix it NOW."
genz_crypto_trader_female_20,crypto_1,confused_by_app_updates,"I'm trying to stake my crypto, but I'm confused about how it works. I see something about fees—what exactly are these for, and how do I find out more?"
genz_crypto_trader_female_20,crypto_1,rushing_with_typos,hwy how's crypto staking work here n any fess involved need info fast pls
genz_crypto_trader_female_20,crypto_1,on_the_go_direct,"crypto staking fees, what are they? need to decide fast"
genz_crypto_trader_female_20,crypto_1,voice_transcription,uh so like i'm trying to figure out if their's a fee when i'm doing the crypto staking on the app i'm thinking of staking some of my assets but don't want surprise costs popping up thanks
genz_crypto_trader_female_20,crypto_1,poor_internet_connection,"trying to stake crypto but the app keeps timing out or gets stuck loading, do fees still apply if it fails during these connection issues?"
genz_crypto_trader_female_20,crypto_1,vague_first_message,"my crypto thing isn’t growing and i'm seeing fees, is there a charge for staking?"
genz_crypto_trader_female_20,cards_atm_1,empty,"Why can't I deposit funds to my card from certain sources, and are there limits on top-ups if I'm in Ukraine?"
genz_crypto_trader_female_20,cards_atm_1,calm_at_home,"I tried topping up my card, but it didn't work. Are there any restrictions or limits for deposits that I should be aware of?"
genz_crypto_trader_female_20,cards_atm_1,panic_security_fear,"my card deposit got blocked, is this a fraud?! please help me asap, this is an emergency, need funds now"
genz_crypto_trader_female_20,cards_atm_1,angry_after_waiting,WHY can't I deposit to my card? Tried multiple times. Limits should not block me! Fix this NOW or I'm done with Revolut.
genz_crypto_trader_female_20,cards_atm_1,confused_by_app_updates,"I'm trying to top up my card, but it says there might be a restriction. Is there a limit I'm missing or something related to my location?"
genz_crypto_trader_female_20,cards_atm_1,rushing_with_typos,my card declined when i tried topping up from ukraine is there a limit i dont know about pls help
genz_crypto_trader_female_20,cards_atm_1,on_the_go_direct,"card declined at checkout, says limit issue, need quick fix"
genz_crypto_trader_female_20,cards_atm_1,voice_transcription,hey just tried to add cash to my Revolut card from ukraine and it wont let me like is there a limit i missed or something cause i need to top up now for some stuff please help
genz_crypto_trader_female_20,cards_atm_1,poor_internet_connection,trying to top up my card but it keeps getting stuck at loading due to poor connection. will it process eventually or do i need better internet?
genz_crypto_trader_female_20,cards_atm_1,vague_first_message,tried to add funds from my card but it says no can you check why?
genz_crypto_trader_female_20,savings_investments_1,empty,How are the earnings from instant access savings treated for tax purposes?
genz_crypto_trader_female_20,savings_investments_1,calm_at_home,"I'm curious about how any potential taxes apply to my savings account earnings on Revolut. Could you clarify what's applicable, especially with the instant access savings feature?"
genz_crypto_trader_female_20,savings_investments_1,panic_security_fear,"i’m freaking out, are my savings gone? saw a weird tax notification, please help now emergency!"
genz_crypto_trader_female_20,savings_investments_1,angry_after_waiting,My savings aren't earning interest as promised. WHY? Already complained. Fix it NOW. Losing money! Need a response FAST!
genz_crypto_trader_female_20,savings_investments_1,confused_by_app_updates,I’m trying to understand Instant Access Savings in the app but can’t find clear info on taxes linked to them. Is there a specific tab or term I should look for?
genz_crypto_trader_female_20,savings_investments_1,rushing_with_typos,do i need pay taxes on my instant access savings earnings and how is that calculated thx
genz_crypto_trader_female_20,savings_investments_1,on_the_go_direct,"can't find details on instant savings taxes, need it now"
genz_crypto_trader_female_20,savings_investments_1,voice_transcription,"hey, i'm just trying to understand if my savings interest is taxed automatically or do i need to report it separately, and how does that affect my instant access account exactly, it's like kinda confusing you know"
genz_crypto_trader_female_20,savings_investments_1,poor_internet_connection,"trying to move funds to savings but connection drops, app freezes and says timeout, will it finish when stable or do i retry?"
genz_crypto_trader_female_20,savings_investments_1,vague_first_message,"why no bonus on my savings account money, expected more interest this month?"
genz_crypto_trader_female_20,plans_billing_1,empty,"Who manages the Ultra trip cancellation coverage, and can I claim if Premium travel insurance is removed?"
genz_crypto_trader_female_20,plans_billing_1,calm_at_home,I noticed that the Premium travel insurance has been removed from my plan. Could you guide me on how to make a claim if needed?
genz_crypto_trader_female_20,plans_billing_1,panic_security_fear,"please help! i was relying on ultra trip protection but now it's gone, what happens to my claims? emergency!"
genz_crypto_trader_female_20,plans_billing_1,angry_after_waiting,"Ultra trip protection issues, who covers it? Been waiting for an answer! Fix the mess. This is unacceptable, solve it NOW!"
genz_crypto_trader_female_20,plans_billing_1,confused_by_app_updates,"i'm a bit lost about the insurance coverage for trips, who exactly provides the event cancellation protection, i'm not sure where to find this info on my plan?"
genz_crypto_trader_female_20,plans_billing_1,rushing_with_typos,i heard premium travel insurance removed what happens if need claim now who actually handles it now
genz_crypto_trader_female_20,plans_billing_1,on_the_go_direct,Can't find Ultra trip protection details. Who's covering this? Boarding soon!
genz_crypto_trader_female_20,plans_billing_1,voice_transcription,hey so uh i just like saw this thing about travel cover not being their with my premium plan anymore does that mean i can't claim if something goes wrong on my trip now or like what's the deal
genz_crypto_trader_female_20,plans_billing_1,poor_internet_connection,"Trying to check crypto staking but app keeps timing out. If my connection is bad, will actions like claiming event protection still go through?"
genz_crypto_trader_female_20,plans_billing_1,vague_first_message,who handles cancelling trips and events on my new plan?
genz_crypto_trader_female_20,business_merchant_1,empty,Why am I having issues with my Revolut Terminal when processing card payments from my Pro product catalogue?
genz_crypto_trader_female_20,business_merchant_1,calm_at_home,How can I resolve issues with my Revolut Terminal when it won't process sales from my Pro product catalogue? I'm at home and have time to troubleshoot this.
genz_crypto_trader_female_20,business_merchant_1,panic_security_fear,terminal not working during sales event huge problem can’t process payments worried about fraud or loss need urgent fix now please help
genz_crypto_trader_female_20,business_merchant_1,angry_after_waiting,"Revolut Terminal keeps failing during transactions. This is unacceptable! Tried fixing it, ZERO support. I need a solution NOW."
genz_crypto_trader_female_20,business_merchant_1,confused_by_app_updates,"I'm trying to access the product catalogue for my Revolut Pro, but I can't find where it is in the app. Could you point me in the right direction?"
genz_crypto_trader_female_20,business_merchant_1,rushing_with_typos,"cnt get my revolut terminal to work, transactions not processing, any tips, need this for sales thx"
genz_crypto_trader_female_20,business_merchant_1,on_the_go_direct,"Revolut Terminal not processing payments during busy checkout, need fix now."
genz_crypto_trader_female_20,business_merchant_1,voice_transcription,um so i'm trying to use my revolut terminal for sales and like it's not processing payments from my pro product catalogue is there some steps i'm missing or is it a tech issue because i'm like confused
genz_crypto_trader_female_20,business_merchant_1,poor_internet_connection,"Revolut Terminal keeps dropping connection while uploading my product catalogue, stuck at loading. Will it complete uploads later or what can I do with poor connectivity?"
genz_crypto_trader_female_20,business_merchant_1,vague_first_message,"tried using that payment machine, sales not showing up or money missing, what's happening?"
genz_crypto_trader_female_20,transfers_1,empty,How can I transfer funds from my joint account if I change my Revtag?
genz_crypto_trader_female_20,transfers_1,calm_at_home,"I recently tried transferring funds from my joint account, but my Revtag seems outdated. How can I update it for seamless transfers?"
genz_crypto_trader_female_20,transfers_1,panic_security_fear,"tried sending money to my friend using joint account but it's not showing who it's from, need to fix this now please emergency"
genz_crypto_trader_female_20,transfers_1,angry_after_waiting,Joint account transfer is stuck. Why is it taking so long? Tried changing Revtag. Nothing! FIX THIS NOW. Need immediate resolution.
genz_crypto_trader_female_20,transfers_1,confused_by_app_updates,"I'm trying to transfer from a joint account, but I don't see any option for Revtag. What exactly is a Revtag and where can I find it in the app?"
genz_crypto_trader_female_20,transfers_1,rushing_with_typos,trying to send money to joint account but something combo with revtag need to change help pls
genz_crypto_trader_female_20,transfers_1,on_the_go_direct,"Can't transfer funds, is my Revtag correct?"
genz_crypto_trader_female_20,transfers_1,voice_transcription,hey so i'm trying to send money to someone and they can't see my transfer using revtag i think i might need to update my revtag or something any idea how to fix this
genz_crypto_trader_female_20,transfers_1,poor_internet_connection,"trying to transfer from joint account but app keeps timing out and getting stuck loading, will it go through if i retry with weak connection?"
genz_crypto_trader_female_20,transfers_1,vague_first_message,how can i fix the thing so my friend can send money to our joint thing it keeps bouncing back
genz_crypto_trader_female_20,family_joint_1,empty,Can I set up and manage an allowance for my younger sibling's Revolut card within the app?
genz_crypto_trader_female_20,family_joint_1,calm_at_home,"Can Revolut Kids accounts receive money from relatives for birthday gifts, and how does the process work with the app?"
genz_crypto_trader_female_20,family_joint_1,panic_security_fear,"my kid's account shows a payment I don't recognize, possible fraud? please help urgent!"
genz_crypto_trader_female_20,family_joint_1,angry_after_waiting,"Why can't my little brother use his Revolut card? Tried fixing it, no success. This is ANNOYING, fix it NOW!"
genz_crypto_trader_female_20,family_joint_1,confused_by_app_updates,I'm confused about the 'Save' feature for kids' accounts. Where exactly do I find this option in the app? I don't see any clear menu for setting it up.
genz_crypto_trader_female_20,family_joint_1,rushing_with_typos,how can i set up payments for my brother through the teens account or not possible
genz_crypto_trader_female_20,family_joint_1,on_the_go_direct,"can't add to my kid's savings, app keeps crashing, urgent"
genz_crypto_trader_female_20,family_joint_1,voice_transcription,hey so like I want to set up some account thing for my younger brother with Revolut but I'm not sure how payments work for kids or like if their savings are just automatic can you explain
genz_crypto_trader_female_20,family_joint_1,poor_internet_connection,"Trying to set up my teen's account but app keeps getting stuck at loading. Will their account save even if there's a connection drop, or should I retry later?"
genz_crypto_trader_female_20,family_joint_1,vague_first_message,"my kid's balance shows zero but i transferred money for allowance, where did it go"
genz_crypto_trader_female_20,fx_exchange_1,empty,Does Revolut apply dynamic currency conversion at ATMs or when making card purchases abroad?
genz_crypto_trader_female_20,fx_exchange_1,calm_at_home,"Can you explain how dynamic currency conversion affects foreign transactions with Revolut, and what exchange rate would be applied if I opt to use it?"
genz_crypto_trader_female_20,fx_exchange_1,panic_security_fear,"urgent! bought something abroad and rate seems off, can't afford bad rates now. anything wrong with my currency setting? please help!"
genz_crypto_trader_female_20,fx_exchange_1,angry_after_waiting,"Why am I being charged extra with DCC when I already picked GBP? Unacceptable delay, fix this now!"
genz_crypto_trader_female_20,fx_exchange_1,confused_by_app_updates,"I'm confused about how Revolut charges in foreign currency. What is Dynamic Currency Conversion, and how do I know if I'm getting the best exchange rate when traveling?"
genz_crypto_trader_female_20,fx_exchange_1,rushing_with_typos,"what's the fx rate for converting usd to eur is it better than bank rates, dont wanna get hit by dcc thx"
genz_crypto_trader_female_20,fx_exchange_1,on_the_go_direct,stuck at checkout why is my transaction in usd not my local currency
genz_crypto_trader_female_20,fx_exchange_1,voice_transcription,"um, hey so i'm like trying to do a transaction abroad and i'm confused about this currency thing, is it better to like use my local card currency or should i just go with whatever the atm suggests"
genz_crypto_trader_female_20,fx_exchange_1,poor_internet_connection,"app's stuck loading, need to know if rates are fixed after dynamic currency check fails, will exchange complete properly even if connection times out?"
genz_crypto_trader_female_20,fx_exchange_1,vague_first_message,"paid for something abroad, amount looks way different than expected, did I pick the wrong option?"
genz_crypto_trader_female_20,crypto_2,empty,Can I log in to check which crypto networks and exchanges are supported for deposits?
genz_crypto_trader_female_20,crypto_2,calm_at_home,"I'm having trouble logging into my account. Could you clarify which cryptocurrency deposit methods and exchanges are compatible, and if there are any restrictions on where I can withdraw funds?"
genz_crypto_trader_female_20,crypto_2,panic_security_fear,"urgent! can't log in, worried about crypto deposit, is my withdrawal address supported for returning funds? please help now!"
genz_crypto_trader_female_20,crypto_2,angry_after_waiting,"WHY can't I login and access my crypto? Tried everything! Fix this NOW. Your support is seriously lacking, unacceptable delay!"
genz_crypto_trader_female_20,crypto_2,confused_by_app_updates,I'm trying to log in and it asks about crypto deposit currencies and networks. Where exactly do I find these options in the app? It's kind of confusing.
genz_crypto_trader_female_20,crypto_2,rushing_with_typos,can't login my rev accnt is it my crypto ntwrk causing issue pls fix thx
genz_crypto_trader_female_20,crypto_2,on_the_go_direct,"can't log in while depositing crypto, transaction stuck, instructions?"
genz_crypto_trader_female_20,crypto_2,voice_transcription,uh I'm trying to log in and do something with my crypto like I want to know if I can deposit from my specific exchange and what currency I should use because uh I'm a bit lost thanks
genz_crypto_trader_female_20,crypto_2,poor_internet_connection,"stuck at loading while trying to deposit crypto, does it go through if connection drops or do i have to retry when network stable?"
genz_crypto_trader_female_20,crypto_2,vague_first_message,"can't log into my account after trying to move crypto, what should i do?"
genz_crypto_trader_female_20,savings_investments_2,empty,How does being a restricted investor affect my ability to save or invest using the app?
genz_crypto_trader_female_20,savings_investments_2,calm_at_home,Can you clarify the differences between high-net-worth and restricted investor statuses? I'm exploring savings options and want to understand how these categories might affect my investment capabilities.
genz_crypto_trader_female_20,savings_investments_2,panic_security_fear,"I saw the app say I'm a restricted investor, is my savings at risk please help emergency!"
genz_crypto_trader_female_20,savings_investments_2,angry_after_waiting,"WHY am I marked as restricted investor? Tried fixing it, getting nowhere. Can't touch my savings! Immediate action needed. This is absurd!"
genz_crypto_trader_female_20,savings_investments_2,confused_by_app_updates,"I'm looking at the app and saw terms like 'high-net-worth' and 'restricted investor', but I don't get what they mean. How does this affect my savings options?"
genz_crypto_trader_female_20,savings_investments_2,rushing_with_typos,am i high-networth or restricted investor cause i'm not sure what diff is thx
genz_crypto_trader_female_20,savings_investments_2,on_the_go_direct,Can't save with this status. Explain restricted investor now.
genz_crypto_trader_female_20,savings_investments_2,voice_transcription,hey so like if i'm using my app and it shows something about being a restricted investor like what exactly does that mean for my savings plan cause i'm kinda confused about what restrictions it puts on me
genz_crypto_trader_female_20,savings_investments_2,poor_internet_connection,"Trying to view savings options but app's not loading, and I keep getting timeout errors. If I'm marked as a certain type of investor, will this affect savings features?"
genz_crypto_trader_female_20,savings_investments_2,vague_first_message,why am i seeing a warning about my investor status on the savings thing
migrant_worker_remittance_male_38,transfers_1,empty,How can I change my Revtag for sending money to Morocco?
migrant_worker_remittance_male_38,transfers_1,calm_at_home,How can I change my account name used for sending money to my family in Morocco? I want it to be easier for them to recognize.
migrant_worker_remittance_male_38,transfers_1,panic_security_fear,money not arriving in morocco account yet transfer was made is this fraud please help now quickly
migrant_worker_remittance_male_38,transfers_1,angry_after_waiting,"MONEY STUCK! Sent to Morocco, but nothing! IBAN fees? Takes too long! REVOLUT FIX THIS NOW!"
migrant_worker_remittance_male_38,transfers_1,confused_by_app_updates,"I try send money to Morocco but confused about transfer charges and what IBAN mean. Where I change my tag for better rates, or is it something else needed?"
migrant_worker_remittance_male_38,transfers_1,rushing_with_typos,how to transfer joint account money to morocco fast pls fx too high
migrant_worker_remittance_male_38,transfers_1,on_the_go_direct,"sending money to Morocco, high fee why? need fast transfer"
migrant_worker_remittance_male_38,transfers_1,voice_transcription,um hi i'm trying send money to morocco but it's taking long can i change like my revtag or something to make it faster because fees surprise me sometimes and i need it to be quicker
migrant_worker_remittance_male_38,transfers_1,poor_internet_connection,"trying to send money to morocco but the app keeps stuck at loading after enter IBAN, will the transfer go through if connection drops?"
migrant_worker_remittance_male_38,transfers_1,vague_first_message,"my money gone when sending home to Morocco, maybe wrong code or button, how fix?"
migrant_worker_remittance_male_38,fx_exchange_1,empty,"Can you explain how your exchange rates work for sending money to Morocco? I want good rates, avoid big fees."
migrant_worker_remittance_male_38,fx_exchange_1,calm_at_home,"I send money to Morocco every week. Can you explain how the exchange rate works with Revolut, and if the rate is different using local currency or my card currency?"
migrant_worker_remittance_male_38,fx_exchange_1,panic_security_fear,emergency please why is my transaction more expensive than expected is this fraud i need to know exchange rate used now!
migrant_worker_remittance_male_38,fx_exchange_1,angry_after_waiting,Why so slow exchange rate? My money transfer costs too high! FIX IT NOW! No one helped before. Frustrating!
migrant_worker_remittance_male_38,fx_exchange_1,confused_by_app_updates,i try send money to Morocco see something about currency conversion is this affecting exchange rate i get confused where to see correct rate can you help
migrant_worker_remittance_male_38,fx_exchange_1,rushing_with_typos,how rate change when sending dirhams morocco any hidden fees i miss it pls answer fast
migrant_worker_remittance_male_38,fx_exchange_1,on_the_go_direct,"ATM gives dirhams, charged in euros, fix currency issue fast please"
migrant_worker_remittance_male_38,fx_exchange_1,voice_transcription,"uh, i want to know about this, you know, the currency thing when sending money, does revolut give me good rates because i'm sending to morocco weekly and fees like hurt my money you know"
migrant_worker_remittance_male_38,fx_exchange_1,poor_internet_connection,when i try to change money in app it gets stuck at loading page is exchange rate same if retry later with slow connection
migrant_worker_remittance_male_38,fx_exchange_1,vague_first_message,"why my exchange rate for dirhams is not same when I send to Morocco, was it supposed to change?"
migrant_worker_remittance_male_38,cards_atm_1,empty,"My card can't deposit money to my account, why is this happening?"
migrant_worker_remittance_male_38,cards_atm_1,calm_at_home,"Why my card not allow top-up from Ukraine? I send money to Morocco weekly, need fast transfer."
migrant_worker_remittance_male_38,cards_atm_1,panic_security_fear,my card not working to send money morocco urgent i think something wrong please fix now
migrant_worker_remittance_male_38,cards_atm_1,angry_after_waiting,"Why can't I add money to card? Tried before, still nothing! FIX IT NOW. Need it urgently!"
migrant_worker_remittance_male_38,cards_atm_1,confused_by_app_updates,i try use card to send money but it say no can you explain why this happen or where to check top-up limit
migrant_worker_remittance_male_38,cards_atm_1,rushing_with_typos,my card can't deposit money to my moroccan bank tell me why pls
migrant_worker_remittance_male_38,cards_atm_1,on_the_go_direct,my card not working at atm says restricted why?
migrant_worker_remittance_male_38,cards_atm_1,voice_transcription,hi my card not work when i try to send money to morocco um it says blocked or something can you fix it please need it fast for my family thanks
migrant_worker_remittance_male_38,cards_atm_1,poor_internet_connection,"card not working for top-up, app stuck loading, connection timeout, what happen with poor signal, will top-up work or need do again?"
migrant_worker_remittance_male_38,cards_atm_1,vague_first_message,why my card can't add money from other card? it says no deposit allowed
migrant_worker_remittance_male_38,savings_investments_1,empty,How can I save money quickly with lower fees and good interest rates?
migrant_worker_remittance_male_38,savings_investments_1,calm_at_home,Can you explain how to get the savings bonus and if I need to pay any tax on my savings? I want to save more money.
migrant_worker_remittance_male_38,savings_investments_1,panic_security_fear,"i use savings for remittances, worried about taxes or fees taking money, emergency clear this up now please"
migrant_worker_remittance_male_38,savings_investments_1,angry_after_waiting,"Why my savings not getting interest? Takes too long, no help before. FIX IT NOW!"
migrant_worker_remittance_male_38,savings_investments_1,rushing_with_typos,how fast i get access to savings and is there any tax i pay pls
migrant_worker_remittance_male_38,savings_investments_1,on_the_go_direct,Need to know tax on savings interest. Fast answer please.
ultra_globetrotter_executive_female_42,travel_insurance_claim_question,confused_by_app_updates,"I'm confused about the term 'cancel for any reason' for trip insurance. How does it differ from other coverage, and where do I start the claim process in the app?"
migrant_worker_remittance_male_38,savings_investments_1,voice_transcription,hello i need to know about saving money in the app do i have to pay taxes if i keep money in the saving account because i want to keep it their for emergency use thank you
migrant_worker_remittance_male_38,savings_investments_1,poor_internet_connection,trying to move savings into instant access but screen stuck at loading is problem connection or will it work later
migrant_worker_remittance_male_38,savings_investments_1,vague_first_message,why i get charged when i try save my money it supposed to be free right
migrant_worker_remittance_male_38,plans_billing_1,empty,Can I still make a trip cancellation claim if I stop my Premium insurance plan?
migrant_worker_remittance_male_38,plans_billing_1,calm_at_home,I need to know about who can support me with Ultra plan trip and event cancellation protection if something goes wrong.
migrant_worker_remittance_male_38,plans_billing_1,panic_security_fear,"urgent! what happens my travel protection if plan stops? need to send money to family, worried!"
migrant_worker_remittance_male_38,plans_billing_1,angry_after_waiting,I'm sick of no help! My trip got canceled. Who do I contact for this problem? I want my money back quickly!
migrant_worker_remittance_male_38,plans_billing_1,confused_by_app_updates,"I don’t understand about trip cancel coverage, what is Ultra plan giving if I buy it? I see something about it in app, but not sure what it means."
migrant_worker_remittance_male_38,plans_billing_1,rushing_with_typos,"need to know if trip cancel insurance active if remove premium plan, how covers work"
migrant_worker_remittance_male_38,plans_billing_1,on_the_go_direct,"need to claim insurance but plan is gone, what do now?"
migrant_worker_remittance_male_38,plans_billing_1,voice_transcription,um hi i need to know if the travel insurance still covers me if i cancel my premium plan i send money to morocco every week so i really need to understand how it works thanks
migrant_worker_remittance_male_38,plans_billing_1,poor_internet_connection,"app not loading good, trying to check trip cancel cover, who helps if my premium insurance removed, will this work if connection bad or retry needed?"
migrant_worker_remittance_male_38,plans_billing_1,vague_first_message,"I send money to Morocco every week, now fees are higher. Why this happening?"
migrant_worker_remittance_male_38,family_joint_1,empty,How to send money to my kid's account with low fees and save time?
migrant_worker_remittance_male_38,family_joint_1,calm_at_home,"Can my child save money in their own Revolut account if I send money there, and how to set it up on the app?"
migrant_worker_remittance_male_38,family_joint_1,panic_security_fear,my child sent money to wrong person by accident please help me stop this fast i don’t want to lose money
migrant_worker_remittance_male_38,family_joint_1,angry_after_waiting,My kid's card not working. Frustrating! NEED to send money for family in Morocco. FIX this NOW! Already tried fixing. No help before!
migrant_worker_remittance_male_38,family_joint_1,confused_by_app_updates,"i am trying to send money to my kid with the app but i don't see how to do this for a teenager account, what does this mean?"
migrant_worker_remittance_male_38,family_joint_1,rushing_with_typos,hi how to send money fast to my kids card pls fees too high fix
migrant_worker_remittance_male_38,family_joint_1,on_the_go_direct,"need to send money to my child's Revolut account fast, help steps please"
migrant_worker_remittance_male_38,family_joint_1,voice_transcription,um how does the kids account like savings work i want to send money to my family and maybe save something for my kid can they use the money like for school things
migrant_worker_remittance_male_38,family_joint_1,poor_internet_connection,"Kids app not loading, I try sending pocket money, but it fails, keeps saying 'retry' or 'timeout'. Does it complete later when connection is bad?"
migrant_worker_remittance_male_38,family_joint_1,vague_first_message,"I try to send money to family but it disappears from my balance, why?"
migrant_worker_remittance_male_38,other_1,empty,I cannot log in to my Revolut app. Can this be because I send money to Morocco?
migrant_worker_remittance_male_38,other_1,calm_at_home,I try to log in to my app but fail. Is there a problem with sending money to Morocco today?
migrant_worker_remittance_male_38,other_1,panic_security_fear,"can't log in my account! worried about fraud or loss, maybe someone hack it? please help fix it fast!"
migrant_worker_remittance_male_38,other_1,angry_after_waiting,"WHY can't I login? App won't work! Already tried fixing this, no help! Losing money on transfers to Morocco, FIX NOW!"
migrant_worker_remittance_male_38,other_1,confused_by_app_updates,i try log in to app but see message about merchants not supported what does this mean am i doing something wrong
migrant_worker_remittance_male_38,other_1,rushing_with_typos,help cant log in app fast need send money morocco family pls fix login problem thx
migrant_worker_remittance_male_38,other_1,on_the_go_direct,"can't login to app, boarding flight, need fast fix"
migrant_worker_remittance_male_38,other_1,voice_transcription,uh hello i can't log into my revolut app keeps saying error when i try to send my money to morocco fast um any idea what i should do now need to transfer money quickly to family
migrant_worker_remittance_male_38,other_1,poor_internet_connection,"i try login but app stuck at loading, internet is weak here, will it work if connection fails or do i retry? need send money fast"
migrant_worker_remittance_male_38,other_1,vague_first_message,"i try login but it not working, does it because of my location or something else?"
migrant_worker_remittance_male_38,business_merchant_1,empty,"why does my Revolut terminal not process payments quickly, need it faster for my work in Morocco"
migrant_worker_remittance_male_38,business_merchant_1,calm_at_home,I cannot find how to manage my product prices in the app for selling items with Revolut Pro. Can you guide me?
migrant_worker_remittance_male_38,business_merchant_1,panic_security_fear,"i think maybe fraud? transaction wrong with my card reader at work, not working correct. please help now, emergency!"
migrant_worker_remittance_male_38,business_merchant_1,angry_after_waiting,Terminal not working again. Clients waiting. Losing sales! TRYING TO FIX MANY TIMES! Why so slow to help? FIX THIS NOW!
migrant_worker_remittance_male_38,business_merchant_1,confused_by_app_updates,I need help with Revolut Terminal. It's not working and I don’t see the menu option for my sales list. Where should I look?
migrant_worker_remittance_male_38,business_merchant_1,rushing_with_typos,"terminal machne not wrking rght, cant process saless, pls help fix fast"
migrant_worker_remittance_male_38,business_merchant_1,on_the_go_direct,"terminal not working, can't process payments, need fix fast please"
migrant_worker_remittance_male_38,business_merchant_1,voice_transcription,um i used the revolut terminal but it's not working right i think it’s not reading cards properly can you check this for me i need it for business thanks
migrant_worker_remittance_male_38,business_merchant_1,poor_internet_connection,"my revolut app is not loading catalogue properly, uploads stuck, and poor connection causing timeout. will sales go through anyway?"
migrant_worker_remittance_male_38,business_merchant_1,vague_first_message,"my money missing after using that machine for pay, what happen to the money"
migrant_worker_remittance_male_38,transfers_2,empty,"How long will it take to send money to Morocco, and what fees should I expect?"
migrant_worker_remittance_male_38,transfers_2,calm_at_home,I need to send money to my family in Morocco every week. How long do transfers usually take and what are the fees for sending through your app?
migrant_worker_remittance_male_38,transfers_2,panic_security_fear,"my money to Morocco not arrived yet, is it lost? I paid for quick transfer, please help now, emergency!"
migrant_worker_remittance_male_38,transfers_2,angry_after_waiting,TRANSFER DELAYED AGAIN! Why ALWAYS takes so long? I need money FAST! Not first time this happens. FIX this. Too many fees!
migrant_worker_remittance_male_38,transfers_2,rushing_with_typos,why my transfer to morocco so slow takes too long pls fix fast need send money
migrant_worker_remittance_male_38,transfers_2,on_the_go_direct,"transfer to Morocco delayed, how long it takes, need money fast"
migrant_worker_remittance_male_38,transfers_2,voice_transcription,hi um so i send money to morocco every week and like it takes long sometimes and i don’t know why um does it have something to do with like extra fees or ibans it’s confusing
migrant_worker_remittance_male_38,transfers_2,poor_internet_connection,"my transfer to morocco got stuck at loading, will it still go through? bad connection made upload fail, please help"
migrant_worker_remittance_male_38,transfers_2,vague_first_message,"my money to Morocco not arrived yet, it was sent days ago why is it taking long?"
migrant_worker_remittance_male_38,fx_exchange_2,empty,What exchange rate do you use for sending money to Morocco?
migrant_worker_remittance_male_38,fx_exchange_2,calm_at_home,I send money to Morocco every week. Can you explain if Revolut offers exchange rates better than banks? I want the best rate without extra fees.
migrant_worker_remittance_male_38,fx_exchange_2,panic_security_fear,"need help now, exchange rate wrong when sending dirhams, i lose more money, emergency, fix fast please"
migrant_worker_remittance_male_38,fx_exchange_2,angry_after_waiting,Money lost with your rates! Why I pay more than market exchange? FIX this. Already missed deadline due to delay!
migrant_worker_remittance_male_38,fx_exchange_2,rushing_with_typos,exchange rate in app differnt from what i got why pls help fast need to send money to morroco
migrant_worker_remittance_male_38,fx_exchange_2,on_the_go_direct,Why exchange rate different at ATM? More fee than expected. Help.
migrant_worker_remittance_male_38,fx_exchange_2,voice_transcription,"um sending money to Morocco each week and worried about fees, do i pick like the right type of currency at atm to avoid extra charges because i heard something about different exchange rates but not sure"
migrant_worker_remittance_male_38,fx_exchange_2,poor_internet_connection,app stuck loading when i try to see exchange rates for sending money to Morocco. will it continue without good connection or wait for internet fix?
migrant_worker_remittance_male_38,fx_exchange_2,vague_first_message,"why my money less after sending to Morocco, rates not same yesterday"
young_parent_family_budget_female_34,family_joint_1,empty,"How can I help my kids set savings goals through their Revolut app, and can they track their progress independently?"
young_parent_family_budget_female_34,family_joint_1,calm_at_home,"How can I encourage my kids to save more effectively using their Revolut cards, while ensuring they can still make necessary purchases?"
young_parent_family_budget_female_34,family_joint_1,panic_security_fear,my teen's card shows payments at places they've never been and i'm worried it's fraud please help fix this now!
young_parent_family_budget_female_34,family_joint_1,angry_after_waiting,Why are my kids’ cards not processing payments? Tried fixing it. Still not working. UNACCEPTABLE. Need this sorted NOW. This app is failing us.
young_parent_family_budget_female_34,family_joint_1,confused_by_app_updates,I’m trying to figure out how the kids' savings work with their cards. It mentions something about goals but I’m not seeing that option anywhere. How do I set it up?
young_parent_family_budget_female_34,family_joint_1,rushing_with_typos,can kids transfer funds btween their cards or only from mine? bit confused pls help
young_parent_family_budget_female_34,family_joint_1,on_the_go_direct,"Kids card declined at checkout, why? Need it working now!"
young_parent_family_budget_female_34,family_joint_1,voice_transcription,uh how can i like check if my kid's spending limits are okay because we just set it up and um i'm not sure if their spending is covered by that everyday protection stuff
young_parent_family_budget_female_34,family_joint_1,poor_internet_connection,"Trying to set up saving goals for my kids, but the app keeps timing out. Will it still work if my connection is unstable?"
young_parent_family_budget_female_34,family_joint_1,vague_first_message,"my child's pocket money didn't go through from their card, can you check why?"
young_parent_family_budget_female_34,cards_atm_1,empty,Why is there a limit on how much I can add to my Revolut card from my bank?
young_parent_family_budget_female_34,cards_atm_1,calm_at_home,"I'm trying to deposit funds onto my Revolut card for my family's expenses, but it's not working. Could there be any rules or restrictions affecting this process?"
young_parent_family_budget_female_34,cards_atm_1,panic_security_fear,"kids card declined suddenly at grocery store, worried about fraud or limit reached, need it fixed now please help!"
young_parent_family_budget_female_34,cards_atm_1,angry_after_waiting,Why can't I deposit money to my kid's card? It's URGENT and already took forever. Frustrated with no previous help. Fix NOW.
young_parent_family_budget_female_34,cards_atm_1,confused_by_app_updates,"I'm trying to top up my kid's card, but I keep getting an error about deposit limits. Can you explain where I find information on this, or how to do it correctly?"
young_parent_family_budget_female_34,cards_atm_1,rushing_with_typos,why can't i deposit on my teens card says it's restricted how do i fix thx
young_parent_family_budget_female_34,cards_atm_1,on_the_go_direct,"my card got blocked at checkout, says limit issue, need fix now"
young_parent_family_budget_female_34,cards_atm_1,voice_transcription,um hey so i tried to top up my kid's card but it's saying something about a restriction limit or deposit issue is there a cap on how much i can do at once or is it something else thanks
young_parent_family_budget_female_34,cards_atm_1,poor_internet_connection,"Trying to top up my kid's card but the app keeps timing out and not processing. Are there limits or restrictions, especially with a poor connection?"
young_parent_family_budget_female_34,cards_atm_1,vague_first_message,"my kid's card won't let me put more money on it, is there a limit?"
young_parent_family_budget_female_34,savings_investments_1,empty,Could you explain how the savings promotion works and if there are any tax implications?
young_parent_family_budget_female_34,savings_investments_1,calm_at_home,"I'm considering opening an Instant Access Savings account. Can you clarify if any tax implications apply to the interest earned, and how they might impact my savings goals?"
young_parent_family_budget_female_34,savings_investments_1,panic_security_fear,"urgent! are my savings secure from fraud? need to know about taxes, feel like losing money please help now"
young_parent_family_budget_female_34,savings_investments_1,angry_after_waiting,"WHY am I not getting instant access to savings? Already reached out, NO response. Fix this NOW! Tired of waiting! Taxes info unclear too. Disappointed!"
young_parent_family_budget_female_34,savings_investments_1,confused_by_app_updates,"I'm looking at the savings section and see something about instant access, but I'm not sure what it means. How does it affect my savings, and are there any tax implications?"
young_parent_family_budget_female_34,savings_investments_1,rushing_with_typos,can u tell me if savings interest is taxed n how often is it added thx
young_parent_family_budget_female_34,savings_investments_1,on_the_go_direct,Need quick info: how's my savings interest taxed here?
young_parent_family_budget_female_34,savings_investments_1,voice_transcription,hey i'm trying to figure out like how does the instant access savings thing work with the tax part um do my savings get taxed automatically or do i need to report them myself it's a bit confusing thanks
young_parent_family_budget_female_34,savings_investments_1,poor_internet_connection,"I'm trying to review Instant Access Savings details but the app keeps getting stuck at loading. If my connection drops, will savings interest promos still apply?"
young_parent_family_budget_female_34,savings_investments_1,vague_first_message,"Where do I see how much I earn on the savings thing, and do I need to pay taxes?"
young_parent_family_budget_female_34,plans_billing_1,empty,"If I cancel my Premium plan, do I lose my travel insurance benefits immediately?"
young_parent_family_budget_female_34,plans_billing_1,calm_at_home,I'm considering changes to my insurance plan and wondered who covers the cancellation protection for trips and events under the Ultra plan?
young_parent_family_budget_female_34,plans_billing_1,panic_security_fear,"my Premium travel insurance got canceled, but what if my trip gets canceled now, is my protection gone? please help, urgent!"
young_parent_family_budget_female_34,plans_billing_1,angry_after_waiting,"Where's the Ultra trip cancellation protection info? I need answers, not runarounds. Already tried claiming after my Premium plan was pulled. Unacceptable delays!"
young_parent_family_budget_female_34,plans_billing_1,confused_by_app_updates,"I can’t seem to find any details on how Ultra plan protects against trip cancellations. Is this a separate policy, and if so, who underwrites it? I'm a bit lost here."
young_parent_family_budget_female_34,plans_billing_1,rushing_with_typos,who covers ultra events cancel? got to know if i need to make claim thx
young_parent_family_budget_female_34,plans_billing_1,on_the_go_direct,Need to claim travel insurance after plan downgrade now. What’s the process?
young_parent_family_budget_female_34,plans_billing_1,voice_transcription,uh can you tell me about who actually provides the coverage for trip cancellations with this ultra plan because i mean if i need to make a claim for something i just wanna know who to contact about it
young_parent_family_budget_female_34,plans_billing_1,poor_internet_connection,I'm trying to understand what happens if there's a poor connection and I lose travel protection. Does the coverage remain if uploads fail? It's stuck at loading.
young_parent_family_budget_female_34,plans_billing_1,vague_first_message,Why did my trip protection vanish? It was supposed to cover cancellations.
young_parent_family_budget_female_34,fraud_security_1,empty,I noticed an ATM withdrawal from my joint account that I didn't authorize. What steps should I take to report this?
young_parent_family_budget_female_34,fraud_security_1,calm_at_home,I've noticed an ATM withdrawal on our joint account that neither my spouse nor I recognize. Could you advise on the steps to report this as fraudulent?
young_parent_family_budget_female_34,fraud_security_1,panic_security_fear,just got alert my card was used for a major purchase i didn’t make please help fix this emergency
young_parent_family_budget_female_34,fraud_security_1,angry_after_waiting,"Fraudulent transaction on my account! Money withdrawn from ATM I never touched. WHY no action yet? FIX it immediately, this is unacceptable!"
young_parent_family_budget_female_34,fraud_security_1,confused_by_app_updates,I noticed an ATM withdrawal I didn't make. Where do I find the option to report this as fraud in the app? It's really confusing and I feel uncertain about the steps.
young_parent_family_budget_female_34,fraud_security_1,rushing_with_typos,saw atm withdrawal but wasnt me how report fraud quick plz advise thx
young_parent_family_budget_female_34,fraud_security_1,on_the_go_direct,just saw an atm withdrawal not mine fix this now
young_parent_family_budget_female_34,fraud_security_1,voice_transcription,uh i'm looking at my revolut account and there's like some atm withdrawal that i definitely didn't make can you help me figure out what to do about this because it's really concerning me thanks
young_parent_family_budget_female_34,fraud_security_1,poor_internet_connection,my card was used for an atm withdrawal i didn’t make and the app is stuck loading when i try to report it what should i do with bad connection
young_parent_family_budget_female_34,fraud_security_1,vague_first_message,"I think my card was used in a place I didn't visit, money's gone, what to do?"
young_parent_family_budget_female_34,travel_benefits_1,empty,Does my travel insurance cover trips to countries experiencing conflict?
young_parent_family_budget_female_34,travel_benefits_1,calm_at_home,"I'm planning a trip to a region experiencing conflict, and I'm curious about what travel insurance coverage I have in such areas. Could you provide some details?"
young_parent_family_budget_female_34,travel_benefits_1,panic_security_fear,"flying tomorrow, is my travel insurance still valid if i'm going to area with recent conflict? urgent info please!"
young_parent_family_budget_female_34,travel_benefits_1,angry_after_waiting,Why no travel insurance for our trip to a conflict area? I need coverage and your support is too slow! FIX THIS NOW.
young_parent_family_budget_female_34,travel_benefits_1,confused_by_app_updates,"I'm planning a family trip but I'm unclear about travel protection. Where can I check which destinations are covered, especially if they have conflict issues? I'm not sure where to find this info in the app."
young_parent_family_budget_female_34,travel_benefits_1,rushing_with_typos,does travel insurance cover places with conflict im going overseas and not sure pls help thx
young_parent_family_budget_female_34,travel_benefits_1,on_the_go_direct,"Need to verify travel insurance covers regions with current conflict, flying soon. Fast answer needed."
young_parent_family_budget_female_34,travel_benefits_1,voice_transcription,hey um i'm planning a trip to a place with some conflict going on and wondering if my travel insurance from the app covers like everything there or do i need to check certain things first thanks
young_parent_family_budget_female_34,travel_benefits_1,poor_internet_connection,"Trying to check travel insurance for conflict areas, but the app keeps timing out and won't load. Will my coverage still apply despite not being able to see details?"
young_parent_family_budget_female_34,travel_benefits_1,vague_first_message,"Planning a trip, is my family's travel insurance okay for places with safety warnings?"
young_parent_family_budget_female_34,business_merchant_1,empty,How can I resolve issues with the Revolut Terminal when it's not processing customer payments correctly?
young_parent_family_budget_female_34,business_merchant_1,calm_at_home,I've been experiencing some difficulties with my Revolut Terminal when trying to process payments for my small business. Could you guide me on resolving this issue?
young_parent_family_budget_female_34,business_merchant_1,panic_security_fear,"urgent! my revolut terminal just stopped working during a busy sale, can't process payments, please help now, worried about losing sales or fraud!"
young_parent_family_budget_female_34,business_merchant_1,angry_after_waiting,MY POS TERMINAL IS NOT WORKING. LOST SALES AGAIN TODAY. THIS IS UNACCEPTABLE! FIX THIS IMMEDIATELY OR I'M DONE WITH THIS USELESS SUPPORT!
young_parent_family_budget_female_34,business_merchant_1,confused_by_app_updates,"I'm confused about using the Revolut Pro catalogue for sales. Where exactly do I find the catalogue options? Nothing seems clear in the app, and I'm not sure what steps to follow."
young_parent_family_budget_female_34,business_merchant_1,rushing_with_typos,"trouble with my revolut terminal not processing sales properly, catalog items not loading, pls help"
young_parent_family_budget_female_34,business_merchant_1,on_the_go_direct,"Revolut Terminal not working during checkout, need fix immediately!"
young_parent_family_budget_female_34,business_merchant_1,voice_transcription,um so i was trying to use my revolut terminal for a sale but it's not working properly like it's not reading the cards and i'm not sure if it's a connection issue or something else can you help
young_parent_family_budget_female_34,business_merchant_1,poor_internet_connection,My Revolut Terminal keeps timing out and uploads get stuck. How can I ensure sales complete if the connection is unstable?
young_parent_family_budget_female_34,business_merchant_1,vague_first_message,"I'm trying to sell stuff with my business thing but payments aren't showing, what should I do?"
young_parent_family_budget_female_34,fraud_security_2,empty,I noticed an unauthorized transaction on my account. How do I report this and check if I can be refunded?
young_parent_family_budget_female_34,fraud_security_2,calm_at_home,I've noticed a large transaction that I didn't authorize on our joint account. What's the process to report it and possibly get refunded?
young_parent_family_budget_female_34,fraud_security_2,panic_security_fear,"urgent! just saw a huge amount transferred from our joint account, not me, please help quick! what do I do for reimbursement?"
young_parent_family_budget_female_34,fraud_security_2,angry_after_waiting,"FRAUD! Unauthorized transfer from our joint account. Tried resolving, no response yet. Furious this is taking so long. WHERE'S my protection and refund? ACT NOW!"
young_parent_family_budget_female_34,fraud_security_2,confused_by_app_updates,"I noticed a transaction I didn’t authorize in my joint account. How do I report this as fraud, and am I eligible for any reimbursement? The options in the app confuse me."
young_parent_family_budget_female_34,fraud_security_2,rushing_with_typos,noticed a transaction i didn’t make on our joint account looks like fraud what should i do next pls
young_parent_family_budget_female_34,fraud_security_2,on_the_go_direct,"Fraudulent transfer on joint account just happened. Reimburse me now, urgent!"
young_parent_family_budget_female_34,fraud_security_2,voice_transcription,um i just noticed a suspicious transfer in the app from my joint account yesterday that I didn't authorize and i'm kinda worried can you explain how i can get this sorted or what steps to take for reimbursement
young_parent_family_budget_female_34,fraud_security_2,poor_internet_connection,"I suspect a fraudulent transfer in my account, but the app isn't loading properly. Will my report still go through if the connection is poor?"
young_parent_family_budget_female_34,fraud_security_2,vague_first_message,my money disappeared after clicking that send button to a stranger can i get it back
young_parent_family_budget_female_34,family_joint_2,empty,"How can my child save money from their Revolut Kids card, and do they earn any rewards for doing so?"
young_parent_family_budget_female_34,family_joint_2,calm_at_home,"How can I set up a savings goal for my kids with their cards, so they can learn to save for future expenses?"
young_parent_family_budget_female_34,family_joint_2,panic_security_fear,my kid's card just showed a big withdrawal i didn't approve please help is there a way to get it back now this is an emergency
young_parent_family_budget_female_34,family_joint_2,angry_after_waiting,WHY can't my kids make payments? Their cards should work. EXTREMELY frustrated with this nonsense. Fix it now or tell me what I need to do.
young_parent_family_budget_female_34,family_joint_2,confused_by_app_updates,"I'm trying to set up savings for my kids through the app, but I'm confused. Where exactly do I go for this? There are too many options, I'm unsure if I'm in the right place."
young_parent_family_budget_female_34,family_joint_2,rushing_with_typos,"how do kids save money on their card is there an auto-save feature pls explain, thx"
young_parent_family_budget_female_34,family_joint_2,on_the_go_direct,"Can't transfer money to my kid's card, fix this now."
young_parent_family_budget_female_34,family_joint_2,voice_transcription,um how does my kid save up their pocket money on their card is there like a way to round up their purchases or something because i want them to start saving a little bit thanks
young_parent_family_budget_female_34,family_joint_2,poor_internet_connection,"Trying to set up savings for kids but app keeps timing out. Will my inputs save once connection improves, or should I retry everything?"
young_parent_family_budget_female_34,family_joint_2,vague_first_message,"My kid’s saving space isn’t growing with their allowance, did I set it up wrong?"
young_parent_family_budget_female_34,savings_investments_2,empty,Can you explain how being a certain type of investor might affect my savings options?
young_parent_family_budget_female_34,savings_investments_2,calm_at_home,Could you explain the differences between a high-net-worth investor and a restricted investor? I'm considering some new savings strategies and want to ensure I understand these terms.
young_parent_family_budget_female_34,savings_investments_2,panic_security_fear,"noticed my savings seem restricted suddenly, worried it's a fraud or system error, please help urgently to resolve this, is my account safe now?"
young_parent_family_budget_female_34,savings_investments_2,angry_after_waiting,"Frustrated! My status changed without warning. IS my account being treated differently now? I need answers, and I need them FAST. Already waited ages!"
young_parent_family_budget_female_34,savings_investments_2,confused_by_app_updates,I'm managing our family savings and saw something about investor types in the app. Can you explain what a high-net-worth or restricted investor is? I'm not clear on these terms.
young_parent_family_budget_female_34,savings_investments_2,rushing_with_typos,how do i knw if im restricted investor or not coz need info about saving options thx
young_parent_family_budget_female_34,savings_investments_2,on_the_go_direct,Pocket round-ups seems stuck. Savings not increasing. Am I restricted investor?
young_parent_family_budget_female_34,savings_investments_2,voice_transcription,hey i'm like trying to figure out what exactly it means to be um like a high-net-worth investor or a restricted investor in the app cause i'm managing the family's accounts and we're looking at some savings options not sure what applies to us
young_parent_family_budget_female_34,savings_investments_2,poor_internet_connection,Trying to check my savings status but app keeps timing out. Will my investment setup process complete if connection is unreliable?
young_parent_family_budget_female_34,savings_investments_2,vague_first_message,Can I still keep saving if I'm flagged as having lots of money?
retail_investor_stocks_male_45,savings_investments_1,empty,Could you explain the current promotion on instant access savings and how it might affect my account's tax obligations?
retail_investor_stocks_male_45,savings_investments_1,calm_at_home,"Could you explain how the interest on my savings is calculated, and if any taxes apply, especially considering the advertised instant access benefits?"
retail_investor_stocks_male_45,savings_investments_1,panic_security_fear,"urgent concern about my savings, is there a risk of losing them or being overtaxed please help now"
retail_investor_stocks_male_45,savings_investments_1,angry_after_waiting,"Why isn't my instant savings rate updated yet? Taxes unclear too! This delay is UNACCEPTABLE. Fix this immediately, already contacted support with no help!"
retail_investor_stocks_male_45,savings_investments_1,confused_by_app_updates,"I'm confused about the taxes on my savings interest, where do I find this information in the app? I see terms like AER but I'm not sure what this means for me."
retail_investor_stocks_male_45,savings_investments_1,rushing_with_typos,too many tx cnditons for savings promo cant follow n how does tax wrk pls help
retail_investor_stocks_male_45,savings_investments_1,on_the_go_direct,Need confirmation on instant savings interest rate. Tax implications?
retail_investor_stocks_male_45,savings_investments_1,voice_transcription,hey can you tell me how the instant access savings account promotion works cuz i’m a bit confused about the interest rate and like if it changes daily or stays the same thanks
retail_investor_stocks_male_45,savings_investments_1,poor_internet_connection,trying to check savings promo details but app keeps timing out and loading fails when i tap options. will my actions eventually go through if the connection is poor?
retail_investor_stocks_male_45,savings_investments_1,vague_first_message,why is my savings not growing as expected and what's the deal with taxes on it
retail_investor_stocks_male_45,plans_billing_1,empty,Who is responsible for the trip cancellation coverage in my Ultra plan?
retail_investor_stocks_male_45,plans_billing_1,calm_at_home,"Could you clarify which provider handles the trip and event cancellation coverage on the Ultra plan, and how I should proceed if I need to make a claim?"
retail_investor_stocks_male_45,plans_billing_1,panic_security_fear,"urgent, my Ultra trip protection disappeared after changing plans, can I still claim in case of cancellations, please help fast!"
retail_investor_stocks_male_45,plans_billing_1,angry_after_waiting,"Why is my travel insurance claim denied after plan downgrade? No help provided, unacceptable delay. FIX THIS NOW!"
retail_investor_stocks_male_45,plans_billing_1,confused_by_app_updates,"i removed premium travel insurance from my plan, but where do i find info on filing a claim for cancellations, or is it now not possible at all?"
retail_investor_stocks_male_45,plans_billing_1,rushing_with_typos,did revolut remove my travel insurance no more coverage for trips need info pls
retail_investor_stocks_male_45,plans_billing_1,on_the_go_direct,"Need details on who covers Ultra trip cancellation, in a rush."
retail_investor_stocks_male_45,plans_billing_1,voice_transcription,hey so I'm trying to understand who exactly covers the trip and event cancellation thing with ultra plan because I canceled an event and want to make sure I can actually file a claim for it
retail_investor_stocks_male_45,plans_billing_1,poor_internet_connection,I'm experiencing connection issues and can't load details on Ultra plan trip cancellation. Will the claim still process if my app times out or stays stuck at loading?
retail_investor_stocks_male_45,plans_billing_1,vague_first_message,"who takes care of event cancellations for my ultra plan, something got canceled and i need help"
retail_investor_stocks_male_45,cards_atm_1,empty,"Why can't I deposit funds onto my card from certain banks, and are there limits for topping up using a Ukrainian card?"
retail_investor_stocks_male_45,cards_atm_1,calm_at_home,I noticed my card deposit got declined while trying to fund my account. Could you explain any specific restrictions that might apply to this process?
retail_investor_stocks_male_45,cards_atm_1,panic_security_fear,"urgent! card can't process my deposit, is it blocked? worried about fraud or limits, need access now!"
retail_investor_stocks_male_45,cards_atm_1,angry_after_waiting,"WHY is my card deposit restricted AGAIN? Fix this NOW. Can't use it, incredibly FRUSTRATING. This delay is UNACCEPTABLE."
retail_investor_stocks_male_45,cards_atm_1,confused_by_app_updates,"I'm trying to add money to my Revolut card, but it says something about restrictions. Where do I find the limits or settings for this? I’m a bit lost here."
retail_investor_stocks_male_45,cards_atm_1,rushing_with_typos,can't top up my card limit set due to ukraine is this normal or i did something wrong pls help
retail_investor_stocks_male_45,cards_atm_1,on_the_go_direct,"at atm, card says deposit restricted, need to fix this, urgent"
retail_investor_stocks_male_45,cards_atm_1,voice_transcription,uh so i tried to like top up my card using a ukrainian method but it didn't go through is there some kind of limit or restriction i'm missing because i'd like to fix this issue here thanks
retail_investor_stocks_male_45,cards_atm_1,poor_internet_connection,"having issues topping up card while monitoring my etfs, connection fails mid-process, will it retry automatically or finish when connections better"
retail_investor_stocks_male_45,cards_atm_1,vague_first_message,why can't i add money to my card like usual it keeps saying there's an issue
retail_investor_stocks_male_45,fx_exchange_1,empty,"Could you explain how exchange rates work when using my card abroad, especially regarding currency conversions?"
retail_investor_stocks_male_45,fx_exchange_1,calm_at_home,"Could you explain how currency exchange rates work within the app, especially in relation to any charges that might occur when I use my card abroad?"
retail_investor_stocks_male_45,fx_exchange_1,panic_security_fear,why was my card charged more at the fx rate than expected today emergency please help avoid fraud
retail_investor_stocks_male_45,fx_exchange_1,angry_after_waiting,Why did I get charged extra for a currency exchange? DCC wasn't clear. FIX IT NOW. Frustrated by delays.
retail_investor_stocks_male_45,fx_exchange_1,confused_by_app_updates,"I'm trying to understand how the currency conversion works when I travel. What exactly is the option to pay in the local currency or not, and how does the rate compare to normal rates?"
retail_investor_stocks_male_45,fx_exchange_1,rushing_with_typos,confusd abt fx rates is revolut giving best exchange or local atm pls clarify thx
retail_investor_stocks_male_45,fx_exchange_1,on_the_go_direct,Why is local currency conversion at ATM higher? App shows different rate.
retail_investor_stocks_male_45,fx_exchange_1,voice_transcription,um i was wondering like when i'm using my card abroad how does it pick the currency rate or is there some automatic conversion thing happening i really need to know because i keep track of my savings closely
retail_investor_stocks_male_45,fx_exchange_1,poor_internet_connection,"trying to check fx rates for etf trades, but app keeps timing out and stuck at loading. will exchange rates apply if action completes later despite this?"
retail_investor_stocks_male_45,fx_exchange_1,vague_first_message,why did my exchange rate seem different after card payment abroad?
retail_investor_stocks_male_45,fraud_security_1,empty,I noticed an ATM withdrawal on my account that I didn’t make. How can I report this as fraud?
retail_investor_stocks_male_45,fraud_security_1,calm_at_home,I recently noticed an unfamiliar ATM withdrawal on my account. I didn't make this transaction. Could you guide me on the steps to report and resolve this issue?
retail_investor_stocks_male_45,fraud_security_1,panic_security_fear,my card charged for something i didn’t authorize help me stop this fraud now please
retail_investor_stocks_male_45,fraud_security_1,angry_after_waiting,Sick of this. My card was used without my consent. FIX IT NOW! STOP these withdrawals immediately. Why isn't this resolved?
retail_investor_stocks_male_45,fraud_security_1,confused_by_app_updates,"I see a card transaction that I don't recognize, it says ATM withdrawal but I didn't use any. How can I check if it's fraudulent or report it? I'm confused about these options."
retail_investor_stocks_male_45,fraud_security_1,rushing_with_typos,just saw charges from a place i wasnt at atm withdrawal I didnt made pls help fix
retail_investor_stocks_male_45,fraud_security_1,on_the_go_direct,"urgent! card used for ATM withdrawal, not my transaction, stop this now!"
retail_investor_stocks_male_45,fraud_security_1,voice_transcription,"uh so I just checked my account and there's this withdrawal from an atm that I totally didn't do, I mean it's my card but I wasn't even there, can you look into this like quickly"
retail_investor_stocks_male_45,fraud_security_1,poor_internet_connection,my card shows an atm withdrawal but i didn't do it app stuck at loading retry i’m worried how do i report this with poor connection
retail_investor_stocks_male_45,fraud_security_1,vague_first_message,"saw my money disappear from account today, didn't use the card, what's going on?"
retail_investor_stocks_male_45,crypto_1,empty,Could you explain how crypto staking works and if there are any associated fees I should know about?
retail_investor_stocks_male_45,crypto_1,calm_at_home,Could you explain how the crypto staking process works and whether there are any associated fees that I should be aware of as an investor?
retail_investor_stocks_male_45,crypto_1,panic_security_fear,"urgent! just started crypto staking, worried about fees, could there be hidden charges? afraid of losing funds, please help asap"
retail_investor_stocks_male_45,crypto_1,angry_after_waiting,"Staking crypto but fees unclear. Why can't I find this info? Already contacted support, NO response. Fix this now, unacceptable delay!"
retail_investor_stocks_male_45,crypto_1,confused_by_app_updates,"I'm exploring crypto staking but I'm puzzled by what 'staking' practically involves in the app. Is there a fee, and where do I actually start this? I don’t see clear options."
retail_investor_stocks_male_45,crypto_1,rushing_with_typos,how does crypto stking wirk on revolut are there fees for this pls explain thx
retail_investor_stocks_male_45,crypto_1,on_the_go_direct,"crypto staking, fees involved or free? about to stake now"
retail_investor_stocks_male_45,crypto_1,voice_transcription,"so i'm like interested in staking some of my crypto, um i heard there might be some fees involved, can you clarify how that works and if there are any charges i should be aware of please"
retail_investor_stocks_male_45,crypto_1,poor_internet_connection,trying to stake crypto but the app keeps timing out and not loading what happens if my connection drops before completion will it still process or do i need to retry
retail_investor_stocks_male_45,crypto_1,vague_first_message,how does that feature work when i add my coins and is there any cost involved
retail_investor_stocks_male_45,business_merchant_1,empty,I'm having issues processing sales with my Revolut Terminal. Can you help troubleshoot this? I'm using the Pro product catalogue features.
retail_investor_stocks_male_45,business_merchant_1,calm_at_home,I'm experiencing difficulties managing my sales catalogue in the Revolut Pro section. Could you provide guidance on how to resolve this issue effectively?
retail_investor_stocks_male_45,business_merchant_1,panic_security_fear,my terminal isn't processing payments properly clients waiting losing sales please fix this quick emergency
retail_investor_stocks_male_45,business_merchant_1,angry_after_waiting,Revolut Terminal not processing payments. Clients waiting. DO YOU GUYS CARE? Need this fixed NOW. No response for days!
retail_investor_stocks_male_45,business_merchant_1,confused_by_app_updates,"I'm trying to use my Revolut Terminal but I don't understand what the product catalogue option is for. Where do I find it, and is it necessary for sales?"
retail_investor_stocks_male_45,business_merchant_1,rushing_with_typos,"having issues with terminal transactions at work, it's not processing sales properly pls fix thx"
retail_investor_stocks_male_45,business_merchant_1,on_the_go_direct,"Revolut Terminal not processing payments during business checkout, urgent fix!"
retail_investor_stocks_male_45,business_merchant_1,voice_transcription,"hi uh i'm trying to like set up and use my revolut terminal for my business but it keeps having problems, not sure why it's not processing transactions properly, can you help me figure out what's wrong"
retail_investor_stocks_male_45,business_merchant_1,poor_internet_connection,"i'm having connectivity issues with the revolut terminal, transactions are stuck at loading and uploads fail, is there a way to ensure sales complete despite this?"
retail_investor_stocks_male_45,business_merchant_1,vague_first_message,when using that sales thing my products won't show up and it's affecting my business what do i do
retail_investor_stocks_male_45,savings_investments_2,empty,Can you explain the difference between high-net-worth and restricted investor status for my savings and investments?
retail_investor_stocks_male_45,savings_investments_2,calm_at_home,Could you explain the classification criteria for being regarded as a high-net-worth or restricted investor within the app? Curious about how these affect my savings and investment options.
retail_investor_stocks_male_45,savings_investments_2,panic_security_fear,emergency! i'm worried about being a restricted investor. losing access? please clarify now before any issues with my savings!
retail_investor_stocks_male_45,savings_investments_2,angry_after_waiting,"Demanding clarity on high-net-worth status. Savings high, trading active. Need assurance. Previous support vague. Time-sensitive! WHY NO PROPER ANSWER?!"
retail_investor_stocks_male_45,savings_investments_2,confused_by_app_updates,I'm confused about the difference between high-net-worth and restricted investor in the app. Where can I find this information? It seems important for my savings but I'm unsure.
retail_investor_stocks_male_45,savings_investments_2,rushing_with_typos,am i restricted investor cause i saw i high-net-worth due my balance is that correct pls
retail_investor_stocks_male_45,savings_investments_2,on_the_go_direct,app says investor type restricted. how does it affect my savings growth?
retail_investor_stocks_male_45,savings_investments_2,voice_transcription,so i'm just like wondering because i think i'm considered a high-net-worth investor now does that affect like how i can use my savings with revolut or any limitations i should know about it's kinda confusing
retail_investor_stocks_male_45,savings_investments_2,poor_internet_connection,i'm trying to check my AER rates but the page is stuck at loading and connection keeps dropping does the app retry my action or will it fail
retail_investor_stocks_male_45,savings_investments_2,vague_first_message,does being wealthy change my saving options because app shows something about my profile
retail_investor_stocks_male_45,plans_billing_2,empty,Does my Ultra plan cover trip cancellations for events I didn't book using my Revolut account?
retail_investor_stocks_male_45,plans_billing_2,calm_at_home,"Can I still get coverage for trip or event cancellations if I didn't make the purchase with my Revolut account, under my Ultra plan?"
retail_investor_stocks_male_45,plans_billing_2,panic_security_fear,emergency trip planned but not paid with Revolut am i covered if i cancel? need to know fast please help
retail_investor_stocks_male_45,plans_billing_2,angry_after_waiting,Plan includes trip cover yet denied claim because I didn’t purchase using Revolut. This is unacceptable! FIX THIS NOW.
retail_investor_stocks_male_45,plans_billing_2,confused_by_app_updates,I don't understand if I'm protected by Ultra plan for trips I booked outside Revolut. Where can I confirm coverage for cancellations involving my travel companion?
retail_investor_stocks_male_45,plans_billing_2,rushing_with_typos,"if i dd not buy my trip with revolut, does ultra still cover cancellations?"
retail_investor_stocks_male_45,plans_billing_2,on_the_go_direct,ultra plan trip cancellation coverage works for events not booked with revolut account?
retail_investor_stocks_male_45,plans_billing_2,voice_transcription,uh so i'm trying to understand if like my trip and event protection covers things i didn't book directly with revolut and um does it include stuff for anyone traveling with me too or just my bookings
retail_investor_stocks_male_45,plans_billing_2,poor_internet_connection,"having connection issues with app trying to check if ultra covers events not booked through revolut, stuck at loading and uploads fail, will retry work or should i wait for better signal"
retail_investor_stocks_male_45,plans_billing_2,vague_first_message,"if i didn't book a trip with the app, is it still covered by that protection thing?"
retail_investor_stocks_male_45,savings_investments_3,empty,How do I determine if I'm considered a high-net-worth or restricted investor?
retail_investor_stocks_male_45,savings_investments_3,calm_at_home,Can you explain the requirements and implications of being classified as a high-net-worth versus a restricted investor? I'm evaluating my options for managing my substantial savings.
retail_investor_stocks_male_45,savings_investments_3,panic_security_fear,"my account flagged as restricted investor, is my savings at risk? emergency response needed please help now"
retail_investor_stocks_male_45,savings_investments_3,angry_after_waiting,"Why am I labeled as ""restricted investor"" AGAIN? I'm not a beginner, have high balance, monitor daily AER. FIX THIS NOW! Annoyed with delays!"
retail_investor_stocks_male_45,savings_investments_3,confused_by_app_updates,"I'm seeing something about different types of investors in the app, like high-net-worth and restricted. Not sure what these mean or how they apply to my savings. Where do I find detailed info?"
retail_investor_stocks_male_45,savings_investments_3,rushing_with_typos,im trading etfs nd want to know if i classified high-net-worth or restricted investr how does that wrok
retail_investor_stocks_male_45,savings_investments_3,on_the_go_direct,"ATM line, can't check savings rate classification, need quick clarification."
retail_investor_stocks_male_45,savings_investments_3,voice_transcription,"so like i’ve been saving quite a bit and trading my ETFs uh daily, just wondering like does this make me a high-net-worth investor or like is there some criteria about being a restricted investor here"
retail_investor_stocks_male_45,savings_investments_3,poor_internet_connection,"Trying to check my savings status, app keeps timing out. Will my high balance and investor level affect this, or is it just connectivity?"
retail_investor_stocks_male_45,savings_investments_3,vague_first_message,why is my big savings account showing limited options when i try to invest
cafe_owner_smb_female_52,other_1,empty,"Having trouble logging in, is my coffee shop not supported by Revolut?"
cafe_owner_smb_female_52,other_1,calm_at_home,I cannot log into my Revolut account. Does this have to do with my coffee shop not being supported by Revolut? Please help.
cafe_owner_smb_female_52,other_1,panic_security_fear,can't log in to app could someone unauthorized access my account emergency please help fix now
cafe_owner_smb_female_52,other_1,angry_after_waiting,"CAN'T log in to app. Need access NOW. Tried support, NO response. Your service is UNACCEPTABLE! Fix it!"
cafe_owner_smb_female_52,other_1,confused_by_app_updates,"trying to log in to my app but it says something about merchants not supported, i only run a coffee shop what does this mean how can i fix it"
cafe_owner_smb_female_52,other_1,rushing_with_typos,cn't login to app keep saying incorrect pls help what to do thx
cafe_owner_smb_female_52,other_1,on_the_go_direct,"can't log in app, urgent sale checkout now, fix please"
cafe_owner_smb_female_52,other_1,voice_transcription,um trying to login to my revolut app but it's not working uh do you not support coffee shop owners like me or is there some issue with my account i need access for daily settlements
cafe_owner_smb_female_52,other_1,poor_internet_connection,"App not loading on my iPhone, connection keeps dropping. Will it retry or finish orders if the connection fails? Need help with login too."
cafe_owner_smb_female_52,other_1,vague_first_message,"can't log in, the app says problem with my shop, is it because of coffee sales?"
cafe_owner_smb_female_52,cards_atm_1,empty,Why is my card deposit restricted when I try to top up with my Ukraine card?
cafe_owner_smb_female_52,cards_atm_1,calm_at_home,"I try add money to card, but it not work. Is there limit for top-ups or transfer restrictions I need check?"
cafe_owner_smb_female_52,cards_atm_1,panic_security_fear,emergency my card not accepting deposits at shop today fear fraud please help quickly
cafe_owner_smb_female_52,cards_atm_1,angry_after_waiting,WHY can't I top up with my Ukraine card? Keeps blocking. Tried fixing but NOTHING helped. Need solution NOW. Frustrated!
cafe_owner_smb_female_52,cards_atm_1,confused_by_app_updates,"i try to add money from card but app says something about limit for card from ukraine, can you explain where i find this information and what it means for my account?"
cafe_owner_smb_female_52,cards_atm_1,rushing_with_typos,cant topup card says something wrong limits otpions? i need help fast pls
cafe_owner_smb_female_52,cards_atm_1,on_the_go_direct,card deposit blocked at busy checkout need fix fast
cafe_owner_smb_female_52,cards_atm_1,voice_transcription,hi um i'm having trouble with my card like why can't i put money into my revolut account from my card it's not working and i need it for my shop payments it's kind of urgent
cafe_owner_smb_female_52,cards_atm_1,poor_internet_connection,"card not loading, try tap pay for coffee shop, screen stuck and timeout - does transaction finish if connection is bad?"
cafe_owner_smb_female_52,cards_atm_1,vague_first_message,why my card not working when i try put money from ukraine limit problem?
cafe_owner_smb_female_52,transfers_1,empty,How can I transfer money from our coffee shop joint account to another account using my phone app?
cafe_owner_smb_female_52,transfers_1,calm_at_home,How do I transfer money from my coffee shop account to a joint account with a different Revtag?
cafe_owner_smb_female_52,transfers_1,panic_security_fear,"transfer sent to joint account but not appearing, worried about fraud. urgent check needed, please help now!"
cafe_owner_smb_female_52,transfers_1,angry_after_waiting,"Tried sending from joint account, not working. WHY? Need this fixed. Tired of waiting. Fix the issue NOW."
cafe_owner_smb_female_52,transfers_1,confused_by_app_updates,"I want to send money from joint account but I don't see where to do that. It says something about 'Revtag', what does this mean?"
cafe_owner_smb_female_52,transfers_1,rushing_with_typos,need to move joint account funds but can't change revtag what's wrong pls assist
cafe_owner_smb_female_52,transfers_1,on_the_go_direct,"need to send money to joint account, change Revtag first. How?"
cafe_owner_smb_female_52,transfers_1,voice_transcription,uh i tried transferring money from our joint account to my VAT pocket but it's not working did i like need to change something in my app like maybe my tag or something um help please
cafe_owner_smb_female_52,transfers_1,poor_internet_connection,"trying to transfer to joint account but connection keeps dropping, app stuck loading can you tell if it will still go through despite this problem"
cafe_owner_smb_female_52,transfers_1,vague_first_message,"my money missing after transfer, maybe something wrong with the joint thing?"
cafe_owner_smb_female_52,savings_investments_1,empty,How can I use savings to help with VAT payments from my coffee shop sales?
cafe_owner_smb_female_52,savings_investments_1,calm_at_home,How much tax will I pay on savings? I want to know if interest from the Instant Access account is taxed before it goes into my pocket.
cafe_owner_smb_female_52,savings_investments_1,panic_security_fear,"can't access my savings now, worried about fraud, need to know if taxes affect my money, please urgent help"
cafe_owner_smb_female_52,savings_investments_1,angry_after_waiting,"Instant access savings delay, why taxed now? I need answers FAST. Help before I lose patience. FIX THIS."
cafe_owner_smb_female_52,savings_investments_1,rushing_with_typos,"hi, how to save money with instant acces savings and what about tax is there a promotion thx"
cafe_owner_smb_female_52,savings_investments_1,on_the_go_direct,how fast can i access my savings instantly need now for taxes
cafe_owner_smb_female_52,savings_investments_1,voice_transcription,hi um i have some savings in the app and like how does the tax work on that do i need to set aside something for taxes or is it included already in the earnings please help thanks
cafe_owner_smb_female_52,savings_investments_1,poor_internet_connection,"i try to check the savings offers but app not loading, keeps retrying. if connection drops, is my money saved with tax pocket still safe?"
cafe_owner_smb_female_52,savings_investments_1,vague_first_message,"i pressed savings button and now can't find my extra money, where did it go?"
cafe_owner_smb_female_52,plans_billing_1,empty,Can I get trip protection for my coffee shop events with my current plan or do I need to upgrade?
cafe_owner_smb_female_52,plans_billing_1,calm_at_home,I am checking my Revolut plan. Can you tell me if the trip cancellation protection still applies after I remove the Premium plan?
cafe_owner_smb_female_52,plans_billing_1,panic_security_fear,"please help! i think travel insurance is gone, what if trip gets canceled? i am worried about fraud or losing money, emergency!"
cafe_owner_smb_female_52,plans_billing_1,angry_after_waiting,"STILL no update on trip cancellation protection. NEED this resolved NOW. I upgraded for coverage, not delays. Immediate action required!"
cafe_owner_smb_female_52,plans_billing_1,confused_by_app_updates,I'm not sure how to use the travel insurance. Is it still there with my plan? I don't see anything about claims or protection.
cafe_owner_smb_female_52,plans_billing_1,rushing_with_typos,i cnat find who covers trip canceltion insurnce in my plan can u help fast pls
cafe_owner_smb_female_52,plans_billing_1,on_the_go_direct,"need help with trip cancellation insurance details from revolut, quick"
cafe_owner_smb_female_52,plans_billing_1,voice_transcription,"um the thing is I got this premium thing like travel insurance and now it's not there how do I claim if I have like a cancellation issue with my event or trip, can you tell me who covers this now"
cafe_owner_smb_female_52,plans_billing_1,poor_internet_connection,my app keeps getting stuck on loading screen when i try to check event cancellation protection what to do if connection seems poor will my action finish
cafe_owner_smb_female_52,plans_billing_1,vague_first_message,my event got canceled who helps with getting my money back from this
cafe_owner_smb_female_52,business_merchant_1,empty,I can't process payments with the terminal. What should I do to fix this?
cafe_owner_smb_female_52,business_merchant_1,calm_at_home,"I'm having difficulty with the Revolut Terminal when customers use Tap to Pay on iPhone. Transactions aren't processing correctly, and I need help to resolve this issue."
cafe_owner_smb_female_52,business_merchant_1,panic_security_fear,"Revolut Terminal not processing payments! Customers waiting please help, emergency! Is it reader issue? Need fix now please."
cafe_owner_smb_female_52,business_merchant_1,angry_after_waiting,"TERMINAL NOT WORKING. Customers waiting, losing sales. FIX THIS NOW. Support no help, too slow. Need working solution TODAY."
cafe_owner_smb_female_52,business_merchant_1,rushing_with_typos,hi my terminal not working cant process payments with tap to pay on iphone help pls fast thx
cafe_owner_smb_female_52,business_merchant_1,on_the_go_direct,"Can't process payment on reader, customer waiting, fix it quick."
cafe_owner_smb_female_52,business_merchant_1,voice_transcription,um i'm having a problem with the card reader it like won't connect to the app when i try to take payments and i checked the settings but not sure if their right can someone help please
cafe_owner_smb_female_52,business_merchant_1,poor_internet_connection,"my revolut terminal keeps getting stuck at loading and won't process payments, what to do when the connection is bad, will it finish the sale"
cafe_owner_smb_female_52,business_merchant_1,vague_first_message,my money disappeared after i use the machine it charged me twice please fix
cafe_owner_smb_female_52,business_merchant_2,empty,How long does it take to get the tap to pay terminal after ordering for my coffee shop?
cafe_owner_smb_female_52,business_merchant_2,calm_at_home,I want to know more about Revolut Terminal for my coffee shop. How long does it take for the hardware to arrive after ordering?
cafe_owner_smb_female_52,business_merchant_2,panic_security_fear,need terminal for my coffee shop urgent when is it arriving please help worried about customer payments now
cafe_owner_smb_female_52,business_merchant_2,angry_after_waiting,"WHERE is my terminal?! Needed it DAYS ago for my coffee shop. No update, no help from support. FIX THIS NOW!"
cafe_owner_smb_female_52,business_merchant_2,confused_by_app_updates,i ordered terminal for my shop but still nothing where can i check status or did i miss something in app options
cafe_owner_smb_female_52,business_merchant_2,rushing_with_typos,when is the revolut erminal arriving for my coffee shop i ordered week ago thx
cafe_owner_smb_female_52,business_merchant_2,on_the_go_direct,where is my terminal hardware sent yet waiting for orders
cafe_owner_smb_female_52,business_merchant_2,voice_transcription,uh i ordered a terminal for my coffee shop and i'm not sure when it will come like i really need it soon for payments how long does it usually take to receive it after ordering
cafe_owner_smb_female_52,business_merchant_2,poor_internet_connection,trying to use terminal for payment but it stops loading and fails with timeout what can i do when connection is bad will payment complete anyway
cafe_owner_smb_female_52,business_merchant_2,vague_first_message,when the little machine for payments will come to my store? i ordered it
cafe_owner_smb_female_52,fx_exchange_1,empty,How does currency conversion work if I accept a payment from tourists using the card reader?
cafe_owner_smb_female_52,fx_exchange_1,calm_at_home,Can you tell me if your currency conversion rates are the same all the time? I need to know when accepting different currencies payments in my coffee shop.
cafe_owner_smb_female_52,fx_exchange_1,panic_security_fear,"tried transaction, charged in wrong currency, why isn't local currency used? fear it's some fraud, need help now, please fix"
cafe_owner_smb_female_52,fx_exchange_1,angry_after_waiting,Why is my payment settled in different currency than shown? This DCC thing messed up rates. FIX THIS NOW! Too many delays already.
cafe_owner_smb_female_52,fx_exchange_1,confused_by_app_updates,"Trying to understand currency conversion thing. I see different prices at checkout, and it says 'conversion'. What is this, and where can I see the rates it uses?"
cafe_owner_smb_female_52,fx_exchange_1,rushing_with_typos,hi can i use dffrnt currency convrtr? rvlut fx rates good for my cafe sales thx
cafe_owner_smb_female_52,fx_exchange_1,on_the_go_direct,"customer wants to pay in euro, how exchange rate works?"
cafe_owner_smb_female_52,fx_exchange_1,voice_transcription,hi um can you tell me if i can use my card their with like their currency instead of mine and uh how does that work with your exchange rates cause i heard something about that thanks
cafe_owner_smb_female_52,fx_exchange_1,poor_internet_connection,"having trouble with transactions, app not loading well, keep retrying exchange rate check, is the currency conversion going to finish if internet fails? please guide on poor connection steps"
cafe_owner_smb_female_52,fx_exchange_1,vague_first_message,"customer paid in another currency, do i set this in app or will it change automatic?"
cafe_owner_smb_female_52,business_merchant_3,empty,When will I receive the terminal for my coffee shop payments?
cafe_owner_smb_female_52,business_merchant_3,calm_at_home,I want to know when my payment terminal will arrive for my coffee shop. I ordered it last week and need it for Tap to Pay on iPhone.
cafe_owner_smb_female_52,business_merchant_3,panic_security_fear,"ordered the payment terminal, but it's not here. need it urgently for my shop. please help, is it lost or coming still?"
cafe_owner_smb_female_52,business_merchant_3,angry_after_waiting,WHERE'S my Terminal? NEED it NOW! Already waited too long. Fix this. UNHAPPY with support.
cafe_owner_smb_female_52,business_merchant_3,confused_by_app_updates,"I need the Revolut Terminal for my coffee shop, but I can't find where to order it. Can you help me understand what steps to take?"
cafe_owner_smb_female_52,business_merchant_3,rushing_with_typos,how long till i get the terminal for my shop i need to start using it
cafe_owner_smb_female_52,business_merchant_3,on_the_go_direct,"need Revolut Terminal now, when will it arrive? time-sensitive"
cafe_owner_smb_female_52,business_merchant_3,voice_transcription,uh so we ordered a terminal for the coffee shop how long does it take to arrive because we need it soon for the tap to pay with iphone it's like urgent thank you
cafe_owner_smb_female_52,business_merchant_3,poor_internet_connection,"my terminal keeps losing connection, uploads fail or get stuck at loading what can i do if internet is bad will my payment still go through"
cafe_owner_smb_female_52,business_merchant_3,vague_first_message,when does the machine for payments arrive haven't seen mine delivered yet
cafe_owner_smb_female_52,transfers_2,empty,How long does it take to send money to my bank account after daily sales settle?
cafe_owner_smb_female_52,transfers_2,calm_at_home,"I did a bank transfer from the coffee shop account. How long does it take for the money to go through, and are there any charges?"
cafe_owner_smb_female_52,transfers_2,panic_security_fear,"transfer not in bank yet, it should be now, is money lost? please help, emergency!"
cafe_owner_smb_female_52,transfers_2,angry_after_waiting,Why transfer taking SO LONG? Need daily settlements for VAT tax. Already tried contacting support before. FIX NOW!
cafe_owner_smb_female_52,transfers_2,confused_by_app_updates,"I try to move money but transfer time says different hours, hard to understand. Where do I find fees for this? Confusing to see, need help."
cafe_owner_smb_female_52,transfers_2,rushing_with_typos,"plz help bank xfer taking vry long, any fees apply if from my acnt"
cafe_owner_smb_female_52,transfers_2,on_the_go_direct,Delayed transfer today need urgent help now
cafe_owner_smb_female_52,transfers_2,voice_transcription,uh i did a transfer like um two days ago and i was wondering if it's normal to uh still not have it appear yet should i be worried about like any fees or delays
cafe_owner_smb_female_52,transfers_2,poor_internet_connection,my bank transfer not going through app stuck at loading and retry timeout will it still send when connection is poor or what should i do now
cafe_owner_smb_female_52,transfers_2,vague_first_message,"sent money to my bank but it didn't show up yet, when will it arrive?"
gig_courier_instant_pay_male_27,other_1,empty,I'm having trouble logging into the app. Are there any specific merchants or networks not supported that might affect access?
gig_courier_instant_pay_male_27,other_1,calm_at_home,I've been encountering issues trying to log into my account. Could the recent updates involving merchant support or international debit cards be affecting this?
gig_courier_instant_pay_male_27,other_1,panic_security_fear,"can't log in, fear it's fraud, did someone unauthorized make changes on my account? emergency, need access now!"
gig_courier_instant_pay_male_27,other_1,angry_after_waiting,Locked out AGAIN! Can't log in despite following instructions. Why isn’t this fixed? Need immediate access. COMPLETELY UNACCEPTABLE!
gig_courier_instant_pay_male_27,other_1,confused_by_app_updates,I got confused trying to log in—something about unsupported merchants came up. Where exactly would I find details on what that means or how it affects my account?
gig_courier_instant_pay_male_27,other_1,rushing_with_typos,"cant log in to rev app, error says something with unsupprted merchant and im confused, help"
gig_courier_instant_pay_male_27,other_1,on_the_go_direct,"locked out during Apple Pay top-up, can't login, fix it fast"
gig_courier_instant_pay_male_27,other_1,voice_transcription,hey so i'm having trouble logging into my revolut app it just keeps spinning and um i was wondering if like maybe it's an issue because of some merchants not being supported or something like that help
gig_courier_instant_pay_male_27,other_1,poor_internet_connection,"App won't load at login, says retry and times out. Will my pay top-up complete when connection is bad or stuck?"
gig_courier_instant_pay_male_27,other_1,vague_first_message,"i tried logging in but it's just not working and i need to check my balances, any idea why this could happen?"
gig_courier_instant_pay_male_27,cards_atm_1,empty,Why can't I top up my card using a Ukrainian bank account any more?
gig_courier_instant_pay_male_27,cards_atm_1,calm_at_home,"I'm trying to top up my card, but it seems there's a restriction. Could you explain the limits or reasons why I can't complete this transaction right now?"
gig_courier_instant_pay_male_27,cards_atm_1,panic_security_fear,"my card top-up just failed, urgent emergency, is there some restriction or blockage? need funds now, please help fast"
gig_courier_instant_pay_male_27,cards_atm_1,angry_after_waiting,My card top-up failed AGAIN! I need my money NOW. Why can’t I access my funds? Stop delaying and fix this immediately!
gig_courier_instant_pay_male_27,cards_atm_1,confused_by_app_updates,"I'm trying to top up my card but see a message about some kind of restriction or limit, especially related to Ukraine. What does that mean and how can I sort it out?"
gig_courier_instant_pay_male_27,cards_atm_1,rushing_with_typos,tried to top-up card in ukraine but hit limit is there a cap daily or monthly thx
gig_courier_instant_pay_male_27,cards_atm_1,on_the_go_direct,"Apple Pay top-up failed, says card limit reached. Fix now, checkout stuck."
gig_courier_instant_pay_male_27,cards_atm_1,voice_transcription,hey so i tried topping up my card uh with apple pay but it says like something about a limit am i hitting some kind of cap or is there another issue with my account that needs fixing
gig_courier_instant_pay_male_27,cards_atm_1,poor_internet_connection,"My card top-up in Ukraine is delayed and app's stuck at loading. Will it go through if the connection is bad, or should I retry?"
gig_courier_instant_pay_male_27,cards_atm_1,vague_first_message,why can't i add money to my revolut card with that apple top-up thing from my ukraine account
gig_courier_instant_pay_male_27,transfers_1,empty,How do I transfer money from my joint account using my Revtag?
gig_courier_instant_pay_male_27,transfers_1,calm_at_home,"Can I transfer funds from my joint account using my unique account tag, or do I need to make changes first?"
gig_courier_instant_pay_male_27,transfers_1,panic_security_fear,please help i transferred money to my joint account but it's not showing and i'm scared it's lost is there a problem with my Revtag?
gig_courier_instant_pay_male_27,transfers_1,angry_after_waiting,Joint account transfer failed AGAIN. Needed the funds YESTERDAY. Why is this an issue every time? Fix it NOW. This is unacceptable.
gig_courier_instant_pay_male_27,transfers_1,confused_by_app_updates,"I'm trying to send money from my joint account, but I don't see the option anywhere. Is there a specific place in the app I should be looking for this?"
gig_courier_instant_pay_male_27,transfers_1,rushing_with_typos,hi need to send money from joint acount but can't find option quick help pls
gig_courier_instant_pay_male_27,transfers_1,on_the_go_direct,"transfer to joint account failed, urgent fix needed at checkout"
gig_courier_instant_pay_male_27,transfers_1,voice_transcription,um trying to send money from my joint account but it won't let me use my usual Revtag do i like need to change something with my profile or what could be wrong with this setup
gig_courier_instant_pay_male_27,transfers_1,poor_internet_connection,"Trying to transfer money to my joint account but app keeps getting stuck at loading. Will it eventually go through if connection is bad, or do I need to retry?"
gig_courier_instant_pay_male_27,transfers_1,vague_first_message,"sent money to my friend's account but it's not showing, how do I fix this?"
gig_courier_instant_pay_male_27,savings_investments_1,empty,Can you explain how taxes apply to interest earned from my instant access savings?
gig_courier_instant_pay_male_27,savings_investments_1,calm_at_home,I'm curious about the current terms for your instant access savings rate. Are there any tax implications I should be aware of when using this function?
gig_courier_instant_pay_male_27,savings_investments_1,panic_security_fear,"Emergency! Is my savings guaranteed safe from fraud? Can you check immediately, I'm worried about losing it all!"
gig_courier_instant_pay_male_27,savings_investments_1,angry_after_waiting,WHERE is my Instant Access Savings interest? Said it was immediate. This delay is unacceptable. PAY what I'm owed. Tired of waiting.
gig_courier_instant_pay_male_27,savings_investments_1,confused_by_app_updates,"I'm trying to figure out how the instant savings thing works but I don’t quite get the terms. Where can I see the details, and is there a tax implication I should know about?"
gig_courier_instant_pay_male_27,savings_investments_1,rushing_with_typos,"how does the tax work if i get savings, any requirements? sorry 4 typs thx"
gig_courier_instant_pay_male_27,savings_investments_1,on_the_go_direct,"Need clarity on savings interest tax, urgent. At checkout."
gig_courier_instant_pay_male_27,savings_investments_1,voice_transcription,hey so with these savings things like do i get taxed right away or is it just on the interest thingy um you know when i actually withdraw it seeing those instant access ads got me thinking
gig_courier_instant_pay_male_27,savings_investments_1,poor_internet_connection,"Trying to access my savings info, but app keeps timing out. Do withdrawals still process if I get 'stuck at loading' on my screen?"
gig_courier_instant_pay_male_27,savings_investments_1,vague_first_message,Is there any tax on the savings bit or promotion I have?
gig_courier_instant_pay_male_27,plans_billing_1,empty,Who handles trip cancellations for the Ultra plan if there's an event hiccup?
gig_courier_instant_pay_male_27,plans_billing_1,calm_at_home,I'm considering adjusting my plan and noticed the Premium travel insurance option isn't available anymore. How should I proceed if I need to claim something from a previous trip?
gig_courier_instant_pay_male_27,plans_billing_1,panic_security_fear,"urgent! removed premium travel insurance, can i still make a claim for my canceled trip, please help this is an emergency!"
gig_courier_instant_pay_male_27,plans_billing_1,angry_after_waiting,WHO is supposed to cover my trip cancellation? No help last time. REALLY need this sorted NOW!
gig_courier_instant_pay_male_27,plans_billing_1,confused_by_app_updates,"I’m a bit lost with the Ultra plan. Do you guys handle the trip and event cancellation protection, or is it another company? I can't find clear info."
gig_courier_instant_pay_male_27,plans_billing_1,rushing_with_typos,hey how do i claim travel coverage if my premium plan dropped i thought i was covered by u
gig_courier_instant_pay_male_27,plans_billing_1,on_the_go_direct,Need claim process after premium travel insurance removed. Urgent!
gig_courier_instant_pay_male_27,plans_billing_1,voice_transcription,hey um quick question if my premium travel insurance was removed can I still file a claim for something that happened before that removal or does it like not cover because I'm a bit confused thanks
gig_courier_instant_pay_male_27,plans_billing_1,poor_internet_connection,"I want to know about my travel protection provider, but app keeps timing out and info won't load. Will the claim process work with poor connection?"
gig_courier_instant_pay_male_27,plans_billing_1,vague_first_message,who is in charge of the travel protection thing when my premium plan changes?
gig_courier_instant_pay_male_27,family_joint_1,empty,"How can I set up savings for my child through the app, and are there any specific features for teens?"
gig_courier_instant_pay_male_27,family_joint_1,calm_at_home,I'm exploring options for setting savings goals for my kids. How do I manage their spending money while introducing them to saving with Revolut?
gig_courier_instant_pay_male_27,family_joint_1,panic_security_fear,"my kid just made a big payment with my card, i didn’t approve this, emergency help needed now!"
gig_courier_instant_pay_male_27,family_joint_1,angry_after_waiting,Why can't my kid access their account to save money? I've asked this before. Frustrated with the lack of response. FIX IT.
gig_courier_instant_pay_male_27,family_joint_1,confused_by_app_updates,"I'm trying to set up some savings for my kids through the app, but I'm confused about where to start. Do family accounts link automatically, or is there a specific option I'm missing?"
gig_courier_instant_pay_male_27,family_joint_1,rushing_with_typos,can i let my kid send money with their account what limits pls thx
gig_courier_instant_pay_male_27,family_joint_1,on_the_go_direct,how can i set up savings for my kids quickly?
gig_courier_instant_pay_male_27,family_joint_1,voice_transcription,hey um if i set up savings for my kids through my account how does it work exactly do i like have to transfer money each time or is it automatic was just wondering thanks
gig_courier_instant_pay_male_27,family_joint_1,poor_internet_connection,"trying to set up a savings for my kid in the app but getting stuck on loading screen, will it go through or should i retry later with better connection"
gig_courier_instant_pay_male_27,family_joint_1,vague_first_message,"My kid tried to use his card, but the payment didn't work. Do I need to update something?"
gig_courier_instant_pay_male_27,plans_billing_2,empty,"Does the trip cancellation protection cover events purchased outside Revolut, like through another card?"
gig_courier_instant_pay_male_27,plans_billing_2,calm_at_home,Can you clarify if my Ultra plan covers cancellations for trips or events not purchased with my Revolut account? I want to ensure coverage for all travel plans.
gig_courier_instant_pay_male_27,plans_billing_2,panic_security_fear,"I'm worried! If my trip gets canceled but I didn't book with Revolut, am I covered? Please help, urgent!"
gig_courier_instant_pay_male_27,plans_billing_2,angry_after_waiting,Paid for my trip with another card. Does my Ultra plan still cover cancellations? Frustrated by previous unhelpful responses. Need clarity NOW!
gig_courier_instant_pay_male_27,plans_billing_2,confused_by_app_updates,"I'm trying to understand if my trip is covered under this Ultra plan, even though I didn't book it with Revolut? Not sure what 'companion coverage' means or where to check this."
gig_courier_instant_pay_male_27,plans_billing_2,rushing_with_typos,does my ultra cover trips i didnt pay for with my revolut card need to know fast thx
gig_courier_instant_pay_male_27,plans_billing_2,on_the_go_direct,Ultra protection cover my trip not paid using Revolut?
gig_courier_instant_pay_male_27,plans_billing_2,voice_transcription,hey so um if i book a trip with Revolut's Ultra thing do i need to use my Revolut card to pay for all parts of it or can i like still get protection if i used another card for some stuff
gig_courier_instant_pay_male_27,plans_billing_2,poor_internet_connection,"Trying to check if a trip I didn't book with Revolut is covered, app keeps timing out and uploads fail. Will the process complete despite these issues?"
gig_courier_instant_pay_male_27,plans_billing_2,vague_first_message,"If I didn’t book my trip through Revolut, does that protection thing still work for cancellations?"
gig_courier_instant_pay_male_27,fx_exchange_1,empty,"Why do I see an option to convert my payment at checkout, and is there a fee or rate difference?"
gig_courier_instant_pay_male_27,fx_exchange_1,calm_at_home,I noticed some merchants offer to charge me in my home currency instead of using local currency. How does this impact the exchange rate I receive on my Revolut account?
gig_courier_instant_pay_male_27,fx_exchange_1,panic_security_fear,"charged way more than expected due to currency conversion, feels like fraud, kinda urgent please explain what happened"
gig_courier_instant_pay_male_27,fx_exchange_1,angry_after_waiting,WHY was I charged extra at the ATM? I NEVER agreed to a dynamic currency conversion. FIX this now!
gig_courier_instant_pay_male_27,fx_exchange_1,confused_by_app_updates,"I'm trying to understand this currency conversion thing while using Apple Pay abroad. Where can I find what rates Revolut applies, and what's this about a dynamic option? It's confusing."
gig_courier_instant_pay_male_27,fx_exchange_1,rushing_with_typos,hey is it better to use revolut rate or store rate when paying abroad i got confused with currency conversion thx
gig_courier_instant_pay_male_27,fx_exchange_1,on_the_go_direct,"Getting charged in USD, not local currency, why? Need resolution."
gig_courier_instant_pay_male_27,fx_exchange_1,voice_transcription,hey i'm trying to figure out if i'm getting the best rate using my card abroad because someone mentioned this dynamic currency thing do i need to worry about the exchange rates when using Revolut for payments in another currency?
gig_courier_instant_pay_male_27,fx_exchange_1,poor_internet_connection,Trying to exchange some currency but the app keeps timing out and getting stuck. Do the rates change if the connection is poor or will my transaction still go through?
gig_courier_instant_pay_male_27,fx_exchange_1,vague_first_message,Why did I get less money than expected after using the currency thing abroad?
gig_courier_instant_pay_male_27,business_merchant_1,empty,How can I resolve issues when using my Revolut Terminal for transactions?
gig_courier_instant_pay_male_27,business_merchant_1,calm_at_home,"I'm trying to use my Revolut Terminal to process transactions, but it's not working as expected. Can you guide me on troubleshooting steps to ensure smooth operation?"
gig_courier_instant_pay_male_27,business_merchant_1,panic_security_fear,"urgent my Revolut Terminal isn't working during a gig, can't process payments, worried about losing clients please help now!"
gig_courier_instant_pay_male_27,business_merchant_1,angry_after_waiting,"Revolut Terminal keeps failing! Sales blocked, clients waiting. Tried everything, NOTHING works. Why is there NO fix yet? Urgent resolution needed NOW!"
gig_courier_instant_pay_male_27,business_merchant_1,confused_by_app_updates,"I'm trying to add items to my product catalogue for sales, but I can't find where to do that on the app. What do these menu options mean? Feeling a bit lost here."
gig_courier_instant_pay_male_27,business_merchant_1,rushing_with_typos,revolut terminal glitching payments not going through fast pls fix it asap thx
gig_courier_instant_pay_male_27,business_merchant_1,on_the_go_direct,"Revolut Terminal not working, transactions failing at checkout. Help!"
gig_courier_instant_pay_male_27,business_merchant_1,voice_transcription,"hey um i'm having a bit of an issue with the Revolut Terminal when i try to process payments sometimes it doesn't go through smoothly, like it lags or something, any idea why this might be happening"
gig_courier_instant_pay_male_27,business_merchant_1,poor_internet_connection,"My Revolut Terminal isn't loading sales data; uploads keep failing, and it times out repeatedly. What should I do if the connection drops or will my sales sync later?"
gig_courier_instant_pay_male_27,business_merchant_1,vague_first_message,why is the payment terminal not working properly when i use it for my gigs
gig_courier_instant_pay_male_27,transfers_2,empty,"How long do bank transfers usually take, and are there any fees I should be aware of?"
gig_courier_instant_pay_male_27,transfers_2,calm_at_home,I'm planning to transfer some funds to another bank. Could you clarify any fees involved and how long it typically takes for the transfer to be completed?
gig_courier_instant_pay_male_27,transfers_2,panic_security_fear,"urgent! transfer still not in my account, could it be delayed or lost? need to know fees just in case. please help now!"
gig_courier_instant_pay_male_27,transfers_2,angry_after_waiting,"WHY is my transfer taking so long? I need MY money NOW. Unacceptable delay, especially after no help last time. FIX this immediately!"
gig_courier_instant_pay_male_27,transfers_2,confused_by_app_updates,I'm trying to send a bank transfer and I'm confused about where to find the info on how long it'll take to go through. And are there any charges for this? I don't see anything clear.
gig_courier_instant_pay_male_27,transfers_2,rushing_with_typos,tried sending money to bank says pending how long this take is there fee thx
gig_courier_instant_pay_male_27,transfers_2,on_the_go_direct,Why is my bank transfer taking longer than expected? Need money now.
gig_courier_instant_pay_male_27,transfers_2,voice_transcription,hey so i noticed like a fee when i tried to make a bank transfer today um i thought their weren't any extra charges am i missing something can you let me know how the fees work for transfers thanks
gig_courier_instant_pay_male_27,transfers_2,poor_internet_connection,"My transfer isn't showing and the app keeps timing out. If my connection's poor, will the transfer still go through or do I need to retry?"
gig_courier_instant_pay_male_27,transfers_2,vague_first_message,"i transferred money but it's not in my other account yet, did something go wrong"
digital_nomad_tax_resident_female_33,savings_investments_1,empty,"How are my savings taxed, and are there any special rates or conditions for using the instant access savings feature?"
digital_nomad_tax_resident_female_33,savings_investments_1,calm_at_home,Could you clarify how my savings interest is calculated during the current promotion and if the accrued interest might be subject to any tax regulations?
digital_nomad_tax_resident_female_33,savings_investments_1,panic_security_fear,"my savings balance changed suddenly, fear of unauthorized access, emergency please clarify promo impact and any tax deductions now"
digital_nomad_tax_resident_female_33,savings_investments_1,angry_after_waiting,Savings interest not applied correctly. Contacted support before. Still no resolution. Why is it taking so long? This is unacceptable!
digital_nomad_tax_resident_female_33,savings_investments_1,confused_by_app_updates,"i'm trying to understand instant access savings but not sure what it means for my taxes, do i have to do anything special or is it all handled automatically"
digital_nomad_tax_resident_female_33,savings_investments_1,rushing_with_typos,is interest from instant savings taxed if yes how much i ned to know thx
digital_nomad_tax_resident_female_33,savings_investments_1,on_the_go_direct,Are my instant savings subject to any tax? Need to know now.
digital_nomad_tax_resident_female_33,savings_investments_1,voice_transcription,hey just noticed my interest rate for the instant access savings seems different than before and i'm wondering if there's like something temporary going on with that promotion or maybe i misunderstood it can you clarify
digital_nomad_tax_resident_female_33,savings_investments_1,poor_internet_connection,"i'm trying to check my savings account for interest rates but the app gets stuck loading, will my changes still apply despite this issue?"
digital_nomad_tax_resident_female_33,savings_investments_1,vague_first_message,why are my savings not showing any bonus rate i thought it was automatic
digital_nomad_tax_resident_female_33,fx_exchange_1,empty,Can you explain how the exchange rate works for withdrawals at foreign ATMs using Revolut?
digital_nomad_tax_resident_female_33,fx_exchange_1,calm_at_home,"I'm trying to understand how the exchange rates work with Revolut when using foreign ATMs, particularly if the rate is affected by any offered DCC options at the terminal."
digital_nomad_tax_resident_female_33,fx_exchange_1,panic_security_fear,just used an atm abroad and got charged more than expected something about currency conversion what is happening please help emergency
digital_nomad_tax_resident_female_33,fx_exchange_1,angry_after_waiting,"Frustrated! ATM used DCC without my consent, higher rate charged. Revolut rates supposed to be better. Unacceptable! Fix this now!"
digital_nomad_tax_resident_female_33,fx_exchange_1,confused_by_app_updates,"When using ATMs abroad, there's an option to choose something like currency conversion, but I'm not sure how it affects my exchange rate. Where can I find more details on this?"
digital_nomad_tax_resident_female_33,fx_exchange_1,rushing_with_typos,trying to withdraw cash at atm abroad should i use dcc or not how r rates affectd thx
digital_nomad_tax_resident_female_33,fx_exchange_1,on_the_go_direct,stuck at atm what is dcc should i use or not
digital_nomad_tax_resident_female_33,fx_exchange_1,voice_transcription,"hey i was using an atm abroad and i think it used a different rate than revolut because like it asked if i wanted to do the conversion, should i pick local currency or maybe revolut rates are better"
digital_nomad_tax_resident_female_33,fx_exchange_1,poor_internet_connection,"app timing out when checking exchange rates, stuck loading or retries. will the correct rate apply if connection is unstable? need clear guidance on continuing safely."
digital_nomad_tax_resident_female_33,fx_exchange_1,vague_first_message,"why did my money go less at the atm, something about a conversion option?"
digital_nomad_tax_resident_female_33,travel_benefits_1,empty,Does my travel insurance cover areas that are currently experiencing conflict?
digital_nomad_tax_resident_female_33,travel_benefits_1,calm_at_home,I'm planning a trip to a region currently experiencing unrest and want to know if my Revolut travel insurance provides coverage in such areas. Can you clarify the details?
digital_nomad_tax_resident_female_33,travel_benefits_1,panic_security_fear,urgent! i'm traveling to a place with recent conflicts. is my travel insurance still valid? need confirmation now please help!
digital_nomad_tax_resident_female_33,travel_benefits_1,angry_after_waiting,"Travel insurance refuses to cover conflict zone. WHY wasn’t this made clear earlier? Need resolution NOW, this is URGENT. Unacceptable delay!"
digital_nomad_tax_resident_female_33,travel_benefits_1,confused_by_app_updates,"I'm trying to understand if the travel insurance covers regions with unrest or conflict. Is this info somewhere in the app? Only seeing general travel details, not specifics."
digital_nomad_tax_resident_female_33,travel_benefits_1,rushing_with_typos,does my travel insurance cover if im going to a country with conflict what are the limits thx
digital_nomad_tax_resident_female_33,travel_benefits_1,on_the_go_direct,"traveling to a conflict zone, is insurance still covering me?"
digital_nomad_tax_resident_female_33,travel_benefits_1,voice_transcription,hey so i'm traveling soon and i'm a bit confused about the travel insurance like does it cover me if i'm heading somewhere where there might be conflict or should i be worried about that thanks
digital_nomad_tax_resident_female_33,travel_benefits_1,poor_internet_connection,"Travel insurance info won't load for areas in conflict zones. If I retry later with poor connection, will it still apply?"
digital_nomad_tax_resident_female_33,travel_benefits_1,vague_first_message,does my travel protection cover places where there's fighting happening now? need to know before my trip
digital_nomad_tax_resident_female_33,transfers_1,empty,How can I transfer money from my joint account using the app?
digital_nomad_tax_resident_female_33,transfers_1,calm_at_home,I'm trying to transfer funds from our joint account using Revolut. Could you guide me on how to ensure the recipient sees my Revtag instead of the joint account's?
digital_nomad_tax_resident_female_33,transfers_1,panic_security_fear,"urgent, joint account transfer went to wrong Revtag, how do I fix this now? worried about fraud, please help!"
digital_nomad_tax_resident_female_33,transfers_1,angry_after_waiting,Joint account transfer NOT working again. FIX this ASAP. Changing Revtag didn’t help. Frustrated with delay and ZERO support before.
digital_nomad_tax_resident_female_33,transfers_1,confused_by_app_updates,"I’m trying to send money to a friend through our joint account, but the transfer option looks different. Should I use my Revtag, or is there another way to do this?"
digital_nomad_tax_resident_female_33,transfers_1,rushing_with_typos,can't transfer fr joint account do i need to change rev tag or smthing pls help thx
digital_nomad_tax_resident_female_33,transfers_1,on_the_go_direct,need to change revtag now for transfer issues urgent
digital_nomad_tax_resident_female_33,transfers_1,voice_transcription,hey so i was trying to do a transfer between our joint account but it didn’t work did i set up something wrong or is their maybe a tag thing i need to change how do i fix this thanks
digital_nomad_tax_resident_female_33,transfers_1,poor_internet_connection,"trying to transfer from joint account but app is stuck loading and drops connection, does it eventually go through or should i retry when network is better"
digital_nomad_tax_resident_female_33,transfers_1,vague_first_message,"tried moving money to our shared account but it's not showing up anywhere, what happened?"
digital_nomad_tax_resident_female_33,plans_billing_1,empty,Can I still claim travel insurance benefits if I cancel my Premium plan before my trip?
digital_nomad_tax_resident_female_33,plans_billing_1,calm_at_home,Could you clarify who manages the trip and event cancellation protection for Ultra plan users? I'm reviewing my options to ensure comprehensive coverage as I travel frequently.
digital_nomad_tax_resident_female_33,plans_billing_1,panic_security_fear,"Emergency! Removed my Premium plan, does my travel insurance still cover cancellations or am I at risk? Please help now!"
digital_nomad_tax_resident_female_33,plans_billing_1,angry_after_waiting,Why are my claims denied after upgrading to a Premium plan? This is unacceptable. Tried support but no resolution! DEMAND IMMEDIATE ACTION!
digital_nomad_tax_resident_female_33,plans_billing_1,confused_by_app_updates,i removed my premium travel insurance but now i'm unsure if i can still claim for my previous trips what does the app mean by trip cancellation protection who covers it
digital_nomad_tax_resident_female_33,plans_billing_1,rushing_with_typos,pls explain if ultra trip cancellation still covers me after premium travel insurance removal thx
digital_nomad_tax_resident_female_33,plans_billing_1,on_the_go_direct,"Ultra plan cancel, event protection provider, who actually covers?"
digital_nomad_tax_resident_female_33,plans_billing_1,voice_transcription,uh so if i removed my premium travel insurance what do i do if i need to make a claim now cause i had the premium before but not anymore does that affect anything with a claim
digital_nomad_tax_resident_female_33,plans_billing_1,poor_internet_connection,"my premium travel insurance was removed and i’m trying to submit a claim but the app gets stuck loading, will my claim still go through with these connection issues?"
digital_nomad_tax_resident_female_33,plans_billing_1,vague_first_message,i had ultra travel cover but now my plans changed do i still get any refund or coverage
digital_nomad_tax_resident_female_33,cards_atm_1,empty,Why can’t I deposit money into my Revolut card from my Ukrainian bank account?
digital_nomad_tax_resident_female_33,cards_atm_1,calm_at_home,"I'm trying to top-up my account with my card, but it's not working. Are there any limits or restrictions I should be aware of?"
digital_nomad_tax_resident_female_33,cards_atm_1,panic_security_fear,"urgent! my card got blocked after deposit attempt in ukraine, but i need access now, is this fraud or limit issue?"
digital_nomad_tax_resident_female_33,cards_atm_1,angry_after_waiting,MY CARD IS BLOCKED FOR NO REASON! Can't top up from bank. FIX THIS NOW! NEED MONEY! Why hasn’t this been resolved already?
digital_nomad_tax_resident_female_33,cards_atm_1,confused_by_app_updates,"I'm trying to add funds to my card, but it's not working. Is there a limit or something I missed? The app isn't clear on this."
digital_nomad_tax_resident_female_33,cards_atm_1,rushing_with_typos,card top up not working is there a deposit limit for ukraine atm pls help thx
digital_nomad_tax_resident_female_33,cards_atm_1,on_the_go_direct,"deposit limit reached, can't top up card in Kyiv, need help now"
digital_nomad_tax_resident_female_33,cards_atm_1,voice_transcription,hey my card deposit didn't go through and i'm like wondering if there's some sort of limit on this especially for top-ups from a bank outside Ukraine because i need to know what's the issue and fix it
digital_nomad_tax_resident_female_33,cards_atm_1,poor_internet_connection,I'm trying to top up my card but the app keeps getting stuck at loading or timing out. Will it go through if my connection improves?
digital_nomad_tax_resident_female_33,cards_atm_1,vague_first_message,why can't i add money to my card from my other account like before
digital_nomad_tax_resident_female_33,plans_billing_2,empty,Does the Ultra plan's trip cancellation cover apply if I didn't use my Revolut account to pay for the trip?
digital_nomad_tax_resident_female_33,plans_billing_2,calm_at_home,"I'm considering getting Ultra for trip coverage, but I often book with other accounts. Would it still cover me if I didn't use Revolut for the purchase?"
digital_nomad_tax_resident_female_33,plans_billing_2,panic_security_fear,is my trip covered if i didn't use revolut to pay for it? urgent i need to know now please
digital_nomad_tax_resident_female_33,plans_billing_2,angry_after_waiting,Why am I not covered for a trip I booked without Revolut and why haven't I gotten a clear answer yet? NEED ACTION NOW.
digital_nomad_tax_resident_female_33,plans_billing_2,confused_by_app_updates,"I'm looking into the Ultra plan's trip cancellation, and I'm unsure if it's valid for events not booked through Revolut. The coverage details aren't clear. Where can I confirm this?"
digital_nomad_tax_resident_female_33,plans_billing_2,rushing_with_typos,if i book trips using other banks am i still covered with revolut ultra protection pls? thx
digital_nomad_tax_resident_female_33,plans_billing_2,on_the_go_direct,Do I still have trip cancellation cover if booked outside Revolut?
digital_nomad_tax_resident_female_33,plans_billing_2,voice_transcription,hey so with like the ultra plan if i have to cancel a trip i didn't book through revolut am i still covered by the protection especially if i'm traveling with someone else just wanna make sure you know
digital_nomad_tax_resident_female_33,plans_billing_2,poor_internet_connection,"Having trouble loading app features, connection keeps dropping. Can Ultra protection still cover a trip bought with another card if app won’t load policies?"
digital_nomad_tax_resident_female_33,plans_billing_2,vague_first_message,if i book a flight with another card does my trip protection still cover it
digital_nomad_tax_resident_female_33,business_merchant_1,empty,How can I resolve issues with my Revolut Terminal not processing transactions correctly during sales events?
digital_nomad_tax_resident_female_33,business_merchant_1,calm_at_home,I'm having difficulties integrating the Revolut Terminal with my existing business setup. Could you provide guidance on resolving this issue efficiently?
digital_nomad_tax_resident_female_33,business_merchant_1,panic_security_fear,"urgent issue! transactions through revolut terminal not going through, says failed but funds missing! please help fix this now, worried about fraud"
digital_nomad_tax_resident_female_33,business_merchant_1,angry_after_waiting,"Terminal not working AGAIN. Transactions stuck. Clients waiting. ALREADY tried support, no fix. SORT this immediately or I’ll escalate. UNACCEPTABLE delay!"
digital_nomad_tax_resident_female_33,business_merchant_1,confused_by_app_updates,"I'm trying to use my Revolut Terminal, but I can't find the option to link it to my Pro product catalogue. What does that mean and where should I be looking in the app?"
digital_nomad_tax_resident_female_33,business_merchant_1,rushing_with_typos,cn’t get sales in app using product catalogue terminal keeps failing pls fix thx
digital_nomad_tax_resident_female_33,business_merchant_1,on_the_go_direct,"can't access terminal for sales, urgent client waiting, need fix"
digital_nomad_tax_resident_female_33,business_merchant_1,voice_transcription,"uh i'm trying to use that revolut pro catalogue for sales but it's like um not loading or something and my network's fine, any idea why this might be happening because I'm kind of stuck their"
digital_nomad_tax_resident_female_33,business_merchant_1,poor_internet_connection,I'm having trouble uploading products to my Revolut Pro catalogue; connection keeps dropping and timing out. Can transactions still be processed if uploads fail due to poor connectivity?
digital_nomad_tax_resident_female_33,business_merchant_1,vague_first_message,"when using that thing for selling products, my sales aren't showing up right. what's happening?"
digital_nomad_tax_resident_female_33,savings_investments_2,empty,How do I determine if I qualify as a high-net-worth or restricted investor with my current savings?
digital_nomad_tax_resident_female_33,savings_investments_2,calm_at_home,Could you explain how my investment status affects my savings options with Revolut? I'm linking several external accounts and want to understand any impact or limitations.
digital_nomad_tax_resident_female_33,savings_investments_2,panic_security_fear,"urgent help! app says high-net-worth status, i'm scared of fraud, did i lose my savings? fix this now please!"
digital_nomad_tax_resident_female_33,savings_investments_2,angry_after_waiting,"Why am I being treated like a second-tier investor? Already wasted time on this. No proper help received, fix this ASAP."
digital_nomad_tax_resident_female_33,savings_investments_2,confused_by_app_updates,"I'm seeing some terms like 'high-net-worth' and 'restricted' investors in my app, but I'm not sure what they mean or how they apply to my savings. Can you clarify this?"
digital_nomad_tax_resident_female_33,savings_investments_2,rushing_with_typos,"trying to link external bank for savings, do i ned to be high-net invester or smth restricted"
digital_nomad_tax_resident_female_33,savings_investments_2,on_the_go_direct,"urgent need to know if i qualify as high-net-worth or restricted investor for savings options, boarding soon"
digital_nomad_tax_resident_female_33,savings_investments_2,voice_transcription,hi uh i heard about like different investor categories for like savings accounts um can you explain what being a high or restricted investor means like how do i know which one i am
digital_nomad_tax_resident_female_33,savings_investments_2,poor_internet_connection,trying to check my investor profile but app stuck at loading does poor connection affect updates or will my profile still update properly
digital_nomad_tax_resident_female_33,savings_investments_2,vague_first_message,am i supposed to do something special with savings on the app to be a big investor? how does it work
digital_nomad_tax_resident_female_33,fx_exchange_2,empty,How can I avoid dynamic currency conversion fees when using my Revolut card at foreign ATMs?
digital_nomad_tax_resident_female_33,fx_exchange_2,calm_at_home,"Could you clarify how Dynamic Currency Conversion works at ATMs, and whether using Revolut offers any specific benefits in terms of exchange rates compared to other providers?"
digital_nomad_tax_resident_female_33,fx_exchange_2,panic_security_fear,"used atm abroad, charged different rate than expected, is there fraud or DCC involved please help right away"
digital_nomad_tax_resident_female_33,fx_exchange_2,angry_after_waiting,Why was I charged DCC fee at ATM when Revolut is supposed to have better rates? Fix this now!
digital_nomad_tax_resident_female_33,fx_exchange_2,confused_by_app_updates,"using atms abroad shows dynamic currency option, not clear what that does. does revolut use own rates here or should i choose something else to avoid extra fees?"
digital_nomad_tax_resident_female_33,fx_exchange_2,rushing_with_typos,does revolut offer better rates than DCC when using foreign ATMs thnx
digital_nomad_tax_resident_female_33,fx_exchange_2,on_the_go_direct,"At ATM, prompt says choose currency conversion rate. Which Revolut rate applies?"
digital_nomad_tax_resident_female_33,fx_exchange_2,voice_transcription,"hey uh when i'm using atms abroad is their like a way to make sure the conversion rate isn't messed up, i keep hearing about this currency conversion thing but how do i know what rate is applied by you guys"
digital_nomad_tax_resident_female_33,fx_exchange_2,poor_internet_connection,Trying to check exchange rates but app keeps timing out. Will currency conversion use local ATM rate if connection fails during withdrawal?
digital_nomad_tax_resident_female_33,fx_exchange_2,vague_first_message,"why did i get a strange amount when withdrawing cash, is there a hidden charge or something"
cross_border_commuter_female_37,transfers_1,empty,How can I transfer money from my joint account and change my Revtag?
cross_border_commuter_female_37,transfers_1,calm_at_home,Can I transfer money from my joint account to my single account? Want to make sure the settings are correct.
cross_border_commuter_female_37,transfers_1,panic_security_fear,emergency! my eur transfer not showing in joint account did i use wrong tag? please help now
cross_border_commuter_female_37,transfers_1,angry_after_waiting,"My Revtag wrong. Can't transfer. This is slow, fix it NOW. Tried before, nothing changed! Why? Wasting time!"
cross_border_commuter_female_37,transfers_1,confused_by_app_updates,"I changed my Revtag, but now I'm confused where to do transfers from my joint account. Do I need a new process or setting? I don't see any option."
cross_border_commuter_female_37,transfers_1,rushing_with_typos,"how i change my revtag, need to do transfer to joint account, cant find option, thx"
cross_border_commuter_female_37,transfers_1,on_the_go_direct,"transfer not working, is it because of wrong Revtag? need to fix"
cross_border_commuter_female_37,transfers_1,voice_transcription,uh so i need to move some money to a joint account and i'm not sure if i can use my revtag for that like how do i make it happen is it the same process
cross_border_commuter_female_37,transfers_1,poor_internet_connection,"my app getting stuck during transfer to joint account, cannot load, what happen if connection is bad, will it still finish or retry?"
cross_border_commuter_female_37,transfers_1,vague_first_message,"i transfer money but mixup with my shared account, now not sure what happened"
cross_border_commuter_female_37,fx_exchange_1,empty,Can you explain how exchange rates work for my scheduled currency conversions between CHF and EUR?
cross_border_commuter_female_37,fx_exchange_1,calm_at_home,I want to know if using my card in euros in Switzerland has any extra charges from currency conversion.
cross_border_commuter_female_37,fx_exchange_1,panic_security_fear,saw a transaction in eur but i earn in chf scared if currency conversion wrong please help emergency
cross_border_commuter_female_37,fx_exchange_1,angry_after_waiting,"WHY is exchange rate so BAD on my conversion? I scheduled it, NO HELP before! Fix it NOW!"
cross_border_commuter_female_37,fx_exchange_1,confused_by_app_updates,"I see DCC option when spending in EUR, what does this mean? I'm confused about which rates Revolut use for conversions."
cross_border_commuter_female_37,fx_exchange_1,rushing_with_typos,why my CHF to EUR rate different than expected? is it some extra charge or smth else pls help
cross_border_commuter_female_37,fx_exchange_1,on_the_go_direct,Exchange rates different than expected at ATM. Why is this happening?
cross_border_commuter_female_37,fx_exchange_1,voice_transcription,"uh i earn in chf but i spend in eur and i do scheduled conversions, does my conversion use like Revolut rate or this other thing i hear about where the rate is different at checkout"
cross_border_commuter_female_37,fx_exchange_1,poor_internet_connection,the app stuck at loading exchange rates for my chf to eur conversion is dcc safe if connection drops
cross_border_commuter_female_37,fx_exchange_1,vague_first_message,Why was my currency conversion rate different at the shop yesterday?
cross_border_commuter_female_37,other_1,empty,"I can't log in to my account. Is this problem with all accounts, or only mine?"
cross_border_commuter_female_37,other_1,calm_at_home,I cannot log into my Revolut app. Does this have anything to do with payment issues or app support for certain merchants?
cross_border_commuter_female_37,other_1,panic_security_fear,"can't log in, scared my account hacked, seeing strange charge, emergency help me fix now please!"
cross_border_commuter_female_37,other_1,angry_after_waiting,CAN'T LOGIN! Tried everything. No help from support before. I need access NOW. Fix it or I'm DONE with this app!
cross_border_commuter_female_37,other_1,confused_by_app_updates,I try to log in Revolut app but can't find where to check merchants. Does my Clear Sky card help Ukraine? Confused about what to look for.
cross_border_commuter_female_37,other_1,rushing_with_typos,cant log in app keeps saying wrong info tried many time is there some merchants not supported by revolut
cross_border_commuter_female_37,other_1,on_the_go_direct,"can't login, urgent, boarding now, fix access"
cross_border_commuter_female_37,other_1,voice_transcription,um can't log into app after their update happening did Revolut stop working with some banks or what can't figure it out please help
cross_border_commuter_female_37,other_1,poor_internet_connection,"app not loading my account, stuck at loading screen. bad connection, will it finish or retry? need to check my schedule conversions."
cross_border_commuter_female_37,other_1,vague_first_message,"i can't log in the app, seems like my money is gone, why can't i see my euros anymore?"
cross_border_commuter_female_37,plans_billing_1,empty,who gives the trip cancellation protection with the ultra plan
cross_border_commuter_female_37,plans_billing_1,calm_at_home,"I want to know who gives the protection if my Ultra trip needs cancel, and how to claim after Premium travel insurance is gone."
cross_border_commuter_female_37,plans_billing_1,panic_security_fear,emergency my premium travel insurance ended how do i claim cancelled trip costs please help me now worried about fraud
cross_border_commuter_female_37,plans_billing_1,angry_after_waiting,"Why no help for trip cancellation refund yet? Premium insurance removed, but needs solving! Angry with delay! DO SOMETHING NOW!"
cross_border_commuter_female_37,plans_billing_1,rushing_with_typos,does my ultra plan cvr trip cancellations who is giving this service thx
cross_border_commuter_female_37,plans_billing_1,on_the_go_direct,"Travel insurance removed, how to claim for trip cancellations now?"
cross_border_commuter_female_37,plans_billing_1,voice_transcription,um so i had premium travel insurance but now it's gone what do i do if i need to claim a trip cancel is the protection still there or not just a bit confused about it thanks
cross_border_commuter_female_37,plans_billing_1,poor_internet_connection,"I can't upload documents for travel insurance claim, keeps timing out. If app is slow, will my submission still go through or retry later needed?"
cross_border_commuter_female_37,plans_billing_1,vague_first_message,who covers the trip or event cancellation things in my plan? can't find this in app
cross_border_commuter_female_37,cards_atm_1,empty,Why can't I add money to my card with my CHF account?
cross_border_commuter_female_37,cards_atm_1,calm_at_home,"I tried adding money to my Revolut card, but it says not possible. Is it because of some limit or another issue?"
cross_border_commuter_female_37,cards_atm_1,panic_security_fear,"urgent help! my card can't add money for trip to Ukraine, need it working ASAP, what's the limit?"
cross_border_commuter_female_37,cards_atm_1,angry_after_waiting,"CHF can't top-up card, says not allowed. WHY? I'm sick of this issue, had enough! Fix immediately. URGENT! No help received before."
cross_border_commuter_female_37,cards_atm_1,confused_by_app_updates,I try to add CHF to Revolut card but it says top limit or something. Where can I check my limit in app? Don't see any option.
cross_border_commuter_female_37,cards_atm_1,rushing_with_typos,my card not working for deposit why is it restricted pls help thx
cross_border_commuter_female_37,cards_atm_1,on_the_go_direct,"card not working, says limit reached, need to fix fast"
cross_border_commuter_female_37,cards_atm_1,voice_transcription,hey so i tried to add money to my card but it says its not allowed can you tell me why i hear like there's rules or something about sending from ukraine but i'm not sure if that's the issue
cross_border_commuter_female_37,cards_atm_1,poor_internet_connection,trying to load app to top up card but it gets stuck loading and says retry will the transaction go through with weak connection or timeout
cross_border_commuter_female_37,cards_atm_1,vague_first_message,"tried to put money on card but app won't let me do it, why?"
cross_border_commuter_female_37,savings_investments_1,empty,Is there any tax I pay on my instant access savings?
cross_border_commuter_female_37,savings_investments_1,calm_at_home,I want to know if my savings interest is taxed. Can you explain how the taxes work on my savings account?
cross_border_commuter_female_37,savings_investments_1,panic_security_fear,my savings account interest missing maybe fraud? is it taxed please help now
cross_border_commuter_female_37,savings_investments_1,angry_after_waiting,Why is there delay with my savings access? Promo said instant! Need my money NOW. Taxes not clear. Very frustrated with this service.
cross_border_commuter_female_37,savings_investments_1,confused_by_app_updates,I see something called 'Instant Access Savings' in app. How does this work with tax? I don't understand if it's a good choice for saving money.
cross_border_commuter_female_37,savings_investments_1,rushing_with_typos,how is the savings taxed got promo access savings need to know for my chf eur things thx
cross_border_commuter_female_37,savings_investments_1,on_the_go_direct,"Savings balance missing instant access offer, why not applied? Need now, checkout."
cross_border_commuter_female_37,savings_investments_1,voice_transcription,"um can you tell me if my savings are getting interest like is there anything i need to do about taxes on this money, i’m just trying to understand how it works better"
cross_border_commuter_female_37,savings_investments_1,poor_internet_connection,i try to move money to savings but app not work always loading retry what to do can i finish this with bad connection
cross_border_commuter_female_37,savings_investments_1,vague_first_message,"where did my savings go after using that quick money transfer button, it's less now"
cross_border_commuter_female_37,family_joint_1,empty,"I want to know if my kid can save money in their own account using Revolut, is that possible?"
cross_border_commuter_female_37,family_joint_1,calm_at_home,I want to use Revolut for my children to save money. How can I set this up for them in the app?
cross_border_commuter_female_37,family_joint_1,panic_security_fear,"please help my kid's money in the app gone missing, is it stolen? check now emergency"
cross_border_commuter_female_37,family_joint_1,angry_after_waiting,Where is my son's allowance? No money sent to him. Been waiting too long. FIX THIS NOW!
cross_border_commuter_female_37,family_joint_1,confused_by_app_updates,where do i find kid's savings option in app i have problem seeing it in menu is it same as pocket for bills?
cross_border_commuter_female_37,family_joint_1,rushing_with_typos,how do i set up savings for kids account in app for family need quick guide pls
cross_border_commuter_female_37,family_joint_1,on_the_go_direct,"can't send allowance to my kid's card, fix quickly"
cross_border_commuter_female_37,family_joint_1,voice_transcription,"i'm trying to figure out how to set up savings for my kids in the app, um like do they get their own account or something or do i manage it from my app i'm a bit confused help please"
cross_border_commuter_female_37,family_joint_1,poor_internet_connection,"try loading Revolut Kids account but app not working, keeps saying retry. does saving work when connection is bad or need stable internet?"
cross_border_commuter_female_37,family_joint_1,vague_first_message,"my kid's savings money seems missing after set up plan, what do i check?"
cross_border_commuter_female_37,business_merchant_1,empty,"Need help with Revolut Terminal during business use, not processing sales from my Pro product catalogue properly. What should I check or do?"
cross_border_commuter_female_37,business_merchant_1,calm_at_home,I use Revolut Terminal for my business. Can you help me understand why some sales are not showing in my Pro product catalogue properly?
cross_border_commuter_female_37,business_merchant_1,panic_security_fear,"see suspicious transaction with my Revolut Terminal, losing CHF now please help me fast i’m worried about fraud"
cross_border_commuter_female_37,business_merchant_1,angry_after_waiting,"Terminal won't process my sales! Already tried fixing, nothing helps! I need this working NOW! Why no better support? Losing business here!"
cross_border_commuter_female_37,business_merchant_1,confused_by_app_updates,"I try to sell using Revolut Terminal, but it doesn't work. Where do I find the right options to set up? I am seeing product catalogue but I am unsure what it means."
cross_border_commuter_female_37,business_merchant_1,rushing_with_typos,"trouble with revolt terminal, not taking chf payments, is it catalog prob or smthing else, thx"
cross_border_commuter_female_37,business_merchant_1,on_the_go_direct,"terminal not working, sales stuck, urgent fix needed, checkout line"
cross_border_commuter_female_37,business_merchant_1,voice_transcription,uh hey i'm trying to use my revolut terminal for sales from the catalogue it keeps giving error and my client is waiting can you help fix this like um is their a step i missed
cross_border_commuter_female_37,business_merchant_1,poor_internet_connection,"My Revolut Terminal stuck at loading when I try to use it. Uploads fail, connection drops. What to do with poor connection, will sales go through?"
cross_border_commuter_female_37,business_merchant_1,vague_first_message,"the machine to accept payments not working right, sales catalog is missing items, need fix for business"
cross_border_commuter_female_37,transfers_2,empty,How long does it take for my CHF to EUR transfer in the app?
cross_border_commuter_female_37,transfers_2,calm_at_home,I make scheduled conversions from CHF to EUR. Can you explain if there are fees and how long transfers usually take to complete?
cross_border_commuter_female_37,transfers_2,panic_security_fear,sent money euro to friend no show up urgent help why delay? scared it's lost please now!
cross_border_commuter_female_37,transfers_2,angry_after_waiting,Why is my EUR to CHF conversion taking so long? Already waited days! I need it NOW. This is unacceptable.
cross_border_commuter_female_37,transfers_2,confused_by_app_updates,"I tried transferring CHF to EUR, but I don’t know how long it takes. Where can I see transfer time information? Not sure if I did it right."
cross_border_commuter_female_37,transfers_2,rushing_with_typos,my transfer euro to chf taking longer than i thought usual delay or problem pls help thx
cross_border_commuter_female_37,transfers_2,on_the_go_direct,why is my CHF to EUR conversion taking long
cross_border_commuter_female_37,transfers_2,voice_transcription,"uh how long does a transfer take if i'm sending money from my account in euros to my other account in francs, like is there a fee involved too i need to know cause i do it regularly"
cross_border_commuter_female_37,transfers_2,poor_internet_connection,"trying transfer chf to eur, but app stuck loading, connection bad, will it finish transfer or not, and is there fee for retry?"
cross_border_commuter_female_37,transfers_2,vague_first_message,"I moved money from CHF to EUR, nothing showing yet, is there a delay?"
cross_border_commuter_female_37,transfers_3,empty,Please when will my scheduled conversion from CHF to EUR complete and are there any fees for this?
cross_border_commuter_female_37,transfers_3,calm_at_home,"I earn CHF but spend in EUR. How long does it take for currency conversion to complete with scheduled transfers, and are there any fees for this?"
cross_border_commuter_female_37,transfers_3,panic_security_fear,"money transfer to euro account not arrived, is my money stuck? please help, urgent, need it now!"
cross_border_commuter_female_37,transfers_3,angry_after_waiting,"TRANSFER DELAYED AGAIN! Why isn't my money in already? Need it NOW. Tried fixing this before, no luck. UNACCEPTABLE."
cross_border_commuter_female_37,transfers_3,confused_by_app_updates,"I want to move CHF to EUR with schedule, but don't see fee info. It says something about transfers, then different amounts pop up. Where do I find what it means?"
cross_border_commuter_female_37,transfers_3,rushing_with_typos,why my chf to eur transfer takes so long and any fees i dont know
cross_border_commuter_female_37,transfers_3,on_the_go_direct,why my money not arrived yet fast bank transfer? i need it now
cross_border_commuter_female_37,transfers_3,voice_transcription,um like i did my scheduled conversion from chf to eur yesterday but uh the transfer to my eur account still not there today is it normal or did something go wrong with the timing thanks
cross_border_commuter_female_37,transfers_3,poor_internet_connection,trying to transfer money stuck at loading screen nothing happens if connection weak will it still go through?
cross_border_commuter_female_37,transfers_3,vague_first_message,"my money lost during transfer to euro bank, when it will show up?"
crypto_web3_enthusiast_male_24,crypto_1,empty,How does crypto staking work and is there any fee when using it?
crypto_web3_enthusiast_male_24,crypto_1,calm_at_home,Can you tell me how the crypto staking works and if there are any fees I need to know about before I start?
crypto_web3_enthusiast_male_24,crypto_1,panic_security_fear,"emergency! i started crypto staking and now worried about hidden fees or losing my coins, help fast please!"
crypto_web3_enthusiast_male_24,crypto_1,angry_after_waiting,"WHY does staking crypto have a FEE? I didn't know before! Fix this! Tried support, NO HELP!"
crypto_web3_enthusiast_male_24,crypto_1,confused_by_app_updates,I want to stake crypto but not sure how it works or if it costs something. Where to find this info in app?
crypto_web3_enthusiast_male_24,crypto_1,rushing_with_typos,how crypto staking work fee or anything i need know thx
crypto_web3_enthusiast_male_24,crypto_1,on_the_go_direct,"Crypto staking fees? Need quick info, short time."
crypto_web3_enthusiast_male_24,crypto_1,voice_transcription,um so if i wanna do this crypto staking thing like how does it work and uh is there like a fee i gotta pay for it you know just trying to figure it out thanks
crypto_web3_enthusiast_male_24,crypto_1,poor_internet_connection,"crypto staking stuck loading, nothing happens. will it stake even with connection drop, or do I need to retry?"
crypto_web3_enthusiast_male_24,crypto_1,vague_first_message,i tried that crypto thingy and now i see charges is this normal for making money grow
crypto_web3_enthusiast_male_24,other_1,empty,"i am having trouble logging into the web app, is there any restriction with some merchants?"
crypto_web3_enthusiast_male_24,other_1,calm_at_home,I can't log into my Revolut web app even though I set up passkey for two-step verification. What should I do to fix login access?
crypto_web3_enthusiast_male_24,other_1,panic_security_fear,"can't login with passkey, try many times, urgent help, account locked or fraud? please fix now"
crypto_web3_enthusiast_male_24,other_1,angry_after_waiting,CAN'T LOGIN using passkey! WHY? Tried everything! NO HELP before. FIX IT NOW!
crypto_web3_enthusiast_male_24,other_1,confused_by_app_updates,"Trying to log in web app, it asks for something called passkey 2FA. I don’t see what it means or where to find it. Can you help?"
crypto_web3_enthusiast_male_24,other_1,rushing_with_typos,cant log in on web app is it 2FA or something else pls help
crypto_web3_enthusiast_male_24,other_1,on_the_go_direct,"can't login Revolut web app, says merchant not supported, fix fast"
crypto_web3_enthusiast_male_24,other_1,voice_transcription,um trying to log in on the web app but it's not working could this be because of like some merchants not being supported or is there another issue with the login process i need to know about
crypto_web3_enthusiast_male_24,other_1,poor_internet_connection,trying to login with passkey but screen stuck at loading keeps saying retry or timeout how to fix when bad connection will it complete anyway
crypto_web3_enthusiast_male_24,other_1,vague_first_message,"can't open my account with that security number thing it's stuck, need my money fast"
crypto_web3_enthusiast_male_24,cards_atm_1,empty,Why is my card not accepting deposits since I reached a certain amount?
crypto_web3_enthusiast_male_24,cards_atm_1,calm_at_home,I tried adding funds to my card but it says restricted. How can I solve this issue to keep using the card for my transactions?
crypto_web3_enthusiast_male_24,cards_atm_1,panic_security_fear,my card not working for deposit is it blocked please help now i'm worried
crypto_web3_enthusiast_male_24,cards_atm_1,angry_after_waiting,"WHY can't I top up my card? Tried many times, still blocked! Frustrated with NO help!"
crypto_web3_enthusiast_male_24,cards_atm_1,confused_by_app_updates,"I try to add money from my Ukraine card, but it says limit problem. What does this mean? I don’t see any limit info in app."
crypto_web3_enthusiast_male_24,cards_atm_1,rushing_with_typos,"cant add funds to my card, says problem with topup, need fix pls"
crypto_web3_enthusiast_male_24,cards_atm_1,on_the_go_direct,"card won't let me deposit BGN, need fix now"
crypto_web3_enthusiast_male_24,cards_atm_1,voice_transcription,uh i tried topping up my card from ukraine and like it didn't work do i need to do something special for this or is there a limit or something thanks
crypto_web3_enthusiast_male_24,cards_atm_1,poor_internet_connection,"card deposit not working, page stuck loading, connection drops, need to retry. will it complete if connection is poor? please advice what to do"
crypto_web3_enthusiast_male_24,cards_atm_1,vague_first_message,why can't i put more money from my card into my revolut the app just stops me
crypto_web3_enthusiast_male_24,savings_investments_1,empty,Can you explain how taxes work on savings with the Instant Access offer?
crypto_web3_enthusiast_male_24,savings_investments_1,calm_at_home,I want to know if my savings earn interest immediately and if I need to pay taxes on it. Can you explain how this works?
crypto_web3_enthusiast_male_24,savings_investments_1,panic_security_fear,"urgent! savings promo missing from my balance, did i lose money? please help now!"
crypto_web3_enthusiast_male_24,savings_investments_1,angry_after_waiting,My savings account tax info is wrong. WHY is there a delay fixing this?! Already tried contacting. NEED action now.
crypto_web3_enthusiast_male_24,savings_investments_1,rushing_with_typos,"hi, saving account interest taxed? want to know before i move bgn to eur thx"
crypto_web3_enthusiast_male_24,savings_investments_1,on_the_go_direct,"Instant savings, what's the tax? Need clarity fast."
crypto_web3_enthusiast_male_24,savings_investments_1,voice_transcription,uh so like i'm using the instant savings feature and like i want to know if i make money from it do i have to pay tax on my earnings or how does that work
crypto_web3_enthusiast_male_24,savings_investments_1,poor_internet_connection,"trying to see savings offer details but page not loading, connection bad, will action still work with poor wifi or do i retry?"
crypto_web3_enthusiast_male_24,savings_investments_1,vague_first_message,"I can't find my savings money, was it taxed or something else? It’s not there."
crypto_web3_enthusiast_male_24,fx_exchange_1,empty,Why do I get a different amount after converting BGN to EUR compared to other services?
crypto_web3_enthusiast_male_24,fx_exchange_1,calm_at_home,"I want to know if Revolut uses mid-market rates when converting BGN to EUR or if extra fees apply, like with some other currency exchanges."
crypto_web3_enthusiast_male_24,fx_exchange_1,panic_security_fear,"emergency! fx rates different when paying, is this fraud or what, help fast, losing money!"
crypto_web3_enthusiast_male_24,fx_exchange_1,angry_after_waiting,Why my exchange rate so bad? I use BGN to EUR. I already tried to fix. Unhappy with info. NEED ANSWER NOW!
crypto_web3_enthusiast_male_24,fx_exchange_1,confused_by_app_updates,"Hi, I exchange BGN to EUR in the app, but something shows about currency conversion I don’t understand. Is it automatic or need to do something? Please help."
crypto_web3_enthusiast_male_24,fx_exchange_1,rushing_with_typos,why my bgn to eur rate differ at checkout is there some hidden fee like commission pls help
crypto_web3_enthusiast_male_24,fx_exchange_1,on_the_go_direct,"BGN to EUR rate not matching app, fix quickly!"
crypto_web3_enthusiast_male_24,fx_exchange_1,voice_transcription,uh so when i use my revolut card in shops their asking if i wanna pay in my own currency or euro what's the best option cause i thought revolut gives good rates but like i don’t know what to choose
crypto_web3_enthusiast_male_24,fx_exchange_1,poor_internet_connection,I try to exchange BGN to EUR but the app keeps timing out. Is the rate still the same when my connection is poor?
crypto_web3_enthusiast_male_24,fx_exchange_1,vague_first_message,why my euro conversion took more money than expected what rate is being used
crypto_web3_enthusiast_male_24,plans_billing_1,empty,Who gives the cancellation protection benefits for Ultra plan trips and events?
crypto_web3_enthusiast_male_24,plans_billing_1,calm_at_home,I hear Premium plan travel insurance is not included anymore. Can you explain how I make a claim now if my trip gets canceled unexpectedly?
crypto_web3_enthusiast_male_24,plans_billing_1,panic_security_fear,i need help my ultra trip cancellation protection is it still covered after plan change urgent
crypto_web3_enthusiast_male_24,plans_billing_1,rushing_with_typos,who covers trip cancelation with ultra plan unable to find pls confirm thx
crypto_web3_enthusiast_male_24,plans_billing_1,on_the_go_direct,Who covers Ultra event cancellation if my Premium insurance gone?
crypto_web3_enthusiast_male_24,plans_billing_1,voice_transcription,uh my plan changed and uh I wanna know um who handles like the protection for events and trips now with my account and if uh I can still make a claim if there's a problem after the change
crypto_web3_enthusiast_male_24,plans_billing_1,poor_internet_connection,I need help with Ultra trip cover but my app keeps timing out or getting stuck loading. Can I still claim if Premium travel insurance removed?
crypto_web3_enthusiast_male_24,plans_billing_1,vague_first_message,Did Ultra stop covering events or trips if I cancel now?
crypto_web3_enthusiast_male_24,transfers_1,empty,how do i transfer from my joint account to someone else using my revtag
crypto_web3_enthusiast_male_24,transfers_1,calm_at_home,How can I transfer money from joint account using app and if necessary change the name linked to it?
crypto_web3_enthusiast_male_24,transfers_1,panic_security_fear,emergency i try sending euro from joint account to crypto wallet but wrong tag now please help fix to correct before loss
crypto_web3_enthusiast_male_24,transfers_1,angry_after_waiting,"Crypto transfer blocked. Need joint account, but can’t change my tag. Support is SLOW, HELP NOW!"
crypto_web3_enthusiast_male_24,transfers_1,confused_by_app_updates,"I try sending euro to joint account but see only one Revtag, I am confused, where can I change it or find the joint option?"
crypto_web3_enthusiast_male_24,transfers_1,rushing_with_typos,cant send joint account euros to my crypto wllt my revtag changed i think?
crypto_web3_enthusiast_male_24,transfers_1,on_the_go_direct,need help transfer from crypto wallet to joint account now
crypto_web3_enthusiast_male_24,transfers_1,voice_transcription,hi um i need to send euros from my joint account but it doesn't let me change the person i want to send it to can i fix this how do i like change the name on the transfer
crypto_web3_enthusiast_male_24,transfers_1,poor_internet_connection,trying to send BGN to joint account but app says timeout error and still loading will this transfer succeed if connection bad
crypto_web3_enthusiast_male_24,transfers_1,vague_first_message,i sent money to joint account but it not show up did something go wrong
crypto_web3_enthusiast_male_24,business_merchant_1,empty,how do i make sales from my product list using the app
crypto_web3_enthusiast_male_24,business_merchant_1,calm_at_home,I have problem with my Revolut Terminal when trying to use it for crypto transactions. Can you show me how to fix this so I can continue my sales?
crypto_web3_enthusiast_male_24,business_merchant_1,panic_security_fear,"urgent! i can't make sales, revolut terminal not working, losing customers now, please help quickly!"
crypto_web3_enthusiast_male_24,business_merchant_1,angry_after_waiting,"Terminal not working. Crypto transaction failed. Need fix NOW. Business losing money. Tried support, no help! Unacceptable DELAY!"
crypto_web3_enthusiast_male_24,business_merchant_1,rushing_with_typos,trying sell products wtih pro catalogue but payments not processing any idea why this is happening pls fix
crypto_web3_enthusiast_male_24,business_merchant_1,on_the_go_direct,"can't load products on terminal, need to sell, fix urgently"
crypto_web3_enthusiast_male_24,business_merchant_1,voice_transcription,uh so my revolut terminal isn't working right when making sales with my pro product catalogue can you tell me why it's not connecting or like processing transactions properly i need it for my business now
crypto_web3_enthusiast_male_24,business_merchant_1,poor_internet_connection,"Revolut Terminal not loading my catalogue, keeps saying retry or timeout. My uploads fail, and connection drops. What can I do to complete sales with bad connection?"
crypto_web3_enthusiast_male_24,business_merchant_1,vague_first_message,"my money gone after customer buy from catalogue, how to see what happened?"
crypto_web3_enthusiast_male_24,crypto_2,empty,I try to transfer crypto but confused about supported currency and network. Can you help?
crypto_web3_enthusiast_male_24,crypto_2,calm_at_home,I tried logging in with my passkey but it didn't work. Can I transfer crypto from my wallet to use in the web app without logging in?
crypto_web3_enthusiast_male_24,crypto_2,panic_security_fear,"can't log in web app, passkey not working, urgent! crypto wallet transfer to unsupported address, is my deposit lost or rolled back? please help now"
crypto_web3_enthusiast_male_24,crypto_2,angry_after_waiting,Can’t log in web app. Crypto transfer failed! Wrong advice before! WHY no supported network info? FIX this immediately! Tired of waiting!
crypto_web3_enthusiast_male_24,crypto_2,confused_by_app_updates,"I try log into app using passkey, but it say wrong. I don't see where to go for crypto withdraw address. I use BGN to EUR, but options confuse me. What mean network selection?"
crypto_web3_enthusiast_male_24,crypto_2,rushing_with_typos,"cant login account web app, crypto wallet address wrong? bgn to eur pls fix"
crypto_web3_enthusiast_male_24,crypto_2,on_the_go_direct,"Can't login, is my crypto network supported?"
crypto_web3_enthusiast_male_24,crypto_2,voice_transcription,"hi im trying to login on the web app um and i think maybe a problem with my crypto wallet because i sent BGN to EUR uh, but not sure on supported networks or exchanges could this affect my access?"
crypto_web3_enthusiast_male_24,crypto_2,poor_internet_connection,"can't login on web app, connection keeps dropping, nothing loads. Can I retry later or do I need to change any settings for crypto wallet transfer?"
crypto_web3_enthusiast_male_24,crypto_2,vague_first_message,"i try to move crypto to my app and it's not showing up, what is wrong?"
crypto_web3_enthusiast_male_24,savings_investments_2,empty,I have savings in crypto and want to know if I'm seen as high-value or limited investor?
crypto_web3_enthusiast_male_24,savings_investments_2,calm_at_home,"I want to save in euro, but not sure if I'm restricted investor or high-net-worth status affects the options. Can you help?"
crypto_web3_enthusiast_male_24,savings_investments_2,panic_security_fear,"emergency, my crypto wallet may be compromised, am i a high-net investment, or is it restricted, funds missing! please help urgently!"
crypto_web3_enthusiast_male_24,savings_investments_2,angry_after_waiting,Why am I listed as restricted? I’m high-net-worth! Fix this fast. Been waiting ages. Unacceptable. NO RESPONSE before.
crypto_web3_enthusiast_male_24,savings_investments_2,confused_by_app_updates,"i am trying to understand what does high-net-worth or restricted investor mean in my savings options, where do i find this information"
crypto_web3_enthusiast_male_24,savings_investments_2,rushing_with_typos,trying to invest savings crypto high net worth investor or something what does it mean pls explain thx
crypto_web3_enthusiast_male_24,savings_investments_2,on_the_go_direct,"can't move savings to crypto wallet, am i restricted investor?"
crypto_web3_enthusiast_male_24,savings_investments_2,voice_transcription,"um i'm trying to understand the investor categories in app like if being a high amount investor affects my savings options or is it the same if restricted investor maybe, can i still invest in crypto?"
crypto_web3_enthusiast_male_24,savings_investments_2,poor_internet_connection,"I try to move savings to EUR from BGN but app stuck at loading, if connection fails, will my action still happen?"
crypto_web3_enthusiast_male_24,savings_investments_2,vague_first_message,i try move funds and it says i am restricted investor what does this mean for my savings
boutique_hotel_host_female_41,other_1,empty,I'm having trouble logging into my account. Are there any merchants that might be causing issues with the authentication process?
boutique_hotel_host_female_41,other_1,calm_at_home,I am unable to log in to my Revolut account. Could this issue be related to any merchant restrictions or specific support services tied to my card?
boutique_hotel_host_female_41,other_1,panic_security_fear,"my account won't login and i fear unauthorized access, is there an emergency support for fixing this quickly please help now"
boutique_hotel_host_female_41,other_1,angry_after_waiting,Can't login. Tried everything. Waste of time. Want to use Ukraine support via Clear Sky card but LOCKED out. FIX THIS NOW. Why no help before?
boutique_hotel_host_female_41,other_1,confused_by_app_updates,"I'm having trouble logging into my Revolut account. It mentions something about Clear Sky and Ukraine, but this doesn't make sense to me. What should I look for or do next?"
boutique_hotel_host_female_41,other_1,rushing_with_typos,cant login revolut pay did i miss some steps svc temporarily down?
boutique_hotel_host_female_41,other_1,on_the_go_direct,"can't log in at store checkout, assistance needed urgently"
boutique_hotel_host_female_41,other_1,voice_transcription,"hey i'm having trouble logging into the app did Revolut like change its support for certain countries or something, especially with the whole situation in Ukraine and their Clear Sky cards, could that be why?"
boutique_hotel_host_female_41,other_1,poor_internet_connection,"stuck at login screen, nothing loads, keeps timing out, how can i access account with frequent connection dropouts, will retries eventually work or do i need stable connection"
boutique_hotel_host_female_41,other_1,vague_first_message,"can't login after trying to use my card, does it work in all stores?"
boutique_hotel_host_female_41,transfers_1,empty,How can I transfer funds from a joint account using my custom username in the app?
boutique_hotel_host_female_41,transfers_1,calm_at_home,How can I make a transfer from a joint account if I need to update my Revtag first? I'm unsure how these changes might affect the process.
boutique_hotel_host_female_41,transfers_1,panic_security_fear,please help urgent! joint account transfer made but not showing in my account did someone change my Revtag without permission?
boutique_hotel_host_female_41,transfers_1,angry_after_waiting,"I need to transfer from my joint account, but it's impossible. Why this delay? Fix it NOW! Already tried changing Revtag, STILL NOT WORKING!"
boutique_hotel_host_female_41,transfers_1,confused_by_app_updates,"I'm trying to transfer funds, but I don't see the option for joint accounts. Is there a specific menu or setting I’m missing? It’s quite confusing."
boutique_hotel_host_female_41,transfers_1,rushing_with_typos,tried sending a transfer from joint accnt but not going thru help pls
boutique_hotel_host_female_41,transfers_1,on_the_go_direct,"need to change my Revtag urgently, how's that done?"
boutique_hotel_host_female_41,transfers_1,voice_transcription,uh so i tried to transfer money from my joint account but it didn't work how can i make sure it's set up right or am i like missing something please help me figure this out
boutique_hotel_host_female_41,transfers_1,poor_internet_connection,"trying to change my Revtag but keeps timing out or getting stuck loading, will it eventually update if i keep retrying or any tips for bad connection?"
boutique_hotel_host_female_41,transfers_1,vague_first_message,"trying to send funds to my joint account but it didn't go through, what should i do?"
boutique_hotel_host_female_41,cards_atm_1,empty,Why can't I deposit funds to my card from my account right now?
boutique_hotel_host_female_41,cards_atm_1,calm_at_home,"I'm trying to top up my Revolut card from Ukraine, but it seems there's a limit. Can you please explain what restrictions or limits are in place for this?"
boutique_hotel_host_female_41,cards_atm_1,panic_security_fear,"urgent problem with card deposit not working, says limit issue but no idea what's wrong help me now please"
boutique_hotel_host_female_41,cards_atm_1,angry_after_waiting,"WHY is my DEPOSIT blocked again? Your limits are too LOW, and NO solution was given last time. FIX this ASAP!"
boutique_hotel_host_female_41,cards_atm_1,confused_by_app_updates,Trying to top up my card but it's saying something about limits or restrictions. I don't understand where this is explained. What are the steps I need to follow?
boutique_hotel_host_female_41,cards_atm_1,rushing_with_typos,card top-up not working im in ukraine any limit or restriction issue pls help fast
boutique_hotel_host_female_41,cards_atm_1,on_the_go_direct,"can't top-up card, deposit restricted, need it working now"
boutique_hotel_host_female_41,cards_atm_1,voice_transcription,hey so um i tried topping up my Revolut card from my bank in Ukraine but it's not going through and i need to know if their's like a limit or something on the amount i can add help me out
boutique_hotel_host_female_41,cards_atm_1,poor_internet_connection,"trying to top-up card but it's stuck loading and fails to upload, will my deposit complete despite poor connection, or should i try again later?"
boutique_hotel_host_female_41,cards_atm_1,vague_first_message,"my card isn't letting me add more money, is there a limit or something?"
boutique_hotel_host_female_41,savings_investments_1,empty,"How does the tax on interest from savings work, and do I need to report it myself?"
boutique_hotel_host_female_41,savings_investments_1,calm_at_home,I'd like more information on how taxes are applied to my savings interest with your promotional offers. Are there any specific tax implications I should be aware of?
boutique_hotel_host_female_41,savings_investments_1,panic_security_fear,"i'm worried about my savings, is there a chance they might get taxed unexpectedly? please help, need to understand this now to avoid any issues"
boutique_hotel_host_female_41,savings_investments_1,angry_after_waiting,"WHERE are my instant access savings benefits? Not seeing any promotion applied. Tried resolving before, no help. Fix this NOW. Tax info unclear too. Tired of delays."
boutique_hotel_host_female_41,savings_investments_1,confused_by_app_updates,"I'm trying to figure out how the instant access savings feature works in the app. I can't locate where to view it, and I'm unsure about how taxes might apply. Could you help clarify this?"
boutique_hotel_host_female_41,savings_investments_1,rushing_with_typos,how is interest added on savings is it taxed like what rates apply pls
boutique_hotel_host_female_41,savings_investments_1,on_the_go_direct,"can't see how savings affect my taxes, urgent guidance needed"
boutique_hotel_host_female_41,savings_investments_1,voice_transcription,um hey i was just kinda wondering about how the interest from my savings with revolut gets taxed or if there's like any special offers for instant access accounts right now thanks
boutique_hotel_host_female_41,savings_investments_1,poor_internet_connection,"app not loading savings info, uploads fail consistently with timeout, concerned about promo deadlines and tax impacts if connection fails, does action complete if connection drops?"
boutique_hotel_host_female_41,savings_investments_1,vague_first_message,where is my savings money i thought it was growing but amount not changed
boutique_hotel_host_female_41,plans_billing_1,empty,Who provides the trip and event cancellation coverage in the Ultra plan?
boutique_hotel_host_female_41,plans_billing_1,calm_at_home,I recently downgraded my Revolut plan and noticed my Premium travel insurance is no longer active. How can I file a claim for events that occurred before this change?
boutique_hotel_host_female_41,plans_billing_1,panic_security_fear,"urgent! ultra trip cancellation protection, who covers this? worry about fraud, need to know now!"
boutique_hotel_host_female_41,plans_billing_1,angry_after_waiting,"Why is my Ultra trip cancellation claim delayed? Urgent. Nobody helps, and this is frustrating. FIX IT NOW!"
boutique_hotel_host_female_41,plans_billing_1,confused_by_app_updates,"I'm confused about the trip cancellation protection with Ultra. Who is the provider, and how do I claim if my plan changes? I don't see clear options for this in the app."
boutique_hotel_host_female_41,plans_billing_1,rushing_with_typos,who provides the ultra travel protection i need to file claim fast thnk u
boutique_hotel_host_female_41,plans_billing_1,on_the_go_direct,"Who backs Ultra trip cancellation coverage? Need it fast, I'm boarding."
boutique_hotel_host_female_41,plans_billing_1,voice_transcription,hey uh why is premium travel insurance not working anymore on my account i need to know who is handling my event cancellations because i relied on that for my business trips you know
boutique_hotel_host_female_41,plans_billing_1,poor_internet_connection,my revolut app keeps getting stuck or timing out when trying to check trip cancellation protection details. how do i claim coverage if the connection keeps dropping?
boutique_hotel_host_female_41,plans_billing_1,vague_first_message,did my protection for event cancellations stop because of some change in my plan
boutique_hotel_host_female_41,family_joint_1,empty,How can I use Revolut to help manage or save for my kids' future expenses?
boutique_hotel_host_female_41,family_joint_1,calm_at_home,I'm interested in setting up savings for my kids through the app. Can you explain how payments between my account and theirs work with Revolut Kids?
boutique_hotel_host_female_41,family_joint_1,panic_security_fear,my kid made a payment with their Revolut card i didn’t approve please help this is an emergency what can i do now
boutique_hotel_host_female_41,family_joint_1,angry_after_waiting,WHY can't my kid access their savings? Tried everything. Revolut support has been NO help. Fix this NOW!
boutique_hotel_host_female_41,family_joint_1,confused_by_app_updates,"I'm trying to set up something for my child, like savings or payments, but I'm not sure which option to pick in the Revolut app. Where should I look?"
boutique_hotel_host_female_41,family_joint_1,rushing_with_typos,do kids cards block certain payments my kid cant buy things at the app store help pls
boutique_hotel_host_female_41,family_joint_1,on_the_go_direct,"can't add funds to my kid's account, urgent, fix it now"
boutique_hotel_host_female_41,family_joint_1,voice_transcription,"hey so how do i like set savings goals for my kid's account in the app, um i want them to like save up for something specific but not sure how to do it"
boutique_hotel_host_female_41,family_joint_1,poor_internet_connection,"trying to set up savings for my kid but connection keeps dropping, upload fails. will this process finish despite errors or do i need stable connection?"
boutique_hotel_host_female_41,family_joint_1,vague_first_message,set up something for my kid to save his money on revolut but can't find where to check his savings
boutique_hotel_host_female_41,fx_exchange_1,empty,Can you explain how the currency conversion at checkout works when using Revolut Pay?
boutique_hotel_host_female_41,fx_exchange_1,calm_at_home,"I would like to understand how Revolut's currency conversion works, especially when using the Pay checkout feature. Are there specific rates or fees applied compared to local bank rates?"
boutique_hotel_host_female_41,fx_exchange_1,panic_security_fear,"emergency! charged in another currency, not clear on rates, could it be fraud? please help now"
boutique_hotel_host_female_41,fx_exchange_1,angry_after_waiting,Why am I charged in my home currency instead of local currency? Revolut rates supposed to apply! FIX THIS NOW!
boutique_hotel_host_female_41,fx_exchange_1,confused_by_app_updates,I’m trying to understand how currency conversion works on my account. Is there a specific rate or option I should be looking at? I'm not sure about this DCC thing.
boutique_hotel_host_female_41,fx_exchange_1,rushing_with_typos,"exchange rate seems off on card transaction in USD, is currency conversion automatic can i fix it"
boutique_hotel_host_female_41,fx_exchange_1,on_the_go_direct,Why is my payment in local currency when I choose EUR?
boutique_hotel_host_female_41,fx_exchange_1,voice_transcription,uh hey so i made a payment using my revolut card and it seemed like the amount was higher than expected um is this because of some currency thing or like the rate was different than usual
boutique_hotel_host_female_41,fx_exchange_1,poor_internet_connection,"why isn't the currency conversion loading, app keeps timing out, will my exchange rate apply automatically despite connection issues?"
boutique_hotel_host_female_41,fx_exchange_1,vague_first_message,"why did my payment switch currencies at checkout, charged more than expected"
boutique_hotel_host_female_41,fraud_security_1,empty,"I noticed my card was used for a withdrawal I didn't authorize, what should I do next?"
boutique_hotel_host_female_41,fraud_security_1,calm_at_home,I noticed a transaction showing an ATM withdrawal that I didn’t make. Could you guide me on how to report this as fraudulent?
boutique_hotel_host_female_41,fraud_security_1,panic_security_fear,"urgent! my card was used and money withdrawn from an atm today, but i didn't do it, please help now"
boutique_hotel_host_female_41,fraud_security_1,angry_after_waiting,My card charged for something I NEVER authorized. Tried fixing. NO RESPONSE. WHEN will you do something about this?
boutique_hotel_host_female_41,fraud_security_1,confused_by_app_updates,"i noticed a transaction from an atm withdrawal that i don’t recall making, can you tell me what steps to take or where to check it?"
boutique_hotel_host_female_41,fraud_security_1,rushing_with_typos,card used without my permision for a payment i didnt make need help asap
boutique_hotel_host_female_41,fraud_security_1,on_the_go_direct,"my card used fraudulently, transactions not mine, fix it now"
boutique_hotel_host_female_41,fraud_security_1,voice_transcription,uh like i just got a notification for a payment on my card but i didn't make it what do i do cause i'm worried about fraud and i have no clue if someone got my details or what
boutique_hotel_host_female_41,fraud_security_1,poor_internet_connection,"i see a payment on my card i didn't authorize and app stuck at loading when i tried to report it, will it still process or should i retry?"
boutique_hotel_host_female_41,fraud_security_1,vague_first_message,"saw a charge i didn't make, looks like my card was used somewhere else, can you help?"
boutique_hotel_host_female_41,business_merchant_1,empty,How can I troubleshoot if my Revolut Terminal isn't processing payments during checkout?
boutique_hotel_host_female_41,business_merchant_1,calm_at_home,I'm having difficulty processing payments with my Revolut Terminal. Could you provide guidance on troubleshooting steps I can take to resolve this issue?
boutique_hotel_host_female_41,business_merchant_1,panic_security_fear,"Revolut Terminal not working during client payment, urgent, might lose sale please help now!"
boutique_hotel_host_female_41,business_merchant_1,angry_after_waiting,"Why is my Revolut Terminal still not working? Tried everything! Losing sales, need this FIXED ASAP. Your delay is unacceptable. FURIOUS!"
boutique_hotel_host_female_41,business_merchant_1,confused_by_app_updates,i am trying to use my revolut terminal with the product catalogue but i don't see how to connect them or where to manage sales can you clarify what steps i need to follow
boutique_hotel_host_female_41,business_merchant_1,rushing_with_typos,trying to use Revolut Terminal for sales but it keeps failing can't process payments help pls
boutique_hotel_host_female_41,business_merchant_1,on_the_go_direct,"Terminal not processing payments, need immediate fix, customers waiting."
boutique_hotel_host_female_41,business_merchant_1,voice_transcription,um so i've been using the revolut terminal and sometimes it doesn't seem to process payments properly like it just stops and the transaction doesn't go through can you help me figure out why this happens thanks
boutique_hotel_host_female_41,business_merchant_1,poor_internet_connection,"trying to upload new items in my pro product catalogue but everything is stuck at loading or fails to upload, will the action complete despite bad connection?"
boutique_hotel_host_female_41,business_merchant_1,vague_first_message,why does the card reader not connect to my phone when i try to charge customers
boutique_hotel_host_female_41,other_2,empty,How can I set up a Direct Debit through my Pro account for recurring payments to vendors?
boutique_hotel_host_female_41,other_2,calm_at_home,"I'm setting up a new Direct Debit for my client, but it's not processing as expected. Could you guide me on the steps to ensure it's correctly set up?"
boutique_hotel_host_female_41,other_2,panic_security_fear,direct debit was supposed to come out today but it's not showing worried about losing my client please help now emergency
boutique_hotel_host_female_41,other_2,angry_after_waiting,Direct Debit FAILED again and no one has FIXED it. Frustrated! Why can't this be resolved? Need answers NOW!
boutique_hotel_host_female_41,other_2,confused_by_app_updates,I'm trying to set up a Direct Debit but the options and terms are confusing. Where exactly do I find the setup instructions in the app?
boutique_hotel_host_female_41,other_2,rushing_with_typos,direct debit not working setup on pro cant find option pls help fast need this sorted thx
boutique_hotel_host_female_41,other_2,on_the_go_direct,direct debit not processing for invoice payment today need fix now
boutique_hotel_host_female_41,other_2,voice_transcription,hey so i set up a direct debit with revolut pro for my hosting bills but it didn't go through this month and now i'm worried clients might get upset any idea why this happened or how to fix it
boutique_hotel_host_female_41,other_2,poor_internet_connection,"trying to set up a direct debit but app keeps timing out or stuck at loading, will it eventually complete or do i need to retry on better connection?"
boutique_hotel_host_female_41,other_2,vague_first_message,set up a payment thing to take money monthly but my bank says i did it wrong what now
student_abroad_exchange_male_22,transfers_1,empty,Can I change my Revtag if it's already linked to multiple contacts for sending and receiving transfers?
student_abroad_exchange_male_22,transfers_1,calm_at_home,"I need to update my Revtag for transferring money to friends, but I'm not sure how to do that. Can you guide me through the process?"
student_abroad_exchange_male_22,transfers_1,panic_security_fear,"my Revtag suddenly changed, worried about unauthorized activity, is my account safe? please fix this now, urgent"
student_abroad_exchange_male_22,transfers_1,angry_after_waiting,"Why is my joint account transfer stuck? Tried customer service already, NO HELP. Fix this immediately! I need my money NOW."
student_abroad_exchange_male_22,transfers_1,confused_by_app_updates,"I'm trying to send money using a Revtag, but I don't see an option to use my joint account. Am I missing something or is there a different process for this?"
student_abroad_exchange_male_22,transfers_1,rushing_with_typos,hey can u tell me how to change my revtag i need a new one thx
student_abroad_exchange_male_22,transfers_1,on_the_go_direct,how to change my Revtag for a quick transfer?
student_abroad_exchange_male_22,transfers_1,voice_transcription,so i'm trying to send money with revtag to my friend yeah but like i can't find their name and um i might need to update my revtag or something how do i do that in the app
student_abroad_exchange_male_22,transfers_1,poor_internet_connection,"trying to change my revtag to transfer a bill split but the app gets stuck on loading then fails to upload, what should i do with bad internet?"
student_abroad_exchange_male_22,transfers_1,vague_first_message,"my username tag thing changed without me doing it and now i can't send money, help?"
student_abroad_exchange_male_22,family_joint_1,empty,How can I set up or manage a savings account for my younger sibling using Revolut Kids features?
student_abroad_exchange_male_22,family_joint_1,calm_at_home,I'm thinking about setting up a savings plan for my younger sibling through Revolut. How can I manage their allowance using the app's features for kids and teens?
student_abroad_exchange_male_22,family_joint_1,panic_security_fear,"my kid's account shows missing money, terrified it's fraud please help fix this now, what can we do?"
student_abroad_exchange_male_22,family_joint_1,angry_after_waiting,"Why hasn't my teen's allowance been transferred yet? Tried contacting before, NO RESPONSE. This is unacceptable, fix it NOW."
student_abroad_exchange_male_22,family_joint_1,confused_by_app_updates,i'm trying to use the app feature for kids but can't figure out how to transfer allowance or save for them can you clarify where i should look or what steps to follow
student_abroad_exchange_male_22,family_joint_1,rushing_with_typos,how do i set up savings for my little brother using kids account? cant figure it out thx
student_abroad_exchange_male_22,family_joint_1,on_the_go_direct,"can't access my kid's account, need to transfer money now"
student_abroad_exchange_male_22,family_joint_1,voice_transcription,hey so trying to set up that um like savings thing for my little sister and their app says something I don't really get is it the same way I do my regular transfers or is there a special step?
student_abroad_exchange_male_22,family_joint_1,poor_internet_connection,"Trying to save money for my sibling using Kids & Teens, but app keeps timing out and uploads fail. Will savings update despite errors?"
student_abroad_exchange_male_22,family_joint_1,vague_first_message,"transferred money to my kid's account but it's not showing up, how can I fix this?"
student_abroad_exchange_male_22,cards_atm_1,empty,Why can't I use my Revolut card to deposit money from my Ukrainian bank account?
student_abroad_exchange_male_22,cards_atm_1,calm_at_home,I've been trying to top up my card but it seems limited; is there a specific restriction I should be aware of while using my card in Ukraine?
student_abroad_exchange_male_22,cards_atm_1,panic_security_fear,"card blocked when trying deposit, says restrictions apply and urgently need access now, afraid of fraud or issues, what to do?"
student_abroad_exchange_male_22,cards_atm_1,angry_after_waiting,"WHY is my card deposit RESTRICTED when trying to top-up? Tried support before, NO HELP. Fix this!"
student_abroad_exchange_male_22,cards_atm_1,confused_by_app_updates,"I'm trying to deposit money from my card, but it says something about restrictions. What does this mean, and where can I see if there's a limit set for me?"
student_abroad_exchange_male_22,cards_atm_1,rushing_with_typos,tryn to top-up card for p2p but limit probs in ukraine pls help thx
student_abroad_exchange_male_22,cards_atm_1,on_the_go_direct,"can't top up card, says limit reached, boarding soon, help"
student_abroad_exchange_male_22,cards_atm_1,voice_transcription,hey so i'm trying to top up my card but like it won't let me add more funds and i'm wondering if there's like a limit or something i hit or if i'm not allowed to use certain cards now
student_abroad_exchange_male_22,cards_atm_1,poor_internet_connection,"i tried topping up my account using my ukrainian card but app just keeps loading and times out, will funds still get added once connection improves or should i try again later"
student_abroad_exchange_male_22,cards_atm_1,vague_first_message,why can't i add more money to my revolut card today it's not working like before
student_abroad_exchange_male_22,savings_investments_1,empty,Do I have to pay tax on the interest earned from my Revolut savings?
student_abroad_exchange_male_22,savings_investments_1,calm_at_home,I'm interested in learning more about how taxes apply to the savings interest I earn through the app. Could you provide some detailed information on this?
student_abroad_exchange_male_22,savings_investments_1,panic_security_fear,I'm worried about my savings account; I need to know if there's a chance of losing my money or facing taxes. Please help immediately!
student_abroad_exchange_male_22,savings_investments_1,angry_after_waiting,"Why is my savings interest delayed? Thought it was instant. Already contacted support, no help. FIX THIS NOW! Losing trust here."
student_abroad_exchange_male_22,savings_investments_1,confused_by_app_updates,"I'm trying to understand how your savings accounts promotions work, but I’m confused about where to see any tax implications or details in the app. Can you guide me?"
student_abroad_exchange_male_22,savings_investments_1,rushing_with_typos,how does the savings promo work do i need pay tax on earnings thx
student_abroad_exchange_male_22,savings_investments_1,on_the_go_direct,"Can't find info on savings promo rates. Help now, please."
student_abroad_exchange_male_22,savings_investments_1,voice_transcription,uh so i heard something about like instant access savings and i was wondering if there’s like any special promo or um if there’s anything about taxes i should know about when i earn from it
student_abroad_exchange_male_22,savings_investments_1,poor_internet_connection,"my app keeps timing out when accessing instant savings, will my actions save if the connection drops, and do i need to worry about taxes on this?"
student_abroad_exchange_male_22,savings_investments_1,vague_first_message,do i need to worry about any taxes with this savings thingy or is it all done automatically
student_abroad_exchange_male_22,plans_billing_1,empty,Who backs the trip cancellation protection included with my Ultra plan?
student_abroad_exchange_male_22,plans_billing_1,calm_at_home,Can you tell me who is responsible for handling trip cancellations under the Ultra plan or how to claim for events if I've downgraded my plan recently?
student_abroad_exchange_male_22,plans_billing_1,panic_security_fear,"urgent! ultra travel insurance help, need to know provider for trip issues, facing potential event cancelations. please reply now, worried about fraud exposure."
student_abroad_exchange_male_22,plans_billing_1,angry_after_waiting,"Why isn't Ultra covering my trip cancellation? Premium insurance gone, Revolut just ignoring my claims. NEED ANSWERS NOW."
student_abroad_exchange_male_22,plans_billing_1,confused_by_app_updates,"I'm not sure where to look for the Ultra trip cancellation protection details in the app. Can you clarify who provides it? It's a bit unclear, sorry."
student_abroad_exchange_male_22,plans_billing_1,rushing_with_typos,who do i contact for event cancellation protection with ultra plan? thx
student_abroad_exchange_male_22,plans_billing_1,on_the_go_direct,"Ultra trip cancellation protection provider info needed, mid-checkout, urgent decision!"
student_abroad_exchange_male_22,plans_billing_1,voice_transcription,hey um just like confused about what happens if uh i need to cancel a trip but my premium insurance isn't active anymore who do i need to talk to about getting some sort of refund or whatever
student_abroad_exchange_male_22,plans_billing_1,poor_internet_connection,I'm trying to look into trip cancellation protection info but it keeps timing out or stuck on load. Does the service still work if the connection drops?
student_abroad_exchange_male_22,plans_billing_1,vague_first_message,"i had premium but now no insurance how to get my claim, what's the next step"
student_abroad_exchange_male_22,business_merchant_1,empty,How can I resolve an issue with my terminal not processing payments properly?
student_abroad_exchange_male_22,business_merchant_1,calm_at_home,"I'm trying to set up a business transaction using my product catalogue in the Revolut app, but some sales aren't registering properly. What could be causing this issue?"
student_abroad_exchange_male_22,business_merchant_1,panic_security_fear,"payment not showing from customer using Revolut Terminal, feels like money missing, please help fix now, emergency!"
student_abroad_exchange_male_22,business_merchant_1,angry_after_waiting,"Revolut Terminal is failing during sales, clients frustrated, why isn't this fixed yet? I've reported before, need immediate resolution!"
student_abroad_exchange_male_22,business_merchant_1,confused_by_app_updates,"I'm trying to set up a product catalogue for my Revolut sales, but I can't find the right option in the app. Where should I look, and what am I missing?"
student_abroad_exchange_male_22,business_merchant_1,rushing_with_typos,having issues with my revolut terminal during bill splits can't figure out why payments not processing fast pls help thx
student_abroad_exchange_male_22,business_merchant_1,on_the_go_direct,"catalog items not appearing at checkout, losing sales, urgent fix needed"
student_abroad_exchange_male_22,business_merchant_1,voice_transcription,um i’m trying to manage like my sales with the catalogue on my revolut pro but the items aren’t showing properly when my friends try to see them like is there a setting i’m missing or something
student_abroad_exchange_male_22,business_merchant_1,poor_internet_connection,"Having issues with Revolut Terminal, keeps getting stuck at loading or says connection timed out. Will my sales go through if I retry later?"
student_abroad_exchange_male_22,business_merchant_1,vague_first_message,"my money is showing wrong after using that thing for sales, not sure what happened can you help?"
student_abroad_exchange_male_22,travel_benefits_1,empty,Does the travel insurance cover regions currently affected by conflict for my upcoming trip?
student_abroad_exchange_male_22,travel_benefits_1,calm_at_home,I'm planning a trip and wonder if my travel insurance will cover destinations currently experiencing conflict. Can you provide details about coverage in such areas?
student_abroad_exchange_male_22,travel_benefits_1,panic_security_fear,"Is my travel insurance still valid if i'm going to a place that's suddenly unsafe? Emergency trip soon, please help!"
student_abroad_exchange_male_22,travel_benefits_1,angry_after_waiting,"Why isn't my travel insurance covering places with conflict? Need this resolved NOW, unacceptable delay!"
student_abroad_exchange_male_22,travel_benefits_1,confused_by_app_updates,"I'm planning a trip soon, and I'm worried about insurance in conflict zones. Where can I find details on what's actually covered in those areas?"
student_abroad_exchange_male_22,travel_benefits_1,rushing_with_typos,heading to a country with conflict is insurance still coverd need to know quickly pls
student_abroad_exchange_male_22,travel_benefits_1,on_the_go_direct,Is insurance valid if conflict suddenly occurs where I'm traveling?
student_abroad_exchange_male_22,travel_benefits_1,voice_transcription,uh i'm planning to travel soon but i heard there's like a conflict going on in the area i'm visiting does my travel insurance still cover me if things get worse or something
student_abroad_exchange_male_22,travel_benefits_1,poor_internet_connection,"I'm traveling soon, but info on my travel insurance won't load. Will it cover areas with conflict if I keep trying despite connection issues?"
student_abroad_exchange_male_22,travel_benefits_1,vague_first_message,Is my travel insurance still okay if there's trouble in the area I'm visiting?
student_abroad_exchange_male_22,fx_exchange_1,empty,"Can you explain how currency conversion works when I use my Revolut card abroad, and will I get the best exchange rates?"
student_abroad_exchange_male_22,fx_exchange_1,calm_at_home,"I'm trying to understand how the currency exchange works on my Revolut app. How are exchange rates determined, and is there something I should know about opting for different currency conversion methods?"
student_abroad_exchange_male_22,fx_exchange_1,panic_security_fear,"emergency pls help, bought in euros but see extra conversion charge, was DCC used or is it fraud?"
student_abroad_exchange_male_22,fx_exchange_1,angry_after_waiting,"Why are FX rates different at checkout? Looked like a scam. FIX THIS. I’m sick of the runaround, need answers NOW."
student_abroad_exchange_male_22,fx_exchange_1,confused_by_app_updates,"I'm trying to understand this currency conversion thing, but I'm unsure where to find the explanation in the app. Could you clarify what rates Revolut applies and where I can see them?"
student_abroad_exchange_male_22,fx_exchange_1,rushing_with_typos,why did my rate change during the transaction when using different currency thx
student_abroad_exchange_male_22,fx_exchange_1,on_the_go_direct,"ATM asked to convert currency fee, is this a scam? Need details."
student_abroad_exchange_male_22,fx_exchange_1,voice_transcription,hi uhm why do i see different amounts when paying abroad with my card is that because of some conversion rate thing or maybe just a fee idk i thought my rate was supposed to be really good with revolut
student_abroad_exchange_male_22,fx_exchange_1,poor_internet_connection,Trying to exchange currency but app keeps timing out. What happens to my rate if connection drops during the process?
student_abroad_exchange_male_22,fx_exchange_1,vague_first_message,why did i get charged more when i paid in euros instead of dollars what happened to my exchange rate
student_abroad_exchange_male_22,transfers_2,empty,How long does it usually take for a Revtag transfer to go through?
student_abroad_exchange_male_22,transfers_2,calm_at_home,Could you let me know how long it usually takes for a Revtag transfer to complete? I need to plan my expenses accurately.
student_abroad_exchange_male_22,transfers_2,panic_security_fear,"sent transfer to my friend and it's taking too long, is it lost? please help now i’m really worried about fraud"
student_abroad_exchange_male_22,transfers_2,angry_after_waiting,"TRANSFER STILL PENDING! Why is this taking so long? I need answers NOW, fees info was useless. Fix it!"
student_abroad_exchange_male_22,transfers_2,confused_by_app_updates,"I'm trying to send money to a friend, but I'm confused about how long it should take. The app mentions different times, but I’m not sure what applies to me. Can you clarify?"
student_abroad_exchange_male_22,transfers_2,rushing_with_typos,sent money to friend via revtag yest still not in his accnt why so long thx
student_abroad_exchange_male_22,transfers_2,on_the_go_direct,"transfer delayed, should've received money by now, any fees holding it up?"
student_abroad_exchange_male_22,transfers_2,voice_transcription,hey just wondering like how long it usually takes for a transfer i sent to show up in my friend's account because it's been a bit longer than i expected and i'm just not sure if i did something wrong
student_abroad_exchange_male_22,transfers_2,poor_internet_connection,"Trying to transfer money but it's stuck at loading, keeps timing out. Will it still go through despite poor connection?"
student_abroad_exchange_male_22,transfers_2,vague_first_message,"sent money to a friend and it's not showing in her account, any idea why it takes so long?"
student_abroad_exchange_male_22,transfers_3,empty,How long does it typically take for a Revtag transfer to complete? I need to confirm timing for a payment.
student_abroad_exchange_male_22,transfers_3,calm_at_home,"I'm curious about how long it typically takes for a bank transfer to go through, and whether there are any fees associated with these transfers?"
student_abroad_exchange_male_22,transfers_3,panic_security_fear,my transfer isn’t showing up yet panicking please help is it lost or delayed i need it now
student_abroad_exchange_male_22,transfers_3,angry_after_waiting,"Why is my transfer taking so long? I need it NOW. This delay is unacceptable, fix this immediately!"
student_abroad_exchange_male_22,transfers_3,confused_by_app_updates,"Um, trying to send money using Revtag but it says something about fees and I’m not sure why. Do transfers always cost, or am I missing a step here?"
student_abroad_exchange_male_22,transfers_3,rushing_with_typos,transfer is taking long to arrive from my friend is there a reason for delay pls
student_abroad_exchange_male_22,transfers_3,on_the_go_direct,"transfer taking too long, need it processed before boarding, what's the hold-up?"
student_abroad_exchange_male_22,transfers_3,voice_transcription,uh so like i sent money to my friend using revtag and it's been like longer than usual does it take longer sometimes or maybe there's a fee or something that's delaying it cause usually it's faster
student_abroad_exchange_male_22,transfers_3,poor_internet_connection,"I tried sending money to a friend, but the transfer is stuck at loading. Will it eventually go through if my connection is bad?"
student_abroad_exchange_male_22,transfers_3,vague_first_message,"sent money to a friend but it hasn't arrived yet, is it stuck or something?"
eu_freelancer_traveling_uae_male_29,cancel_recurring_subscription,empty,How can I cancel a recurring payment for a subscription from a merchant on my Revolut account?
eu_freelancer_traveling_uae_male_29,cancel_recurring_subscription,calm_at_home,Can you guide me on how to cancel a recurring subscription payment to a merchant through the app? I want to stop these automatic charges.
eu_freelancer_traveling_uae_male_29,cancel_recurring_subscription,panic_security_fear,"urgent need to stop a recurring charge from my account, fear it's a fraud, how to cancel it immediately?"
eu_freelancer_traveling_uae_male_29,cancel_recurring_subscription,angry_after_waiting,"CANCEL my subscription NOW. Tried before. Still charged. WHY is this so hard? Need action, not endless waiting!"
eu_freelancer_traveling_uae_male_29,cancel_recurring_subscription,confused_by_app_updates,"i want to cancel a subscription but the app isn't clear on how to stop it monthly, where should i be looking, i see options but none for stopping it outright"
eu_freelancer_traveling_uae_male_29,cancel_recurring_subscription,rushing_with_typos,how cancel recurring charge from merchant i don’t use anymore pls stop it thx
eu_freelancer_traveling_uae_male_29,cancel_recurring_subscription,on_the_go_direct,"stop recurring charge from a merchant now, don't need it anymore"
eu_freelancer_traveling_uae_male_29,cancel_recurring_subscription,voice_transcription,um how do i cancel a subscription the app is still charging me every month from a merchant and i don't need it anymore but can't seem to find where to stop it like through the app
eu_freelancer_traveling_uae_male_29,cancel_recurring_subscription,poor_internet_connection,"trying to cancel a recurring subscription but app keeps getting stuck and won't load, not sure if cancellation will complete with poor connection, what can i do"
eu_freelancer_traveling_uae_male_29,cancel_recurring_subscription,vague_first_message,how can i stop a regular payment for an app subscription i don't need anymore
migrant_worker_remittance_male_38,savings_investments_1,confused_by_app_updates,"I see Instant Access for savings in app, but not sure what it does. Will it change how taxes apply on my savings? Please help, I am confused."
migrant_worker_remittance_male_38,transfers_2,confused_by_app_updates,I try send money to Morocco but not sure about fees and I don't see how long it takes. Where do I find this? Confused with IBAN fees too.
cafe_owner_smb_female_52,savings_investments_1,confused_by_app_updates,"I try to use savings feature for my coffee shop taxes, but I don’t understand what 'instant access' means, and how it affects my VAT Tax Pockets?"
cafe_owner_smb_female_52,business_merchant_1,confused_by_app_updates,I'm having trouble finding where to see the daily sales with Tap to Pay on iPhone. Is it in the app? Can't find anything about product catalogue. Please help.
cross_border_commuter_female_37,plans_billing_1,confused_by_app_updates,I see something about Ultra trip protection but not sure who gives this. Is it in the app or somewhere else? Need help to understand.
crypto_web3_enthusiast_male_24,savings_investments_1,confused_by_app_updates,"I see Instant Access Savings but not sure about taxes or promotion details. Where do I find this info in the app? Confused about terms, not clear to me."
crypto_web3_enthusiast_male_24,plans_billing_1,angry_after_waiting,"Ultra plan promise event protection failed! Why no action? Trip lost. Tried contacting, no help! Fix this NOW!"
crypto_web3_enthusiast_male_24,plans_billing_1,confused_by_app_updates,"i pay for ultra plan but don't see trip protection info in app who is giving this? looks like something missing or changed, i do not understand what happen with protection"
crypto_web3_enthusiast_male_24,business_merchant_1,confused_by_app_updates,"I try using Revolut Terminal and it is not working for my sales. What is the right way to connect this to my crypto wallet? I'm confused with options, don't see what I expect."
migrant_worker_remittance_male_38,fx_exchange_2,confused_by_app_updates,"I see currency conversion option, but I don't understand if it's good for my remittances to Morocco. What's the best rate and how do I avoid extra charges?"
