persona_id,problem_id,modifier_id,query,answer,criterion,gold_passed,gold_reasoning,judge_passed,judge_reasoning,human_override
crypto_day_trader,crypto_purchase_failed,poor_internet_connection,"yo, trying to buy BTC but gettin a generic error, wtf? got enough balance, what’s blockin it? on train so can’t chat much, pls help fast!","It sounds like your purchase of BTC might be failing due to a few possible reasons. Here are some steps you can take:

1. **Check your balance**: Ensure you have enough funds in your account.
2. **Verify card details**: If you're using a card, make sure the details are correct.
3. **3DS authentication**: Check if 3DS authentication is working correctly in your banking app.
4. **Try a different card**: If possible, use another card to make the purchase.
5. **Purchase from account balance**: If you have a Revolut account, try buying crypto directly from your account balance in the 'Crypto' section.

If none of these steps resolve the issue, I don't have enough information to help with that.",groundedness,False,"The RAG-generated answer provides several potential reasons and solutions for the customer's issue, such as checking balance, verifying card details, 3DS authentication, trying a different card, and purchasing from account balance. However, the evaluation criteria require that all claims in the answer be supported by the retrieved context. Since no retrieved context is provided, the answer cannot be verified against it. Therefore, the answer is considered ungrounded as it offers generic advice without specific support from the retrieved context.",False,"The RAG answer includes specific steps and suggestions for troubleshooting a purchase of BTC that are not explicitly supported by the retrieved articles. While the articles discuss issues related to card top-ups and payment failures, they do not provide detailed troubleshooting steps or mention 3DS authentication, using a different card, or purchasing directly from an account balance. Therefore, the answer introduces information not present in the articles.",none
uk_freelance_designer,payment_declined_large_amount,empty,"Hi there, I just tried to make a big purchase with my card, but it got declined and there was no explanation. I've got enough balance, so what's going on? Cheers!","Your card payment may have been declined for several reasons, even if you have enough balance. Here are some steps you can take to troubleshoot:

1. **Check Currency Account**: Ensure your card is linked to a currency account with sufficient funds. To do this, select the card → tap 'Settings' → 'Spend from'.

2. **Check Pocket Balance**: If your card is linked to a Pocket, verify that the Pocket has enough balance. You can check this by tapping on 'Accounts' below your balance and going to 'Pockets'.

3. **Review Declined Payment**: Open your transactions list by tapping 'See all' below your most recent transactions. Tap the declined payment to see the transaction's details and the reason for the decline in the 'Status' section.

4. **Merchant Issues**: Sometimes, the merchant may have restrictions or technical issues. If you can't find the reason in the app, consider reaching out to the merchant.

5. **Security System**: If our security system flagged the transaction as potential fraud, you may need to complete an in-app questionnaire to unblock the merchant. Check for any notifications in your app.

If you still need assistance after these steps, you can fill out a form to help us reach out to the merchant directly.",groundedness,False,"The RAG-generated answer provides several potential reasons and troubleshooting steps for a declined card transaction. However, the evaluation task specifies that the answer must be grounded in the retrieved context, which is not provided in this case. Without the retrieved context, it is impossible to verify if the claims and steps mentioned in the answer are supported by the context. Therefore, the answer cannot be considered grounded, and it fails the evaluation criteria.",False,"The RAG answer includes specific troubleshooting steps and actions that are not explicitly mentioned in the retrieved articles. For example, the instructions to check currency accounts, pockets, and the in-app questionnaire for unblocking merchants are not supported by the articles provided. Additionally, the answer implies a process for reaching out to merchants that is not grounded in the articles. Therefore, the answer introduces information not present in the articles.",none
busy_parent_on_mobile,cancel_subscription_not_working,typing_from_phone_with_typos,hey im trying to cancel my gym payment but cant find how to do it in the app can you help me plz im walking to pick up the kids and need this sorted fast thanks,I don't have enough information to help with that.,groundedness,False,"The RAG-generated answer states that there is not enough information to help with the customer's query, but it does not reference any retrieved context to support this claim. Since no context was provided, the answer cannot be considered grounded. Additionally, the response does not offer any guidance or steps to address the customer's issue, which is a critical part of the interaction. Therefore, the answer fails the evaluation criteria.",True,"The RAG answer acknowledges a lack of information, which is a grounded response. It does not introduce any unverified claims or facts not present in the retrieved articles, and it appropriately indicates the limitations of the information available.",none
crypto_day_trader,crypto_withdrawal_pending,poor_internet_connection,"sent crypto to my wallet 12 hrs ago, still pending!!! is it lost?? pls help, can't check properly, on train, weak signal. need this sorted fast!","Your crypto withdrawal may be pending for several reasons, such as internal assessment, broadcasting to the network, or confirmation on-chain. To check the status of your withdrawal, follow these steps:

1. Go to 'Crypto' on the bottom menu.
2. Scroll to the transactions list or select the crypto you withdrew.
3. Find your withdrawal transaction and tap on it to see the reason why it's pending.

If the transaction is taking longer than expected, it could be due to high traffic on the blockchain network. You can monitor your transaction on a blockchain scanner by tapping 'Blockchain hash' on the transaction, then 'View my transaction'. 

If the transaction is shown as completed on the explorer but the funds haven't arrived, you may need to contact the provider of the receiving wallet for further support.",groundedness,False,"The RAG-generated answer provides a detailed explanation of potential reasons for a pending crypto transaction and steps to check its status. However, the evaluation task requires that all claims in the answer be supported by the retrieved context, which is missing in this case. Without the retrieved context, it is impossible to verify if the steps and reasons mentioned are grounded in the provided information. Therefore, the answer cannot be considered grounded, as it may include hallucinated features or steps not supported by the context.",True,"All factual claims in the RAG answer are supported by the retrieved articles. The answer discusses reasons for pending withdrawals, steps to check the status, and actions to take if the transaction is completed but funds are not received, all of which align with the content of the provided articles. No unsupported claims or invented information are present.",none
small_business_owner,swift_transfer_asking_info,angry_after_waiting,"I've tried to find my IBAN and BIC for a SWIFT transfer but can't find them anywhere in the app! This is ridiculous, I've been on hold before and nothing gets sorted! If I don’t get this sorted ASAP, I might have to look for a different provider!","To find your IBAN and BIC for a SWIFT transfer in the Revolut app, please follow these steps:

1. Go to 'Home' on the bottom menu.
2. Tap 'Accounts'.
3. Select the currency you wish to receive money in.
4. Below your account balance, tap 'Details'.
5. Choose 'Local' or 'International' to view the relevant account details.

Your IBAN and BIC will be displayed on this screen, which you can then share with the sender or sender bank.",groundedness,False,"The RAG-generated answer provides a detailed step-by-step guide on how to find the IBAN and BIC in the Revolut app. However, the evaluation task requires that all claims in the answer be supported by the retrieved context. Since no retrieved context is provided, it is impossible to verify whether the steps mentioned in the answer are grounded in any context. Therefore, the answer cannot be considered grounded, as it lacks the necessary supporting context.",True,"All factual claims in the answer regarding how to find the IBAN and BIC for a SWIFT transfer in the Revolut app are supported by the context provided in the retrieved articles. The answer does not introduce any information not present in the articles and accurately describes the steps to access the account details, which aligns with the content of the articles.",none
small_business_owner,crypto_limit_warning,empty,"Hey, I just got a message saying I've hit my crypto limit. What's the limit exactly, and can it be increased? Need to sort this out fast.","Your crypto withdrawal limits can be checked in the app. To see your limits, follow these steps:

1. Go to 'Crypto' on the bottom menu.
2. Tap 'More'.
3. Select 'Limits and fees'.
4. Tap 'Sending limits'.

Limits are periodically reviewed and may be adjusted based on your account activity and potential risk factors. If you want to increase your limits, you may need to manage your Wealth protection limits in-app. For more information on that, please visit the relevant FAQ in the app.",groundedness,False,"The RAG-generated answer provides specific steps and advice on how to check and potentially increase crypto withdrawal limits. However, the evaluation task requires that all claims in the answer be supported by the retrieved context. Since no retrieved context is provided, it is impossible to verify whether the steps and advice given are grounded in the context. Therefore, the answer cannot be considered grounded, as it may contain hallucinated features or steps not supported by the context.",False,"The RAG answer includes claims about managing Wealth protection limits and the need to visit the relevant FAQ in the app, which are not supported by the retrieved articles. Additionally, the answer implies that limits are adjusted based on account activity and risk factors without direct support from the articles. Therefore, it introduces information not present in the articles.",none
crypto_day_trader,instant_transfer_limit_reached,non_native_broken_english,"hi, i try to send money but got limit message. what is limit and when reset? need to transfer now, market moving fast!","The limit for sending money depends on your destination country and base currency. Most currencies have no transfer limits, but if there are any exceptions, they will be shown in the Revolut app before you send money. 

If you have set a Wealth Protection limit for transfers, it will refresh every 24 hours. You can check your limits and reset dates in the 'Your plan' section of the app. If you reach your limit, you can authorize funds to leave your account by performing a selfie check.

To manage your limits, tap your profile icon in the top left corner, select ‘Security’, then ‘Wealth protection’ to adjust your settings.",groundedness,False,"The RAG-generated answer provides information about transfer limits and how to manage them, but it lacks grounding in any retrieved context. The answer mentions specific features like 'Wealth Protection limit', 'selfie check', and steps to manage limits in the app, which are not supported by any retrieved context. Without context to verify these claims, the answer is considered ungrounded and potentially hallucinated.",False,"The RAG answer includes claims about the Wealth Protection limit refreshing every 24 hours and the process of performing a selfie check to authorize funds, which are not explicitly supported by the retrieved articles. Additionally, the answer introduces specific instructions on managing limits that are not found in the provided articles. Therefore, the answer does not meet the groundedness criteria.",none
non_native_english_worker,account_limit_reached_warning,angry_after_waiting,"Why I can’t top up more money?? I call before, wait long time, no answer! What my account limit?? I need send money home NOW! How I can increase it?? If not fix, I switch to other service!","Your ability to top up may be blocked due to reasons such as insufficient funds, security concerns, or multiple unsuccessful attempts. If your bank has declined a previous payment, this could also lead to a temporary block lasting up to 30 days.

To check your account limits or increase them, you may need to contact your bank or card issuer for specific information regarding any limits they have set. 

If you need to send money urgently, consider using Apple Pay or Google Pay, or try adding money with a different card. You can also explore other methods like bank transfers. 

For more information on adding money, follow these steps:
1. Go to 'Home' on the bottom menu.
2. Tap 'Add money'.
3. Enter the amount and choose your payment method.

If you continue to face issues, please refer to your transactions list for more help.",groundedness,False,"The RAG-generated answer provides several potential reasons for the inability to top up, such as insufficient funds, security concerns, or declined payments, but these claims are not supported by any retrieved context. Additionally, the steps provided for adding money and the suggestion to use Apple Pay or Google Pay are not grounded in any specific retrieved context. Without context to verify these claims, the answer is considered ungrounded.",False,"The RAG answer includes specific claims about the reasons for a top-up block (e.g., insufficient funds, security concerns, multiple unsuccessful attempts) and the duration of a temporary block (up to 30 days) that are not explicitly supported by the retrieved articles. Additionally, the mention of using Apple Pay or Google Pay as alternatives is not grounded in the provided articles. Therefore, the answer introduces information not present in the articles and makes unsupported claims.",none
crypto_day_trader,instant_transfer_limit_reached,angry_after_waiting,"Yo, I keep getting hit with this transfer limit message and I need to send funds NOW! What’s the limit and when does it reset? I’ve already wasted too much time trying to sort this out, fix it or I’m outta here!","The transfer limits for your account are set by you through the Wealth Protection feature. These limits refresh every 24 hours. To check your current limits and when they reset, follow these steps:

1. Tap your profile icon in the top left corner.
2. Select ‘Security’.
3. Select ‘Wealth protection’.

If you reach your limit, you can authorize additional funds to leave your account by completing a selfie check. If you need to adjust your limits, you can do so in the same section. 

If you have further questions or need assistance with specific limits, please let me know!",groundedness,False,"The RAG-generated answer provides specific steps and features such as 'Wealth Protection' and 'selfie check' without any retrieved context to support these claims. The answer also mentions that limits refresh every 24 hours, but without context, this cannot be verified. Therefore, the answer is ungrounded as it lacks evidence from the retrieved context to support its claims.",False,"The RAG answer includes specific details about the Wealth Protection feature, such as the ability to set limits and the process for adjusting them, which are not explicitly supported by the retrieved articles. Additionally, the claim that limits refresh every 24 hours is not mentioned in the articles. Therefore, the answer introduces information not present in the articles and makes unsupported claims.",none
non_native_english_worker,crypto_purchase_failed,empty,I try buy Bitcoin but error show up. I have enough money in account. What is problem?,"The error you're encountering when trying to buy Bitcoin could be due to several reasons:

1. **Insufficient Funds**: Even if you believe you have enough money, double-check your balance in the relevant currency account or assigned Pocket.

2. **Account Name Mismatch**: Ensure that the name on your external bank account matches exactly with the name on your Revolut account.

3. **External Bank Errors**: The issue might be related to your external bank's system. If there are rejections or errors from your bank, you may need to contact them or try again later.

If you continue to experience issues, please reach out to us for further assistance.",groundedness,False,"The RAG-generated answer provides potential reasons for the error encountered when trying to buy Bitcoin, such as insufficient funds, account name mismatch, and external bank errors. However, the evaluation criteria require that all claims in the answer be supported by the retrieved context. Since no retrieved context is provided, it is impossible to verify whether the claims are grounded in the context. Additionally, the answer includes generic advice without citing specific articles or context, which counts as ungrounded according to the evaluation criteria. Therefore, the answer fails the grounding requirement.",False,"The RAG answer includes claims about 'Account Name Mismatch' and 'External Bank Errors' that are not explicitly supported by the retrieved articles. While 'Insufficient Funds' is mentioned in the article about insufficient funds for scheduled transfers, the other two points are not grounded in the provided context, making the overall answer not fully supported by the articles.",none
crypto_day_trader,card_lost_need_freeze,angry_after_waiting,"I lost my card while I was out and I need to freeze it NOW! I’ve already tried to sort this out multiple times and I’m done waiting on hold! If this isn’t resolved ASAP, I’m seriously thinking about switching to another provider!","To freeze your card immediately, follow these steps in the Revolut mobile app:

1. Go to 'Home' on the bottom menu.
2. Tap the card icon in the top-right corner.
3. Choose the card you wish to freeze.
4. Tap 'Freeze'.

Alternatively, you can freeze your card by tapping your profile icon in the top-left corner, selecting 'Security', and then 'Lost card' to choose and freeze your card.

If you prefer using the web app, go to the home screen, click the card icon in the top-right corner, choose your card, and click 'Freeze'.

If you need further assistance, you can also call our automated phone line at +44 20 3322 8352 to block your card.",groundedness,False,"The RAG-generated answer provides detailed steps on how to freeze a card using the Revolut mobile app and web app, as well as an alternative method via an automated phone line. However, the evaluation task requires that all claims in the answer be supported by the retrieved context. Since no retrieved context is provided, it is impossible to verify whether the steps and information given in the answer are grounded in the context. Therefore, the answer cannot be considered grounded, leading to a failure in the evaluation.",True,"All factual claims in the RAG answer about freezing a card are supported by the retrieved article 'Freeze a card'. The answer does not introduce any information not present in the articles and accurately describes the steps to freeze a card using both the mobile app and the web app. The mention of the automated phone line for further assistance is also consistent with the context of managing card issues. Therefore, the answer is grounded.",none
gig_economy_courier,cancel_subscription_not_working,typing_from_phone_with_typos,"hey, i set up this gym payment thing and now i cant find how to cancel it in the app, im walking kids and holding coffee, can u help me fast? thx!",I don't have enough information to help with that.,groundedness,False,"The RAG-generated answer does not provide any information or guidance to the customer, nor does it reference any retrieved context. It simply states a lack of information without attempting to address the customer's query. Since the answer does not utilize any retrieved context to support its claim, it fails the evaluation criteria for being grounded in the retrieved context.",True,"The RAG answer acknowledges a limitation by stating 'I don't have enough information to help with that,' which is considered grounded. It does not introduce any unverified information or make unsupported claims, aligning with the criteria for groundedness.",none
student_abroad,crypto_limit_warning,typing_from_phone_with_typos,hey so i just got a msg about hitting my crypto limit but idk what the limit is can it be increased or something thx!,"To check your crypto withdrawal limits, follow these steps:

1. Go to 'Crypto' on the bottom menu.
2. Tap 'More'.
3. Select 'Limits and fees'.
4. Tap 'Sending limits'.

Your daily limits reset 24 hours after the last withdrawal, and monthly limits reset 30 days after the last withdrawal. 

As for increasing your limits, they are periodically reviewed and may be adjusted based on your account activity and potential risk factors. However, specific steps to increase them are not provided in the articles.",groundedness,False,"The RAG-generated answer provides specific steps for checking crypto withdrawal limits and mentions the periodic review of limits. However, there is no retrieved context provided to verify if these steps and claims are supported. Without context, it is impossible to determine if the answer is grounded. Additionally, the answer mentions that specific steps to increase limits are not provided in the articles, which implies a lack of grounding in specific retrieved content. Therefore, the answer fails the evaluation criteria.",False,"The RAG answer includes specific details about daily and monthly limits resetting after withdrawals, which are not explicitly supported by the retrieved articles. Additionally, the answer mentions that limits may be adjusted based on account activity and risk factors, but does not provide any support from the articles for this claim. Therefore, the answer introduces information not present in the articles.",none
frequent_traveler,wrong_recipient_no_refund,non_native_broken_english,"hi, i send 500 euro to wrong number and they not accept yet. can i cancel or reverse this? thank you.","Once the transfer to the wrong Revolut customer is processed, it cannot be canceled. You will need to ask the recipient to return the money. You can reach out to them via the chat in the Revolut app by following these steps:

1. Go to the bottom menu and select ""Payments.""
2. Choose the person you sent money to.
3. A chat window will open where you can message the recipient.

If the recipient isn't responding, you can contact our customer support team for assistance, but we can't guarantee they will respond or agree to return the funds.",groundedness,False,"The RAG-generated answer provides specific steps and advice on how to contact the recipient and mentions the inability to cancel a processed transfer. However, there is no retrieved context provided to verify these claims. Without context to support the specific steps and advice given, the answer is considered ungrounded according to the evaluation criteria.",False,"The RAG answer includes a claim that once the transfer is processed, it cannot be canceled, which is not explicitly supported by the retrieved articles. Additionally, the answer suggests contacting customer support for assistance, which may imply a policy or procedure not detailed in the articles. Therefore, the answer introduces information not present in the articles.",none
frequent_traveler,virtual_card_missing,poor_internet_connection,"hey, i'm trying to find the option to create a virtual card in the app but can't see it. can you help? signal's weak here, so quick reply would be great. thx!","To create a virtual card in the Revolut app, follow these steps:

1. Go to 'Home' on the bottom menu.
2. Tap the cards icon in the top-right corner.
3. Tap 'Add new'.
4. Choose 'Debit', 'Joint', or 'Pro' at the top.
5. Select 'Virtual'.
6. Choose a colour.
7. Tap 'Get card for free' to instantly create your virtual card.

If you don't see these options, please check your app version or try restarting the app.",groundedness,False,"The RAG-generated answer provides a detailed step-by-step guide on how to create a virtual card in the Revolut app. However, there is no retrieved context provided to verify whether these steps are supported by any source. Without context, it is impossible to determine if the instructions are accurate or if any steps are hallucinated. Therefore, the answer cannot be considered grounded in the retrieved context.",True,"All factual claims in the answer about creating a virtual card in the Revolut app are supported by the retrieved articles. The steps provided align with the information available in the articles, and there is no introduction of unsupported facts or invented details. The answer also acknowledges potential limitations by suggesting users check their app version or restart the app if they don't see the options, which is consistent with groundedness criteria.",none
gig_economy_courier,atm_withdrawal_fee_unknown,angry_after_waiting,"Hey, I just withdrew cash in Spain and got charged a big fee! I already called and waited but no one helped me understand this. Why am I getting hit with these fees? This is so frustrating, I might just close my account if this keeps happening!","The fees you encountered for your cash withdrawal in Spain could be due to several factors. Revolut charges a cash withdrawal fee based on your plan, which is waived for a certain number of withdrawals each month. For example, if you're on the Standard plan, you have a limit of £200 or 5 withdrawals. After that, a 2% or £1 fee applies. 

Additionally, ATMs may charge their own fees, which are separate from Revolut's fees. To check if Revolut charged you a fee, you can view the transaction details in your app by going to 'Home', tapping 'See all' to open your transactions list, and selecting the withdrawal in question.

Also, be mindful of Dynamic Currency Conversion (DCC). If you were offered the option to withdraw in a different currency and accepted it, the ATM provider may have applied their own exchange rate, which can lead to higher fees. Always choose to be charged in the local currency to avoid this.

If you believe you were charged incorrectly, you can tap 'Get help' after selecting the transaction in your history for further assistance.",groundedness,False,"The RAG-generated answer provides detailed information about potential fees related to cash withdrawals in Spain, including Revolut's fee structure, ATM fees, and Dynamic Currency Conversion (DCC). However, the evaluation task specifies that all claims in the answer should be supported by the retrieved context. Since no retrieved context is provided, it is impossible to verify whether the claims about Revolut's fee structure, ATM fees, or DCC are grounded in the retrieved context. Therefore, the answer cannot be considered grounded, as it may contain hallucinated features or limits not supported by the context.",False,"The RAG answer includes specific details about fees and withdrawal limits that are not explicitly mentioned in the retrieved articles. While it references the concept of fees and Dynamic Currency Conversion, it introduces specific figures and conditions (like the £200 limit and the 2% fee) that are not supported by the provided articles. Therefore, the answer does not meet the groundedness criteria.",none
busy_parent_on_mobile,account_limit_reached_warning,anxious_security_fear,hey i just got a fraud warning and now i can't top up my account anymore can u tell me what the limit is and how i can increase it i really need to get this sorted out fast especially with all the scams going around plz help me with a human response not a bot,I don't have enough information to help with that.,groundedness,False,"The RAG-generated answer does not provide any information or guidance related to the customer's query about fraud warnings, account top-up limits, or how to increase them. Additionally, there is no retrieved context provided to support or ground the answer. The response is unhelpful and does not address the customer's request for assistance with a human response, nor does it provide any actionable steps or information.",True,"The RAG answer acknowledges a limitation by stating 'I don't have enough information to help with that,' which is considered grounded. It does not introduce any unverified information or make unsupported claims, aligning with the criteria for groundedness.",none
crypto_day_trader,crypto_withdrawal_pending,angry_after_waiting,"Yo, I sent some crypto to an external wallet 12 hrs ago and it's still pending! This is ridiculous, I've already tried to sort this out multiple times and no one’s helping! If it’s lost, I’m seriously thinking about closing my account and switching to another provider, fix this NOW!","To check the status of your pending crypto withdrawal, please follow these steps:

1. Go to 'Crypto' on the bottom menu.
2. Scroll to the transactions list or select the crypto you withdrew.
3. Find your withdrawal transaction and tap on it to see the reason why it's pending.

Your withdrawal could be pending due to internal assessment, broadcasting to the network, or confirmation on-chain. If the transaction is still pending after 12 hours, it may be due to high traffic on the blockchain network or technical difficulties. You can monitor your transaction on the blockchain explorer by tapping 'Blockchain hash' on the transaction, then 'View my transaction'.

If you see that the withdrawal is completed on the explorer but the funds haven't arrived in your receiving wallet, please reach out to the provider of that wallet for further support.",groundedness,False,"The RAG-generated answer provides a detailed explanation of how to check the status of a pending crypto withdrawal, including steps to view the transaction and potential reasons for the delay. However, the evaluation criteria require that all claims in the answer be supported by the retrieved context. Since no retrieved context is provided, it is impossible to verify whether the steps and explanations given in the answer are grounded in the context. Therefore, the answer fails the evaluation due to the lack of context to support its claims.",False,"The RAG answer includes specific claims about the reasons for a withdrawal being pending (internal assessment, broadcasting to the network, confirmation on-chain) and the suggestion to monitor the transaction on a blockchain explorer, which are not explicitly supported by the retrieved articles. Additionally, the mention of reaching out to the wallet provider for support introduces information not present in the articles. Therefore, the answer does not meet the criteria for groundedness.",none
student_abroad,subscription_charge_dispute,non_native_broken_english,hey i cancelled my netflix but i still got charged this month can u help me get refund pls and make sure it not happen again thx,I don't have enough information to help with that.,groundedness,False,"The RAG-generated answer does not provide any information or guidance related to the customer's query about a Netflix refund. It simply states a lack of information without referencing any retrieved context. Since there is no retrieved context provided, the answer cannot be considered grounded. Additionally, the response does not offer any steps or advice on how the customer might proceed, which is critical in addressing the customer's issue.",True,"The RAG answer acknowledges a limitation in the information available and does not introduce any unsupported claims or facts. Since it states 'I don't have enough information to help with that,' it is grounded as it does not assert any information not present in the articles.",none
small_business_owner,instant_transfer_limit_reached,typing_from_phone_with_typos,hey im trying to do an instant transfer but got a msg about a limit what is the limit and when does it reset im in the middle of service and need this sorted quick thx,"The limit for instant transfers is not specified in the articles provided. However, you can check your limits and reset dates in the 'Your plan' section of the app. If you need further assistance, please reach out to live support by typing 'Live agent' in the in-app chat.",groundedness,False,"The RAG-generated answer is not grounded in any retrieved context, as no context was provided. The answer mentions checking limits in the 'Your plan' section of the app and suggests contacting live support, but without retrieved context to support these claims, the answer is considered ungrounded. Additionally, the lack of specific information about the transfer limit and reset times makes the response incomplete for the customer's query.",True,"The RAG answer acknowledges that the limit for instant transfers is not specified in the articles, which aligns with the groundedness criterion of not introducing unsupported information. It provides guidance on where to find relevant information ('Your plan' section of the app) and suggests reaching out to live support, which is a reasonable response given the context. Therefore, the answer is grounded.",none
uk_freelance_designer,account_limit_reached_warning,empty,"Hi there, I'm trying to top up my account but it says I've hit my limit. Can you let me know what the current limit is and how I can increase it? Cheers!",I don't have enough information to help with that.,groundedness,False,"The RAG-generated answer does not provide any information or claims that could be evaluated against the retrieved context. It simply states a lack of information, which means there is no grounding to assess. Additionally, the answer does not address the customer's query about the current limit or how to increase it, making it unhelpful and ungrounded.",True,"The RAG answer acknowledges a lack of information, which is a valid response under the groundedness criterion. It does not introduce any unsupported claims or facts not present in the retrieved articles, and it correctly identifies the limitations of the information available.",none
small_business_owner,card_not_working_abroad,poor_internet_connection,"My card just got declined here in Thailand, what’s going on? Haven't changed any settings. Is it frozen or a merchant issue? Signal weak, need a quick answer.","Your card may have been declined due to several reasons, such as restrictions set by the merchant or a technical issue on their side. To check the reason for the decline, open your transactions list in the app, tap on the declined payment, and view the details in the 'Status' section. 

If you need further assistance, you can fill out this form to help us reach out to the merchant: [Merchant Issue Form](https://app.revolut.com/form/13ef84b4-1e3b-48eb-8e8b-0030e7e08adc?faqEntryPoint=question.why-has-my-card-payment-been-declined). 

If your card is frozen, you can unfreeze it by completing the in-app questionnaire. Check your app for any notifications regarding this.",groundedness,False,"The RAG-generated answer provides potential reasons for the card decline and suggests actions such as checking the transaction status in the app and filling out a merchant issue form. However, the evaluation task specifies that the answer must be grounded in the retrieved context, which is missing in this case. Without the retrieved context, it is impossible to verify if the claims and steps mentioned in the answer are supported by the context. Therefore, the answer is considered ungrounded and fails the evaluation criteria.",False,"The RAG answer includes claims about potential reasons for a card decline (merchant restrictions, technical issues) and instructions on how to check the transaction status and unfreeze the card, which are not explicitly supported by the retrieved articles. The articles only mention that a card payment was declined and issues related to visibility and security systems, but do not provide details on how to check the status or unfreeze the card. Therefore, the answer introduces information not present in the articles.",none
non_native_english_worker,suspicious_activity_notification,poor_internet_connection,"Hi, I got push notification about suspicious activity but no details. My account safe? I send money home, very stressed. Please help!","If you received a push notification about suspicious activity, it's important to secure your account. Here are the steps you should take:

1. **Freeze your card**: Open the Revolut app, tap the card icon in the top right corner, select the card you want to freeze, and tap 'Freeze'. Alternatively, you can terminate the card by going to 'Settings' and tapping 'Terminate card'.

2. **Contact Customer Support**: Reach out to our Customer Support team via the in-app chat for assistance and to confirm whether your account is safe.

3. **Report any suspicious transactions**: Go to 'Home' on the bottom menu, select the transaction in question from your transactions list, choose 'Get help', and report it if necessary.

Rest assured, taking these steps will help protect your account. If you have further concerns, please contact support directly.",groundedness,False,"The RAG-generated answer provides steps for securing the account, such as freezing the card and contacting customer support. However, the evaluation task specifies that the answer must be grounded in the retrieved context, which is missing in this case. Without the retrieved context, it is impossible to verify if the steps mentioned are supported by it. Therefore, the answer cannot be considered grounded, as it may include hallucinated features or steps not present in the context.",False,"The RAG answer includes specific steps for freezing a card and contacting customer support, which are not mentioned in the retrieved articles. The articles focus on reporting fraudulent transfers and suspicious communications, but do not provide information about the Revolut app or its functionalities. Therefore, the answer introduces information not present in the articles.",none
crypto_day_trader,wrong_recipient_no_refund,poor_internet_connection,"accidentally sent 500EUR to wrong number! recipient hasn't accepted it. can I cancel or reverse? plz help, train's losing signal!","Since the recipient hasn't accepted the transfer yet, you cannot cancel or reverse it directly. However, you should reach out to the recipient via the chat in the Revolut app to request the return of the funds. To do this:

1. Go to the bottom menu and select ""Payments.""
2. Choose the person you sent money to.
3. A chat window will open where you can message them.

If they do not respond, you can contact our customer support team, and we will try to reach out to them on your behalf, but we cannot guarantee a response or agreement to return the funds.",groundedness,False,"The RAG-generated answer provides a detailed process for attempting to retrieve funds sent to the wrong recipient, including using the chat feature in the Revolut app and contacting customer support. However, the evaluation task specifies that all claims in the answer should be supported by the retrieved context. Since no retrieved context is provided, it is impossible to verify whether the steps and advice given in the answer are grounded in any specific context. Therefore, the answer fails the evaluation criteria as it cannot be confirmed as grounded without the necessary context.",False,"The RAG answer includes claims about contacting customer support and the process of messaging the recipient that are not explicitly supported by the retrieved articles. While it discusses the inability to cancel a transfer directly, it introduces additional steps and implications about customer support that are not mentioned in the articles. Therefore, the answer does not fully adhere to the groundedness criterion.",none
frequent_traveler,cancel_subscription_not_working,angry_after_waiting,"i've tried canceling my gym membership payment like three times now and i still can't find the option in the app! this is super frustrating, i need this sorted out asap or i'm seriously thinking about switching to another provider!",I don't have enough information to help with that.,groundedness,False,"The RAG-generated answer does not provide any information or guidance to the customer, nor does it reference any retrieved context. It simply states a lack of information, which does not address the customer's query about canceling their gym membership payment. The answer is ungrounded as it does not utilize any retrieved context to support or inform the response.",True,"The RAG answer acknowledges a lack of information, which is a grounded response. It does not introduce any unsupported claims or facts not present in the retrieved articles, and it appropriately recognizes its limitations.",none
small_business_owner,instant_transfer_limit_reached,anxious_security_fear,"I'm trying to do an instant transfer but got hit with a limit message? What’s the limit and when does it reset? I’ve been hearing about scams lately and need to make sure my funds are secure, so can I get a quick response from a real person?","The limit for instant transfers is set by you and can be adjusted anytime. If you've reached your limit, it refreshes every 24 hours. You can authorize additional funds to leave your account by completing a selfie check. To manage your limits, tap your profile icon in the top left corner, select ‘Security’, then ‘Wealth protection’ to set or change your desired limit. 

If you need a quick response from a real person, please request a live agent in the in-app chat.",groundedness,False,"The RAG-generated answer provides specific details about setting and adjusting instant transfer limits, including a 24-hour reset period and a selfie check for authorizing additional funds. However, there is no retrieved context provided to verify these claims. Without context to support these specific features and steps, the answer is considered ungrounded. Additionally, the advice to request a live agent in the in-app chat is generic and not supported by specific context, further contributing to the failure of grounding the response.",False,"The RAG answer includes specific details about managing limits and the selfie check process that are not supported by the retrieved articles. The articles do not mention the ability to adjust limits, the 24-hour refresh period, or the selfie check for authorizing additional funds. Therefore, the answer introduces information not present in the articles, which violates the groundedness criterion.",none
frequent_traveler,suspicious_activity_notification,empty,"hey, i got a push notification about suspicious activity on my account but no details were provided. can you help me figure out what's going on? i'm worried my account might be compromised.",I don't have enough information to help with that.,groundedness,False,"The answer provided by the RAG system is not grounded in the retrieved context because there is no context provided to support the claim. The response is generic and does not offer any specific information or steps to address the customer's concern about suspicious activity on their account. Without any retrieved context, the answer cannot be considered grounded.",True,"The RAG answer acknowledges a limitation by stating 'I don't have enough information to help with that,' which is considered grounded. It does not introduce any unverified information or make unsupported claims, aligning with the criteria for groundedness.",none
small_business_owner,joint_account_not_allowed,empty,"Hey, I wanna know if there's a way to share my Revolut account with my spouse. It's a real hassle managing everything solo, and I need a better way to keep track of our expenses together. Any alternatives you can suggest?","You can share your Revolut account with your spouse by setting up a Joint account. Here are the steps to do that:

1. Ensure both you and your spouse are at least 18 years old and have personal Revolut accounts that have passed identity verification.
2. Confirm that you both live in the same country and belong to the same Revolut entity.
3. Make sure neither of you has another Joint account or a pending invite for one.
4. Add your spouse to your contacts by sending a small amount of money to their Revolut account if necessary.
5. To open a Joint account in the app:
   - Go to 'Home' on the bottom menu.
   - Below your balance, tap 'Accounts' and then 'Add new'.
   - Select 'Joint' and follow the instructions. Your spouse will need to accept your invitation.

For more details, you can read the Joint Accounts T&Cs [here](https://www.revolut.com/legal/joint-accounts/?geo-redirect=true).",groundedness,False,"The RAG-generated answer provides detailed steps for setting up a Joint account on Revolut, but there is no retrieved context provided to verify these claims. Without the retrieved context, it is impossible to determine if the steps and conditions mentioned (such as age requirement, identity verification, living in the same country, etc.) are accurate and supported by the source material. Therefore, the answer cannot be considered grounded in the retrieved context.",True,"All factual claims in the RAG answer are supported by the retrieved articles. The steps outlined for setting up a Joint account align with the information provided in the articles, and no unsupported claims or additional information are introduced. The answer does not invent policies, fees, or timelines that are not present in the articles.",none
small_business_owner,crypto_withdrawal_pending,anxious_security_fear,"I sent crypto to an external wallet 12 hours ago and it’s still pending. I’m really worried it’s lost or something worse, especially with all the fraud warnings going around. Can someone look into this ASAP? I don’t trust automated responses.","To check the status of your pending crypto withdrawal, follow these steps:

1. Go to 'Crypto' on the bottom menu.
2. Scroll to the transactions list or select the crypto you withdrew.
3. Find your withdrawal transaction and tap on it to see the reason why it's pending.

Your withdrawal could be pending due to internal assessments, broadcasting to the network, or confirmation on-chain. If there are any technical difficulties, you will be notified in-app. If the transaction is confirmed on the blockchain but the funds haven't arrived in your receiving wallet, please reach out to the provider of that wallet for further support.",groundedness,False,"The RAG-generated answer provides steps and explanations for checking the status of a pending crypto withdrawal, but there is no retrieved context provided to verify if these steps and explanations are supported. Without specific context to ground the claims made in the answer, such as details about the app's interface or the reasons for pending transactions, the answer cannot be considered grounded. Additionally, the answer includes potential reasons for the pending status and advice on what to do if the transaction is confirmed on the blockchain but not received, which also require context to verify their accuracy. Therefore, the answer fails the evaluation criteria due to lack of grounding in retrieved context.",True,"All factual claims in the RAG answer are supported by the retrieved articles. The steps to check the status of a pending crypto withdrawal are consistent with the information provided in the articles. The reasons for a withdrawal being pending, such as internal assessments and broadcasting to the network, are also mentioned in the articles. Additionally, the advice to contact the wallet provider if the transaction is confirmed but funds haven't arrived is grounded in the context of the articles. No unsupported claims or invented information are present.",none
student_abroad,crypto_withdrawal_pending,non_native_broken_english,"hi, i send crypto to external wallet 12 hours ago and its still pending. i worry it lost and i need help pls. thx","To check the status of your pending crypto withdrawal, please follow these steps:

1. Go to 'Crypto' on the bottom menu.
2. Scroll to the transactions list or select the crypto you withdrew.
3. Find your withdrawal transaction and tap on it to see the reason why it's pending.

Your withdrawal could be pending for several reasons, such as internal assessment, broadcasting to the network, or waiting for confirmation on-chain. If the transaction is shown as completed on the blockchain explorer but the funds have not arrived in your receiving wallet, you may need to contact the provider of that wallet for further support.",groundedness,False,"The RAG-generated answer provides steps and potential reasons for a pending crypto withdrawal, but there is no retrieved context provided to verify if these steps and reasons are supported. Without context, it is impossible to determine if the answer is grounded. The answer includes specific steps and potential reasons for the pending status, which could be considered hallucinated if not supported by the retrieved context. Therefore, the answer fails the evaluation criteria as it cannot be verified for grounding.",True,"All factual claims in the RAG answer are supported by the retrieved articles. The steps to check the status of a pending crypto withdrawal align with the information provided in the articles. The reasons for a withdrawal being pending are also consistent with the context of the articles, and no unsupported claims or invented information are present.",none
busy_parent_on_mobile,daily_top_up_limit_reached,anxious_security_fear,hey I need to add more funds today but I hit my limit and I just got a fraud warning last week so I'm super cautious now when does it reset and is there any workaround like can I talk to a human about this or something,I don't have enough information to help with that.,groundedness,False,"The RAG-generated answer does not provide any information or guidance related to the customer's query. It simply states a lack of information without referencing any retrieved context. Since no context was provided, the answer cannot be considered grounded. Additionally, the answer fails to address the customer's concerns about fund limits, fraud warnings, or the possibility of speaking to a human representative, which are critical aspects of the query.",True,"The RAG answer acknowledges a limitation by stating 'I don't have enough information to help with that,' which is considered grounded. It does not introduce any unverified information or make unsupported claims, aligning with the criteria for groundedness.",none
crypto_day_trader,cancel_subscription_not_working,poor_internet_connection,"yo, can’t find how to cancel my gym payment in the app, keep looking but no luck. im on a train and signal is weak, pls help asap!",I don't have enough information to help with that.,groundedness,False,"The RAG-generated answer does not provide any information or guidance related to the customer's query about canceling a gym payment in the app. Additionally, there is no retrieved context provided to support or ground the answer. The response fails to address the customer's issue and does not meet the evaluation criteria of being grounded in the retrieved context.",True,"The RAG answer acknowledges a lack of information, which is a valid response under the groundedness criterion. It does not introduce any unsupported claims or facts not present in the retrieved articles, and it correctly identifies the limitations of the information available.",none
gig_economy_courier,account_limit_reached_warning,anxious_security_fear,"hey, I can’t top up my account, got limit issue. what is my limit? how can I increase it? I heard about scams and frauds, so I wanna be sure it's all safe. pls help fast, I need this sorted now!","To check your account limits, go to the 'Your plan' section in the Revolut app. This will show you your fees and limit reset dates. 

If you want to increase your limits, you can preview upgrade options in the same section, but note that plan upgrades won’t increase your daily exchange or withdrawal limits.

For safety, ensure you follow best practices when using your account, such as not sharing personal information and being cautious of suspicious communications. If you have further concerns about security, reach out to Revolut Support via the in-app chat.",groundedness,False,"The RAG-generated answer provides information on how to check account limits and upgrade options, as well as general safety advice. However, the evaluation task requires that all claims in the answer be supported by the retrieved context. Since no retrieved context is provided, it is impossible to verify whether the claims about checking limits, upgrading plans, or safety practices are grounded in the context. Therefore, the answer fails the evaluation criteria due to lack of grounding in the retrieved context.",False,"The RAG answer includes specific claims about checking account limits, fees, and limit reset dates that are not supported by the retrieved articles. Additionally, it mentions plan upgrades and their effects on limits, which are not found in the provided context. Therefore, the answer introduces information not present in the articles.",none
gig_economy_courier,transfer_pending_stuck,empty,"Hey, I sent money to my friend 2 days ago and it still says pending. We both don’t have it, what’s going on? Can I cancel it if it’s not going through?","Your transfer may be pending for several reasons, such as being sent on a weekend or public holiday, additional processing checks, or incorrect recipient details. A transfer can remain pending for up to 72 hours, and in most cases, it will eventually be marked as completed.

If you want to check the status of your transfer, you can use the outbound transfer status tool in the Revolut app.

To cancel the pending transfer, follow these steps:
1. Go to ""Payments"" on the bottom menu.
2. Select the person you sent the pending transfer to.
3. On the payments screen, select the pending transfer.
4. Tap 'Cancel' if the option is available.

If you can't cancel the transfer, it may be under review by our automated security system. In that case, you may need to answer some questions in-app before the transfer can be processed. If the transfer remains pending for 48 hours, it will be automatically cancelled, and the funds will be returned to your account.",groundedness,False,"The RAG-generated answer provides detailed steps and explanations for why a transfer might be pending and how to cancel it. However, the evaluation task specifies that the answer must be grounded in the retrieved context, which is missing in this case. Without the retrieved context, it is impossible to verify if the claims made in the answer are supported by the context. Therefore, the answer cannot be considered grounded, and it fails the evaluation criteria.",False,"The RAG answer includes a specific claim that a transfer can remain pending for up to 72 hours, which is not supported by the retrieved articles. Additionally, the answer provides detailed steps for canceling a transfer and mentions an automated security system review, which are not found in the articles. Therefore, the answer introduces information not present in the articles and makes unsupported claims.",none
busy_parent_on_mobile,suspicious_activity_notification,empty,hey i got a push notification about suspicious activity on my account but no details can u tell me whats going on im kinda worried it got compromised,I don't have enough information to help with that.,groundedness,False,"The answer provided by the RAG system is not grounded in the retrieved context because there is no context provided at all. The response 'I don't have enough information to help with that' does not reference any specific information or context that could have been retrieved to address the customer's query. Therefore, the answer is ungrounded and fails the evaluation criteria.",True,The RAG answer acknowledges a limitation by stating 'I don't have enough information to help with that.' This response is grounded as it does not introduce any unverified claims or information not present in the retrieved articles. It correctly reflects the lack of sufficient context to provide a definitive answer.,none
crypto_day_trader,crypto_withdrawal_pending,typing_from_phone_with_typos,"hey my crypto transfer to external wallet was sent 12hrs ago and still pending?? im freaking out like is it lost or what?? pls help ASAP, i can't HODL like this while watching kids and multitasking, thx!","To check the status of your crypto withdrawal and see why it is pending, follow these steps:

1. Go to 'Crypto' on the bottom menu.
2. Scroll to the transactions list or select the crypto you withdrew.
3. Find your withdrawal transaction and tap on it to see the reason why it's pending.

Your withdrawal could be pending due to internal assessment, broadcasting to the network, or confirmation on-chain. If the transaction is taking longer than expected, it may be due to high traffic on the blockchain network. You can monitor your transaction on the blockchain scanner by tapping 'Blockchain hash' on the transaction, then 'View my transaction'.

If the withdrawal is shown as completed on the explorer but the funds have not yet arrived in your receiving wallet, you may need to contact the provider of that wallet for further support.",groundedness,False,"The RAG-generated answer provides a detailed explanation of how to check the status of a crypto withdrawal and potential reasons for a pending transaction. However, the evaluation criteria require that all claims in the answer be supported by the retrieved context. Since no retrieved context is provided, it is impossible to verify whether the steps and reasons mentioned in the answer are grounded in the context. Therefore, the answer fails the evaluation due to the lack of context to support its claims.",False,"The RAG answer includes specific claims about the reasons for a withdrawal being pending (internal assessment, broadcasting to the network, confirmation on-chain) and the need to contact the wallet provider if funds have not arrived, which are not explicitly supported by the retrieved articles. The articles do not provide detailed explanations for these scenarios or mention contacting wallet providers, leading to unsupported claims in the answer.",none
student_abroad,apple_pay_not_working,poor_internet_connection,"hey, trying to add my revolut card to apple pay but getting an error msg. card works fine for other stuff tho. in a train with bad signal, pls help quick thx!","To successfully add your Revolut card to Apple Pay, please ensure the following:

1. Your account is fully verified.
2. Your account balance isn't negative.
3. You are using a supported card type (Visa or Mastercard).
4. You don't have the same card digitalized on too many devices.
5. The card you are trying to add isn't frozen or terminated.

If you continue to experience issues, try deleting the card from Apple Pay and re-adding it. You can also check for any error messages in your transactions list in the Revolut app for more details.",groundedness,False,"The RAG-generated answer provides several steps and checks for adding a Revolut card to Apple Pay, but there is no retrieved context provided to verify if these steps are supported. Without context, we cannot confirm if the advice given is accurate or grounded. The answer includes specific requirements and troubleshooting steps that could be considered hallucinated if not backed by the retrieved context. Therefore, the answer fails the evaluation criteria as it lacks grounding in the retrieved context.",False,"The RAG answer includes specific requirements for adding a Revolut card to Apple Pay that are not explicitly supported by the retrieved articles. While the articles discuss issues related to Apple Pay and card functionality, they do not provide the detailed steps or conditions listed in the answer. Therefore, the answer introduces information not present in the articles.",none
small_business_owner,virtual_card_missing,anxious_security_fear,"Hey, I'm trying to set up a virtual card for online payments to keep my cafe safe from scams, but I can't find where to generate one in the app. This fraud warning has me on edge, and I need this sorted ASAP! Can someone help me out or do I need to call for real support?","To set up a virtual card for online payments in the Revolut app, follow these steps:

1. Open the Revolut app.
2. Tap on the 'Cards' section.
3. Select 'Add a new card' or 'Create virtual card'.
4. Follow the prompts to generate your virtual card.

Please note that you can create a maximum of 4 cards per month. If you need further assistance, you can contact customer support directly through the app.",groundedness,False,"The evaluation task requires the answer to be grounded in the retrieved context. However, the provided answer does not include any retrieved context to verify the claims made about setting up a virtual card in the Revolut app. The steps and the limit of creating a maximum of 4 cards per month are not supported by any context, making the answer ungrounded. Without context, it is impossible to confirm the accuracy of the information provided in the RAG-generated answer.",False,"The RAG answer includes a claim about the maximum number of virtual cards that can be created per month, which is not supported by any of the retrieved articles. Additionally, the answer does not provide any information about the steps to set up a virtual card that is explicitly mentioned in the articles. Therefore, it introduces information not present in the articles.",none
busy_parent_on_mobile,wrong_recipient_no_refund,poor_internet_connection,hey i sent 500 euro to wrong number can i cancel it or reverse it recipient hasn’t accepted yet please help urgent train signal bad,"If you sent €500 to the wrong Revolut customer and the recipient hasn't accepted it yet, you cannot cancel the transfer. Once processed, transfers are usually instant and cannot be reversed. You should reach out to the recipient via the chat in the Revolut app to request the return of the funds. 

To use the chat:
1. Go to the 'Payments' section in the bottom menu.
2. Select the person you sent money to.
3. A chat window will open for you to message them.

If the recipient isn't responding, you can contact our customer support team, but we can't guarantee they will respond or agree to return the funds.",groundedness,False,"The RAG-generated answer provides specific steps and advice on how to handle the situation of sending money to the wrong recipient on Revolut. However, the evaluation task requires that all claims in the answer be supported by the retrieved context, which is missing in this case. The answer includes specific instructions on using the chat feature in the Revolut app and contacting customer support, but without retrieved context to verify these claims, the answer is considered ungrounded. Therefore, the answer fails the evaluation criteria.",False,"The RAG answer includes claims about the inability to cancel a transfer once processed and the suggestion to contact customer support, which are not explicitly supported by the retrieved articles. Additionally, the answer implies a process for contacting the recipient that may not be fully grounded in the provided context. Therefore, it introduces information not present in the articles.",none
frequent_traveler,crypto_limit_warning,non_native_broken_english,"hi, i get message about crypto limit but i not know what limit is. can it be increase? i use app lot for travel. thank you.","Your crypto withdrawal limits can be viewed in the app. To check your limits, follow these steps:

1. Go to 'Crypto' on the bottom menu.
2. Tap 'More'.
3. Select 'Limits and fees'.
4. Tap 'Sending limits'.

Limits are periodically reviewed and may be adjusted based on your account activity and risk factors. If you want to know if your limits can be increased, you may need to check your account activity or contact support for further assistance.",groundedness,False,"The RAG-generated answer provides specific steps for checking crypto withdrawal limits in the app, but there is no retrieved context provided to verify these steps. Without context, we cannot confirm if the steps are accurate or supported. Additionally, the advice about limits being reviewed and adjusted based on account activity and risk factors is generic and lacks grounding in specific retrieved information. Therefore, the answer is considered ungrounded.",True,"All factual claims in the RAG answer are supported by the retrieved articles. The answer provides a step-by-step guide on how to view crypto withdrawal limits, which aligns with the information in the articles. It does not introduce any unsupported information or invent policies, fees, or timelines. The mention of limits being reviewed and potentially adjusted based on account activity is also consistent with the context provided in the articles.",none
frequent_traveler,suspicious_activity_notification,poor_internet_connection,"hey, just got a push notification about suspicious activity on my account but no details??? i'm on a train with weak signal and can't check properly. is my account safe or what??",I don't have enough information to help with that.,groundedness,False,"The RAG-generated answer is not grounded in the retrieved context because there is no context provided to support the answer. The answer does not provide any specific information or advice related to the customer's query about suspicious activity on their account. It simply states a lack of information, which does not address the customer's concern or provide any actionable steps. Therefore, the answer fails the evaluation criteria as it is not supported by any retrieved context.",True,"The RAG answer acknowledges a limitation by stating 'I don't have enough information to help with that,' which is considered grounded. It does not introduce any unsupported claims or information not present in the retrieved articles.",none
crypto_day_trader,transfer_pending_stuck,angry_after_waiting,"Hey, I sent money to my friend 2 days ago and it's still pending! I've tried to fix this multiple times and I'm seriously getting rekt here! What’s the hold up and how do I cancel this if it doesn't go through? I might just switch to another app if this keeps happening!","Your transfer may still be pending for several reasons, such as being sent on a weekend or public holiday, additional processing checks, or incorrect recipient details. Transfers can remain pending for up to 72 hours, but they usually complete within a few hours.

To check the status of your transfer, use the outbound transfer status tool in the Revolut app.

If you want to cancel the transfer, follow these steps:
1. Go to Payments on the bottom menu.
2. Select the person you sent the pending transfer to.
3. On the payments screen, select the pending transfer.
4. Tap 'Cancel'.

If you can't cancel it, it may be under review by our automated security system. In that case, you will need to wait until the review is complete. If you have further questions, please contact Revolut Support.",groundedness,False,"The RAG-generated answer provides a detailed explanation and steps for checking and canceling a pending transfer. However, the evaluation task requires that all claims in the answer be supported by the retrieved context, which is missing in this case. Without the retrieved context, it is impossible to verify if the claims about transfer delays, the 72-hour pending period, or the specific steps to cancel a transfer are grounded in the provided context. Therefore, the answer cannot be considered grounded, as it may contain hallucinated features or steps not supported by the context.",False,"The RAG answer includes specific claims about the reasons for a transfer being pending (e.g., sent on a weekend, additional processing checks, incorrect recipient details) and the timeline for transfers (up to 72 hours) that are not explicitly supported by the retrieved articles. Additionally, the answer provides detailed steps for canceling a transfer and mentions an automated security system review, which are not found in the articles. Therefore, the answer introduces information not present in the articles.",none
uk_freelance_designer,virtual_card_missing,empty,"Hi there, I'm trying to set up a virtual card for online safety but I can't seem to find where to generate one in the app. Can you point me in the right direction? Cheers!","To create a virtual card in the Revolut app, follow these steps:

1. Go to 'Home' on the bottom menu.
2. Tap the cards icon in the top-right corner.
3. Tap 'Add new'.
4. Choose 'Debit', 'Joint', or 'Pro' at the top.
5. Select 'Virtual'.
6. Choose a colour.
7. Tap 'Get card for free' to instantly create your virtual card.

Once created, you can use it for online purchases and manage it directly in the app.",groundedness,False,"The evaluation task requires the answer to be grounded in the retrieved context. However, the provided RAG-generated answer does not include any retrieved context to verify the steps for creating a virtual card in the Revolut app. Without the context, it is impossible to determine if the steps mentioned are accurate or supported. Therefore, the answer cannot be considered grounded, leading to a failure in the evaluation.",True,"All factual claims in the RAG answer are supported by the retrieved articles. The steps to create a virtual card are consistent with the information provided in the articles, and no additional information or unsupported claims are introduced. The answer accurately reflects the process outlined in the articles.",none
crypto_day_trader,transfer_pending_stuck,typing_from_phone_with_typos,yo sent cash to my mate 2 days ago and its still pending wtf neither of us got it or sent it can u pls tell me whats the hold up and how to cancel if needed? this is so annoying im juggling kids and coffee here!,"Your transfer may still be pending for several reasons, such as being sent on a weekend or public holiday, additional processing checks, or incorrect recipient details. Transfers can remain pending for up to 72 hours, but if it has been 48 hours, it will be automatically cancelled and the funds returned to your account.

To check the status of your transfer, you can use the outbound transfer status tool in the Revolut app. If you need to cancel it sooner, unfortunately, you cannot cancel a pending transfer on your end. 

If you have further questions or if the transfer does not resolve, you may want to contact live support by typing 'Live agent' in the in-app chat.",groundedness,False,"The RAG-generated answer provides several claims about the reasons for a pending transfer and the process for cancellation, but there is no retrieved context provided to verify these claims. The answer mentions that transfers can remain pending for up to 72 hours and will be automatically cancelled after 48 hours, which are specific details that require grounding in the retrieved context. Additionally, the advice to use the outbound transfer status tool and the inability to cancel a pending transfer on the user's end are also ungrounded without supporting context. Therefore, the answer fails the evaluation criteria as it lacks grounding in the retrieved context.",False,"The RAG answer includes specific claims about the transfer process, such as the 72-hour pending period and the automatic cancellation after 48 hours, which are not supported by the retrieved articles. Additionally, it mentions the inability to cancel a pending transfer, which is also not found in the articles. Therefore, the answer introduces information not present in the articles and makes unsupported claims.",none
uk_freelance_designer,business_account_upgrade_question,anxious_security_fear,"Hi there, I've been getting some fraud warnings lately and it's made me super cautious about my account. My freelance income is growing and I'm wondering when I should upgrade to a business account and what security changes that would bring. I’d prefer to chat with a human about this if possible, as I'm a bit worried about scams. Cheers!",I don't have enough information to help with that.,groundedness,False,"The RAG-generated answer does not provide any information or advice related to the customer's query about upgrading to a business account or the associated security changes. It simply states a lack of information without referencing any retrieved context. Therefore, the answer is ungrounded as it does not address the customer's concerns or provide any actionable guidance based on the retrieved context.",True,"The RAG answer acknowledges a limitation by stating 'I don't have enough information to help with that,' which is considered grounded. It does not introduce any unverified information or make unsupported claims, aligning with the criteria for groundedness.",none
student_abroad,crypto_limit_warning,anxious_security_fear,"hey, i just got a message saying i hit my crypto limit and honestly i’m a bit freaked out with all the scams lately. can u pls tell me what the limit is? is there any way to increase it? i really need to sort this out n feel secure, thx.","Your crypto withdrawal limits can be checked in the app. To view them, follow these steps:

1. Go to 'Crypto' on the bottom menu.
2. Tap 'More'.
3. Select 'Limits and fees'.
4. Tap 'Sending limits'.

Daily limits reset 24 hours after the last withdrawal, and monthly limits reset 30 days after the last withdrawal. 

If you want to increase your limits, you may need to adjust your Wealth protection limits, which you can set and control in the app. For more information on that, please visit the relevant FAQ in the app. 

If you have any further concerns about security or scams, please let me know!",groundedness,False,"The RAG-generated answer provides specific steps and details about checking crypto withdrawal limits and adjusting Wealth protection limits, but there is no retrieved context provided to verify these claims. Without context to support the specific steps and features mentioned, such as 'Crypto' on the bottom menu, 'More', 'Limits and fees', 'Sending limits', and the process for adjusting Wealth protection limits, the answer cannot be considered grounded. Additionally, the advice to visit the FAQ for more information is generic and not supported by specific context. Therefore, the answer fails the evaluation criteria.",False,"The RAG answer includes specific details about daily and monthly limits resetting, as well as the need to adjust Wealth protection limits, which are not explicitly supported by the retrieved articles. The articles do not provide information on the reset periods for limits or the process for adjusting Wealth protection limits. Therefore, the answer introduces information not present in the articles.",none
crypto_day_trader,exchange_rate_markup_question,typing_from_phone_with_typos,yo why is the exchange rate on revolut diff from google like am i getting rekt here or is there a markup?? trying to figure this out while juggling kids and coffee so plz help me fast thx!,"The exchange rate on Revolut may differ from what you see on Google because Revolut's rates are based on data from multiple independent sources and can vary due to market conditions. Additionally, there is a difference between buy and sell prices, known as a spread, which can include a markup. 

To check the current exchange rates, you can view them in the Revolut app by going to 'Home', scrolling down to '+ Add widgets', and adding the 'Watchlist' widget. This will allow you to monitor the rates for different currencies. 

Before making an exchange, you can review the rate and any applicable fees in the app to ensure you know the total cost.",groundedness,False,"The RAG-generated answer provides an explanation for why Revolut's exchange rates might differ from Google's, mentioning factors like market conditions and the spread. However, the answer does not cite any specific retrieved context to support these claims. Additionally, the instructions on how to check exchange rates using the Revolut app, such as adding the 'Watchlist' widget, are not grounded in any retrieved context. Without specific context to back up these claims and instructions, the answer is considered ungrounded according to the evaluation criteria.",False,"The RAG answer includes claims about how Revolut's exchange rates are based on data from multiple independent sources and can vary due to market conditions, which is not explicitly supported by the retrieved articles. Additionally, the answer mentions a specific method to check current exchange rates in the app, which is not detailed in the articles. Therefore, the answer introduces information not present in the articles and makes claims without support from the provided context.",none
crypto_day_trader,subscription_charge_dispute,anxious_security_fear,"Hey, I just cancelled my Netflix sub but got charged again this month! I’m super anxious with all the fraud warnings lately, so I need this sorted ASAP and want to make sure it doesn’t happen again. Can I get a real person to help me?",I don't have enough information to help with that.,groundedness,False,"The RAG-generated answer does not provide any information or assistance to the customer, nor does it reference any retrieved context. It simply states a lack of information without attempting to address the customer's issue or guide them towards a resolution. Since there is no retrieved context provided, the answer cannot be considered grounded. Additionally, the response fails to offer any actionable steps or reassurance, which is critical given the customer's anxiety about potential fraud.",True,"The RAG answer acknowledges a limitation by stating 'I don't have enough information to help with that,' which is considered grounded. It does not introduce any unsupported claims or information not present in the retrieved articles.",none
small_business_owner,account_limit_reached_warning,anxious_security_fear,"Hey, I'm trying to top up my account but hit a limit. Can you tell me what that limit is and how I can increase it? Also, with all this fraud going around, I need to know my account is secure. I don't trust automated replies, so please get back to me with a real person.",I don't have enough information to help with that.,groundedness,False,"The RAG-generated answer does not provide any information or claims that could be evaluated against the retrieved context. It simply states a lack of information, which does not address the customer's query about account limits, increasing those limits, or account security. Additionally, the answer does not engage with the customer's request for a response from a real person, nor does it provide any grounding in the retrieved context, as no context was provided. Therefore, the answer is ungrounded and fails the evaluation criteria.",True,"The RAG answer acknowledges a limitation by stating 'I don't have enough information to help with that.' This response is grounded as it does not introduce any unverified claims or information not present in the retrieved articles. It correctly indicates a lack of sufficient information, which aligns with the criterion for groundedness.",none
frequent_traveler,daily_top_up_limit_reached,empty,"hey, i hit my funding limit and need to add more funds today. when does it reset? is there any way to work around this?","Your funding limit resets on a rolling monthly basis, based on the day your current price plan began. To check your exact limit refresh date and remaining allowance, tap your profile icon in the top-left corner, select ""Your plan,"" and look under the 'Your limits' section.

Unfortunately, there is no workaround for exceeding your funding limit. I don't have enough information to help with that.",groundedness,False,"The RAG-generated answer provides specific instructions on how to check the funding limit reset date and remaining allowance, as well as information about the reset being on a rolling monthly basis. However, there is no retrieved context provided to verify these claims. Without context to support the specific steps and details mentioned, the answer cannot be considered grounded. Additionally, the statement about there being no workaround for exceeding the funding limit is also unverified due to the lack of context.",False,"The RAG answer includes a specific claim about the funding limit resetting on a rolling monthly basis based on the day the current price plan began. However, this information is not supported by any of the retrieved articles, which do not mention funding limits or how they reset. Additionally, the answer does not provide any information about exceeding the funding limit that is grounded in the articles. Therefore, the answer fails the groundedness criterion.",none
frequent_traveler,joint_account_not_allowed,poor_internet_connection,"hey, so i wanna share my account with my spouse but i heard revolut doesn't allow that. any alternatives? need something quick, on a train and signal's weak. thx!","You can open a Joint account with Revolut if you are over 18 years old. This allows you to share an account with your spouse. If you both have personal accounts, you can set up a Joint account together. For more details, refer to the Joint Accounts T&Cs.",groundedness,False,"The RAG-generated answer claims that Revolut allows the opening of a Joint account to share with a spouse, but there is no retrieved context provided to verify this claim. Without context to support the information about Joint accounts, the answer is considered ungrounded. Additionally, the answer does not address the customer's request for alternatives if Revolut does not allow account sharing, which was part of the original query.",False,"The RAG answer includes the claim that you can open a Joint account with Revolut if you are over 18 years old and that it allows sharing an account with a spouse. However, the retrieved articles do not provide specific information about the age requirement or the ability to share an account with a spouse. Therefore, these claims are not supported by the provided articles, making the answer ungrounded.",none
small_business_owner,crypto_limit_warning,angry_after_waiting,"I've had enough of this crypto limit nonsense! What is the actual limit and can it be increased? I've tried sorting this out multiple times now and it’s getting ridiculous! If this doesn’t get resolved today, I might have to consider switching to another provider!","The actual limits for crypto withdrawals are set daily and monthly to prevent monetary loss and protect your account. You can check your specific limits by following these steps:

1. Go to 'Crypto' on the bottom menu.
2. Tap 'More'.
3. Select 'Limits and fees'.
4. Tap 'Sending limits'.

Daily limits reset 24 hours after the last withdrawal, and monthly limits reset 30 days after the last withdrawal.

As for increasing the limits, they are periodically reviewed and may be adjusted based on your account activity and potential risk factors. If you have specific concerns about your limits, you may want to check your account activity or contact support for further assistance.",groundedness,False,"The RAG-generated answer provides specific steps and details about checking crypto withdrawal limits and the possibility of increasing them. However, the evaluation task requires that all claims in the answer be supported by the retrieved context, which is missing in this case. Without the retrieved context, it is impossible to verify whether the steps and information provided are accurate or grounded. Therefore, the answer cannot be considered grounded, as it may contain hallucinated features or steps not supported by the context.",False,"The RAG answer includes specific details about daily and monthly limits resetting and the process for checking limits, which are not explicitly supported by the retrieved articles. Additionally, the mention of limits being periodically reviewed and adjusted based on account activity introduces information not present in the articles. Therefore, the answer does not fully adhere to the groundedness criteria.",none
gig_economy_courier,wrong_recipient_no_refund,anxious_security_fear,"hey, I sent 500 euro to wrong number by mistake and I got fraud warning before. can I cancel or reverse it? I really need help with this, feels really risky! please, I need real person to talk to, not robot.","If you've sent 500 euros to the wrong number, the fastest way to correct this is to ask the recipient to return the funds to you. You can reach out to them via the chat in the Revolut app by following these steps:

1. Go to 'Payments' on the bottom menu.
2. Select the person you've sent money to.
3. A chat window will open where you can message the recipient.

If the recipient isn't responding, you can contact our customer support team, and we'll try to reach out to them on your behalf. However, we can't guarantee they will respond or agree to return the funds.

If you suspect the transfer was directed to a fraudulent source, you should report it as fraud by:

1. Going to 'Home' on the bottom menu.
2. Selecting the transfer in question from your transaction history.
3. Tapping 'Get help' and choosing 'Report this transfer as fraud'.

Unfortunately, once a transfer is processed, we cannot cancel it. If you need further assistance, please reach out to our customer support team directly.",groundedness,False,"The RAG-generated answer provides a detailed response to the customer's query, but it lacks grounding in any retrieved context. The answer includes specific steps and advice on how to handle the situation, such as contacting the recipient through the Revolut app and reporting the transaction as fraud. However, without any retrieved context to support these claims, the answer cannot be considered grounded. Additionally, the answer mentions contacting customer support, but without context, it's unclear if this is the correct procedure or if there are other steps involved. Therefore, the answer fails the evaluation criteria as it is not supported by any retrieved context.",False,"The RAG answer includes claims about contacting the recipient and customer support that are not explicitly supported by the retrieved articles. Additionally, it states that once a transfer is processed, it cannot be canceled, which is not mentioned in the articles. Therefore, the answer introduces information not present in the articles and makes unsupported claims.",none
crypto_day_trader,crypto_limit_warning,empty,"Hey, I just got a msg about hitting my crypto limit and I'm super confused. Can you tell me what the limit is and if I can get it raised? Thanks!","Your crypto withdrawal limits can be checked in the app. To view them, follow these steps:

1. Go to 'Crypto' on the bottom menu.
2. Tap 'More'.
3. Select 'Limits and fees'.
4. Tap 'Sending limits'.

Daily limits reset 24 hours after the last withdrawal, and monthly limits reset 30 days after the last withdrawal.

If you want to raise your limits, note that they are periodically reviewed and may be adjusted based on your account activity and potential risk factors. You can also check if there are any Wealth protection limits set in your app, which you control.

If you need further assistance, please let me know!",groundedness,False,"The RAG-generated answer provides specific steps and details about checking and adjusting crypto withdrawal limits, but there is no retrieved context provided to verify these claims. Without context, we cannot confirm if the steps, features, or information about limit adjustments are accurate or supported. Therefore, the answer is considered ungrounded as it lacks evidence from the retrieved context.",False,"The RAG answer includes specific details about daily and monthly limits resetting after withdrawals, which are not explicitly supported by the retrieved articles. Additionally, the mention of 'Wealth protection limits' and the process of raising limits based on account activity and risk factors introduces information not found in the articles. Therefore, the answer is not fully grounded in the provided context.",none
non_native_english_worker,verify_identity_failed,typing_from_phone_with_typos,"hey my docs for verify got rejected but no reason why? need to know what was wrong so i can fix and send again, plz help, kids going crazy here and i need to send money home asap!","It seems your documents may have been rejected because they didn't meet the format, clarity, or content requirements. To resolve this, ensure that the documents you provide are clear, readable, and contain all necessary details as outlined in the verification instructions. 

If you are submitting proof of business activity, it should include your name and match the business information provided in your application. Accepted documents include a URL linked to your business, proof of registration, licenses, certified financials, client contracts, or terms and conditions.

Please review your documents and resubmit them following these guidelines.",groundedness,False,"The RAG-generated answer provides potential reasons for document rejection and suggests steps to resolve the issue. However, the evaluation criteria require that all claims in the answer be supported by the retrieved context. Since no retrieved context is provided, the answer cannot be verified against it. The advice given is generic and not grounded in any specific retrieved context, which fails the evaluation criteria.",False,"The RAG answer includes specific details about document requirements and types of accepted documents that are not explicitly mentioned in the retrieved articles. While it provides general advice on ensuring clarity and completeness, it introduces information about specific document types and requirements that are not supported by the provided articles, thus failing the groundedness criterion.",none
frequent_traveler,subscription_charge_dispute,anxious_security_fear,"hey, i cancelled my netflix subscription but still got charged this month. can u help me get a refund and make sure this doesn’t happen again? also, i’ve been hearing about scams lately, so pls confirm that this is secure. i’d prefer to talk to a human about it.","To address your Netflix subscription issue, you will need to contact Netflix directly to ensure your subscription is fully canceled. Blocking payments in the Revolut app does not cancel the subscription itself. 

To prevent future charges from Netflix, you can block the merchant in the Revolut app. Here’s how:

1. Tap your profile icon in the top-left corner.
2. Select 'Security'.
3. Choose 'Payments' and then 'Blocked payments'.
4. Tap 'Add new' above 'Merchants' and select a previous payment from Netflix.

Regarding the charge you received this month, if you believe it was unauthorized, you can report it as fraudulent:

1. Go to 'Home' on the bottom menu.
2. Select the transaction from your transaction history.
3. Tap 'Get help'.
4. Choose 'Report this payment as fraudulent' and follow the steps.

As for your concerns about scams, it's important to stay vigilant. Ensure you do not share any personal information and verify any communications you receive. If you prefer to talk to a human, please reach out to Revolut's customer support directly through the app or website.

I hope this helps!",groundedness,False,"The RAG-generated answer provides steps and advice that are not supported by any retrieved context. The instructions for blocking payments and reporting fraudulent transactions in the Revolut app are specific and detailed, yet there is no context provided to verify these steps. Additionally, the advice on contacting Netflix directly and the general advice on scams are not grounded in any retrieved context. Therefore, the answer fails the evaluation criteria as it includes ungrounded claims and potentially hallucinated steps.",False,"The RAG answer includes specific instructions on how to block payments and report fraudulent charges, which are not explicitly supported by the retrieved articles. While it mentions contacting Netflix and blocking payments, the detailed steps provided for using the Revolut app and the mention of customer support are not grounded in the articles. Additionally, the answer implies a process for managing subscriptions that is not directly referenced in the articles, leading to unsupported claims.",none
gig_economy_courier,apple_pay_not_working,empty,"Hej, I try add my Revolut card to Apple Pay but getting error message. It works for normal payments, what’s wrong? Need it for my deliveries!","To successfully add your Revolut card to Apple Pay, please check the following:

1. Ensure your account is fully verified.
2. Make sure your account balance isn't negative.
3. Confirm that you are using a supported card type (Visa or Mastercard).
4. Verify that you don't have the same card digitalized on too many devices.
5. Ensure the card you're trying to add isn't frozen or terminated.

If you've checked all these and are still having issues, try deleting the card and re-adding it.",groundedness,False,"The RAG-generated answer provides several steps to troubleshoot adding a Revolut card to Apple Pay, but there is no retrieved context provided to verify if these steps are supported. Without context, we cannot confirm if the advice given is accurate or grounded in any specific information. Therefore, the answer is considered ungrounded as it lacks evidence from the retrieved context.",False,"The RAG answer includes specific steps and conditions for adding a Revolut card to Apple Pay that are not explicitly supported by the retrieved articles. While the articles discuss issues related to Apple Pay, they do not provide detailed instructions or conditions for adding a specific card type like Revolut. Therefore, the answer introduces information not present in the articles.",none
small_business_owner,transfer_pending_stuck,angry_after_waiting,"I've sent money to my friend 2 days ago and it's still showing pending! This is getting ridiculous, I've tried to sort this out multiple times and no one seems to help! I need to know why the delay and how to cancel it if it doesn't go through ASAP!","Your transfer may be pending for several reasons, such as being sent on a weekend or public holiday, additional processing checks, or incorrect recipient details. Transfers can remain pending for up to 72 hours, and in most cases, they will be completed after a few hours. If your transfer is still pending after 5 business days, you should contact our support team for assistance.

If the transfer does not go through, it will be reverted, and the funds should be returned to your account promptly. For instant card transfers, if it remains pending for 48 hours, it will be automatically canceled, and the funds will be returned to your account.

You can track the status of your transfer in the Revolut app using the outbound transfer status tool.",groundedness,False,"The RAG-generated answer provides several potential reasons for the pending status of the transfer and outlines steps for resolution, such as contacting support after 5 business days and automatic cancellation after 48 hours for instant card transfers. However, without any retrieved context provided, it is impossible to verify if these claims are supported by specific information from the context. Therefore, the answer cannot be considered grounded in the retrieved context, as required by the evaluation criteria.",False,"The RAG answer includes specific timelines (up to 72 hours for transfers, 5 business days for contacting support, and 48 hours for automatic cancellation of instant card transfers) that are not supported by the retrieved articles. Additionally, the answer introduces the concept of tracking transfers in the Revolut app, which is not mentioned in the articles. Therefore, the answer contains unsupported claims and does not fully adhere to the groundedness criterion.",none
gig_economy_courier,daily_top_up_limit_reached,typing_from_phone_with_typos,hey I need add more funds now but hit my limit when it reset? any way around this? im walking kids and need quick help pls,I don't have enough information to help with that.,groundedness,False,"The RAG-generated answer is not grounded in the retrieved context because there is no retrieved context provided. The answer does not offer any specific information or guidance related to the customer's query about adding more funds and hitting a limit. It simply states a lack of information, which does not address the customer's request for help. Therefore, the answer fails the evaluation criteria as it does not provide any grounded or actionable advice.",True,The RAG answer acknowledges a limitation by stating 'I don't have enough information to help with that.' This response is grounded as it does not introduce any unverified information or make unsupported claims. It aligns with the criterion that 'I don't know' responses count as grounded.,none
gig_economy_courier,crypto_purchase_failed,non_native_broken_english,"Hey, I try buy Bitcoin but get error. I have enough money, what problem? Can you help fast?","It sounds like there may be an issue with your payment authorization or account details. Here are some steps you can take:

1. **Check your account name**: Ensure that the name on your external bank account matches exactly with the name on your Revolut account. If there's a mismatch, you can either change the name on your Revolut account or use a different bank account.

2. **Verify your funds**: Double-check that you have enough funds in your external bank account.

3. **Try again**: If you are using a card, make sure the card details are correct and try again. You can also try purchasing Bitcoin directly from the 'Crypto' section using your Revolut account balance.

If these steps do not resolve the issue, please reach out to us for further assistance.",groundedness,False,"The RAG-generated answer provides steps to troubleshoot the issue of buying Bitcoin, but it lacks grounding in any retrieved context. The answer suggests checking account name, verifying funds, and trying again with correct card details, but without any retrieved context to support these specific steps, the answer is considered ungrounded. Additionally, the answer does not cite any specific articles or information from the retrieved context, which is a requirement for grounding. Therefore, the answer fails the evaluation criteria.",False,"The RAG answer includes specific steps and suggestions that are not directly supported by the retrieved articles. For example, the advice to change the name on the Revolut account or to purchase Bitcoin directly from the 'Crypto' section is not mentioned in any of the articles. Additionally, the answer implies a level of troubleshooting that is not explicitly covered in the provided context, making it unsupported and introducing information not present in the articles.",none
gig_economy_courier,atm_withdrawal_fee_unknown,anxious_security_fear,"hey, i just withdrew cash in spain and was charged a fee i didn’t expect! what’s going on? i heard about fraud and scams, so i’m really worried about my money. can someone explain the fee structure please? i need this sorted fast!","When you withdraw cash using Revolut, there are fees associated with ATM withdrawals based on your plan. Each plan has a fee-free limit for withdrawals per rolling month:

- Standard: £200 (or 5 withdrawals)
- Plus: £200
- Premium: £400
- Metal: £800
- Ultra: £2,000

After exceeding this limit, a 2% or £1 fair usage fee applies. Additionally, keep in mind that the ATM itself may charge its own fees.

To check if a fee was charged, go to 'Home' in the app, tap 'See all' to view your transactions, and select the withdrawal in question to see the details. If you believe you were charged incorrectly, you can tap 'Get help' for support options. 

If you're concerned about fraud, ensure your account is secure by freezing your card in the app and reporting any suspicious transactions.",groundedness,False,"The RAG-generated answer provides detailed information about the fee structure for ATM withdrawals based on different Revolut plans, as well as advice on checking transactions and securing the account. However, the evaluation task specifies that all claims in the answer should be supported by the retrieved context, which is missing in this case. Without the retrieved context, it is impossible to verify if the information about fee limits, fair usage fees, and security advice is grounded. Therefore, the answer cannot be considered grounded in the retrieved context, leading to a failure in the evaluation.",False,"The RAG answer includes specific details about fees for ATM withdrawals that are not explicitly mentioned in the retrieved articles. While it references fees and limits, the exact amounts and conditions provided in the answer appear to be invented or not directly supported by the articles. Additionally, the answer introduces steps for checking fees and reporting fraud that are not found in the articles, which affects its groundedness.",none
gig_economy_courier,card_lost_need_freeze,anxious_security_fear,"hey, I lost my card while working, need to freeze it NOW! got a fraud warning recently and I’m super worried about security. pls help me fast, don’t trust automated stuff!","To freeze your card immediately, follow these steps in the Revolut app:

1. Go to 'Home' on the bottom menu.
2. Tap the card icon in the top-right corner.
3. Choose the card you wish to freeze.
4. Tap 'Freeze'.

This will prevent any unauthorized use of your card. If you need to report any fraudulent transactions, you can do so by selecting the relevant transaction and tapping 'Get help' to report it as fraudulent.",groundedness,False,"The RAG-generated answer provides specific steps to freeze a card using the Revolut app, but there is no retrieved context provided to verify whether these steps are accurate or supported. Without the context, it is impossible to determine if the instructions are grounded in the retrieved information. Therefore, the answer fails the evaluation criteria as it may contain hallucinated steps or features not supported by the context.",True,"All factual claims in the RAG answer are supported by the retrieved articles. The steps to freeze a card are consistent with the information provided in the articles, and the mention of reporting fraudulent transactions aligns with the context of dealing with fraud. No unsupported claims or invented information are present.",none
crypto_day_trader,virtual_card_missing,poor_internet_connection,"hey, can’t find how to make a virtual card in the app, need it for online safety ASAP. signal is weak on this train so plz help quick! thx!","To create a virtual card in the Revolut app, follow these steps:

1. Open the Revolut app.
2. Tap the cards icon in the top-right corner of the home screen.
3. Select the option to create a new virtual card.
4. Choose between a multi-use card or a single-use card based on your needs.

Once created, you can view your virtual card details, including the card number, expiry date, and CVV, for online purchases. If you need it for online safety, consider using a single-use virtual card for one-time transactions.",groundedness,False,"The RAG-generated answer provides a step-by-step guide on how to create a virtual card in the Revolut app. However, the evaluation task requires that all claims in the answer be supported by the retrieved context. Since no retrieved context is provided, it is impossible to verify whether the steps and details mentioned in the answer are grounded in the context. Therefore, the answer fails the evaluation criteria as it cannot be confirmed to be grounded in the retrieved context.",False,"The RAG answer includes specific steps to create a virtual card and mentions the option to choose between a multi-use and single-use card. However, it does not provide support for these claims from the retrieved articles, which do not contain detailed instructions or options for creating a virtual card. Therefore, the answer introduces information not present in the articles.",none
non_native_english_worker,card_lost_need_freeze,typing_from_phone_with_typos,hey i lost my card like few minutes ago can u freeze it pls i really worry someone find it and use it im walking kids now and need do this fast thanks,"To freeze your card quickly, please follow these steps in the Revolut mobile app:

1. Go to 'Home' on the bottom menu.
2. Tap the card icon in the top-right corner.
3. Choose the card you wish to freeze.
4. Tap 'Freeze'.

This will prevent any unauthorized use of your card. If you need further assistance, you can also call our automated phone line at +44 20 3322 8352.",groundedness,False,"The RAG-generated answer provides specific steps to freeze a card using the Revolut mobile app, but there is no retrieved context provided to verify whether these steps are accurate or supported. Without the context, it is impossible to determine if the instructions are grounded in the retrieved information. Additionally, the mention of an automated phone line is also unverified due to the lack of context. Therefore, the answer cannot be considered grounded.",True,"All factual claims in the RAG answer are supported by the retrieved articles. The steps to freeze a card are consistent with the information likely found in the article about freezing a card. The mention of preventing unauthorized use aligns with the context of card security. Additionally, the phone number provided for further assistance does not introduce any unsupported claims or information not present in the articles.",none
gig_economy_courier,payment_declined_large_amount,non_native_broken_english,"hi, i try buy new bike but my card decline, i have money in account. why this happen? need bike for work, pls help fast!","Your card payment may have been declined for several reasons, even if you have money in your account. Here are some steps you can take to troubleshoot the issue:

1. **Check Currency Account**: Ensure that your card is linked to a currency account with sufficient balance. You can do this by selecting the card, tapping 'Settings', and then 'Spend from'.

2. **Check Pockets**: If your card is linked to a Pocket, make sure that Pocket has enough balance. You can check this by tapping on 'Accounts' below your balance and going to 'Pockets'.

3. **Review Declined Payment**: From your home screen, open your transactions list and tap 'See all'. Look for the declined payment and check the 'Status' section for the reason.

4. **Security System**: If our security system flagged the transaction as potential fraud, you may need to complete an in-app questionnaire to unblock the merchant.

If you still can't identify the issue, you can fill out this form [here](https://app.revolut.com/form/13ef84b4-1e3b-48eb-8e8b-0030e7e08adc?faqEntryPoint=question.why-has-my-card-payment-been-declined) to reach out to the merchant for assistance.",groundedness,False,"The RAG-generated answer provides several potential reasons for a card payment being declined and suggests steps to troubleshoot the issue. However, the evaluation criteria require that all claims in the answer be supported by the retrieved context. Since no retrieved context is provided, it is impossible to verify whether the claims and steps mentioned in the answer are grounded in the context. Therefore, the answer fails the evaluation as it cannot be confirmed to be grounded in the retrieved context.",False,"The RAG answer includes specific troubleshooting steps and a link to a form that are not mentioned in the retrieved articles. While it discusses reasons for card payment declines, the detailed instructions and the form link introduce information not present in the articles, violating the groundedness criterion.",none
non_native_english_worker,crypto_withdrawal_pending,anxious_security_fear,"Hello, I sent crypto to my wallet 12 hours ago, but still pending. I hear many scams, I worried it lost. Can you check it for me? I need human support, please!","To check the status of your pending crypto withdrawal, follow these steps:

1. Go to 'Crypto' on the bottom menu of your app.
2. Scroll to the transactions list or select the specific crypto you withdrew.
3. Find your withdrawal transaction and tap on it to see the reason why it's pending.

Your withdrawal may be pending due to internal assessments, broadcasting to the network, or confirmation on-chain. If you see that additional information is required, you will receive a notification in-app.

If your transaction is shown as completed on the blockchain explorer but the funds haven't arrived in your wallet, you may need to contact the provider of the receiving wallet for further support.",groundedness,False,"The RAG-generated answer provides steps and explanations for checking the status of a pending crypto withdrawal, but there is no retrieved context provided to verify if these steps are supported by specific information. The answer includes potential reasons for a pending transaction and advice on what to do if the transaction is completed on the blockchain but not received, but without context, it is impossible to determine if these claims are grounded. Therefore, the answer fails the evaluation criteria as it lacks grounding in the retrieved context.",True,All factual claims in the RAG answer are supported by the retrieved articles. The steps to check the status of a pending crypto withdrawal and the reasons for a pending status are consistent with the information provided in the articles. The answer does not introduce any unsupported information or make claims that are not present in the articles.,none
non_native_english_worker,subscription_charge_dispute,typing_from_phone_with_typos,hey I cancelled my netflix but still got charged this month can you please help me get refund and make sure it not happen again I need money for kids thanks,I don't have enough information to help with that.,groundedness,False,"The RAG-generated answer is not grounded in the retrieved context because there is no context provided to support the claim that there is insufficient information to help with the customer's issue. The answer does not address the customer's query about a refund or preventing future charges, and it does not provide any actionable advice or steps. Without any retrieved context, the answer cannot be considered grounded.",True,"The RAG answer acknowledges a limitation by stating 'I don't have enough information to help with that,' which is considered grounded. It does not introduce any unverified information or make unsupported claims, aligning with the criteria for groundedness.",none
student_abroad,swift_transfer_asking_info,non_native_broken_english,hey i need to send money to my friend in america but i cant find IBAN or BIC code in the app can u help me pls thx,"To send money to your friend in America, you can use the 'Send international' feature in the app. Here’s how:

1. Go to 'Payments' on the bottom menu.
2. Tap the plus symbol in the top-right corner.
3. Select 'Send international' and choose 'Card' as the transfer method.

If you need to add your friend as a beneficiary, follow these steps:

1. Go to 'Payments' on the bottom menu.
2. Tap the plus symbol in the top-right corner.
3. Select 'Bank recipient' and enter the required details.

Unfortunately, the app does not display IBAN or BIC codes directly. If you encounter any issues, consider sending a transfer to a card instead.",groundedness,False,"The RAG-generated answer provides a detailed step-by-step guide on how to send money internationally using the app, including selecting 'Send international' and choosing 'Card' as the transfer method. However, the evaluation task requires that all claims in the answer be supported by the retrieved context. Since no retrieved context is provided, it is impossible to verify whether the steps and features mentioned in the answer are grounded in the context. Therefore, the answer fails the evaluation criteria due to the lack of context to support the claims made.",False,"The RAG answer includes specific instructions for sending money and adding a beneficiary, but it introduces the 'Send international' feature and the method of selecting 'Card' as a transfer method without clear support from the retrieved articles. Additionally, the mention of the app not displaying IBAN or BIC codes is not substantiated by the provided articles. Therefore, the answer contains claims that are not supported by the articles.",none
crypto_day_trader,exchange_rate_markup_question,angry_after_waiting,Why is the exchange rate in the app so different from Google? I've tried to get answers on this like 3 times already and it's getting super frustrating! Is there some markup that Revolut adds? I need clarity NOW or I might just switch to another provider!,"The exchange rate in the Revolut app may differ from Google because Revolut's rates are based on data from multiple independent sources and can include a markup. Additionally, the difference between buy and sell prices is known as the spread, which consists of the market spread and any mark-up applied by Revolut. 

Before completing an exchange, you can review the rate and any applicable fees in the app. If you want to check the current rates, you can do so within the app or on our website. If you have further concerns about fees or rates, please refer to our Fees Page for a detailed breakdown.",groundedness,False,"The RAG-generated answer provides information about why the exchange rate in the Revolut app may differ from Google, mentioning multiple independent sources, a markup, and the spread. However, the evaluation task requires that all claims in the answer be supported by the retrieved context, which is missing in this case. Without the retrieved context, it is impossible to verify if the claims about the exchange rate, markup, and spread are grounded. Additionally, the answer suggests checking the app or website for current rates and refers to a Fees Page, but without context, it cannot be confirmed if these suggestions are accurate or relevant. Therefore, the answer is considered ungrounded due to the lack of supporting context.",False,"The RAG answer includes claims about the exchange rate being based on data from multiple independent sources and the existence of a markup, which are not explicitly supported by the retrieved articles. Additionally, the mention of a 'Fees Page' for a detailed breakdown introduces information not present in the articles. Therefore, the answer does not meet the groundedness criteria.",none
frequent_traveler,exchange_rate_markup_question,non_native_broken_english,"hi, i see exchange rate in app is different than google. does revolut add extra fees or markup? i want to know why rate not same. thanks.","Revolut offers competitive exchange rates based on data from multiple independent sources. The difference you see between the rate in the app and on Google may be due to the spread, which is the difference between the buy and sell prices. This spread can include a mark-up applied by Revolut.

When you make an exchange, the rate, any fees, and the total cost will be shown in-app before you complete the transaction. If you have any specific concerns about fees or rates, you can check the Fees Page for a full breakdown.",groundedness,False,"The RAG-generated answer provides information about Revolut's exchange rates and mentions a potential mark-up, but it does not cite any specific retrieved context to support these claims. Without the retrieved context, it is impossible to verify if the explanation about the spread, mark-up, and the process of showing fees in-app is accurate or grounded. Therefore, the answer is considered ungrounded as it lacks specific references to the retrieved context.",False,"The RAG answer includes the claim that Revolut offers competitive exchange rates based on data from multiple independent sources, which is not explicitly supported by the retrieved articles. Additionally, the mention of a 'mark-up applied by Revolut' is not found in the articles. While the answer does reference the in-app display of rates and fees, it introduces information not present in the articles, thus failing the groundedness criterion.",none
small_business_owner,exchange_rate_markup_question,non_native_broken_english,Why exchange rate in app different than Google? Revolut add markup? I need know for business payments.,"The exchange rate in the Revolut app may differ from Google because Revolut offers competitive rates based on data from multiple independent sources, and there is a difference between buy and sell prices known as a spread. This spread includes a market spread and a potential markup applied by Revolut. 

For business payments, you can check the current exchange rates directly in the app by following these steps:
1. Go to 'Home' on the bottom menu.
2. Scroll down until you see '+ Add widgets'.
3. Tap '+ Add widgets'.
4. Scroll down and select 'Watchlist'.
5. Tap 'Add widget' to see the new widget on your home screen.

You can also review the rate and any applicable fees before completing an exchange in the app.",groundedness,False,"The RAG-generated answer provides an explanation for the difference in exchange rates and offers steps to check rates in the Revolut app. However, the evaluation task requires that all claims in the answer be supported by the retrieved context, which is missing in this case. Without the retrieved context, we cannot verify if the explanation about competitive rates, market spread, potential markup, or the specific steps to check rates in the app are grounded in the provided context. Therefore, the answer is considered ungrounded.",False,"The RAG answer includes specific details about the exchange rate differences and the process for checking rates in the app, but it does not clearly indicate that these details are supported by the retrieved articles. The mention of a 'potential markup applied by Revolut' and the specific steps to check rates may not be directly supported by the articles provided, which could lead to unsupported claims. Additionally, the answer does not acknowledge any limitations or uncertainties, which is necessary for groundedness.",none
student_abroad,card_lost_need_freeze,angry_after_waiting,"hey, i lost my card while out and i need to freeze it ASAP!!! i’ve already tried to get help multiple times and waited forever on hold, this is so frustrating!! if i dont get this sorted now, i might have to switch to another bank!!!","To freeze your card quickly, follow these steps in the Revolut mobile app:

1. Go to 'Home' on the bottom menu.
2. Tap the card icon in the top-right corner.
3. Choose the card you wish to freeze.
4. Tap 'Freeze'.

Alternatively, you can also freeze your card by tapping your profile icon in the top-left corner, selecting Security, and then 'Lost card' to choose and freeze your card.

If you prefer, you can call our automated phone line at +44 20 3322 8352 to block your card.",groundedness,False,"The RAG-generated answer provides specific steps to freeze a card using the Revolut mobile app and an alternative method via an automated phone line. However, the evaluation task requires that all claims in the answer be supported by the retrieved context. Since no retrieved context is provided, it is impossible to verify whether the steps and phone number mentioned are grounded in the context. Therefore, the answer cannot be considered grounded, as it may contain hallucinated features or steps not supported by the context.",True,"All factual claims in the RAG answer about freezing a card are supported by the retrieved articles. The steps provided for freezing the card are consistent with the information that would be expected in the context of managing a card, and no unsupported claims or additional information are introduced. The answer does not invent policies, fees, or timelines, and it adheres to the groundedness criteria.",none
student_abroad,virtual_card_missing,empty,"hey, i wanna use a virtual card for online stuff but can't find where to make one in the app, can u help me out? thx!","To create a virtual card in the Revolut app, follow these steps:

1. Go to 'Home' on the bottom menu.
2. Tap the cards icon in the top-right corner.
3. Tap 'Add new'.
4. Choose 'Debit', 'Joint', or 'Pro' at the top.
5. Select 'Virtual'.
6. Choose a color.
7. Tap 'Get card for free' to instantly create your virtual card.

Once created, you can use it for online purchases.",groundedness,False,"The RAG-generated answer provides a detailed step-by-step guide on how to create a virtual card in the Revolut app. However, there is no retrieved context provided to verify whether these steps are accurate or supported by any source. Without the context, it is impossible to determine if the answer is grounded in the retrieved information. Therefore, the answer fails the evaluation as it cannot be confirmed to be based on the retrieved context.",True,"All factual claims in the RAG answer about creating a virtual card in the Revolut app are supported by the retrieved articles. The steps outlined for creating the card are consistent with the information provided in the articles, and no additional information or unsupported claims are introduced.",none
non_native_english_worker,swift_transfer_asking_info,typing_from_phone_with_typos,"hey, i need send money to Ukraine using SWIFT but can’t find IBAN or BIC code in app. where is it? i’m on break and kids need me, pls help fast!","To find the IBAN or BIC code in the Revolut app, go to the 'Home' section on the bottom menu, then tap on 'Accounts'. Select the account you want to use for the transfer, and you should see the IBAN and BIC code listed there. If you need to send money to Ukraine, ensure you are not sending to unsupported regions like Crimea or Donetsk.",groundedness,False,"The RAG-generated answer provides steps to find the IBAN or BIC code in the Revolut app, but there is no retrieved context provided to verify these steps. Without context, we cannot confirm if the instructions are accurate or supported. Additionally, the mention of unsupported regions like Crimea or Donetsk is not grounded in any retrieved context, making it speculative. Therefore, the answer fails the evaluation criteria as it lacks grounding in the retrieved context.",False,"The RAG answer includes specific instructions on how to find the IBAN and BIC codes in the Revolut app, which is not supported by the retrieved articles. Additionally, the mention of unsupported regions like Crimea or Donetsk is not found in the provided articles, making this claim unsupported. Therefore, the answer introduces information not present in the articles.",none
frequent_traveler,unrecognized_transaction,poor_internet_connection,"hey, i just saw a transaction in my history that i don’t remember making. worried it might be fraud. how can i dispute this charge? pls help, i’m on a train and signal is weak.","To dispute a charge you don't remember making, follow these steps in your Revolut app:

1. Tap the transaction in your transactions list.
2. Tap 'Get help'.
3. Choose 'Report this payment as fraudulent'.
4. Follow the steps to raise a claim and select the option that best describes your situation.

After you submit the form, your card will be terminated, and you can track the progress of your claim in-app by tapping the reported transaction.",groundedness,False,"The RAG-generated answer provides a detailed step-by-step process for disputing a charge in the Revolut app. However, the evaluation task requires that all claims in the answer be supported by the retrieved context. Since no retrieved context is provided, it is impossible to verify whether the steps mentioned in the answer are grounded in the context. Therefore, the answer fails the evaluation criteria as it cannot be confirmed to be grounded in the retrieved context.",False,"The RAG answer includes a claim that 'your card will be terminated' after submitting the form, which is not supported by the retrieved articles. The articles do not mention any policy regarding card termination in the context of disputing a charge. Therefore, the answer introduces information not present in the articles.",none
small_business_owner,joint_account_not_allowed,angry_after_waiting,"I've been trying to get this sorted for ages! I need to share my Revolut account with my wife for business expenses, but you don't allow it?! This is ridiculous! I can't keep wasting time on this—if there's no solution, I might as well switch to another provider!",I don't have enough information to help with that.,groundedness,False,"The RAG-generated answer 'I don't have enough information to help with that.' is not grounded in any retrieved context, as no context was provided. The answer does not address the customer's query about sharing a Revolut account for business expenses with a spouse, nor does it provide any information or guidance. Without context, the response is ungrounded and fails to meet the evaluation criteria.",True,"The RAG answer acknowledges a limitation by stating 'I don't have enough information to help with that,' which is considered grounded. It does not introduce any unverified information or make unsupported claims, aligning with the criteria for groundedness.",none
non_native_english_worker,joint_account_not_allowed,anxious_security_fear,"Hi, I want share my account with my wife, but I see no option in app. I heard about scams, so I worry about security. Is there any way to do this? Please help me, I need trust and real human response.",I don't have enough information to help with that.,groundedness,False,"The RAG-generated answer does not provide any information or guidance related to the customer's query about sharing an account with their wife. Additionally, there is no retrieved context provided to support or ground the answer. The response fails to address the customer's concerns about security and account sharing, making it ungrounded and unhelpful.",True,"The RAG answer acknowledges a limitation by stating 'I don't have enough information to help with that.' This response is grounded as it does not introduce any unverified claims or information not present in the articles, and it appropriately reflects the lack of sufficient context from the retrieved articles.",none
student_abroad,card_lost_need_freeze,typing_from_phone_with_typos,hey i lost my card while i was out can u pls freeze it asap like right now im walking and holding coffee and watching kids thx,"To freeze your card immediately, please follow these steps in the Revolut mobile app:

1. Go to 'Home' on the bottom menu.
2. Tap the card icon in the top-right corner.
3. Choose the card you wish to freeze.
4. Tap 'Freeze'.

This will prevent any unauthorized use of your card. If you need further assistance, you can also block your card by calling our automated phone line at +44 20 3322 8352.",groundedness,False,"The RAG-generated answer provides specific steps to freeze a card using the Revolut mobile app, but there is no retrieved context provided to verify whether these steps are accurate or supported. Without the retrieved context, it is impossible to determine if the instructions are grounded in the source material. Therefore, the answer cannot be considered grounded, as it may contain hallucinated steps or features not supported by the context.",True,"All factual claims in the RAG answer are supported by the retrieved articles. The steps to freeze a card are clearly outlined and do not introduce any information not present in the articles. The mention of blocking the card via the phone line is also consistent with the context provided in the articles, ensuring that the answer is grounded in the retrieved information.",none
busy_parent_on_mobile,subscription_charge_dispute,anxious_security_fear,hey i cancelled my netflix but got charged again this month and im worried about scams is this a mistake or something more serious i need a refund asap and want to make sure this doesn't happen again plz help me with a human i don't trust bots,I don't have enough information to help with that.,groundedness,False,"The RAG-generated answer does not provide any information or assistance to the customer, nor does it reference any retrieved context. It simply states a lack of information without attempting to address the customer's concerns or provide guidance. Since there is no retrieved context provided, the answer cannot be evaluated for grounding, but it fails to meet the customer's needs or the task requirements.",True,The RAG answer acknowledges a limitation in the information available and does not introduce any unsupported claims or facts. It correctly reflects the lack of sufficient context from the retrieved articles.,none
crypto_day_trader,exchange_rate_markup_question,non_native_broken_english,why exchange rate in app different than google? i see higher price. revolut add markup? i dont understand.,"The exchange rate in the Revolut app may differ from what you see on Google due to the variable rates set based on data from multiple independent sources. Additionally, the difference between the buy and sell prices is called a spread, which includes Revolut's markup. This means that the rate you see in the app may include a markup compared to the market rate. You can view the current rates and any applicable fees before making an exchange in the app.",groundedness,False,"The RAG-generated answer explains the difference in exchange rates by mentioning variable rates from multiple sources and a spread that includes Revolut's markup. However, there is no retrieved context provided to verify these claims. Without context to support the explanation of variable rates, spread, or markup, the answer is considered ungrounded. The evaluation criteria require all claims to be supported by the retrieved context, which is missing in this case.",True,"All factual claims in the RAG answer are supported by the retrieved articles. The explanation about the exchange rate differing from Google due to variable rates and the mention of the spread and markup are consistent with the information provided in the articles. The answer does not introduce any unsupported information or invent policies, fees, or timelines not present in the articles.",none
non_native_english_worker,virtual_card_missing,empty,"hey, I need help. I want to make virtual card for online safety but can’t find how to do it in app. where is it?","To create a virtual card in the Revolut app, follow these steps:

1. Go to 'Home' on the bottom menu.
2. Tap the cards icon in the top-right corner.
3. Tap 'Add new'.
4. Choose 'Debit', 'Joint', or 'Pro' at the top.
5. Select 'Virtual'.
6. Choose a colour.
7. Tap 'Get card for free' to instantly create your virtual card.

Once created, you can use it for online payments and manage it directly in the app.",groundedness,False,"The evaluation cannot be completed accurately because there is no retrieved context provided. Without the retrieved context, it is impossible to determine if the steps and details in the RAG-generated answer are supported by the context. Therefore, the answer cannot be considered grounded in the retrieved context.",True,"All factual claims in the RAG answer about creating a virtual card in the Revolut app are supported by the retrieved articles. The steps outlined for creating the card are consistent with the information provided in the articles, and no additional information or unsupported claims are introduced.",none
crypto_day_trader,card_not_working_abroad,anxious_security_fear,"Hey, my card just got declined while I'm in Thailand and I haven't changed any settings. Is it frozen or is it a merchant issue? I got a fraud warning earlier, so I'm super anxious about security right now. I need this sorted ASAP, can I talk to a human?","Your card may be frozen due to the fraud warning you received. To check if your card is frozen or to review the payment, complete the in-app questionnaire. You can access it by going to the home page of your Revolut app and tapping the relevant tile, or through the push notification and email sent to you.

If your card is frozen, all payments will be declined until you complete the questionnaire. If you confirm the payment was made by you, your card will be unfrozen, and you can retry the payment.

If you need further assistance, you can tap 'Get help' in the app for more support. Unfortunately, I can't provide a direct way to talk to a human.",groundedness,False,"The RAG-generated answer provides specific instructions about completing an in-app questionnaire and mentions accessing it through the home page, push notification, or email. It also discusses the process of unfreezing the card and retrying the payment. However, without any retrieved context provided, there is no way to verify if these instructions and features are supported by the context. Additionally, the answer mentions that there is no direct way to talk to a human, which may not be accurate without context verification. Therefore, the answer cannot be considered grounded in the retrieved context.",False,"The RAG answer introduces information not present in the retrieved articles, such as the process of completing an in-app questionnaire and the specific actions to unfreeze the card. The articles do not mention these procedures or the existence of a questionnaire, making the claims unsupported by the provided context.",none
student_abroad,crypto_purchase_failed,angry_after_waiting,"hey, i've been trying to buy bitcoin for days now but keep getting this stupid error! my balance is fine so what's the deal? i can't be waiting around forever, fix this or i'm switching to another app!","It sounds like your payment may be blocked due to multiple unsuccessful attempts or issues with your card. Here are some steps you can take:

1. **Check your card details**: Ensure that your card information is correct.
2. **Verify your balance**: Make sure you have sufficient funds in your account. You can check your balance by going to Accounts in the app.
3. **Try a different payment method**: If your card is blocked, consider using Apple Pay, Google Pay, or a different card to add funds.
4. **Contact your bank**: If the issue persists, reach out to your bank or card issuer for more information on why the payment might be blocked.

If none of these steps resolve the issue, please reach out to us for further assistance.",groundedness,False,"The RAG-generated answer provides a series of troubleshooting steps for the customer's issue with buying Bitcoin. However, the evaluation criteria require that all claims in the answer be supported by the retrieved context, which is missing in this case. Without any retrieved context to verify the grounding of the advice given, the answer cannot be considered grounded. Additionally, the answer includes specific steps and advice that could be considered hallucinated features or steps if they are not supported by the context. Therefore, the answer fails the evaluation criteria.",False,"The RAG answer includes claims about checking card details, verifying balance, and trying different payment methods that are not explicitly supported by the retrieved articles. While the articles discuss issues related to payment failures and balances, they do not provide specific steps or recommendations like those mentioned in the answer. Additionally, the answer does not acknowledge any limitations or uncertainties, which would have counted as grounded.",none
non_native_english_worker,business_account_upgrade_question,typing_from_phone_with_typos,"hey, i have more freelance work now and need to know when i should upgrade to business account, what change it brings? like is it better for sending money home? thanks!","Upgrading to a Revolut Business account can provide you with advanced features tailored for businesses, such as team and individual cards with spend controls, automated payments, and multi-user access. It allows you to send, receive, and exchange in 30+ currencies at competitive rates, which can be beneficial for sending money home.

If you're a freelancer, you might consider Revolut Pro, which is designed for self-employed individuals and offers tools like cashback on business expenses, payment acceptance solutions, and cash flow analytics. 

To decide when to upgrade, consider the volume of your freelance work and whether you need the additional features offered by the Business account. You can sign up for a Business account through the Revolut Business app or [this sign-up page](https://business.revolut.com/signup?promo=RevFAQ&pid=internal&utm_source=internal&c=RevFAQ&utm_campaign=RevFAQ&geo-redirect).",groundedness,False,"The RAG-generated answer provides information about the features of a Revolut Business account and Revolut Pro, but there is no retrieved context provided to verify these claims. The answer mentions specific features such as team and individual cards, automated payments, multi-user access, and cashback on business expenses, which are not supported by any retrieved context. Additionally, the advice on when to upgrade and the link to the sign-up page are also not grounded in any context. Therefore, the answer fails the grounding criteria as it lacks supporting evidence from the retrieved context.",False,"The RAG answer includes specific claims about the features of Revolut Business and Revolut Pro that are not explicitly supported by the retrieved articles. While it mentions advanced features and tools for freelancers, it does not provide direct citations or support from the articles. Additionally, the answer suggests a sign-up process that is not detailed in the articles, which could be considered introducing information not present in the context.",none
student_abroad,virtual_card_missing,typing_from_phone_with_typos,hey i need to make a virtual card for online stuff but i cant find it in the app like where do i go for that? thx! running late for class and holding coffee and kids at the same time so pls help fast!,"To create a virtual card in the Revolut app, follow these steps:

1. Go to 'Home' on the bottom menu.
2. Tap the cards icon in the top-right corner.
3. Tap 'Add new'.
4. Choose 'Debit', 'Joint', or 'Pro' at the top.
5. Select 'Virtual'.
6. Choose a colour.
7. Tap 'Get card for free' to instantly create your virtual card.

Once created, you can use it for online payments.",groundedness,False,"The evaluation task requires the answer to be grounded in the retrieved context. However, the retrieved context is missing, making it impossible to verify if the steps provided in the RAG-generated answer are supported by any context. Without context, the answer could potentially include hallucinated steps or features, and thus it cannot be considered grounded. Therefore, the answer fails the evaluation criteria.",True,"All factual claims in the answer about creating a virtual card in the Revolut app are supported by the retrieved articles. The steps outlined for creating the card are consistent with the information provided in the articles, and no additional information or unsupported claims are introduced.",none
crypto_day_trader,crypto_withdrawal_pending,non_native_broken_english,"Hey, I send crypto to external wallet 12 hours ago and it still pending. I worry it lost or something wrong. Can you help me?","To check the status of your pending crypto withdrawal, please follow these steps:

1. Go to 'Crypto' on the bottom menu.
2. Scroll to the transactions list or select the cryptocurrency you withdrew.
3. Find your withdrawal transaction and tap on it to see the reason why it's pending.

Your withdrawal may be pending due to internal assessment, broadcasting to the network, or confirmation on-chain. If there is high traffic on the blockchain network, it may take longer for the transaction to finalize. You can monitor your transaction on the blockchain scanner by tapping 'Blockchain hash' on the transaction, then 'View my transaction'. 

If the transaction shows as completed on the blockchain explorer but the funds have not arrived in your receiving wallet, you may need to contact the provider of that wallet for further support.",groundedness,False,"The RAG-generated answer provides a detailed set of steps and explanations for checking the status of a pending crypto withdrawal. However, the evaluation criteria require that all claims in the answer be supported by the retrieved context. Since no retrieved context is provided, it is impossible to verify whether the steps and explanations given in the answer are grounded in the context. Therefore, the answer fails the evaluation as it cannot be confirmed to be grounded in the retrieved context.",True,"All factual claims in the RAG answer are supported by the retrieved articles. The steps to check the status of a pending crypto withdrawal and the reasons for a pending status are consistent with the information provided in the articles. The answer does not introduce any unsupported information or make claims without backing from the articles. Additionally, it acknowledges the possibility of needing to contact the wallet provider, which aligns with the context of the articles.",none
non_native_english_worker,virtual_card_missing,non_native_broken_english,"Hi, I want make virtual card for online safe but I don’t see where to do this in app. Can you help? Thank you!","To create a virtual card in the Revolut app, follow these steps:

1. Go to 'Home' on the bottom menu.
2. Tap the cards icon in the top-right corner.
3. Tap 'Add new'.
4. Choose 'Debit', 'Joint', or 'Pro' at the top.
5. Select 'Virtual'.
6. Choose a colour.
7. Tap 'Get card for free' to instantly create your virtual card.

Once created, you can use it for online purchases and manage it directly in the app.",groundedness,False,"The evaluation cannot be completed accurately because there is no retrieved context provided to verify the claims made in the RAG-generated answer. Without the context, it is impossible to determine if the steps for creating a virtual card in the Revolut app are supported by the retrieved information. Therefore, the answer is considered ungrounded as it lacks verification against the context.",True,"All factual claims in the RAG answer are supported by the retrieved articles. The steps to create a virtual card are consistent with the information provided in the articles, and no additional information or unsupported claims are introduced. The answer accurately reflects the process outlined in the articles without inventing policies or details.",none
gig_economy_courier,virtual_card_missing,empty,"hey, i need help, how do i get a virtual card in the app? can't find it anywhere, wanna use it for safety online. thx!","To create a virtual card in the Revolut app, follow these steps:

1. Go to 'Home' on the bottom menu.
2. Tap the cards icon in the top-right corner.
3. Tap 'Add new'.
4. Choose 'Debit', 'Joint', or 'Pro' at the top.
5. Select 'Virtual'.
6. Choose a colour.
7. Tap 'Get card for free' to instantly create your virtual card.

Once created, you can use it for online payments securely.",groundedness,False,"The evaluation fails because the RAG-generated answer provides specific steps for creating a virtual card in the Revolut app without any retrieved context to support these claims. The answer includes detailed instructions and options such as choosing 'Debit', 'Joint', or 'Pro', and selecting a color, which are not grounded in any provided context. Without context to verify these steps, the answer cannot be considered reliable or accurate according to the evaluation criteria.",True,"All factual claims in the answer about creating a virtual card in the Revolut app are supported by the retrieved articles. The steps provided align with the information typically found in articles about using a virtual card, and no unsupported claims or additional information are introduced.",none
gig_economy_courier,cancel_subscription_not_working,empty,"hey, I need help. I set up a recurring payment for my gym but can't find where to cancel it in the app. can you tell me how? thx!","To cancel your recurring payment for the gym, follow these steps:

1. Go to 'Payments' on the bottom menu of your Revolut app.
2. Tap the calendar icon in the top-right corner.
3. Select the active scheduled transfer for your gym payment.
4. Tap 'Delete' at the bottom to permanently delete it.

Once you delete it, you won't be able to recover it, so make sure you want to proceed with the cancellation.",groundedness,False,"The RAG-generated answer provides specific steps to cancel a recurring payment in the Revolut app, but there is no retrieved context provided to verify whether these steps are accurate or supported. Without context, it is impossible to determine if the instructions are grounded in factual information. Therefore, the answer fails the evaluation criteria as it may contain hallucinated steps or features not supported by the retrieved context.",False,"The RAG answer provides specific steps to cancel a recurring payment for the gym, but it does not reference any of the retrieved articles. The articles discuss managing payments and subscriptions but do not specifically mention gym payments or the exact steps outlined in the answer. Therefore, the answer introduces information not present in the articles and lacks support from the provided context.",none
busy_parent_on_mobile,exchange_rate_markup_question,poor_internet_connection,hey im seeing a diff exchange rate in the app than google like is there a markup or something? im on the train so can u pls reply quick thx,"Revolut offers competitive exchange rates based on data from multiple independent sources. The difference you see between the app and Google may be due to the spread between buy and sell prices, which is normal. This spread can result in different rates being displayed. You can check the current rates in the app by going to 'Home', scrolling down to '+ Add widgets', and adding the 'Watchlist' widget. 

If you're making an exchange, the rate and any applicable fees will be shown to you in-app before you complete the transaction.",groundedness,False,"The RAG-generated answer provides information about Revolut's exchange rates and suggests checking rates in the app using the 'Watchlist' widget. However, there is no retrieved context provided to verify whether these claims are supported. Without context, we cannot confirm if the explanation about the spread, the steps to check rates, or the mention of fees being shown in-app are accurate or grounded. Therefore, the answer is considered ungrounded as it lacks supporting evidence from the retrieved context.",False,"The RAG answer includes the claim that Revolut offers competitive exchange rates based on data from multiple independent sources, which is not explicitly supported by the retrieved articles. Additionally, the mention of 'applicable fees' is introduced without any backing from the provided articles, which do not discuss fees. Therefore, the answer contains unsupported claims and introduces information not present in the articles.",none
crypto_day_trader,apple_pay_not_working,poor_internet_connection,"yo, tried adding my Revolut card to Apple Pay, keeps erroring out. card works fine for normal stuff, but can't get this to work. stuck on the train with shoddy signal, pls help!","To successfully add your Revolut card to Apple Pay, please ensure the following:

1. Your account is fully verified.
2. Your account balance isn't negative.
3. You are using a supported card type (Visa or Mastercard).
4. You don't have the same card digitalized on too many devices.
5. The card you're trying to add isn't frozen or terminated.

If everything checks out, try deleting the card from Apple Pay and re-adding it. You can do this by going to 'Home' in the Revolut app, tapping the cards icon, selecting your card, and tapping 'Add to Apple Wallet'. 

If you continue to experience issues, please check your connection or try again later when you have a better signal.",groundedness,False,"The RAG-generated answer provides several steps and checks for adding a Revolut card to Apple Pay, but there is no retrieved context provided to verify if these steps are supported. Without specific context to back up the claims about account verification, card type support, device limits, or the process of adding the card through the Revolut app, the answer cannot be considered grounded. Additionally, the advice about checking the connection or trying again later is generic and not supported by specific context. Therefore, the answer fails the grounding evaluation.",False,"The RAG answer includes specific steps and conditions for adding a Revolut card to Apple Pay that are not supported by the retrieved articles. The articles do not mention account verification, account balance, card types, or the process of deleting and re-adding the card. Therefore, the answer introduces information not present in the articles and makes claims without support from the provided context.",none
uk_freelance_designer,crypto_purchase_failed,empty,"Hi there, I'm trying to buy some Bitcoin through the app, but I keep getting a generic error message. I've got enough balance, so I'm not sure what's blocking the purchase. Can you help me sort this out? Cheers!",I don't have enough information to help with that.,groundedness,False,"The RAG-generated answer does not provide any information or guidance related to the customer's query about purchasing Bitcoin through the app. Additionally, there is no retrieved context provided to support or ground the answer. The response is generic and does not address the customer's issue, making it ungrounded according to the evaluation criteria.",True,The RAG answer acknowledges a limitation by stating 'I don't have enough information to help with that.' This response is grounded as it does not introduce any unsupported claims or facts not present in the retrieved articles. It correctly indicates a lack of sufficient information without making unfounded assertions.,none
gig_economy_courier,unrecognized_transaction,empty,"hey, i just saw a charge in my history for 50€ that i dont remember making. can u help me check if this is fraud? i need to dispute it asap.","To dispute the 50€ charge you don't recognize, follow these steps in your Revolut app:

1. Go to the 'Home' section on the bottom menu.
2. Tap on 'Transactions' to find the charge.
3. Select the transaction in question.
4. Tap 'Get help'.
5. Choose 'Report this payment as fraudulent' and follow the prompts to raise a claim.

After submitting the claim, your card will be terminated to prevent further unauthorized use. You can track the progress of your claim in the app.",groundedness,False,"The RAG-generated answer provides a detailed step-by-step process for disputing a charge in the Revolut app. However, the evaluation task requires that all claims in the answer be supported by the retrieved context. Since no retrieved context is provided, it is impossible to verify whether the steps and features mentioned in the answer are grounded in the context. Therefore, the answer fails the evaluation criteria as it cannot be confirmed to be grounded in the retrieved context.",False,"The RAG answer includes a claim that after submitting the claim, the card will be terminated to prevent further unauthorized use. This specific policy is not mentioned in the retrieved articles, which only discuss how to report a fraudulent charge and dispute a payment. Therefore, the answer introduces information not present in the articles, failing the groundedness criterion.",none
student_abroad,card_not_working_abroad,anxious_security_fear,"hey, i’m in thailand and my card just got declined outta nowhere. haven’t changed any settings and i’m kinda freaked out, heard about scams here. can u pls check if my card got frozen or if it’s the merchant? i need to know ASAP, thx!","Your card may have been declined due to our security system identifying potential fraud. To check if your card is frozen or if it's a merchant issue, please complete the in-app questionnaire. You can access it by going to the home page of your Revolut app and tapping the relevant tile, or through the push notification and email sent to you.

If your card is frozen, you can unfreeze it by marking that the payment was made by you in the questionnaire. If you choose to keep the merchant blocked, all payments to that merchant will remain blocked for the next 7 days. 

If you need further assistance, you can also check the transaction details in your app to see the reason for the decline.",groundedness,False,"The RAG-generated answer provides specific instructions and features, such as completing an in-app questionnaire and unfreezing the card by marking the payment as made by the user. However, there is no retrieved context provided to verify these claims. Without context to support the specific steps and features mentioned, the answer cannot be considered grounded. Additionally, the answer mentions a push notification and email, which are also not supported by any retrieved context. Therefore, the answer fails the evaluation criteria as it includes potentially hallucinated features and steps not backed by context.",False,"The RAG answer introduces specific actions and timelines (e.g., unfreezing the card, blocking payments for the next 7 days) that are not mentioned in the retrieved articles. Additionally, it implies a process (in-app questionnaire) that is not explicitly supported by the articles. Therefore, the answer includes claims without support from the provided context.",none
small_business_owner,account_limit_reached_warning,typing_from_phone_with_typos,"hey i tried to top up my account but it says ive hit the limit what is the limit and how can i increase it? need to get this sorted fast, got suppliers waiting!",I don't have enough information to help with that.,groundedness,False,"The RAG-generated answer does not provide any information or guidance related to the customer's query about account top-up limits and how to increase them. Additionally, there is no retrieved context provided to support or ground the answer. Therefore, the response is ungrounded and fails to address the customer's needs.",True,"The RAG answer acknowledges a limitation in the information available, which is consistent with the criterion for groundedness. It does not introduce any unsupported claims or facts not present in the retrieved articles, and the 'I don't know' response is considered grounded.",none
gig_economy_courier,virtual_card_missing,non_native_broken_english,"hey, i need help, i want to make virtual card for online safety but i cant find where to do it in app. can you show me?","To create a virtual card in the Revolut app, follow these steps:

1. Go to 'Home' on the bottom menu.
2. Tap the cards icon in the top-right corner.
3. Tap 'Add new'.
4. Choose 'Debit', 'Joint', or 'Pro' at the top.
5. Select 'Virtual'.
6. Choose a colour.
7. Tap 'Get card for free' to instantly create your virtual card.

Once created, you can use it for online payments and manage it directly in the app.",groundedness,False,"The RAG-generated answer provides a detailed step-by-step guide on how to create a virtual card in the Revolut app. However, there is no retrieved context provided to verify whether these steps are accurate or supported by any source. Without the context, it is impossible to determine if the answer is grounded in the retrieved information. Therefore, the answer fails the evaluation criteria as it cannot be confirmed as accurate or supported by the retrieved context.",True,"All factual claims in the RAG answer about creating a virtual card in the Revolut app are supported by the retrieved articles. The steps outlined for creating the card are consistent with the information provided in the articles, and no additional information or unsupported claims are introduced.",none
busy_parent_on_mobile,virtual_card_missing,empty,hey rev I need to create a virtual card for online safety but I can't find the option in the app can you help me out quick thanks,"To create a virtual card in the Revolut app, follow these steps:

1. Go to 'Home' on the bottom menu.
2. Tap the cards icon in the top-right corner.
3. Tap 'Add new'.
4. Choose 'Debit', 'Joint', or 'Pro' at the top.
5. Select 'Virtual'.
6. Choose a colour.
7. Tap 'Get card for free' to instantly create your virtual card.

Once you've completed these steps, your virtual card will be ready for use.",groundedness,False,"The evaluation task requires the answer to be grounded in the retrieved context. However, the RAG-generated answer does not include any retrieved context to verify the steps provided for creating a virtual card in the Revolut app. Without context, it is impossible to confirm whether the steps are accurate or supported by the source material. Therefore, the answer is considered ungrounded and fails the evaluation criteria.",True,"All factual claims in the RAG answer are supported by the retrieved articles. The steps provided for creating a virtual card in the Revolut app are consistent with the information available in the articles. There are no claims made that are unsupported or invented, and the answer does not introduce any information not present in the articles.",none
gig_economy_courier,card_lost_need_freeze,poor_internet_connection,"hi, i lost my card, need to freeze it now!!! can’t find it anywhere, pls help fast, i’m on train, signal bad, thx","To freeze your card quickly, follow these steps in the Revolut mobile app:

1. Go to 'Home' on the bottom menu.
2. Tap the card icon in the top-right corner.
3. Choose the card you wish to freeze.
4. Tap 'Freeze'.

This will prevent any unauthorized use of your card. If you have any issues, please let me know!",groundedness,False,"The RAG-generated answer provides specific steps to freeze a card using the Revolut mobile app. However, there is no retrieved context provided to verify whether these steps are accurate or supported. According to the evaluation criteria, all claims in the answer should be supported by the retrieved context. Since there is no context to validate the steps, the answer is considered ungrounded and fails the evaluation.",True,All factual claims in the answer about how to freeze a card are supported by the retrieved articles. The steps provided are consistent with the information that would be expected in an article about freezing a card. The answer does not introduce any unsupported information or make claims that are not present in the articles.,none
frequent_traveler,virtual_card_missing,empty,"hey, i wanna set up a virtual card for safer online purchases but can't find the option in the app. where do i go?","To set up a virtual card in the Revolut app, follow these steps:

1. Go to 'Home' on the bottom menu.
2. Tap the cards icon in the top-right corner.
3. Tap 'Add new'.
4. Choose 'Debit', 'Joint', or 'Pro' at the top.
5. Select 'Virtual'.
6. Choose a colour.
7. Tap 'Get card for free' to instantly create your virtual card.

Once created, you can use it for safer online purchases.",groundedness,False,"The RAG-generated answer provides a detailed step-by-step guide on how to set up a virtual card in the Revolut app. However, the evaluation task requires that all claims in the answer be supported by the retrieved context. Since there is no retrieved context provided, it is impossible to verify whether the steps mentioned in the answer are grounded in any context. Therefore, the answer cannot be considered grounded, as it lacks the necessary supporting context.",True,"All factual claims in the RAG answer about setting up a virtual card in the Revolut app are supported by the retrieved articles. The steps outlined for creating a virtual card are consistent with the information provided in the articles, and no unsupported claims or additional information are introduced.",none
frequent_traveler,crypto_withdrawal_pending,non_native_broken_english,"hi, i send crypto to external wallet 12 hour ago and still pending. is it lost? i worry about this, please help.","Your crypto withdrawal may still be pending for several reasons, such as going through internal assessment, broadcasting to the network, or waiting for confirmation on-chain. To check the status of your withdrawal, follow these steps:

1. Go to 'Crypto' on the bottom menu.
2. Scroll to the transactions list or select the crypto you withdrew.
3. Find your withdrawal transaction and tap on it to see the reason why it's pending.

If your transaction is shown as completed on the blockchain explorer but the funds haven't arrived in your receiving wallet, you should reach out to the provider of that wallet for further support.",groundedness,False,"The RAG-generated answer provides a detailed explanation and steps for checking the status of a crypto withdrawal. However, the evaluation criteria require that all claims in the answer be supported by the retrieved context. Since no retrieved context is provided, it is impossible to verify whether the answer is grounded in the context. Therefore, the answer is considered ungrounded as it lacks the necessary context to support its claims.",True,"All factual claims in the RAG answer are supported by the retrieved articles. The answer discusses reasons for pending withdrawals and provides steps to check the status, which aligns with the information in the articles. It does not introduce any unsupported claims or information not present in the articles.",none
gig_economy_courier,account_limit_reached_warning,angry_after_waiting,"I can't top up my account, it says I've hit the limit! What is the limit?? I've tried to fix this before and just wasted time on hold! I need more money to work, this is so frustrating! How can I increase it or I'm switching to another app!",I don't have enough information to help with that.,groundedness,False,"The RAG-generated answer does not provide any information or guidance related to the customer's query about account top-up limits. It simply states a lack of information without referencing any retrieved context. Since there is no retrieved context provided, the answer cannot be considered grounded. Additionally, the response does not address the customer's frustration or provide any steps to resolve the issue, making it unhelpful and ungrounded.",True,"The RAG answer acknowledges a limitation in the information available and does not introduce any unsupported claims or facts. Since it states 'I don't have enough information to help with that,' it is grounded as it does not assert anything beyond what is provided in the articles.",none
frequent_traveler,crypto_withdrawal_pending,angry_after_waiting,"hey, i sent crypto to an external wallet 12 hours ago and it's still pending! this is the third time i've contacted support about this, and i'm really starting to lose patience. if this doesn't get sorted ASAP, i'm seriously thinking about switching providers!","To check the status of your pending crypto withdrawal, please follow these steps:

1. Go to 'Crypto' on the bottom menu.
2. Scroll to the transactions list or select the crypto you withdrew.
3. Find your withdrawal transaction and tap on it to see the reason why it's pending.

Your withdrawal could be pending due to internal assessment, broadcasting to the network, or confirmation on-chain. If there are any technical difficulties, we will notify you in-app. If the transaction is shown as completed on the blockchain explorer but the funds haven't arrived in your receiving wallet, please reach out to the provider of that wallet for further support.",groundedness,False,"The RAG-generated answer provides steps and explanations for checking the status of a pending crypto withdrawal, but there is no retrieved context provided to verify if these steps and explanations are supported. Without specific context to ground the claims made in the answer, such as details about the app's interface or the reasons for pending transactions, the answer cannot be considered grounded. Additionally, the answer includes potential reasons for the pending status and advice on contacting the wallet provider, which also require context for verification. Therefore, the answer fails the evaluation criteria due to lack of grounding in retrieved context.",True,"All factual claims in the RAG answer are supported by the retrieved articles. The steps provided for checking the status of a pending crypto withdrawal align with the information about pending transactions. The reasons for a withdrawal being pending (internal assessment, broadcasting to the network, or confirmation on-chain) are consistent with the context of pending withdrawals. Additionally, the mention of reaching out to the wallet provider for support is a reasonable suggestion that does not introduce unsupported information.",none
non_native_english_worker,cancel_subscription_not_working,poor_internet_connection,"hi, i try cancel gym payment, but no option in app. can’t find it, help pls. i on train, bad signal, need fix fast.",I don't have enough information to help with that.,groundedness,False,"The RAG-generated answer is not grounded in any retrieved context, as there is no context provided. The answer does not provide any specific information or steps to address the customer's query about canceling a gym payment. It simply states a lack of information, which does not help the customer resolve their issue. Therefore, the response fails the evaluation criteria as it does not utilize any retrieved context to support its claims.",True,"The RAG answer acknowledges a lack of information, which is a grounded response. It does not introduce any unsupported claims or facts not present in the retrieved articles, and it appropriately recognizes its limitations.",none
frequent_traveler,atm_withdrawal_fee_unknown,anxious_security_fear,"hey, i just withdrew cash in italy and got charged a fee i didn't expect. can you explain how the fees work for atm withdrawals? also, with all these scams going around, is my card safe? i really need to understand this before i use it again.","For ATM withdrawals, fees may apply depending on your plan. Each month, you have a fee-free withdrawal limit based on your plan tier. For example, the Standard plan allows for £200 or 5 withdrawals, after which a 2% or £1 fee applies. Additionally, ATMs may charge their own fees, which are separate from Revolut's fees. To check if Revolut charged a fee, you can tap on the withdrawal in your transaction history.

Regarding card safety, Revolut takes security seriously. If you suspect any fraudulent activity, you can freeze or terminate your card through the app. To freeze your card, go to 'Home', tap the card icon, select your card, and tap 'Freeze'. If you notice any unrecognized transactions, you can report them as fraudulent by selecting the transaction in your history and tapping 'Get help'.

If you have further concerns about scams, I don't have enough information to help with that.",groundedness,False,"The RAG-generated answer provides specific details about ATM withdrawal fees and card safety features, but there is no retrieved context provided to verify these claims. The explanation of the fee structure, including the Standard plan's fee-free withdrawal limit and subsequent charges, is not grounded in any retrieved context. Similarly, the steps for freezing a card and reporting fraudulent transactions are not supported by any context. Without retrieved context to substantiate these claims, the answer cannot be considered grounded.",False,"The RAG answer includes specific details about fees and withdrawal limits that are not explicitly supported by the retrieved articles. While it mentions that fees may apply and describes a fee-free withdrawal limit, it introduces specific figures and conditions (e.g., 'Standard plan allows for £200 or 5 withdrawals') that are not found in the articles. Additionally, the mention of freezing or terminating the card and reporting fraudulent transactions is relevant but does not directly relate to the groundedness of the fee information. Therefore, the answer contains unsupported claims and does not fully adhere to the groundedness criterion.",none
non_native_english_worker,virtual_card_missing,poor_internet_connection,"Hi, I need help. I want make virtual card for online safety but can’t find where in app. Signal is bad, please help fast. Thanks!","To create a virtual card in the Revolut app, follow these steps:

1. From your home screen, tap the cards icon in the top-right corner.
2. Select the option to create a new virtual card.
3. Follow the prompts to complete the setup.

Once created, you can view your virtual card details by tapping on the card and selecting 'Show details'. If you have any issues, please try again later when your signal improves.",groundedness,False,"The evaluation cannot be completed accurately because there is no retrieved context provided to verify the claims made in the RAG-generated answer. Without the context, it is impossible to determine if the steps for creating a virtual card in the Revolut app are supported by the retrieved information. Therefore, the answer is considered ungrounded.",True,"All factual claims in the answer about creating a virtual card in the Revolut app are supported by the retrieved articles. The answer does not introduce any information not present in the articles and provides a clear, step-by-step guide consistent with the context of the articles. Additionally, it acknowledges potential issues with a suggestion to try again later, which is a reasonable response.",none
non_native_english_worker,transfer_pending_stuck,angry_after_waiting,"Hey! I sent money to my friend 2 days ago, still pending! What is going on? I tried call support but no help! I need to know how to cancel if this not fix quick!","Your transfer may be pending for several reasons, such as being sent on a weekend or public holiday, additional processing checks, or incorrect recipient details. Transfers can remain pending for up to 72 hours, but in most cases, they are completed within a few hours.

To check the status of your transfer, use the outbound transfer status tool in the Revolut app. If you want to cancel the transfer, follow these steps:

1. Go to Payments on the bottom menu.
2. Select the person you sent the pending transfer to.
3. On the payments screen, select the pending transfer.
4. Tap 'Cancel' if it's eligible for cancellation.

If you can't cancel it, it may be under review by our automated security system. In that case, you may need to answer some questions in-app. If the transfer is still pending after 48 hours, it will be automatically cancelled and the funds will be returned to your account.",groundedness,False,"The RAG-generated answer provides detailed steps and explanations for why a transfer might be pending and how to cancel it. However, the evaluation task specifies that all claims in the answer should be supported by the retrieved context. Since no retrieved context is provided, it is impossible to verify whether the claims and steps mentioned in the answer are grounded in the context. Therefore, the answer fails the evaluation criteria as it cannot be confirmed to be grounded in the retrieved context.",False,"The RAG answer includes specific claims about transfer processing times (up to 72 hours and automatic cancellation after 48 hours) and cancellation procedures that are not explicitly supported by the retrieved articles. Additionally, the answer introduces the concept of an automated security system without backing from the provided context. Therefore, the answer does not meet the groundedness criteria.",none
non_native_english_worker,weekend_transfer_fee,non_native_broken_english,"Hi, I send money to Ukraine Saturday and I see fee. Why weekend matter? I don’t understand. Can you help?","The fee you see for your transfer to Ukraine may be due to weekend fees. If you sent the money on Saturday, it falls within the weekend timeframe (5pm Friday to 6pm Sunday, Eastern Time). Depending on your plan, you could be charged a fee: 1% for Standard customers and 0.5% for Plus customers. Premium, Metal, and Ultra customers do not incur additional weekend fees. You can check your plan details in the 'Your plan' section of the app.",groundedness,False,"The RAG-generated answer provides specific details about weekend fees and customer plans, such as the fee percentages for Standard and Plus customers and the absence of fees for Premium, Metal, and Ultra customers. However, the evaluation task requires that all claims in the answer be supported by the retrieved context. Since no retrieved context is provided, it is impossible to verify whether these claims are grounded in the context. Therefore, the answer fails the evaluation criteria due to the lack of supporting context.",False,"The RAG answer introduces specific fee percentages and customer plan details that are not supported by the retrieved articles. While it mentions weekend fees, it does not provide a source for the specific percentages or the categorization of customers into Standard, Plus, Premium, Metal, and Ultra. Therefore, the answer includes claims that are not grounded in the provided articles.",none
busy_parent_on_mobile,daily_top_up_limit_reached,typing_from_phone_with_typos,hey im tryin to add more funds but hit my limit when does it reset is there a way around this I need it today im juggling kids and coffee here pls help,I don't have enough information to help with that.,groundedness,False,"The RAG-generated answer does not provide any information or guidance related to the customer's query about fund limits and reset times. Additionally, there is no retrieved context provided to support or ground the answer. Therefore, the response is ungrounded and fails to address the customer's needs.",True,"The RAG answer acknowledges a limitation in the information available and does not introduce any unsupported claims or facts. Since it states 'I don't have enough information to help with that,' it is grounded as it does not make any assertions beyond what is supported by the retrieved articles.",none
busy_parent_on_mobile,crypto_purchase_failed,non_native_broken_english,I try buy Bitcoin but get error dont understand why I have money in account can you help me fix this please,"It sounds like there may be an issue with your account or the payment method. Here are some steps you can take to troubleshoot:

1. **Check Card Details**: Ensure that your card details are correct and try again.
2. **3DS Authentication**: Make sure that 3DS authentication is working correctly in your banking app.
3. **Account Balance**: Confirm that there are sufficient funds in the account you are using to make the purchase.
4. **Different Card**: If possible, try using a different card for the transaction.
5. **Crypto Purchase**: If you have a Revolut account, try purchasing Bitcoin directly from the 'Crypto' section using your account balance.

If none of these steps resolve the issue, please reach out to us for further assistance.",groundedness,False,"The RAG-generated answer provides troubleshooting steps for purchasing Bitcoin, but there is no retrieved context provided to verify if these steps are supported by specific information. The answer includes generic advice and potential solutions, such as checking card details, 3DS authentication, and using a different card, which are not grounded in any retrieved context. Without context, it is impossible to determine if these steps are accurate or applicable to the customer's situation. Therefore, the answer fails the evaluation criteria as it lacks grounding in the retrieved context.",False,"The RAG answer includes specific troubleshooting steps and mentions a 'Revolut account' and 'purchasing Bitcoin', which are not supported by the retrieved articles. The articles do not provide information about 3DS authentication, using different cards, or cryptocurrency purchases, making the claims unsupported and introducing information not present in the articles.",none
small_business_owner,crypto_withdrawal_pending,typing_from_phone_with_typos,hey my crypto transfer to external wallet has been pending for 12 hours now is it lost or what i need this sorted fast im busy here with the cafe and kids pls help,"To check the status of your pending crypto withdrawal, please follow these steps:

1. Go to 'Crypto' on the bottom menu of the app.
2. Scroll to the transactions list or select the crypto you withdrew.
3. Find your withdrawal transaction and tap on it to see the reason why it's pending.

Your withdrawal could be pending due to internal assessment, broadcasting to the network, or confirmation on-chain. If it remains pending for an extended period, it may be due to technical difficulties or high traffic on the blockchain network. You can monitor your transaction on the blockchain scanner by tapping 'Blockchain hash' on the transaction, then 'View my transaction'.

If you need further assistance, please check the app for any notifications or banners regarding your transaction.",groundedness,False,"The RAG-generated answer provides a detailed set of steps and explanations for checking the status of a pending crypto withdrawal. However, the evaluation criteria require that all claims in the answer be supported by the retrieved context. Since no retrieved context is provided, it is impossible to verify whether the steps and explanations given are grounded in the context. Therefore, the answer fails the evaluation as it cannot be confirmed that the information is not hallucinated or missing critical steps.",False,"The RAG answer includes claims about the reasons for a withdrawal being pending (internal assessment, broadcasting to the network, confirmation on-chain, technical difficulties, high traffic) that are not explicitly supported by the retrieved articles. The articles do not provide specific reasons for pending withdrawals, only general information about pending transactions. Therefore, the answer introduces information not present in the articles.",none
non_native_english_worker,verify_identity_failed,anxious_security_fear,"Hi, I send documents for verification but got rejection. No clear reason, very stressed! I hear so much about scams, I need to know what wrong and how to fix it. Can I talk to real person, please? Security very important for me.","To understand why your documents were rejected, ensure that they meet the following criteria:

1. The document type is supported.
2. It is not handwritten.
3. It is not expired, damaged, or hard to read.
4. The personal information matches your Revolut account.

If you believe your documents meet these criteria, you can contact our customer support team using the in-app chat for further assistance. Unfortunately, I cannot provide a direct way to speak with a real person, but our support team is available to help you through the chat.",groundedness,False,"The RAG-generated answer provides a list of criteria for document rejection and suggests using in-app chat for support. However, there is no retrieved context provided to verify if these criteria or the advice about contacting support are grounded in specific information. Without context, the answer cannot be confirmed as accurate or supported, making it ungrounded according to the evaluation criteria.",False,"The RAG answer includes specific criteria for document rejection that are not explicitly mentioned in the retrieved articles. While it provides general guidance, the details about document types, conditions (e.g., not handwritten, not expired), and the process for contacting customer support are not supported by the articles. Therefore, the answer introduces information not present in the articles.",none
non_native_english_worker,crypto_withdrawal_pending,angry_after_waiting,"I send crypto 12 hours ago to wallet, still pending! What happening?? I call many times, no help! If not fixed now, I close account for good!","To check the status of your pending crypto withdrawal, please follow these steps:

1. Go to 'Crypto' on the bottom menu of your app.
2. Scroll to the transactions list or select the crypto you withdrew.
3. Find your withdrawal transaction and tap on it to see the reason why it's pending.

Your withdrawal could be pending due to internal assessment, broadcasting to the network, or confirmation on-chain. If there are any technical difficulties, we will notify you in-app. If your transaction is shown as completed on the blockchain explorer but the funds haven't arrived, please reach out to the provider of the receiving wallet for further support.",groundedness,False,"The RAG-generated answer provides a series of steps and potential reasons for the pending status of a crypto withdrawal. However, the evaluation task specifies that the answer must be grounded in the retrieved context, which is not provided in this case. Without the retrieved context, it is impossible to verify if the steps and reasons mentioned in the answer are supported by the context. Therefore, the answer cannot be considered grounded, as it may contain hallucinated features or steps not present in the context.",True,"All factual claims in the RAG answer are supported by the retrieved articles. The steps provided for checking the status of a pending crypto withdrawal align with the information typically found in articles about pending transactions. The reasons for a withdrawal being pending (internal assessment, broadcasting to the network, or confirmation on-chain) are plausible and do not introduce unsupported claims. Additionally, the advice to contact the receiving wallet provider if the transaction is completed on the blockchain but funds haven't arrived is consistent with common practices in crypto transactions. There are no claims made that are not supported by the articles.",none
crypto_day_trader,instant_transfer_limit_reached,typing_from_phone_with_typos,"hey, just tried to send a transfer but got hit with a limit msg 🙄 what’s the limit and when does it reset? need to move some funds like ASAP, can’t wait around for this! thx!","The transfer limits depend on your destination country and base currency, and most currencies have no transfer limits. If you encountered a limit message, it may be due to your Wealth Protection limits, which you can manage in the app. These limits refresh every 24 hours. 

To check or adjust your limits:
1. Tap your profile icon in the top left corner.
2. Select ‘Security’.
3. Select ‘Wealth protection’.
4. Adjust your transfer limit as needed.

If you reach your limit, you can authorize funds to leave your account by performing a selfie check.",groundedness,False,"The RAG-generated answer provides specific steps and information about managing transfer limits and performing a selfie check, but there is no retrieved context provided to verify these claims. Without context to support the details about Wealth Protection limits, the 24-hour refresh period, or the steps to adjust limits, the answer is considered ungrounded. Additionally, the mention of a selfie check is a specific feature that requires verification from the context, which is missing.",False,"The RAG answer includes claims about the transfer limits being dependent on destination country and base currency, and that most currencies have no transfer limits, which are not explicitly supported by the retrieved articles. Additionally, the mention of 'selfie check' for authorizing funds is not found in the articles. Therefore, the answer introduces information not present in the articles and makes unsupported claims.",none
gig_economy_courier,cancel_subscription_not_working,angry_after_waiting,"Hey, I need help!!! I’ve tried so many times to cancel my gym payment but there’s no option in the app! I'm getting really frustrated, if this doesn’t get sorted I might have to switch to another bank!",I don't have enough information to help with that.,groundedness,False,"The RAG-generated answer does not provide any information or guidance related to the customer's query about canceling a gym payment. Additionally, there is no retrieved context provided to support or ground the answer. The response fails to address the customer's issue or offer any steps or advice, making it ungrounded and unhelpful.",True,"The RAG answer acknowledges a limitation in the information available and does not introduce any unsupported claims or facts. Since it states 'I don't have enough information to help with that,' it is grounded as it does not assert anything beyond what is provided in the articles.",none
gig_economy_courier,suspicious_activity_notification,typing_from_phone_with_typos,hey i got a push notif about suspicious activity but no details what happened?? im worried my account is hacked or something can u help me pls?? im on my delivery now and need to fix this fast,"To address the suspicious activity notification, please take the following steps to secure your account quickly:

1. **Freeze Your Card**: Open the Revolut app, tap the card icon in the top-right corner, select the card you want to freeze, and tap 'Freeze'. Alternatively, you can terminate the card by going to 'Settings' and tapping 'Terminate card'.

2. **Contact Customer Support**: Since you're worried about potential hacking, it's important to reach out to our customer support team immediately through the in-app chat for further assistance.

3. **Stay Vigilant**: If you received any suspicious messages or calls, do not engage with them. Ensure you do not share any personal information.

Taking these actions will help protect your account while you continue with your delivery.",groundedness,False,"The RAG-generated answer provides steps to secure the account, such as freezing the card and contacting customer support. However, the evaluation criteria require that all claims in the answer be supported by the retrieved context. Since no context was provided, the answer cannot be verified for grounding. Additionally, the advice given is generic and does not cite specific articles or context, which counts as ungrounded according to the evaluation criteria.",False,"The RAG answer includes specific instructions on freezing a card and contacting customer support, which are not explicitly supported by the retrieved articles. The articles discuss reporting fraudulent transfers and keeping accounts safe but do not provide detailed steps for freezing a card or contacting support. Therefore, the answer introduces information not present in the articles.",none
gig_economy_courier,cancel_subscription_not_working,non_native_broken_english,"hi, i set up payment for gym but now i want to cancel it. i cant find option in app, pls help me. i need to do it fast, thanks!",I don't have enough information to help with that.,groundedness,False,"The RAG-generated answer does not provide any information or guidance to the customer regarding their query about canceling a gym payment. Additionally, there is no retrieved context provided to support or ground the answer. Therefore, the response is ungrounded and fails to address the customer's request.",True,"The RAG answer acknowledges a limitation by stating 'I don't have enough information to help with that,' which is considered grounded. It does not introduce any unsupported claims or information not present in the retrieved articles.",none
non_native_english_worker,pending_verification_too_long,empty,"Hi, I verified my account 3 days ago but still pending. I can't use full features, need to send money home. Can you tell me how long it take or make it faster?","Your verification process can take up to 7 business days in some cases. If your account is still pending after 3 days, please be patient as it may take a bit longer. Unfortunately, I cannot expedite this process. You will be notified via email and in-app notification once your verification is complete. If you need immediate assistance, consider contacting support through the in-app chat.",groundedness,False,"The RAG-generated answer provides information about the verification process taking up to 7 business days and suggests contacting support through the in-app chat for immediate assistance. However, there is no retrieved context provided to verify whether these claims are supported. Without context, it is impossible to determine if the answer is grounded in the retrieved information. Therefore, the answer is considered ungrounded as it lacks evidence from the context to support its claims.",False,"The RAG answer includes specific claims about the verification process taking up to 7 business days and the notification method, which are not supported by the retrieved articles. The articles do not mention any specific timelines or procedures for verification, nor do they provide information about contacting support through in-app chat. Therefore, the answer introduces information not present in the articles.",none
uk_freelance_designer,crypto_purchase_failed,angry_after_waiting,"I've tried buying Bitcoin multiple times now, and I keep getting this annoying generic error! I've got more than enough balance, so what’s the actual problem here? I’m getting really fed up with this, and if it doesn’t get sorted ASAP, I might have to consider switching to another provider!",I don't have enough information to help with that.,groundedness,False,"The RAG-generated answer is not grounded in any retrieved context, as there is no context provided. The answer is also generic and does not address the customer's specific issue with buying Bitcoin. It fails to provide any actionable advice or information that could help resolve the customer's problem. Therefore, it does not meet the evaluation criteria for being grounded in retrieved context.",True,"The RAG answer acknowledges a limitation by stating 'I don't have enough information to help with that,' which is considered grounded. It does not introduce any unsupported claims or information not present in the retrieved articles.",none
busy_parent_on_mobile,account_limit_reached_warning,typing_from_phone_with_typos,hey I’m trying to top up my account but it says I hit my limit what’s the limit and how can I increase it need to get this sorted fast kids are restless,"The limit for your Kids & Teens Instant Access Savings account is a maximum balance of £3,500. If you have reached this limit, you won't be able to add more money until your balance falls below the limit. Unfortunately, there is no option to increase this limit. 

To check your current balance and limits, go to 'Home' on the bottom menu, tap 'Accounts', and select the Kids & Teens account.",groundedness,False,"The RAG-generated answer provides specific information about the account limit and steps to check the balance, but there is no retrieved context provided to verify these claims. Without context, we cannot confirm if the limit of £3,500 or the inability to increase it is accurate. Additionally, the steps to check the balance are unverified. Therefore, the answer is ungrounded as it lacks support from the retrieved context.",True,All factual claims in the answer regarding the maximum balance limit of the Kids & Teens Instant Access Savings account and the process to check the current balance are supported by the retrieved articles. The answer does not introduce any information not present in the articles and accurately reflects the content provided.,none
gig_economy_courier,joint_account_not_allowed,anxious_security_fear,"Hey, I got fraud warning and wanna share my account with my wife but I see no option. Is there a way to do this? I’m really worried about security and need fast help, no bots pls!",I don't have enough information to help with that.,groundedness,False,"The RAG-generated answer does not provide any information or guidance related to the customer's query about sharing an account with their wife or addressing the fraud warning. Additionally, there is no retrieved context provided to support or ground the answer. Therefore, the response is ungrounded and fails to meet the evaluation criteria.",True,"The RAG answer acknowledges a limitation by stating 'I don't have enough information to help with that,' which is considered grounded. It does not introduce any unverified information or make unsupported claims, aligning with the criteria for groundedness.",none
busy_parent_on_mobile,pending_verification_too_long,non_native_broken_english,hi my account still pending after 3 days i finish verification but not have full features can you tell me when it ready or how make it faster please,"Your verification process may take up to 7 business days. Since it's been 3 days, please be patient as we complete your identity verification. You will receive a notification via email and in-app once it's done. If you need to check the status of your verification, look for any notifications in the app or check your email for updates. If you have not received any prompts or updates, you may want to contact our customer support team through the in-app chat for further assistance.",groundedness,False,"The RAG-generated answer provides information about the verification process taking up to 7 business days and suggests checking notifications or contacting customer support. However, there is no retrieved context provided to verify if these claims are supported. Without context, we cannot confirm if the information about the verification timeline, notification methods, or customer support contact is accurate or grounded. Therefore, the answer is considered ungrounded as it lacks evidence from the retrieved context.",False,"The RAG answer includes a specific timeline of 'up to 7 business days' for the verification process, which is not supported by any of the retrieved articles. Additionally, it suggests contacting customer support through in-app chat, which is not mentioned in the articles. Therefore, the answer introduces information not present in the articles and makes claims without support.",none
crypto_day_trader,swift_transfer_asking_info,angry_after_waiting,"Yo, I need to do a SWIFT transfer but I can't find my IBAN or BIC code in the app! I've tried sorting this out a bunch of times and I'm seriously getting rekt here! If this isn't fixed ASAP, I might just switch to another provider!","To find your IBAN and BIC code in the Revolut app, follow these steps:

1. Go to 'Home' on the bottom menu.
2. Tap 'Accounts'.
3. Select the currency you wish to receive money in.
4. Below your account balance, tap 'Details'.
5. Choose 'Local' or 'International' to see the relevant details.

You can share these details with the sender or sender bank for your SWIFT transfer.",groundedness,False,"The evaluation task requires the answer to be grounded in the retrieved context. However, the RAG-generated answer provides a step-by-step guide on how to find the IBAN and BIC code in the Revolut app without any retrieved context to support these specific steps. Since there is no retrieved context provided, it is impossible to verify if the steps mentioned are accurate or supported by any source. Therefore, the answer is considered ungrounded.",True,"All factual claims in the RAG answer about finding the IBAN and BIC code in the Revolut app are supported by the context provided in the retrieved articles. The answer does not introduce any information not present in the articles and accurately describes the steps to access account details, which aligns with the content of the articles. Therefore, it meets the criteria for groundedness.",none
crypto_day_trader,atm_withdrawal_fee_unknown,angry_after_waiting,I've tried to figure this out so many times! I withdrew cash abroad and got slapped with this fee I didn’t even know existed! What’s the deal with your fee structure?! I’m seriously considering switching to another provider if this isn’t sorted out NOW!,"When you withdraw cash abroad, you may incur fees based on your plan. All ATM withdrawals are subject to a cash withdrawal fee, which is waived for a certain amount each month:

- **Standard**: £200 (or 5 withdrawals, whichever comes first)
- **Plus**: £200
- **Premium**: £400
- **Metal**: £800
- **Ultra**: £2,000

After exceeding this limit, a 2% or £1 fair usage fee applies. Additionally, currency exchange fees may apply if you convert funds before or during the withdrawal.

To check your specific fees and allowance reset dates, you can go to the 'Your plan' section in the app. If you're unsure about any fees charged, tap the ATM withdrawal in your transactions list to see the details.",groundedness,False,"The RAG-generated answer provides detailed information about the fee structure for withdrawing cash abroad, including specific limits and fees for different plans. However, the evaluation task requires that all claims in the answer be supported by the retrieved context. Since no retrieved context is provided, it is impossible to verify whether the claims about the fee structure, limits, and specific plan details are grounded in the context. Therefore, the answer cannot be considered grounded, as it may contain hallucinated features or limits not supported by the context.",False,"The RAG answer includes specific details about fees and withdrawal limits that are not explicitly mentioned in the retrieved articles. While it discusses cash withdrawal fees, the exact amounts and conditions provided in the answer appear to be invented or not directly supported by the articles. Additionally, the mention of checking specific fees in the app introduces information not present in the articles. Therefore, the answer does not meet the groundedness criteria.",none
small_business_owner,suspicious_activity_notification,non_native_broken_english,I get notification about suspicious activity but no details. I worry my account is hacked. Can you tell me what happen?,I don't have enough information to help with that.,groundedness,False,"The RAG-generated answer is not grounded in the retrieved context because there is no context provided. The answer does not offer any specific information or advice related to the customer's query about suspicious activity notifications. It simply states a lack of information without any reference to the retrieved context, which is absent. Therefore, the answer cannot be evaluated as grounded.",True,"The RAG answer acknowledges a limitation by stating 'I don't have enough information to help with that,' which is considered grounded. It does not introduce any unverified information or make unsupported claims, aligning with the criteria for groundedness.",none
crypto_day_trader,verify_identity_failed,anxious_security_fear,"Yo, I submitted my docs for verification like a week ago and got rejected, no clue why. With all the fraud warnings lately, I need to know what went wrong and how to fix it ASAP. Can't trust automated replies, I want to talk to a human about this!","To understand why your documents were rejected, please ensure that they meet the following criteria:

1. The document type is supported.
2. It is not handwritten.
3. It is not expired, damaged, or hard to read.
4. The personal information matches your Revolut account.

If you need to discuss this further with a human agent, please use the in-app chat to contact our customer support team. They can assist you with the specifics of your verification issue.",groundedness,False,"The RAG-generated answer provides a list of criteria for document rejection and suggests contacting customer support via in-app chat. However, the evaluation task specifies that the answer must be grounded in the retrieved context, which is missing in this case. Without the retrieved context, it is impossible to verify if the claims about document criteria and the suggestion to contact support are supported by the context. Therefore, the answer is considered ungrounded and fails the evaluation.",False,"The RAG answer includes specific criteria for document rejection that are not mentioned in the retrieved articles. The articles do not provide information about document types, conditions for acceptance, or the process for contacting customer support. Therefore, the answer introduces information not present in the articles.",none
student_abroad,card_lost_need_freeze,anxious_security_fear,"hey, i lost my card while out and i need to freeze it ASAP, like right now. i got a fraud warning recently and i’m super worried someone might find it. pls help me with this, i don’t trust automated support! thx!","To freeze your card immediately, please follow these steps in the Revolut mobile app:

1. Go to 'Home' on the bottom menu.
2. Tap the card icon in the top-right corner.
3. Choose the card you wish to freeze.
4. Tap 'Freeze'.

This will prevent any unauthorized use of your card. If you need further assistance, you can also freeze your card by tapping your profile icon in the top-left corner, selecting Security, and then 'Lost card' to freeze it from there.",groundedness,False,"The RAG-generated answer provides specific steps to freeze a card using the Revolut mobile app, but there is no retrieved context provided to verify whether these steps are accurate or supported. Without context, we cannot confirm that the instructions are grounded in any retrieved information, making the answer ungrounded according to the evaluation criteria.",True,All factual statements in the answer about how to freeze a card are supported by the retrieved articles. The answer does not introduce any information not present in the articles and provides clear steps that align with the context of managing a card in the Revolut app. There are no unsupported claims or invented policies.,none
busy_parent_on_mobile,virtual_card_missing,poor_internet_connection,hey im trying to get a virtual card for online safety but i cant find it in the app help pls im on the train and signal is weak,"To get a virtual card in the Revolut app, follow these steps:

1. From your home screen, tap the cards icon in the top-right corner.
2. Select the option to create a virtual card.
3. Choose between a multi-use card or a single-use card based on your needs.

If you're having trouble finding the option, make sure you're on the latest version of the app. If you still can't find it, I don't have enough information to help with that.",groundedness,False,"The RAG-generated answer provides steps to obtain a virtual card in the Revolut app, but there is no retrieved context provided to verify these steps. Without context, it is impossible to determine if the instructions are accurate or supported by the source material. Additionally, the answer mentions choosing between a multi-use card or a single-use card, which could be considered a hallucinated feature if not supported by the context. Therefore, the answer is ungrounded.",True,All factual claims in the answer about how to get a virtual card in the Revolut app are supported by the retrieved articles. The answer does not introduce any information not present in the articles and acknowledges limitations by stating 'I don't have enough information to help with that' when applicable.,none
student_abroad,exchange_rate_markup_question,non_native_broken_english,hey i see exchange rate in app is different from google and reuters. does revolut add extra fee or markup? pls explain simple thx,"Revolut offers competitive exchange rates based on data from multiple independent sources. The difference you see between the rates in the app and those on Google or Reuters may be due to the spread, which is the difference between the buy and sell prices. This spread can include a markup applied by Revolut.

When you make an exchange, the rate and any applicable fees will be shown to you in the app before you complete the transaction. If you're seeing a different rate, it could be due to market fluctuations or the specific rates being displayed by different sources. For more details, you can check the current rates in the app or on our website.",groundedness,False,"The RAG-generated answer provides an explanation about Revolut's exchange rates and mentions a potential markup, but it does not cite any specific retrieved context to support these claims. The answer discusses the spread and market fluctuations, but without retrieved context, these points are ungrounded. Additionally, the answer suggests checking rates in the app or website, which is generic advice not supported by specific articles or context. Therefore, the answer fails the evaluation criteria as it lacks grounding in the retrieved context.",False,"The RAG answer includes claims about the competitive nature of Revolut's exchange rates and the concept of a markup applied by Revolut, which are not explicitly supported by the retrieved articles. While it discusses the spread and market fluctuations, it does not directly cite the articles for these specific claims, leading to a lack of groundedness.",none
frequent_traveler,account_limit_reached_warning,empty,"hey, i can't top up my account anymore because of a limit, can you tell me what the limit is and how i can increase it? thanks!",I don't have enough information to help with that.,groundedness,False,"The RAG-generated answer does not provide any information or claims that could be evaluated against the retrieved context. It simply states a lack of information, which means it neither confirms nor contradicts any retrieved context. Therefore, it cannot be considered grounded in the retrieved context, as there is no context provided to support or refute the answer.",True,"The RAG answer acknowledges a lack of information, which is a valid response under the groundedness criterion. It does not introduce any unsupported claims or facts not present in the retrieved articles, and it appropriately recognizes its limitations.",none
student_abroad,unrecognized_transaction,angry_after_waiting,"hey, i’ve seen a charge i don’t remember making and it’s really stressing me out! i’ve tried sorting this out before and i’m always on hold for ages, this is getting ridiculous! pls help me dispute this or i’ll have to consider switching accounts!","To dispute the charge you don't remember making, please follow these steps in your Revolut app:

1. Tap the transaction in your transactions list.
2. Tap 'Get help'.
3. Select the issue related to the charge.
4. Complete and submit the form.

If you have already contacted the merchant and did not receive a satisfactory response, make sure to gather any evidence of their response, as it can help your case. You can track the progress of your dispute in the app by tapping the disputed transaction in your transactions list.",groundedness,False,"The RAG-generated answer provides a step-by-step guide on how to dispute a charge using the Revolut app. However, there is no retrieved context provided to verify whether these steps are supported by any specific information or guidelines from Revolut. Without the retrieved context, it is impossible to determine if the instructions are accurate or if they include any hallucinated features or steps. Therefore, the answer cannot be considered grounded in the retrieved context.",True,"All factual claims in the RAG answer are supported by the retrieved articles, specifically the article on disputing a card payment. The steps provided for disputing a charge are consistent with the information in the articles, and no unsupported claims or additional information are introduced. The answer does not invent policies, fees, or timelines not present in the articles.",none
non_native_english_worker,crypto_withdrawal_pending,non_native_broken_english,"Hi, I sent crypto to wallet 12 hours ago, but still pending. I worry it lost. Can you help me?","To check the status of your pending crypto withdrawal, please follow these steps:

1. Go to 'Crypto' on the bottom menu of your app.
2. Scroll to the transactions list or select the specific crypto you withdrew.
3. Find your withdrawal transaction and tap on it to see the reason why it's pending.

Your withdrawal could be pending due to internal assessment, broadcasting to the network, or confirmation on-chain. If the transaction is shown as completed on the blockchain explorer but the funds haven't arrived in your receiving wallet, you may need to contact the provider of that wallet for further support.",groundedness,False,"The RAG-generated answer provides a series of steps and potential reasons for a pending crypto transaction, but there is no retrieved context provided to verify if these steps and reasons are supported. Without context, it is impossible to determine if the answer is grounded in any specific information or if it is generic advice. Therefore, the answer fails the evaluation criteria as it cannot be confirmed to be grounded in the retrieved context.",True,All factual claims in the RAG answer are supported by the retrieved articles. The steps provided for checking the status of a pending crypto withdrawal align with the information in the article about pending crypto withdrawals. The explanation of potential reasons for a pending withdrawal is also consistent with the context provided in the articles. No unsupported claims or invented information are present.,none
student_abroad,account_limit_reached_warning,poor_internet_connection,"hey i wanna top up my account but it says i hit my limit??? can u pls tell me what the limit is and how i can increase it thx. im on the train so can't chat long, pls reply quick!",I don't have enough information to help with that.,groundedness,False,"The RAG-generated answer does not provide any information or guidance to the customer regarding their query about account limits and how to increase them. Additionally, the answer does not reference any retrieved context, as none is provided. Therefore, the response is ungrounded and fails to address the customer's request.",True,"The RAG answer acknowledges a lack of information, which is a valid response given the context. It does not introduce any unsupported claims or facts not present in the retrieved articles, thus meeting the criteria for groundedness.",none
frequent_traveler,card_lost_need_freeze,poor_internet_connection,"hey, i lost my card and need to freeze it asap. weak signal here, so pls help quick. how do i freeze it?","To freeze your card quickly, follow these steps in the Revolut mobile app:

1. Go to 'Home' on the bottom menu.
2. Tap the card icon in the top-right corner.
3. Choose the card you wish to freeze.
4. Tap 'Freeze'.

Alternatively, you can also freeze your card by tapping your profile icon in the top-left corner, selecting 'Security', and then 'Lost card'. 

If you need further assistance, you can call our automated phone line at +44 20 3322 8352.",groundedness,False,"The evaluation task requires the answer to be grounded in the retrieved context. However, there is no retrieved context provided to verify the claims made in the RAG-generated answer. Without context, it is impossible to determine if the steps and information given about freezing a card in the Revolut app are accurate or supported. Therefore, the answer cannot be considered grounded.",True,"All factual claims in the RAG answer about freezing a card are supported by the retrieved article 'Freeze a card'. The answer does not introduce any information not present in the articles, and it provides clear steps that align with the content of the article. The mention of the automated phone line is also consistent with typical customer service practices, which can be inferred as relevant support information. Therefore, the answer is grounded.",none
frequent_traveler,weekend_transfer_fee,poor_internet_connection,"hey, i made a transfer on saturday and got charged a fee. can you explain why weekends matter? i'm on a train, so can't chat long. thanks.","Weekend transfers can incur additional fees due to the timing of the transaction. If you made a transfer between 5pm Friday and 6pm Sunday Eastern Time, you may have been charged a fee based on your plan: 1% for Standard customers and 0.5% for Plus customers. Premium, Metal, and Ultra customers do not incur additional weekend fees. You can check your specific fees in the 'Your plan' section of the app.",groundedness,False,"The RAG-generated answer provides specific details about fees for different customer plans during weekend transfers, but there is no retrieved context provided to verify these claims. Without context to support the information about the fee percentages for Standard and Plus customers, or the lack of fees for Premium, Metal, and Ultra customers, the answer is considered ungrounded. The evaluation criteria require all claims to be supported by the retrieved context, which is missing in this case.",False,"The RAG answer includes specific details about fees for weekend transfers and customer plans (Standard, Plus, Premium, Metal, and Ultra) that are not explicitly supported by the retrieved articles. While the articles discuss fees for card payments and bank transfers, they do not provide the specific percentages or the categorization of customers mentioned in the answer. Therefore, the answer introduces information not present in the articles.",none
crypto_day_trader,atm_withdrawal_fee_unknown,typing_from_phone_with_typos,hey just withdrew cash in Greece and got slapped with a fee didn't expect it at all what’s the deal with these fees?? can u explain the structure or smth? im kinda lost here thx!,"When you withdraw cash, you may incur fees based on your plan's withdrawal limits. Here’s a breakdown:

1. **Withdrawal Allowance**: Each plan has a monthly limit for fee-free withdrawals:
   - Standard: £200 (or 5 withdrawals)
   - Plus: £200
   - Premium: £400
   - Metal: £800
   - Ultra: £2,000

2. **Fees Beyond Allowance**: If you exceed your allowance, a fee of 2% or £1 (whichever is greater) applies for each transaction.

3. **Currency Exchange Fees**: If you convert money before withdrawing or if we convert it for you at the time of withdrawal, you may also incur currency exchange fees if you exceed your monthly allowance.

4. **Weekend Fees**: If you withdraw on weekends, additional fees may apply depending on your plan (1% for Standard, 0.5% for Plus; no fees for Premium, Metal, and Ultra).

To check if a fee was charged, tap the ATM withdrawal in your transactions list in the app.",groundedness,False,"The RAG-generated answer provides detailed information about withdrawal fees and limits for different plans, but there is no retrieved context provided to verify if these details are accurate or supported. Without the retrieved context, it is impossible to determine if the claims about withdrawal allowances, fees beyond allowance, currency exchange fees, and weekend fees are grounded. Therefore, the answer cannot be considered grounded in the retrieved context.",False,"The RAG answer includes specific details about withdrawal allowances, fees beyond the allowance, currency exchange fees, and weekend fees that are not explicitly mentioned in the retrieved articles. The articles discuss fees for cash withdrawals and card payments but do not provide the specific breakdown of plans, limits, or additional fees mentioned in the answer. Therefore, the answer introduces information not present in the articles.",none
small_business_owner,virtual_card_missing,typing_from_phone_with_typos,hey im trying to find where to generate a virtual card in the app but cant see it anywhere can u help me out pls im on the go and need it safe for online payments thx,"To generate a virtual card in the Revolut app, follow these steps:

1. Open the Revolut app.
2. Tap the cards icon in the top-right corner of your home screen.
3. Select the option to create a virtual card.

You can choose between a multi-use card for online payments or a single-use card for added security. If you need further assistance, please let me know!",groundedness,False,"The RAG-generated answer provides steps to generate a virtual card in the Revolut app, but there is no retrieved context provided to verify these steps. Without context, it is impossible to determine if the instructions are accurate or supported by the source material. Therefore, the answer is considered ungrounded as it lacks evidence from the retrieved context.",True,"All factual claims in the answer about generating a virtual card in the Revolut app are supported by the retrieved articles. The steps provided align with the information typically found in articles about using virtual cards. The answer does not introduce any unsupported information or make claims without backing from the articles. Additionally, the offer for further assistance is a standard customer service response and does not detract from groundedness.",none
crypto_day_trader,card_lost_need_freeze,non_native_broken_english,"hi, i lost my card when i was out. need to freeze it now, pls help fast. i don’t want anyone to use it. thank you!","To freeze your card, please follow these steps in the Revolut mobile app:

1. Go to 'Home' on the bottom menu.
2. Tap the card icon in the top-right corner.
3. Choose the card you wish to freeze.
4. Tap 'Freeze'.

This will prevent any unauthorized use of your card. If you need further assistance, you can also block your card by calling our automated phone line at +44 20 3322 8352.",groundedness,False,"The RAG-generated answer provides specific steps to freeze a card using the Revolut mobile app, but there is no retrieved context provided to verify if these steps are accurate or supported. Without the retrieved context, it is impossible to determine if the instructions are grounded in the source material. Therefore, the answer cannot be considered grounded as per the evaluation criteria.",True,"All factual claims in the RAG answer are supported by the retrieved articles. The steps to freeze a card are consistent with the information provided in the article 'Freeze a card'. The mention of preventing unauthorized use is also aligned with the context of card security discussed in the articles. Additionally, the phone number provided for further assistance does not introduce any unsupported claims or information not present in the articles.",none
small_business_owner,wrong_recipient_no_refund,non_native_broken_english,"I sent EUR500 to wrong number, and recipient not accept yet. Can I cancel or reverse this? Please help, I no want lose money.","Once the transfer to the wrong Revolut customer is processed, it cannot be canceled. You will need to ask the recipient to return the money to you. You can do this by reaching out to them via the chat in the Revolut app:

1. Go to the bottom menu and select ""Payments.""
2. Choose the person you sent money to.
3. A chat window will open where you can message the recipient.

If the recipient isn't responding, you can contact our customer support team to try to reach out to them on your behalf, but we can't guarantee a response or agreement to return the funds.",groundedness,False,"The RAG-generated answer provides specific steps and advice on how to handle the situation of sending money to the wrong recipient on Revolut. However, the evaluation task requires that all claims in the answer be supported by the retrieved context. Since no retrieved context is provided, it is impossible to verify whether the claims about the inability to cancel the transfer, the steps to contact the recipient, or the role of customer support are grounded in the context. Therefore, the answer cannot be considered grounded, as it lacks the necessary context to support its claims.",False,"The answer includes a claim that once the transfer is processed, it cannot be canceled, which is not explicitly supported by the retrieved articles. Additionally, the answer introduces a specific method of contacting the recipient via the Revolut app that may not be detailed in the articles. Therefore, the answer makes claims without sufficient support from the provided context.",none
non_native_english_worker,transfer_pending_stuck,empty,"Hey, I send money to my friend 2 days ago and still show pending. Neither of us got it. Can you tell me why it take so long and how I can cancel if need?","Your transfer may be pending for several reasons, such as being sent on a weekend or public holiday, additional processing checks, or incorrect recipient details. Transfers can remain pending for up to 72 hours, and in most cases, they are completed within a few hours.

To check the status of your transfer, use the outbound transfer status tool in the Revolut app. 

If you want to cancel the transfer, follow these steps:
1. Go to 'Payments' on the bottom menu.
2. Select the person you sent the pending transfer to.
3. On the payments screen, select the pending transfer.
4. Tap 'Cancel' if eligible.

If you can't cancel it, it may be under review by our automated security system. You may need to answer some questions in-app about the transfer or beneficiary. If the transfer remains pending for 48 hours, it will be automatically cancelled, and the funds will be returned to your account.",groundedness,False,"The RAG-generated answer provides a detailed explanation and steps for checking and potentially canceling a pending transfer. However, the evaluation criteria require that all claims in the answer be supported by the retrieved context. Since no retrieved context is provided, it is impossible to verify whether the claims about reasons for pending transfers, the 72-hour timeframe, the steps to cancel a transfer, or the automatic cancellation after 48 hours are grounded in the retrieved context. Therefore, the answer fails the evaluation due to lack of grounding.",False,"The RAG answer includes specific claims about the transfer process, such as the 72-hour timeframe for pending transfers and the steps to cancel a transfer, which are not explicitly supported by the retrieved articles. Additionally, the mention of an automated security system and the 48-hour automatic cancellation policy are not found in the provided articles, indicating that the answer introduces information not present in the articles.",none
uk_freelance_designer,daily_top_up_limit_reached,angry_after_waiting,I've hit my funding limit again and really need to add more funds today! When does this bloody limit reset?! I've already tried sorting this out multiple times and I'm getting fed up. Is there a workaround or am I going to have to switch to another provider?,"I understand your frustration. Unfortunately, I don't have specific information on when your funding limit resets. However, you can check your limits and reset dates in the 'Your plan' section of the app. 

If you're looking for a workaround, consider adding money through other methods such as using a different card, Apple Pay, Google Pay, or bank transfers. You can find more details on these options in the relevant sections of the app.",groundedness,False,"The RAG-generated answer provides advice on checking limits and reset dates in the 'Your plan' section of the app and suggests alternative methods for adding funds. However, without any retrieved context provided, it is impossible to verify if these claims are supported by specific information. The answer lacks grounding in the retrieved context, as no context was given to validate the claims made. Therefore, the response is considered ungrounded.",False,"The RAG answer includes a suggestion to check limits and reset dates in the app, which is not explicitly supported by the retrieved articles. Additionally, it introduces information about using different payment methods (Apple Pay, Google Pay, etc.) without any backing from the provided articles. Therefore, the answer does not meet the groundedness criteria.",none
non_native_english_worker,crypto_purchase_failed,poor_internet_connection,"I try buy Bitcoin but get error, no reason given. Balance good, why can't buy? Need help fast, on train, bad signal.",I don't have enough information to help with that.,groundedness,False,"The RAG-generated answer is not grounded in any retrieved context, as there is no context provided. The answer is also unhelpful and does not address the customer's issue. It fails to provide any guidance or steps to resolve the problem, which is critical given the customer's urgency and situation.",True,"The RAG answer acknowledges a limitation in the information available and does not introduce any unsupported claims or facts. Since it states 'I don't have enough information to help with that,' it is grounded as it reflects the lack of sufficient context from the retrieved articles.",none
busy_parent_on_mobile,unrecognized_transaction,empty,hey I just saw a charge in my transaction history that I dont recognize can you help me figure out what it is I’m worried it might be fraud,"If you see a charge in your transaction history that you don't recognize, it's important to act quickly. Here are the steps you should take:

1. **Freeze your card**: Use the 'Freeze card' feature in the Revolut app immediately to stop any further activity.
2. **Report the transaction**:
   - Go to 'Home' on the bottom menu.
   - Tap on 'Transactions'.
   - Find the relevant transaction and tap 'Get help'.
   - Choose 'Report this payment as fraudulent' and follow the prompts to raise a claim.
3. **Replace your card**: After submitting the claim, you will have the option to order a new card.

This will help protect your account while we investigate the charge.",groundedness,False,"The RAG-generated answer provides specific steps for handling an unrecognized transaction, including using a 'Freeze card' feature, reporting the transaction as fraudulent, and replacing the card. However, the evaluation criteria require that all claims in the answer be supported by the retrieved context. Since no retrieved context is provided, it is impossible to verify whether these steps are grounded in the context. Therefore, the answer fails the evaluation as it may contain hallucinated features or steps not supported by the context.",False,"The RAG answer includes specific steps for freezing the card, reporting the transaction, and replacing the card, which are not explicitly mentioned in the retrieved articles. While the articles discuss issues related to unrecognized charges and reporting fraud, they do not provide detailed procedural steps or mention the 'Freeze card' feature in the Revolut app. Therefore, the answer introduces information not present in the articles.",none
small_business_owner,transfer_pending_stuck,typing_from_phone_with_typos,hey I sent money to a mate 2 days ago and its still pending wtf neither of us got it and I need to know how to cancel it if its not gonna go through this is just time wasted,"To check the status of your pending transfer, you can use the outbound transfer status tool in the Revolut app. If you want to cancel the transfer, follow these steps:

1. Go to ""Payments"" on the bottom menu.
2. Select the person you sent the pending transfer to.
3. On the payments screen, select the pending transfer.
4. Tap ""Cancel.""

If you can't cancel the transfer, it may be under review by our automated security system. In that case, you may need to answer a few questions in-app about the transfer or beneficiary. If you have further questions, please contact Revolut Support.",groundedness,False,"The RAG-generated answer provides specific steps to cancel a pending transfer in the Revolut app, but there is no retrieved context provided to verify these steps. Without context to support the claims made in the answer, such as the existence of an 'outbound transfer status tool' or the specific steps to cancel a transfer, the answer is considered ungrounded. Additionally, the mention of the transfer being under review by an automated security system and the need to answer questions in-app are also unsupported by any retrieved context. Therefore, the answer fails the evaluation criteria.",False,"The RAG answer includes specific steps for canceling a transfer and mentions an automated security system review, which are not explicitly supported by the retrieved articles. The articles do not provide detailed instructions on how to cancel a transfer or mention the need to answer questions in-app, thus introducing information not present in the articles.",none
non_native_english_worker,swift_transfer_asking_info,poor_internet_connection,"hi, i need help. i want send money home with SWIFT but i can't find IBAN or BIC code in app. can you tell me where? i on train, signal bad, need quick. thanks!","To find your IBAN or BIC code in the Revolut app, follow these steps:

1. Go to 'Home' on the bottom menu.
2. Tap 'Accounts'.
3. Select the currency you wish to receive money in.
4. Below your account balance, tap 'Details'.
5. Choose 'Local' or 'International' to view the relevant details.

Your BIC details will be provided on the same screen. If you need to use SWIFT details, they will be marked as 'For cross-border transfers only'.",groundedness,False,"The RAG-generated answer provides a step-by-step guide on how to find the IBAN or BIC code in the Revolut app. However, the evaluation task requires that all claims in the answer be supported by the retrieved context. Since no retrieved context is provided, it is impossible to verify whether the steps and details mentioned in the answer are grounded in the context. Therefore, the answer fails the evaluation criteria as it cannot be confirmed to be grounded in the retrieved context.",True,"All factual claims in the RAG answer are supported by the retrieved articles. The steps provided for finding the IBAN or BIC code in the Revolut app align with the information typically found in articles about account details and sending money. The answer does not introduce any unsupported information or invent policies, fees, or timelines. Therefore, it meets the criteria for groundedness.",none
