persona_id,problem_id,modifier_id,query,answer,criterion,gold_passed,gold_reasoning,judge_passed,judge_reasoning,human_override
gig_economy_courier,crypto_purchase_failed,poor_internet_connection,"hey, im trying to buy Bitcoin but getting some error, no clue why. balance is good, what’s blocking me? please help fast, i have no signal here.","There could be several reasons why you're unable to buy Bitcoin despite having a good balance. Here are some steps you can take:

1. **Check Card Details**: Ensure that your card details are correct and try again.
2. **3DS Authentication**: Verify if 3DS authentication is working correctly in your banking app.
3. **Payment Attempts**: If you've made multiple unsuccessful attempts, your card may be temporarily blocked. This can happen due to payment processing rules and may last up to 30 days.
4. **Different Card**: If possible, try using a different card to make the purchase.
5. **Account Balance**: Ensure that you have sufficient funds in your account.

If none of these steps resolve the issue, please reach out to us when you have a better signal for further assistance.",actionability,True,"The RAG-generated answer provides a clear and step-by-step guide for the customer to troubleshoot the issue of not being able to buy Bitcoin. It suggests checking card details, verifying 3DS authentication, considering the possibility of a temporary card block due to multiple unsuccessful attempts, trying a different card, and ensuring sufficient account balance. Each step is actionable and specific, allowing the customer to follow the instructions unambiguously. While it does not provide detailed instructions on where to click or what to select, the guidance is appropriate given the context of the query and the customer's limited signal situation.",False,"The RAG answer provides several potential steps to take, but it lacks a specific, actionable next step that the user can immediately follow. The suggestions are somewhat vague and do not guide the user on what to do next in a clear manner. For example, it does not instruct the user to tap a specific button or contact a specific support channel right away. Additionally, it suggests reaching out for further assistance but only when the user has a better signal, which does not provide immediate actionability.",none
small_business_owner,exchange_rate_markup_question,empty,"Hey, I noticed the exchange rate in the app is different from what I see on Google or Reuters. Does Revolut add a markup on these rates? I need to be sure for my supplier payments.","Revolut offers competitive exchange rates based on data from multiple independent sources. However, there is a difference between the buy and sell prices, known as the spread, which includes a mark-up applied by Revolut per order. This means that the rates you see in the app may differ from those on Google or Reuters due to this mark-up.

Before making any exchanges, you can review the rate and any applicable fees in the app. To check the current exchange rates, you can go to the currency converter on our website or within the app by adding the Watchlist widget.",actionability,True,"The RAG-generated answer provides actionable and specific guidance. It explains that Revolut applies a mark-up, which accounts for the difference in rates compared to Google or Reuters. The answer also instructs the customer on how to review the rate and any applicable fees before making exchanges, and it provides clear directions on where to check the current exchange rates, specifically mentioning the currency converter on the website or the app's Watchlist widget. This guidance is clear, step-by-step, and allows the customer to follow the instructions unambiguously.",False,"The RAG answer explains the difference in exchange rates and mentions reviewing rates and fees in the app, but it does not provide a specific, actionable next step for the user. It lacks concrete guidance on what exactly to tap or where to go in the app to resolve their concern about supplier payments.",none
frequent_traveler,card_not_working_abroad,typing_from_phone_with_typos,hey my card just got declined in thailand and im not sure if its frozen or a merchant issue i havent changed any settings can u help me out quick? thanks!,"To determine if your card is frozen or if it's a merchant issue, follow these steps:

1. **Check for a Declined Payment**: Open your Revolut app, go to your transactions list, and tap 'See all' below your most recent transactions. Look for the declined payment and check the 'Status' section for details.

2. **Complete the In-App Questionnaire**: If your transaction was flagged by our security system, you may need to complete an in-app questionnaire. Access it by going to the home page of your app and tapping the relevant tile, or through any push notification or email you received.

3. **If Your Card is Frozen**: If your card is frozen, all payments will be declined until you confirm the transaction was made by you. If you recognize the payment, mark it as such to unfreeze your card.

4. **Merchant Issues**: If the payment is declined due to merchant restrictions or technical issues, you can reach out to the merchant directly. If you need further assistance, you can fill out this form [here](https://app.revolut.com/form/13ef84b4-1e3b-48eb-0030e7e08adc?faqEntryPoint=question.why-has-my-card-payment-been-declined) to help us contact the merchant.

If you still have issues after these steps, please let me know!",actionability,True,"The RAG-generated answer provides clear, step-by-step instructions for the customer to determine whether their card is frozen or if the issue is with the merchant. It specifies where to check for declined payments in the Revolut app, what to do if the card is frozen, and how to address potential merchant issues. The guidance is actionable and specific, allowing the customer to follow the instructions unambiguously. No critical information is missing, and the customer is directed to further assistance if needed.",True,"The RAG answer provides specific, actionable next steps for the user. It instructs the user to check their transactions in the app, complete an in-app questionnaire if necessary, and explains how to unfreeze their card if it is frozen. Additionally, it offers guidance on how to contact the merchant and provides a link to a form for further assistance. This clear guidance allows the user to know exactly what actions to take next.",none
small_business_owner,suspicious_activity_notification,poor_internet_connection,"got a push notif about suspicious activity but no details. is my account safe?? can’t check much right now, on train. need quick help.","To ensure your account is safe, I recommend you reach out to Revolut Support via the in-app chat as soon as you can. They can confirm whether the notification about suspicious activity is legitimate and provide further assistance. In the meantime, if you feel your account may be compromised, you can freeze your card in the app by tapping the card icon in the top right corner and selecting 'Freeze'.",actionability,True,"The RAG-generated answer provides clear and actionable guidance. It instructs the customer to contact Revolut Support via the in-app chat for confirmation and further assistance, which is specific and direct. Additionally, it offers a step-by-step instruction on how to freeze the card in the app, specifying where to tap and what to select. This ensures the customer can follow the instructions unambiguously, even while on a train and unable to check much.",True,"The RAG answer provides specific, actionable next steps for the user. It instructs the user to reach out to Revolut Support via the in-app chat and explains how to freeze their card by tapping the card icon in the app. This guidance is concrete and directly addresses the user's need for quick help regarding their account safety.",none
non_native_english_worker,verify_identity_failed,angry_after_waiting,"I sent documents for verification but got rejected again! No reason given, what wrong? I'm tired of this! Need fix now or I close my account!","It sounds like your document may not have met the verification criteria. To successfully pass verification, ensure that your identity document is:

- A supported identity document type
- Not handwritten
- Not expired, damaged, or hard to read
- Matches the personal information in your Revolut account

Please check the documents you submitted against these criteria. If you need to resubmit, follow the in-app prompts to provide any missing information. If you continue to face issues, consider reaching out to Revolut Support via the in-app chat for further assistance.",actionability,True,"The RAG-generated answer provides clear and actionable guidance by listing specific criteria that the customer's document must meet to pass verification. It advises the customer to check their documents against these criteria and suggests resubmitting them if necessary. Additionally, it offers a clear next step by recommending contacting Revolut Support via the in-app chat if issues persist. The instructions are specific and unambiguous, allowing the customer to follow them effectively.",True,"The RAG answer provides specific, actionable next steps for the user. It outlines the criteria for acceptable documents and instructs the user to check their submitted documents against these criteria. Additionally, it advises the user to follow in-app prompts for resubmission and suggests contacting Revolut Support via in-app chat if issues persist. This guidance is concrete and directs the user on what to do next.",none
crypto_day_trader,account_limit_reached_warning,empty,"Hey, I’m trying to top up my account but it’s saying I hit my limit. What’s the limit and how do I increase it? I need to get my funds in asap!","The top-up limits for your account are set by our automated security system and can vary based on your financial history. Generally, you can make up to 10 card top-ups within a 24-hour period. If you're a new customer (within 30 days of joining), your limit is £3,000 (or currency equivalent) within a 24-hour period.

To increase your limit, you may need to submit additional documentation if you reach your annual top-up limit. You can check your specific limits and reset dates in the 'Your plan' section of the app.

If you're facing a temporary block on your top-up, it could be due to reasons like insufficient funds or security concerns. You can try using a different card or methods like Apple Pay or Google Pay to add funds.",actionability,False,"The RAG-generated answer provides some information about the top-up limits and potential reasons for a block, but it lacks specific, actionable steps for the customer to follow. It mentions checking limits in the 'Your plan' section of the app but does not provide detailed instructions on how to navigate there. Additionally, the advice to use a different card or payment method is vague and does not guide the customer on how to proceed with these alternatives. The response also fails to address how to submit additional documentation to increase the limit, leaving the customer without clear steps to resolve their issue.",False,"The RAG answer provides information about the top-up limits and potential reasons for the block, but it lacks a specific, actionable next step for the user. While it mentions checking limits in the 'Your plan' section of the app, it does not clearly instruct the user on what to do next to resolve their issue or how to submit additional documentation. The guidance is too vague and does not provide a concrete action for the user to take immediately.",none
small_business_owner,card_not_working_abroad,non_native_broken_english,My card not working in Thailand. I did not change anything. Is it frozen or problem with store? Please help fast.,"To determine why your card isn't working in Thailand, please check the transactions list in your app for any declined transactions. Simply tap the failed transaction to see the decline reason and find relevant troubleshooting tips. 

If the issue persists, it could be due to regional restrictions or a problem with the merchant. You may want to try using your card at a different store or payment terminal. If you suspect your card might be frozen or blocked, you can also check the card settings in the app. 

If you need further assistance, please reach out to the merchant first, or you can fill out the form to raise your case directly with them.",actionability,False,"The RAG-generated answer provides some actionable steps, such as checking the transactions list in the app and examining card settings. However, it lacks specific instructions on how to navigate the app to find these features, which could be confusing for the customer. Additionally, the advice to 'reach out to the merchant first' is not practical for resolving card issues, as the merchant typically cannot assist with card settings or account status. The suggestion to 'fill out the form to raise your case directly with them' is vague, as it does not specify where or how to access this form. Overall, the guidance is not sufficiently clear or detailed for the customer to follow unambiguously.",False,"The RAG answer provides some guidance on checking transactions and suggests trying a different store, but it lacks a clear, actionable next step. While it mentions checking the app and reaching out to the merchant, it does not specify exactly what to tap or upload, nor does it provide a direct contact method for support. The instructions are somewhat vague and do not lead to a concrete action the user can take immediately.",none
student_abroad,apple_pay_not_working,angry_after_waiting,"hey, i'm really frustrated! i keep trying to add my revolut card to apple pay but it keeps saying error! it works fine for normal purchases, so wtf is going on? i've called support a few times and got nowhere! pls help me fix this or i'll just switch to another bank!","To successfully add your Revolut card to Apple Pay, please ensure the following:

1. Your account is fully verified.
2. Your account balance isn't negative.
3. You are using a supported card type (Visa or Mastercard).
4. You don't have the same card digitized on too many devices.
5. The card you're trying to add isn't frozen or terminated.

If you've checked all these and still face issues, I recommend trying again or contacting your external bank for further assistance.",actionability,False,"The RAG-generated answer provides a list of potential issues but lacks specific, actionable steps for the customer to follow. It does not include detailed instructions on how to verify the account, check the card type, or ensure the card isn't frozen. Additionally, the advice to 'try again' or contact an 'external bank' is vague and not helpful, as the customer has already contacted support multiple times without resolution. The response fails to guide the customer through a clear troubleshooting process or provide specific actions to resolve the issue.",False,"The RAG answer provides a list of checks to perform but does not give a specific, actionable next step for the user to take. It suggests contacting the external bank for further assistance, but it lacks concrete guidance on how to resolve the issue directly with Apple Pay or what specific action to take next. Therefore, the user does not leave with a clear next step.",none
non_native_english_worker,atm_withdrawal_fee_unknown,angry_after_waiting,"Hey, I withdraw cash in Spain and got fee! This not what you say before! I call many times, no help! How this fee works? I need fix now or I close account!","When you withdraw cash, you may incur fees based on your plan's limits. Each plan has a specific number of fee-free withdrawals or a cash withdrawal limit per month:

- Standard: £200 (or 5 withdrawals)
- Plus: £200
- Premium: £400 
- Metal: £800 
- Ultra: £2,000

After exceeding these limits, a 2% or £1 fair usage fee applies. Additionally, ATMs may charge their own fees, which are separate from Revolut's fees. 

To check if Revolut charged you a fee, tap the ATM withdrawal in your transaction history to see the details. If no fee is shown, Revolut did not charge one.

If you need further assistance, please provide more details about your situation.",actionability,True,"The RAG-generated answer provides clear and specific guidance on how the fee system works, including the withdrawal limits for different plans and the potential fees after exceeding those limits. It also explains that ATMs may charge their own fees, which are separate from Revolut's fees. The instructions on how to check if Revolut charged a fee are actionable and specific, directing the customer to tap the ATM withdrawal in their transaction history to see the details. This allows the customer to unambiguously follow the instructions to determine if Revolut charged a fee. The response also invites the customer to provide more details if further assistance is needed, which is a reasonable step for more personalized help.",False,"The RAG answer provides information about the fee structure and how to check for fees in the transaction history, but it does not give a specific, actionable next step for the user to resolve their issue. It lacks concrete guidance on what to do next to fix the problem or who to contact for immediate assistance, making it vague and insufficient for the user's urgent need.",none
student_abroad,pending_verification_too_long,empty,"hey, i finished my verification 3 days ago but my account still says pending, can u pls tell me how long this takes or if there’s a way to speed it up? thx!","Your verification process usually takes up to 1 business day, but it may take up to 7 business days in some cases. Since it's been 3 days, I recommend checking your email and in-app notifications for any updates. If you still see ""pending"" after 7 business days, please contact our support team for assistance.",actionability,True,"The RAG-generated answer provides clear and actionable guidance. It specifies the typical duration of the verification process and advises the customer to check their email and in-app notifications for updates. It also provides a specific next step if the issue persists beyond 7 business days, which is to contact the support team. The instructions are clear and unambiguous, allowing the customer to follow them without confusion.",False,"The RAG answer provides some information about the verification process duration and suggests checking email and in-app notifications, but it lacks a specific, actionable next step for the user. While it mentions contacting support if the status remains 'pending' after 7 business days, it does not provide clear guidance on how to contact support (e.g., a specific button to tap or a link to follow). Therefore, the user does not leave with a concrete next step.",none
small_business_owner,cancel_subscription_not_working,angry_after_waiting,"I've tried to cancel my gym's recurring payment like 5 times now and I can't find the option in the app! This is getting ridiculous, I don't have time for this nonsense! If this isn't sorted out ASAP, I'm seriously considering ditching Revolut for good!","To cancel your gym's recurring payment, please follow these steps:

1. Go to 'Payments' on the bottom menu.
2. Tap on the calendar icon in the top-right corner.
3. View your active Direct Debits or subscriptions.
4. If it's a Direct Debit, tap on it and select 'Cancel future payments.'
5. If it's a subscription, you will need to contact the merchant directly to cancel it, as blocking a subscription in-app does not cancel it.

If you continue to have issues, please reach out to the merchant for further assistance.",actionability,True,"The RAG-generated answer provides clear, step-by-step instructions for the customer to follow in order to cancel their gym's recurring payment. It specifies where to go in the app ('Payments' on the bottom menu), what icon to tap (calendar icon in the top-right corner), and what actions to take depending on whether it's a Direct Debit or a subscription. The guidance is actionable and specific, allowing the customer to follow the instructions unambiguously. Additionally, it advises the customer to contact the merchant directly if it's a subscription, which is necessary information for the customer to resolve their issue.",True,"The RAG answer provides a clear, step-by-step guide for the user to cancel their gym's recurring payment, including specific actions to take within the app. It outlines where to navigate (Payments, calendar icon) and what to do (tap to cancel Direct Debits or contact the merchant for subscriptions), giving the user concrete next steps to resolve their issue.",none
crypto_day_trader,exchange_rate_markup_question,typing_from_phone_with_typos,yo why is the exchange rate on revolut diff from google like am i getting rekt here or is there a markup?? trying to figure this out while juggling kids and coffee so plz help me fast thx!,"The exchange rate on Revolut may differ from what you see on Google because Revolut's rates are based on data from multiple independent sources and can vary due to market conditions. Additionally, there is a difference between buy and sell prices, known as a spread, which can include a markup. 

To check the current exchange rates, you can view them in the Revolut app by going to 'Home', scrolling down to '+ Add widgets', and adding the 'Watchlist' widget. This will allow you to monitor the rates for different currencies. 

Before making an exchange, you can review the rate and any applicable fees in the app to ensure you know the total cost.",actionability,True,"The RAG-generated answer provides a clear and actionable explanation for why the exchange rate on Revolut might differ from Google's rate. It explains the concept of market conditions and the spread, which includes a markup. Additionally, it offers specific, step-by-step instructions on how to check the current exchange rates within the Revolut app by adding the 'Watchlist' widget. This guidance is specific and unambiguous, allowing the customer to follow the instructions easily to monitor exchange rates and review any applicable fees before making an exchange.",True,"The RAG answer provides specific, actionable next steps for the user. It instructs the user to open the Revolut app, navigate to 'Home', and add the 'Watchlist' widget to monitor exchange rates. Additionally, it advises the user to review the rates and fees before making an exchange, giving clear guidance on what to do next.",none
gig_economy_courier,atm_withdrawal_fee_unknown,typing_from_phone_with_typos,hey i just took out cash in france and got charged a fee what the heck is that about? i thought revolut was fee free for withdrawals can u explain this?? im in a rush here kids are loud and i need to know fast.,"Revolut does charge fees for cash withdrawals, but these fees depend on your plan and the number of withdrawals you make each month. For example, if you're on the Standard plan, you can withdraw up to £200 or make 5 withdrawals without fees. After that, a 2% or £1 fee applies for each transaction.

Additionally, if you convert your funds at the time of withdrawal, you may incur currency exchange fees. To check if Revolut charged you a fee, tap on the ATM withdrawal in your transactions list in the app. If no fee is shown, then Revolut did not charge you one.

Keep in mind that the ATM itself may also charge its own fees, which should be displayed before you complete the withdrawal.",actionability,True,"The RAG-generated answer provides clear and specific guidance on why the customer might have been charged a fee for cash withdrawals. It explains the fee structure based on the customer's plan and the number of withdrawals, mentions potential currency exchange fees, and advises the customer to check the transaction details in the app to confirm if Revolut charged a fee. Additionally, it informs the customer about possible ATM fees. The instructions are actionable and unambiguous, allowing the customer to understand and verify the charges effectively.",False,"The RAG answer provides some information about fees associated with cash withdrawals but does not give a clear, actionable next step for the user. While it mentions checking the transactions list in the app, it lacks specific guidance on what to do if the user finds a fee or how to resolve the issue quickly. The answer is somewhat vague and does not provide a concrete next step for the user in their urgent situation.",none
gig_economy_courier,apple_pay_not_working,non_native_broken_english,"hi, i try add my revolut card to apple pay but get error msg. it work for buy in shop but not in app. what i do? pls help fast, i need it for work!","To resolve the issue with adding your Revolut card to Apple Pay, please follow these steps:

1. **Verify Your Account**: Ensure your account is fully verified. Cards cannot be added without completing full verification.
2. **Check Account Balance**: Make sure your account balance isn't negative.
3. **Supported Card Type**: Confirm that your card is a supported type (Visa or Mastercard).
4. **Device Limit**: Ensure you don't have the same card added to too many devices.
5. **Card Status**: Make sure the card you're trying to add isn't frozen or terminated.

If you've checked all these and still face issues, try deleting the card from Apple Pay and re-adding it. If the problem persists, consider using another card.",actionability,True,"The RAG-generated answer provides clear, step-by-step instructions that the customer can follow to troubleshoot the issue with adding their Revolut card to Apple Pay. The guidance includes verifying the account, checking the account balance, confirming the card type, ensuring the device limit isn't exceeded, and checking the card status. These steps are specific and actionable, addressing potential causes of the problem. Additionally, the suggestion to delete and re-add the card if issues persist is a common troubleshooting step. The answer does not include vague advice and covers critical information needed to resolve the issue.",False,"The RAG answer provides a list of steps to check but lacks a specific, actionable next step for the user to take immediately. It does not clearly instruct the user on what to tap, upload, or who to contact for further assistance. The guidance is somewhat general and does not lead to a concrete action that the user can take to resolve their issue quickly.",none
student_abroad,unrecognized_transaction,poor_internet_connection,"hey, i saw a charge on my account i don’t remember making, it’s worrying me, pls help me dispute it, can’t really check details right now, on train and signal is bad, thx","To dispute the charge you don't remember making, please follow these steps in your Revolut app:

1. Tap the transaction in your transactions list.
2. Tap 'Get help'.
3. Select the issue that best describes your situation.
4. Complete and submit the form.

If you believe the charge is fraudulent, you can report it as such by selecting 'Report this payment as fraudulent' instead. After submitting, your card will be terminated for security. You can track the progress of your dispute or claim in the app by tapping the disputed transaction.",actionability,True,"The RAG-generated answer provides clear, step-by-step instructions for disputing a charge in the Revolut app. It specifies exactly where to tap and what options to select, ensuring the customer can follow the instructions unambiguously. Additionally, it addresses the possibility of the charge being fraudulent and explains the consequences of reporting it as such. The guidance is actionable and specific, meeting the evaluation criteria.",True,"The RAG answer provides a clear, actionable next step for the user to dispute the charge. It includes specific instructions on what to tap in the app, how to report the issue, and what to expect after submitting the form. This guidance is concrete and directly addresses the user's request for help.",none
frequent_traveler,apple_pay_not_working,angry_after_waiting,"hey, i've tried adding my revolut card to apple pay several times and keep getting an error! it works fine for regular purchases, so what’s the deal? this is super frustrating and if it doesn’t get resolved soon, i might have to consider switching to another provider!","To successfully add your Revolut card to Apple Pay, please ensure the following:

1. Your account is fully verified.
2. Your account balance isn't negative.
3. You are using a supported card type (Visa or Mastercard).
4. You don't have the same card digitalized on too many devices.
5. The card you're trying to add isn't frozen or terminated.

If you've checked all these and are still experiencing issues, try deleting the card from Apple Pay and re-adding it. If the problem persists, please let me know.",actionability,True,"The RAG-generated answer provides actionable and specific guidance to the customer. It lists clear steps to ensure the Revolut card can be added to Apple Pay, such as verifying the account, checking the account balance, ensuring the card type is supported, and confirming the card isn't frozen or terminated. Additionally, it suggests a specific troubleshooting step of deleting and re-adding the card if the initial checks do not resolve the issue. The instructions are clear and step-by-step, allowing the customer to follow them unambiguously.",False,"The RAG answer provides some troubleshooting steps but lacks a clear, actionable next step for the user. While it lists conditions to check, it does not specify what the user should do if they have already checked these conditions and are still facing issues. The suggestion to delete and re-add the card is vague and does not guide the user on how to do this within the Apple Pay interface. Overall, the answer does not provide a concrete next step that the user can easily follow.",none
student_abroad,transfer_pending_stuck,anxious_security_fear,"hey, i sent money to my friend 2 days ago and it’s still pending. neither of us got it, which is kinda sketchy tbh. i heard about scams and now i’m worried. can you pls help me understand this delay and how to cancel if i need to? i don’t trust the automated stuff right now, need a human to check this out. thx!","Your transfer may still be pending for several reasons, such as being sent on a weekend, additional processing checks, or incorrect recipient details. Transfers can remain pending for up to 72 hours, and in most cases, they will eventually be marked as completed.

To check the status of your transfer, you can use the outbound transfer status tool in the Revolut app. If you want to cancel the transfer, follow these steps:

1. Go to Payments on the bottom menu.
2. Select the person you sent the pending transfer to.
3. On the payments screen, select the pending transfer.
4. Tap 'Cancel' if it's eligible for cancellation.

If you can't cancel it, it may be under review by our automated security system. In that case, you will need to wait for the review to complete before cancellation is possible.

If you suspect fraud, please secure your account by freezing your card and report the transfer as fraud through the app. Go to 'Home', select the transfer in question, tap 'Get help', and choose 'Report this transfer as fraud'.

If you have further concerns, please contact Revolut Support for assistance.",actionability,True,"The RAG-generated answer provides clear, step-by-step instructions for checking the status of the transfer and attempting to cancel it. It specifies where to navigate within the app and what actions to take, such as going to 'Payments', selecting the recipient, and tapping 'Cancel' if eligible. Additionally, it addresses the customer's concern about potential fraud by advising them to secure their account and report the transfer as fraud through the app. The response also suggests contacting Revolut Support for further assistance, covering all aspects of the customer's query comprehensively and unambiguously.",True,"The RAG answer provides specific, actionable next steps for the user, including detailed instructions on how to check the status of the transfer, how to cancel it if eligible, and what to do if they suspect fraud. The guidance is concrete and clear, allowing the user to know exactly what actions to take next.",none
non_native_english_worker,weekend_transfer_fee,angry_after_waiting,"I send money home on Saturday and got charged fee! Why weekend matter for fee?! I call support many times, no answer! I need fix this now or I close account!","The fee you were charged for sending money home on Saturday is due to weekend fees that apply to exchanges made between 5pm Friday and 6pm Sunday, Eastern Time (ET). For Standard customers, this fee is 1%, and for Plus customers, it is 0.5%. Premium, Metal, and Ultra customers do not incur additional fees on weekends. 

You can check your fees and allowance reset dates in the 'Your plan' section of the app. If you need further assistance, please try reaching out to support again.",actionability,False,"The RAG-generated answer provides some information about the fee structure, but it lacks actionable, specific guidance for the customer to resolve their issue. The advice to 'try reaching out to support again' is vague and does not offer a clear, step-by-step solution. Additionally, the response does not address the customer's frustration with not being able to reach support or provide alternative methods for contacting support, such as an email address or a live chat option. The instructions to check fees in the app are also not detailed enough, as they do not specify where exactly in the app the 'Your plan' section can be found or how to navigate to it. Therefore, the response fails to meet the evaluation criteria for providing unambiguous and actionable guidance.",False,"The RAG answer explains the reason for the fee but does not provide a specific, actionable next step for the user to take. It mentions checking fees in the app and trying to contact support again, but these are vague and do not guide the user on what to do next to resolve their issue immediately.",none
gig_economy_courier,joint_account_not_allowed,non_native_broken_english,"hi, i want to share my account with my wife but i see Revolut dont offer this. what can i do? can i have another way to share money with her? pls help fast, i need it for my work.","You can open a Joint account with your wife to share money. Here are the steps to set it up:

1. Ensure both of you are at least 18 years old and have personal Revolut accounts that have passed identity verification.
2. Confirm that you both live in the same country and belong to the same Revolut entity.
3. Add your wife as a contact if she isn't already.
4. In the app, go to 'Home' on the bottom menu.
5. Below your balance, tap 'Accounts' and then 'Add new'.
6. Select 'Joint' and follow the instructions. Your wife will need to accept your invitation.

This will allow both of you to manage and spend money from the Joint account.",actionability,False,"The RAG-generated answer suggests opening a Joint account, which is not a feature currently offered by Revolut. Therefore, the instructions provided are not actionable or accurate. The customer cannot follow these steps as they do not align with the actual capabilities of Revolut. The response fails to address the customer's query with a viable solution, such as suggesting alternative methods like setting up recurring transfers or using shared vaults if available.",True,"The RAG answer provides a clear and specific set of actionable steps for the user to open a Joint account with their wife. It includes concrete guidance on what to do next, such as ensuring both parties meet the age and verification requirements, adding the wife as a contact, and navigating the app to set up the account. This meets the criteria for actionability.",none
student_abroad,business_account_upgrade_question,typing_from_phone_with_typos,hey can u tell me when i should upgrade to a biz acct my freelance income is growing and i need to kno what changes that means for fees and stuff thx!,"You should consider upgrading to a Revolut Business account if your freelance income is growing significantly, as it offers advanced features tailored for businesses, such as team cards, automated payments, and multi-user access. 

To upgrade, follow these steps in the main Revolut app:
1. Tap your profile icon in the top-left corner.
2. Select 'Your plan'.
3. Tap 'See plans'.
4. Choose your desired plan and follow the prompts to complete the upgrade.

Keep in mind that fees and terms apply, so it's a good idea to review those before making the switch. If you need more specific information about fees, I don't have enough information to help with that.",actionability,False,"The RAG-generated answer provides some actionable steps for upgrading to a Revolut Business account, but it lacks specific information about the changes in fees and terms associated with the upgrade, which was a key part of the customer's query. The answer mentions that fees and terms apply but does not provide any details or guidance on where to find this information. Additionally, the response states that it doesn't have enough information to help with specific fees, which leaves the customer's query about changes in fees unaddressed. Therefore, the answer is incomplete and does not fully meet the customer's needs for specific guidance on fees and changes associated with upgrading.",True,"The RAG answer provides a clear, actionable next step for the user to upgrade to a Revolut Business account, including specific instructions on how to navigate the app. The user knows exactly what to tap and where to go, fulfilling the criteria for actionability. Although it mentions that fees and terms apply, it still guides the user on the upgrade process.",none
frequent_traveler,daily_top_up_limit_reached,empty,"hey, i hit my funding limit and need to add more funds today. when does it reset? is there any way to work around this?","Your funding limit resets on a rolling monthly basis, based on the day your current price plan began. To check your exact limit refresh date and remaining allowance, tap your profile icon in the top-left corner, select ""Your plan,"" and look under the 'Your limits' section.

Unfortunately, there is no workaround for exceeding your funding limit. I don't have enough information to help with that.",actionability,True,"The RAG-generated answer provides clear and specific guidance on how to check the funding limit reset date and remaining allowance. It instructs the customer to tap the profile icon, select 'Your plan,' and look under the 'Your limits' section, which are actionable and unambiguous steps. Although it mentions there is no workaround for exceeding the funding limit, this is a factual statement and not a failure in providing guidance. The response meets the evaluation criteria by offering clear, step-by-step instructions without missing critical information.",True,"The RAG answer provides a specific, actionable next step by instructing the user to tap their profile icon, select 'Your plan,' and check the 'Your limits' section for their funding limit reset date and remaining allowance. This guidance is concrete and directs the user on what to do next.",none
non_native_english_worker,cancel_subscription_not_working,poor_internet_connection,"hi, i try cancel gym payment, but no option in app. can’t find it, help pls. i on train, bad signal, need fix fast.",I don't have enough information to help with that.,actionability,False,"The RAG-generated answer does not provide any actionable or specific guidance to the customer. It lacks clear, step-by-step instructions on how to cancel the gym payment. The response is vague and does not address the customer's request for help in finding the cancellation option in the app. Critical information, such as where to click or what to select, is missing, making it impossible for the customer to follow any instructions.",False,"The RAG answer does not provide any specific, actionable next steps for the user to take regarding canceling the gym payment. It lacks guidance on what to do next, leaving the user without a clear path to resolve their issue.",none
uk_freelance_designer,suspicious_activity_notification,poor_internet_connection,"Hey, I got a push notification about suspicious activity on my account but no details. I'm on the train, so can’t check properly. Is my account safe? Cheers.",I don't have enough information to help with that.,actionability,False,"The RAG-generated answer does not provide any actionable or specific guidance to the customer. It simply states a lack of information without offering any steps or advice on what the customer should do next. The response fails to address the customer's concern about the security of their account and does not guide them on how to verify or secure their account, such as suggesting checking the account when possible, contacting customer support, or using any available security features. Therefore, it does not meet the evaluation criteria for providing clear, step-by-step instructions.",False,"The RAG answer does not provide any specific, actionable next steps for the user. It fails to guide the user on what to do next regarding their account security, leaving them without clear instructions or options to address their concern.",none
frequent_traveler,crypto_purchase_failed,poor_internet_connection,"hey, trying to buy bitcoin but getting a generic error. i’ve got enough balance. what’s blocking the purchase? on a train and signal is weak, plz help.","If you're getting a generic error while trying to buy Bitcoin, here are some steps you can try:

1. **Check your card details**: Ensure that all card information is correct and try again.
2. **3DS Authentication**: Make sure that 3DS authentication is working correctly in your banking app.
3. **Purchase from the Crypto section**: If you have a Revolut account, try purchasing crypto directly from the 'Crypto' section using your account balance.

If none of these steps resolve the issue, please reach out to us for further assistance.",actionability,False,"The RAG-generated answer provides some steps, but they are not entirely actionable or specific to the customer's situation. The customer mentioned having a weak signal, which could be the primary issue, but this is not addressed. Additionally, the steps provided are somewhat vague, such as 'Check your card details' and 'Make sure that 3DS authentication is working correctly,' without specific instructions on how to verify these. The advice to purchase from the 'Crypto' section is more specific but assumes the customer is using Revolut, which may not be the case. Overall, the response lacks clarity and specificity needed for the customer to follow the instructions unambiguously.",False,"The RAG answer provides some steps to try, but it lacks a specific, actionable next step that the user can take immediately. The suggestions are somewhat vague and do not clearly guide the user on what to do next, especially considering the user's weak signal situation. The answer does not provide a direct action like tapping a specific button or contacting a specific support channel, which is necessary for it to be considered actionable.",none
non_native_english_worker,card_not_working_abroad,angry_after_waiting,"My card decline in Thailand! I not change any settings! I already wait on hold many times, no help! Is my card frozen or merchant problem? I need money send home, fix this now or I close account!","Your card may be declined due to our security system identifying potential fraud, or it could be a merchant issue. To check if your card is frozen, please complete the in-app questionnaire. You can access it by going to the home page of your Revolut app and tapping the relevant tile. 

If the transaction is blocked due to a potential scam, you can unblock the merchant after completing the questionnaire. If you don't see the declined transaction in your app, it could be due to merchant restrictions or technical issues on their side. 

If you need further assistance, you can fill out this form to raise your case directly with the merchant: [Merchant Case Form](https://app.revolut.com/form/13ef84b4-1e3b-48eb-8e8b-0030e7e08adc?faqEntryPoint=question.declined-payment-is-not-visible-in-transactions-list). 

Please take these steps to resolve the issue.",actionability,True,"The RAG-generated answer provides clear and actionable guidance. It explains that the card may be declined due to security measures or merchant issues and provides specific steps to check if the card is frozen by completing an in-app questionnaire. It also offers a solution if the transaction is blocked due to a potential scam and provides a direct link to a form for raising a case with the merchant if needed. The instructions are specific and include where to find the necessary options in the app, making it easy for the customer to follow.",True,"The RAG answer provides specific, actionable next steps for the user. It instructs the user to complete an in-app questionnaire to check if the card is frozen and explains how to access it. Additionally, it offers guidance on unblocking the merchant if the transaction is blocked due to potential fraud. Furthermore, it includes a direct link to a form for raising a case with the merchant, giving the user clear actions to take to resolve their issue.",none
crypto_day_trader,business_account_upgrade_question,anxious_security_fear,"hey, I’ve been getting these fraud warnings and I’m super paranoid about my funds. my freelance income is growing and I need to know when I should upgrade to a business account. what changes come with it? I don’t want to risk getting rekt, so pls send a human to help me out fast!",I don't have enough information to help with that.,actionability,False,"The RAG-generated answer does not provide any actionable or specific guidance to the customer. It fails to address the customer's concerns about fraud warnings, the benefits of upgrading to a business account, or how to proceed with such an upgrade. The response lacks any instructions or steps that the customer can follow, making it unhelpful and failing the evaluation criteria.",False,"The RAG answer does not provide any specific, actionable next steps for the user. It fails to guide the user on what to do next regarding their concerns about fraud warnings and upgrading to a business account. Instead, it states a lack of information, leaving the user without clear guidance or actions to take.",none
student_abroad,payment_declined_large_amount,empty,"hey, i tried to buy something big but my card got declined even tho i have enough in my account. can u pls tell me why? thx!","Your card may have been declined for several reasons, even if you have enough funds in your account. Here are some things to check:

1. **Currency Account Balance**: Ensure that your card is linked to a currency account with sufficient funds. If it's linked to an account with a low balance, the payment will be declined. You can check this by selecting the card → tapping 'Settings' → 'Spend from'.

2. **Pocket Balance**: If your card is linked to a Pocket, make sure that Pocket has enough funds. You can check your Pocket balance by tapping on 'Accounts' below your balance and going to 'Pockets'.

3. **Security System**: Your transaction might have been flagged by our security system as a potential fraud. If this is the case, you will need to complete an in-app questionnaire to review the payment.

4. **Merchant Issues**: Sometimes, the merchant may have restrictions or technical issues that prevent the transaction from going through. If you can't see the declined payment in your app, it may be due to these reasons.

To troubleshoot further, you can check your transaction details by tapping 'See all' below your recent transactions and selecting the declined payment to view the 'Status' section. If you need more assistance, consider reaching out to the merchant or filling out the relevant forms provided in the app.",actionability,True,"The RAG-generated answer provides actionable and specific guidance to the customer. It outlines several potential reasons for the card decline and offers clear, step-by-step instructions on how to check each possibility. The instructions include specific actions such as checking the currency account balance, verifying the Pocket balance, and reviewing transaction details. Additionally, it suggests completing an in-app questionnaire if the transaction was flagged by the security system and advises contacting the merchant if necessary. The guidance is comprehensive and allows the customer to troubleshoot the issue effectively.",True,"The RAG answer provides specific, actionable next steps for the user, including checking the currency account balance, verifying the Pocket balance, completing an in-app questionnaire for security issues, and checking transaction details. Each step includes clear instructions on where to tap or what to check, making it actionable and concrete.",none
frequent_traveler,swift_transfer_asking_info,empty,"hey, i need to make an international transfer via swift but i can't find my iban or bic code in the app. can you help me with that?","To find your IBAN and BIC code for an international transfer via SWIFT in the Revolut app, please follow these steps:

1. Go to 'Home' on the bottom menu.
2. Tap 'Accounts'.
3. Select the currency you wish to receive money in.
4. Below your account balance, tap 'Details'.
5. Choose 'International' to view your SWIFT details, which will include your BIC.

Make sure to share these details with the sender or sender bank for the transfer.",actionability,True,"The RAG-generated answer provides clear, step-by-step instructions on how to find the IBAN and BIC code in the Revolut app. Each step is specific and actionable, guiding the customer through the process without ambiguity. The instructions include where to navigate in the app and what options to select, ensuring the customer can follow them unambiguously to achieve their goal.",True,"The RAG answer provides a clear, step-by-step guide on how to find the IBAN and BIC code in the app. It specifies exactly where to tap and what to select, giving the user a concrete next step to take in order to complete their international transfer.",none
non_native_english_worker,unrecognized_transaction,anxious_security_fear,"Hey, I see charge in my history I no remember making. I worried about fraud, can you help me? I hear many scams lately, need to dispute this charge. Please, I need human support, not auto reply. Security so important!","To dispute a charge you don't remember making, please follow these steps in the Revolut app:

1. Go to 'Home' on the bottom menu.
2. Select the transaction in question from your transactions list.
3. Tap 'Get help'.
4. Choose 'Report this payment as fraudulent'.
5. Follow the steps to raise a claim.

Additionally, it's important to secure your account by freezing your card. You can do this by tapping the card icon in the top-right corner, selecting the card you want to freeze, and tapping 'Freeze'. 

If you suspect fraud, please stop all communication with any potential scammer and consider reporting the matter to the police. We'll get in touch with you as soon as possible regarding your claim.",actionability,True,"The RAG-generated answer provides clear, step-by-step instructions for disputing a charge in the Revolut app. It specifies exactly where to go in the app ('Home' on the bottom menu), what to select (the transaction in question), and the actions to take ('Get help', 'Report this payment as fraudulent'). Additionally, it includes instructions on how to secure the account by freezing the card, with specific steps on how to do so. The advice is actionable and specific, allowing the customer to follow the instructions unambiguously. No critical information is missing, and the guidance is directly relevant to the customer's concern about potential fraud.",True,"The RAG answer provides a clear, actionable next step for the user to dispute the charge, including specific instructions on how to navigate the app. It also includes guidance on securing the account by freezing the card, which is relevant to the user's concern about fraud. The steps are concrete and direct, ensuring the user knows exactly what to do next.",none
student_abroad,crypto_withdrawal_pending,non_native_broken_english,"hi, i send crypto to external wallet 12 hours ago and its still pending. i worry it lost and i need help pls. thx","To check the status of your pending crypto withdrawal, please follow these steps:

1. Go to 'Crypto' on the bottom menu.
2. Scroll to the transactions list or select the crypto you withdrew.
3. Find your withdrawal transaction and tap on it to see the reason why it's pending.

Your withdrawal could be pending for several reasons, such as internal assessment, broadcasting to the network, or waiting for confirmation on-chain. If the transaction is shown as completed on the blockchain explorer but the funds have not arrived in your receiving wallet, you may need to contact the provider of that wallet for further support.",actionability,True,"The RAG-generated answer provides clear, step-by-step instructions for the customer to check the status of their pending crypto withdrawal. It specifies where to navigate ('Crypto' on the bottom menu), what to look for (transactions list or specific crypto), and what action to take (tap on the transaction to see the reason for pending status). Additionally, it offers further guidance on what to do if the transaction is completed on the blockchain but not received, advising the customer to contact the receiving wallet provider. The instructions are specific and actionable, allowing the customer to follow them unambiguously.",True,"The RAG answer provides specific, actionable steps for the user to check the status of their pending crypto withdrawal. It clearly instructs the user to go to 'Crypto', scroll to the transactions list, and tap on the relevant transaction to see the reason for the pending status. Additionally, it advises the user to contact the wallet provider if the transaction is completed on the blockchain but the funds have not arrived, giving them a concrete next step to take.",none
frequent_traveler,card_lost_need_freeze,anxious_security_fear,"hey, i lost my revolut card while traveling and i need to freeze it ASAP. i’m really concerned about security after hearing about scams lately. can you help me with this or do i have to deal with the bot?","To freeze your Revolut card, follow these steps:

1. Open the Revolut mobile app.
2. Go to 'Home' on the bottom menu.
3. Tap the card icon in the top-right corner.
4. Choose the card you wish to freeze.
5. Tap 'Freeze'.

Alternatively, if you still have access to your account, you can also freeze your card by:

1. Tapping your profile icon in the top-left corner.
2. Selecting 'Security' and then 'Lost card'.
3. Selecting the card and tapping 'Freeze'.

If you don't have access to your account, you can report a lost device by visiting [this link](https://app.revolut.com/lost-device) and following the on-screen instructions.

If you need further assistance, feel free to reach out to support@revolut.com.",actionability,True,"The RAG-generated answer provides clear, step-by-step instructions on how to freeze a Revolut card using the mobile app. It includes specific details on where to navigate within the app and what options to select. Additionally, it offers an alternative method for freezing the card if the customer has access to their account and provides a link for reporting a lost device if the customer cannot access their account. The response also includes a contact email for further assistance, ensuring comprehensive guidance for the customer's situation.",True,"The RAG answer provides clear, actionable steps for the user to freeze their Revolut card, including specific instructions on how to navigate the app. It also offers an alternative method for reporting a lost device if the user doesn't have access to their account, and provides a contact email for further assistance. This meets the criteria for actionability as the user knows exactly what to do next.",none
non_native_english_worker,card_not_working_abroad,poor_internet_connection,"card declined in Thailand, not change settings. is my card frozen or merchant problem? signal bad, no time for chat. pls help fast!","If your card is declined in Thailand, it could be due to several reasons, such as a merchant issue or regional restrictions. Since you mentioned you can't change settings and have a bad signal, I recommend reaching out to the merchant first. If they can't assist you, tap the declined transaction in your app and select 'Troubleshoot my declined transaction' for further help.

If your card is frozen, all payments will be declined until you complete the in-app questionnaire. You can access this by going to the home page of your Revolut app and tapping the relevant tile. If you confirm the payment was made by you, your card will be unfrozen.

If you need to check for card damage or other issues, you can also tap the failed transaction in your transactions list for more details.",actionability,True,"The RAG-generated answer provides clear and actionable guidance for the customer. It outlines specific steps to troubleshoot the declined transaction, such as tapping the declined transaction in the app and selecting 'Troubleshoot my declined transaction.' It also explains what to do if the card is frozen, including completing an in-app questionnaire. The instructions are detailed enough for the customer to follow without ambiguity, and no critical information is missing.",True,"The RAG answer provides specific, actionable next steps for the user. It instructs the user to reach out to the merchant first, tap the declined transaction in their app, and select 'Troubleshoot my declined transaction.' Additionally, it guides the user on how to unfreeze their card by completing the in-app questionnaire and accessing the relevant tile in the app. This guidance is concrete and clear, allowing the user to know exactly what actions to take next.",none
frequent_traveler,business_account_upgrade_question,anxious_security_fear,"hey, i got a fraud warning recently and i'm super cautious now. my freelance income is growing and i'm wondering when i should upgrade to a business account and what changes that brings? i really need to make sure my funds are secure, so could a human help me with this?",I don't have enough information to help with that.,actionability,False,"The RAG-generated answer does not provide any actionable or specific guidance to the customer's query. It fails to address the customer's concerns about upgrading to a business account, the changes it brings, or how to ensure the security of their funds. The response lacks any instructions or steps that the customer can follow, making it unhelpful and vague. Additionally, it does not offer to connect the customer with a human representative, which was explicitly requested.",False,"The RAG answer does not provide any specific, actionable next steps for the user. It lacks guidance on what to do next regarding upgrading to a business account or securing funds, and it does not suggest contacting support or any other concrete actions.",none
crypto_day_trader,exchange_rate_markup_question,empty,"why is the exchange rate in the app different from what I see on Google? are you guys adding a markup or what? this is making me feel rekt, I need to know!","The exchange rate in the Revolut app may differ from what you see on Google because Revolut offers competitive rates based on data from multiple independent sources. Additionally, the difference between buy and sell prices is called a spread, which includes a market spread and any mark-up applied by Revolut. 

Before making an exchange, you can review the rate, any fees, and the total cost in the app. If you have further concerns about specific charges, please check the payment confirmation screen for the live exchange rate and any applicable fees.",actionability,True,"The RAG-generated answer provides a clear explanation of why the exchange rate in the app might differ from Google's rate, mentioning the use of multiple independent sources and the concept of a spread. It also gives actionable guidance by advising the customer to review the rate, fees, and total cost in the app before making an exchange. Additionally, it suggests checking the payment confirmation screen for the live exchange rate and any applicable fees, which is specific and actionable advice. The instructions are clear and allow the customer to follow them unambiguously.",False,"The RAG answer explains the reason for the difference in exchange rates but does not provide a specific, actionable next step for the user. It mentions reviewing rates and fees in the app, but it lacks concrete guidance on what to tap or where to go within the app to find this information. The user is left without a clear action to take.",none
uk_freelance_designer,atm_withdrawal_fee_unknown,empty,"Hi there, I just withdrew some cash while abroad and noticed a fee that I wasn't expecting. Can you explain how your fee structure works for international withdrawals? Cheers!","When you withdraw cash while abroad, you may incur fees based on your plan and the amount you withdraw. Here’s a breakdown of the fee structure for international withdrawals:

1. **Cash Withdrawal Fee**: All ATM withdrawals are subject to a cash withdrawal fee. Depending on your plan, you can make a certain number of fee-free withdrawals each month:
   - Standard: £200 (or 5 withdrawals)
   - Plus: £200
   - Premium: £400
   - Metal: £800
   - Ultra: £2,000
   After exceeding this limit, a fee of 2% or £1 (whichever is greater) applies.

2. **Currency Exchange Fees**: If you convert money before withdrawing or if Revolut converts it for you at the time of withdrawal, you may be subject to currency exchange fees if you exceed your monthly allowance:
   - Standard: 1% over £1,000
   - Plus: 0.5% over £3,000
   - Premium, Metal, and Ultra: no additional exchange fees.

3. **Weekend Fees**: If you make exchanges on weekends (from 5pm Friday to 6pm Sunday ET), you may incur additional fees based on your plan:
   - Standard: 1%
   - Plus: 0.5%
   - Premium, Metal, and Ultra: no additional fees.

To check if a fee was charged for your withdrawal, tap the ATM withdrawal in your transactions list in the app. If no fee is shown, then Revolut did not charge one.",actionability,True,"The RAG-generated answer provides a detailed breakdown of the fee structure for international withdrawals, including specific limits and fees associated with different plans. It also offers clear instructions on how to verify if a fee was charged by directing the customer to check the ATM withdrawal in their transactions list in the app. The guidance is actionable and specific, allowing the customer to understand the fee structure and verify charges unambiguously.",True,"The RAG answer provides a specific, actionable next step by instructing the user to 'tap the ATM withdrawal in your transactions list in the app' to check if a fee was charged. This gives the user a clear action to take regarding their inquiry about fees.",none
gig_economy_courier,subscription_charge_dispute,typing_from_phone_with_typos,hey I just cancelled my Netflix but got charged again this month what’s going on?? I need a refund and make sure it doesn’t happen again plz I’m busy with kids and can’t deal with this now,I don't have enough information to help with that.,actionability,False,"The RAG-generated answer does not provide any actionable or specific guidance to the customer. It fails to address the customer's issue of being charged after cancellation and does not offer any steps to resolve the problem or obtain a refund. The response lacks clarity, specificity, and any form of instruction that the customer can follow to address their concern.",False,"The RAG answer does not provide any specific, actionable next steps for the user. It fails to guide the user on how to obtain a refund or prevent future charges, leaving them without a clear course of action.",none
gig_economy_courier,exchange_rate_markup_question,poor_internet_connection,"hey, why is the exchange rate in app different from google? is there markup?? im on train and need to know fast, pls help!","The exchange rate in the Revolut app may differ from Google because Revolut uses variable rates set based on data from multiple independent sources. Additionally, there is a difference between buy and sell prices, known as a spread, which includes a mark-up applied by Revolut. You can view the current rates and any applicable fees in the app before making an exchange.",actionability,False,"The RAG-generated answer provides a general explanation of why the exchange rate might differ but lacks actionable, specific guidance. It does not include step-by-step instructions on how to view the current rates and applicable fees in the app. The customer is left without clear directions on where to click or what to select within the app to find the information they need. This lack of specificity makes it difficult for the customer to follow the instructions unambiguously, especially given their urgent need for information while on a train.",False,"The RAG answer explains why the exchange rate differs but does not provide a specific, actionable next step for the user. It lacks concrete guidance on what the user should do next, such as where to tap in the app to view the current rates or how to check for applicable fees.",none
small_business_owner,atm_withdrawal_fee_unknown,anxious_security_fear,"I just withdrew cash while abroad and got hit with a fee I wasn't expecting. Can you explain how these fees work? I’ve been hearing about scams and I need to be sure my money’s safe. Please get back to me ASAP, I can’t afford surprises right now.","When you withdraw cash while abroad, you may incur fees based on your plan. All ATM withdrawals are subject to a cash withdrawal fee, which is waived for a certain number of withdrawals each month, depending on your plan:

- Standard: £200 (or 5 withdrawals)
- Plus: £200
- Premium: £400
- Metal: £800
- Ultra: £2,000

After exceeding these limits, a 2% or £1 fair usage fee applies. Additionally, each ATM may charge its own fees, which are separate from Revolut's fees.

To avoid unexpected fees, it's recommended to convert your funds to the local currency before making a withdrawal and to decline any currency conversion offered by the ATM. If you're unsure whether Revolut charged a fee, you can check your transaction history in the app.

If you have further concerns about scams or the safety of your money, I don't have enough information to help with that.",actionability,False,"The RAG-generated answer provides some information about the fees associated with withdrawing cash abroad, including the limits and fees for different plans. However, it lacks specific, actionable guidance on how to check for fees in the app, such as where to click or what to select. Additionally, the response does not address the customer's concern about scams and the safety of their money, which was a significant part of the query. The advice to convert funds to local currency and decline ATM currency conversion is helpful but not detailed enough to be considered step-by-step instructions. Overall, the response is missing critical information and does not fully address the customer's concerns.",False,"The RAG answer provides information about fees and how they work, but it does not give the user a specific, actionable next step. While it mentions checking transaction history in the app, it lacks clear guidance on what to do next regarding the unexpected fee or how to ensure the safety of their money. The user is left without a concrete action to take, making the response vague and not actionable.",none
crypto_day_trader,weekend_transfer_fee,poor_internet_connection,"yo, made a transfer on Sat and got charged a fee?? why does weekend matter? this is so frustrating, pls explain quickly, signal is weak here!","Transfers made on weekends may incur additional fees depending on your plan. For Standard customers, there's a 1% fee on exchanges made between 5pm Friday and 6pm Sunday (Eastern Time). Plus customers face a 0.5% fee, while Premium, Metal, and Ultra customers do not pay extra fees on weekends. You can check your specific fees and allowances in the 'Your plan' section of the app.",actionability,True,"The RAG-generated answer provides specific and actionable guidance regarding the fees associated with weekend transfers. It clearly explains the fee structure based on the customer's plan and directs the customer to check their specific fees and allowances in the 'Your plan' section of the app. This information is clear and allows the customer to understand why they were charged a fee and how to verify their plan details, meeting the evaluation criteria for actionable and specific guidance.",False,"The RAG answer explains the fee structure for weekend transfers but does not provide a specific, actionable next step for the user. It mentions checking the 'Your plan' section of the app, but it lacks concrete guidance on how to access that section or what to do if the user has further questions or issues. Therefore, the user does not leave with a clear next step.",none
non_native_english_worker,crypto_withdrawal_pending,non_native_broken_english,"Hi, I sent crypto to wallet 12 hours ago, but still pending. I worry it lost. Can you help me?","To check the status of your pending crypto withdrawal, please follow these steps:

1. Go to 'Crypto' on the bottom menu of your app.
2. Scroll to the transactions list or select the specific crypto you withdrew.
3. Find your withdrawal transaction and tap on it to see the reason why it's pending.

Your withdrawal could be pending due to internal assessment, broadcasting to the network, or confirmation on-chain. If the transaction is shown as completed on the blockchain explorer but the funds haven't arrived in your receiving wallet, you may need to contact the provider of that wallet for further support.",actionability,True,"The RAG-generated answer provides clear, step-by-step instructions for the customer to check the status of their pending crypto withdrawal. It specifies where to navigate in the app ('Crypto' on the bottom menu), what to look for (transactions list or specific crypto), and what action to take (tap on the transaction to see the reason for the pending status). Additionally, it offers further guidance on what to do if the transaction is completed on the blockchain but not reflected in the receiving wallet, advising the customer to contact the wallet provider. The instructions are specific and actionable, allowing the customer to follow them unambiguously.",True,"The RAG answer provides a clear, actionable next step by outlining specific instructions for the user to check the status of their pending crypto withdrawal. It details where to go in the app ('Crypto' on the bottom menu), what to look for (transactions list or specific crypto), and what to do next (tap on the withdrawal transaction). Additionally, it advises the user to contact the wallet provider if the transaction is completed on the blockchain but not received, which gives them a concrete action to take if needed.",none
small_business_owner,swift_transfer_asking_info,poor_internet_connection,how do i find the IBAN and BIC for a SWIFT transfer? app isn't showing it and i'm on a train. need this sorted quick.,"To find your IBAN and BIC for a SWIFT transfer, follow these steps:

1. Go to 'Home' on the bottom menu of your app.
2. Tap 'Accounts'.
3. Select the currency you wish to receive money in.
4. Below your account balance, tap 'Details'.
5. Choose 'International' to view your IBAN and BIC.

Make sure to share these details with the sender or sender bank. If you need to provide intermediary bank details, you can find the correspondent bank's BIC on the same details screen.",actionability,True,"The RAG-generated answer provides clear, step-by-step instructions on how to find the IBAN and BIC for a SWIFT transfer using the app. Each step is specific, detailing exactly where to navigate within the app, which options to select, and what information will be displayed. The guidance is actionable and unambiguous, allowing the customer to follow the instructions without confusion. Additionally, it includes a note on sharing these details with the sender or sender bank, which is relevant to the customer's query.",True,"The RAG answer provides a clear, step-by-step guide for the user to find their IBAN and BIC within the app. It specifies exactly where to tap and what to select, ensuring the user knows what actions to take next. Additionally, it includes guidance on sharing the details with the sender, which is actionable and relevant to the user's query.",none
student_abroad,weekend_transfer_fee,angry_after_waiting,"hey, i made a transfer on saturday and got hit with a fee but idk why weekends matter! i’ve called before and no one could explain it, this is so frustrating! if i don't get a clear answer soon, i might just close my account!","Transfers made on weekends may incur fees due to the lack of processing during that time. For Standard customers, this fee is 1% on all exchanges made between 5pm Friday and 6pm Sunday, Eastern Time (ET). Plus customers are charged 0.5%, while Premium, Metal, and Ultra customers do not face additional weekend fees. You can check your specific fees and allowance in the 'Your plan' section of the app.",actionability,True,"The RAG-generated answer provides specific and actionable guidance by explaining the reason for the fee and detailing the fee structure based on the customer's plan. It also directs the customer to check their specific fees and allowances in the 'Your plan' section of the app, which is a clear and unambiguous instruction. The response addresses the customer's frustration by providing a clear explanation and a specific action they can take to verify their fees.",False,"The RAG answer provides information about the fees associated with weekend transfers but does not give the user a specific, actionable next step. It explains the fee structure and where to find more information in the app, but it does not instruct the user on what to do next, such as contacting support for a clearer explanation or how to address their frustration. Therefore, it lacks concrete guidance for the user.",none
busy_parent_on_mobile,transfer_pending_stuck,empty,hey I sent money to my friend 2 days ago and its still pending neither of us got it what’s going on can I cancel it if its not going through,"Your transfer may be pending for several reasons, such as being sent on a weekend, additional processing checks, or incorrect recipient details. Transfers can remain pending for up to 72 hours. You can track the status of your transfer using the outbound transfer status tool in the Revolut app.

If you want to cancel the transfer, you can check if it's eligible for cancellation by following these steps:
1. Go to Payments on the bottom menu.
2. Select the person you sent the pending transfer to.
3. On the payments screen, select the pending transfer.
4. Tap 'Cancel'.

If you can't cancel it, it may be under review by our automated security system, and you'll need to wait until the review is complete.",actionability,True,"The RAG-generated answer provides clear and specific guidance on how to track the status of the transfer and check if it is eligible for cancellation. The instructions are step-by-step, detailing exactly where to go in the app and what actions to take. The response also explains potential reasons for the pending status and what to do if the transfer cannot be canceled, making it comprehensive and actionable for the customer.",True,"The RAG answer provides a clear, actionable next step for the user to take in order to cancel the pending transfer. It includes specific instructions on how to navigate the app (go to Payments, select the recipient, select the pending transfer, and tap 'Cancel'). This guidance is concrete and allows the user to know exactly what to do next.",none
gig_economy_courier,account_limit_reached_warning,typing_from_phone_with_typos,hey i can’t top up more money my account limit is blocking me idk what the limit is or how to up it plz help im in a rush running late for a delivery!,"It seems your account may have a temporary block on top-ups due to reasons like insufficient funds or security concerns. Unfortunately, I can't provide the exact limit or how to increase it. I recommend contacting your bank or card issuer for more details on the block.

In the meantime, you can try adding money using a different card, or through methods like Apple Pay, Google Pay, or bank transfers. For more information on adding money, you can refer to the relevant sections in the app.",actionability,False,"The RAG-generated answer does not provide actionable, specific guidance. It suggests contacting the bank or card issuer but does not provide any steps on how to do so. Additionally, it vaguely suggests using a different card or payment method without explaining how to set these up or use them. The advice lacks specific instructions or steps that the customer can follow to resolve their issue quickly, especially given their urgency.",False,"The RAG answer does not provide a specific, actionable next step for the user. While it suggests contacting the bank or card issuer, it lacks concrete guidance on how to resolve the issue directly related to the account limit. The mention of alternative payment methods is vague and does not directly address the user's urgent need to top up their account. Overall, the response fails to give clear instructions on what the user should do next.",none
frequent_traveler,card_not_working_abroad,anxious_security_fear,"hey, my card just got declined while I'm in thailand, and i haven't changed any settings. did you freeze my card for security reasons or is it a merchant issue? i'm really cautious with all these scams lately, so i need this sorted fast. can i get human support on this?","Your card may have been declined due to our security system identifying potential fraud, which can happen even if you haven't changed any settings. To resolve this, please complete the in-app questionnaire by going to the home page of your Revolut app and tapping the relevant tile. 

If you want to get human support, you can fill out this form to help us reach out to the merchant: [Declined Payment Form](https://app.revolut.com/form/13ef84b4-1e3b-48eb-8e8b-0030e7e08adc?faqEntryPoint=question.why-has-my-card-payment-been-declined). 

If you need further assistance, tap the declined payment in your transactions list to see more details and select 'Get help' for additional support.",actionability,True,"The RAG-generated answer provides clear and actionable guidance. It explains that the card may have been declined due to security reasons and directs the customer to complete an in-app questionnaire by specifying where to find it in the Revolut app. Additionally, it provides a link to a form for reaching out to the merchant and instructs the customer on how to access further assistance by tapping the declined payment in the transactions list and selecting 'Get help'. The instructions are specific and step-by-step, allowing the customer to follow them unambiguously.",True,"The RAG answer provides specific, actionable next steps for the user. It instructs the user to complete an in-app questionnaire by navigating to the home page and tapping the relevant tile. Additionally, it offers a direct link to a form for human support regarding the merchant issue. The answer also guides the user to tap on the declined payment in their transactions list for further assistance, ensuring the user knows exactly what actions to take.",none
small_business_owner,business_account_upgrade_question,anxious_security_fear,"Hey, I've been getting these fraud warnings and I'm worried about my account security. My freelance income is growing and I'm wondering when I should upgrade to a business account and what changes I can expect. I need a clear answer fast, don’t trust automated replies.","To upgrade to a business account, consider doing so when your freelance income is consistently growing and you need features tailored for business transactions. 

When you upgrade, you can expect changes such as the ability to accept payments, manage business expenses, and access additional financial tools. However, if your Pro account is under review or you can't accept payments, it may require additional information about your business or identity. Make sure to check for any notifications in your app or emails regarding this.

If you have concerns about account security due to fraud warnings, remember to never click on unsolicited links and always verify communications directly through the Revolut app or website.",actionability,False,"The RAG-generated answer provides some general advice on when to upgrade to a business account and mentions potential changes, but it lacks specific, actionable steps for the customer to follow. It does not provide detailed instructions on how to upgrade, such as where to click or what to select within the app or website. Additionally, while it advises on account security, it does not offer specific steps to address the fraud warnings or enhance security. The response is too general and does not meet the criteria for clear, step-by-step guidance.",False,"The RAG answer provides general advice about upgrading to a business account and mentions potential changes, but it lacks a specific, actionable next step for the user. It does not instruct the user on what to tap, upload, or who to contact for immediate assistance regarding the fraud warnings or the account upgrade process. The guidance is too vague and does not give the user a clear path forward.",none
uk_freelance_designer,pending_verification_too_long,typing_from_phone_with_typos,"Hey mate, I did the verification thing 3 days ago but my account still says pending and I can't access all the features, super frustrating. Is there a timeline for this or a way to speed it up? Cheers!","Your verification process typically takes up to 1 business day, but it can take up to 7 business days in some cases. Since it has been 3 days, I recommend being patient as it may still be processing. Unfortunately, there is no way to speed up the verification process. You will receive a notification via email and in-app once it is completed. If you have any specific concerns, you can check your emails for updates or contact customer support through the in-app chat.",actionability,True,"The RAG-generated answer provides clear and actionable guidance. It explains the typical timeline for the verification process and advises the customer to be patient as it may still be processing. It also informs the customer that they will receive a notification via email and in-app once the process is completed. Additionally, it suggests checking emails for updates or contacting customer support through the in-app chat for specific concerns. The instructions are clear and provide specific actions the customer can take, such as checking emails and using the in-app chat, making it easy for the customer to follow.",False,"The RAG answer provides information about the verification timeline and suggests checking emails for updates, but it does not give a specific, actionable next step for the user to take. While it mentions contacting customer support through the in-app chat, it lacks clear guidance on how to initiate that contact or what specific information to provide. Overall, the answer is vague and does not empower the user with a concrete action to resolve their issue.",none
small_business_owner,crypto_withdrawal_pending,anxious_security_fear,"I sent crypto to an external wallet 12 hours ago and it’s still pending. I’m really worried it’s lost or something worse, especially with all the fraud warnings going around. Can someone look into this ASAP? I don’t trust automated responses.","To check the status of your pending crypto withdrawal, follow these steps:

1. Go to 'Crypto' on the bottom menu.
2. Scroll to the transactions list or select the crypto you withdrew.
3. Find your withdrawal transaction and tap on it to see the reason why it's pending.

Your withdrawal could be pending due to internal assessments, broadcasting to the network, or confirmation on-chain. If there are any technical difficulties, you will be notified in-app. If the transaction is confirmed on the blockchain but the funds haven't arrived in your receiving wallet, please reach out to the provider of that wallet for further support.",actionability,True,"The RAG-generated answer provides clear, step-by-step instructions for the customer to check the status of their pending crypto withdrawal. It specifies where to go ('Crypto' on the bottom menu), what to look for (transactions list or the specific crypto), and what to do next (tap on the transaction to see the reason for the pending status). Additionally, it explains possible reasons for the pending status and advises on further steps if the transaction is confirmed on the blockchain but not received. The guidance is actionable and specific, allowing the customer to follow the instructions unambiguously.",True,"The RAG answer provides specific, actionable steps for the user to check the status of their pending crypto withdrawal. It clearly instructs the user to go to 'Crypto', scroll to the transactions list, and tap on the relevant transaction to see the reason for the pending status. Additionally, it advises the user to contact the wallet provider if the transaction is confirmed but the funds haven't arrived, giving them a concrete next step to take.",none
student_abroad,crypto_withdrawal_pending,anxious_security_fear,"hey, i sent some crypto to an external wallet 12 hrs ago and it’s still pending. i’m kinda freaked out since i heard about scams and fraud stuff. is my money lost? pls help me with this, i need to know it’s safe. thx!","Your crypto withdrawal may be pending for several reasons, such as going through internal assessment, broadcasting to the network, or waiting for confirmation on-chain. To check the status of your withdrawal, follow these steps:

1. Go to 'Crypto' on the bottom menu.
2. Scroll to the transactions list or select the crypto you withdrew.
3. Find your withdrawal transaction and tap on it to see the reason why it's pending.

Rest assured, your funds are not lost. If the transaction is shown as completed on the blockchain explorer but hasn't arrived in your receiving wallet, you may need to contact the provider of that wallet for further support.",actionability,True,"The RAG-generated answer provides clear, step-by-step instructions for the customer to check the status of their crypto withdrawal. It specifies where to go ('Crypto' on the bottom menu), what to look for (transactions list or the specific crypto), and what action to take (tap on the transaction to see the reason for the pending status). Additionally, it reassures the customer that their funds are not lost and provides further guidance if the transaction is completed on the blockchain but not received. The instructions are specific and actionable, allowing the customer to follow them unambiguously.",True,"The RAG answer provides specific, actionable next steps for the user to follow in order to check the status of their crypto withdrawal. It clearly instructs the user to go to 'Crypto', scroll to the transactions list, and tap on the withdrawal transaction to see the reason for the pending status. Additionally, it advises the user to contact the wallet provider if the transaction is completed on the blockchain explorer but not received, which gives the user a clear course of action to take.",none
uk_freelance_designer,weekend_transfer_fee,empty,"Hi there, I made a transfer on Saturday and noticed I was charged a fee. Can you explain why the weekend affects this? Cheers!","The fee you noticed for your transfer made on Saturday is likely due to weekend fees. Depending on your plan, you may be charged a fee on all exchanges made on the weekend between 5pm Friday and 6pm Sunday, Eastern Time (ET). For Standard customers, this fee is 1%, and for Plus customers, it is 0.5%. Premium, Metal, and Ultra customers do not incur additional fees on weekends. You can check your specific fees and plan details in the 'Your plan' section of the app.",actionability,True,"The RAG-generated answer provides specific and actionable guidance. It clearly explains the reason for the fee, detailing the different charges based on the customer's plan. It also directs the customer to check their specific fees and plan details in the 'Your plan' section of the app, which is a clear and unambiguous instruction. The answer does not leave any critical information out and allows the customer to understand and verify the fee structure based on their plan.",False,"The RAG answer explains the reason for the fee and provides information about different customer plans, but it does not give the user a specific, actionable next step. It mentions checking the 'Your plan' section of the app, but it lacks concrete guidance on how to do that or what to do if the user has further questions about the fee.",none
student_abroad,pending_verification_too_long,poor_internet_connection,"hey, i did verification 3 days ago but my account still says pending, can't access full features, any idea how long it takes or can i speed it up? thx","Your verification process typically takes up to 1 business day, but it can take up to 7 business days in some cases. Since it's been 3 days, please be patient as it may still be processing. Unfortunately, there is no way to speed up the verification process. You will receive a notification via email and in-app once it's completed.",actionability,True,"The RAG-generated answer provides specific and actionable guidance by informing the customer about the typical and maximum timeframes for the verification process. It clearly states that the process can take up to 7 business days and advises the customer to be patient as it may still be processing. The answer also informs the customer that there is no way to speed up the process and that they will receive a notification via email and in-app once the verification is completed. This information is clear and unambiguous, allowing the customer to understand the situation and what to expect next.",False,"The RAG answer provides information about the typical duration of the verification process and mentions that there is no way to speed it up. However, it does not give the user a specific, actionable next step to take, such as contacting support or checking a specific section of the app for updates. The user is left without clear guidance on what to do next.",none
small_business_owner,account_limit_reached_warning,angry_after_waiting,"I'm really fed up with this! I can't top up my account because of some limit, and I've tried to sort this out already but no luck! What’s the limit and how do I increase it? I need this sorted now or I'm switching providers!","The limit for topping up your Revolut account may depend on your card issuer's monthly limit. For example, if you are in Ukraine, there is a new monthly limit of ₴100,000 for card top-ups due to changes in Visa rules. You should check with your card issuer to understand what transactions count towards this limit.

If you want to increase your limit, you may need to contact your card issuer directly, as Revolut cannot change these limits. Additionally, you can try using a Mastercard for top-ups, as this restriction currently affects only Visa cards. 

To check your specific limits, go to the 'Your plan' section in the app.",actionability,False,"The RAG-generated answer provides some information about potential reasons for the limit and suggests contacting the card issuer, but it lacks specific, actionable steps for the customer to follow. It mentions checking the 'Your plan' section in the app but does not provide detailed instructions on how to navigate there or what to look for. Additionally, the advice to try using a Mastercard is vague and does not guarantee a solution. The response does not address the urgency expressed by the customer or provide a clear path to resolving the issue promptly.",False,"The RAG answer provides some information about the limits and suggests contacting the card issuer, but it lacks a clear, actionable next step for the user. While it mentions checking the 'Your plan' section in the app, it does not specify what the user should do after that or how to contact the card issuer. The guidance is somewhat vague and does not provide a concrete action for the user to take immediately.",none
uk_freelance_designer,cancel_subscription_not_working,anxious_security_fear,"Hi there, I've been trying to cancel my recurring gym payment in the app, but I can't find the option anywhere. With all the recent fraud warnings I've seen, I'm really cautious about this and need to sort it ASAP. Can someone help me with this, or is there a way to speak to a human? Cheers.",I don't have enough information to help with that.,actionability,False,"The RAG-generated answer does not provide any actionable or specific guidance to the customer. It fails to address the customer's query about canceling a recurring gym payment or how to contact a human for assistance. The response lacks any instructions or steps that the customer can follow, making it unhelpful in resolving the issue.",False,"The RAG answer does not provide any specific, actionable next steps for the user. It fails to guide the user on how to cancel the gym payment or how to contact support for assistance. Instead, it simply states a lack of information, leaving the user without a clear direction on what to do next.",none
gig_economy_courier,apple_pay_not_working,empty,"Hej, I try add my Revolut card to Apple Pay but getting error message. It works for normal payments, what’s wrong? Need it for my deliveries!","To successfully add your Revolut card to Apple Pay, please check the following:

1. Ensure your account is fully verified.
2. Make sure your account balance isn't negative.
3. Confirm that you are using a supported card type (Visa or Mastercard).
4. Verify that you don't have the same card digitalized on too many devices.
5. Ensure the card you're trying to add isn't frozen or terminated.

If you've checked all these and are still having issues, try deleting the card and re-adding it.",actionability,True,"The RAG-generated answer provides actionable and specific guidance for the customer to troubleshoot the issue with adding their Revolut card to Apple Pay. The instructions are clear and step-by-step, covering multiple potential issues such as account verification, account balance, card type, digitalization limits, and card status. The suggestion to delete and re-add the card is also specific and actionable. While it doesn't include detailed steps on how to perform each action, the guidance is sufficiently clear for a user familiar with basic app navigation.",False,"The RAG answer provides a list of checks to perform but does not give a specific, actionable next step for the user to take. While it suggests deleting and re-adding the card, it lacks clear guidance on how to do that or where to tap in the Apple Pay interface. The user is left without a concrete action to resolve the issue.",none
non_native_english_worker,weekend_transfer_fee,typing_from_phone_with_typos,"hey, I sent money on Saturday and see fee why weekend matters? I don’t get it, I thought no fees for transfers? I need to send more money home and worry about this.","The fee you see for your transfer is likely due to the weekend timing. For Standard customers, there is a 1% fee on all exchanges made on weekends between 5pm Friday and 6pm Sunday, Eastern Time (ET). Plus customers incur a 0.5% fee during this time. Premium, Metal, and Ultra customers do not have to pay additional fees on weekends.

To avoid fees in the future, consider sending your transfers during the week when there are no additional charges for foreign currency exchanges, up to your monthly allowance based on your plan. You can check your fees and allowance reset dates in the 'Your plan' section of the app.",actionability,True,"The RAG-generated answer provides clear and specific guidance regarding the fees associated with weekend transfers. It explains the fee structure based on the customer's plan and provides actionable advice on how to avoid these fees by making transfers during the week. Additionally, it directs the customer to the 'Your plan' section of the app to check fees and allowance reset dates, which is specific and actionable information. The instructions are clear and unambiguous, allowing the customer to follow them easily.",False,"The RAG answer explains the fee structure and provides information about when to avoid fees, but it does not give the user a specific, actionable next step. It lacks concrete guidance on what the user should do next, such as a specific button to tap or a document to upload. The user is left without a clear next step to resolve their concern about sending more money home.",none
student_abroad,apple_pay_not_working,anxious_security_fear,"hey, i'm trying to add my revolut card to apple pay but keep getting an error msg, it works for normal purchases tho. i just got a fraud warning and i'm super worried about security, can u pls help me figure this out? thx!","To add your Revolut card to Apple Pay successfully, please ensure the following:

1. Your account is fully verified.
2. Your account balance isn't negative.
3. You're using a supported card type (Visa or Mastercard).
4. You don't have the same card digitized on too many devices.
5. The card you're trying to add isn't frozen or terminated.

If you continue to experience issues, try deleting the card from Apple Pay and re-adding it. If you still face problems, I recommend checking your account verification status and ensuring all conditions are met. 

If you have concerns about security due to the fraud warning, please ensure your account is secure and consider contacting support directly for assistance.",actionability,False,"The RAG-generated answer provides some general guidance on potential issues that could prevent adding a Revolut card to Apple Pay, such as account verification and card status. However, it lacks specific, actionable steps for the customer to follow, such as where to check account verification status or how to ensure the card isn't frozen. Additionally, the advice to 'try deleting the card from Apple Pay and re-adding it' is vague without detailed instructions on how to perform these actions. The response also fails to address the customer's concern about the fraud warning in a detailed manner, such as suggesting specific security measures or how to contact support for security issues.",False,"The RAG answer provides some guidance on what to check before adding the card to Apple Pay, but it lacks a specific, actionable next step for the user. While it mentions checking account verification and conditions, it does not clearly instruct the user on what to do next, such as a specific button to tap or a direct contact method for support. The advice is somewhat general and does not provide a concrete next step for the user to follow.",none
non_native_english_worker,instant_transfer_limit_reached,empty,"Hi, I try send money to Ukraine but got message about limit. What limit is and when it reset? Need to know fast, thanks.","The limit you encountered is likely related to the monthly limit of ₴100,000 for card top-ups from Ukraine, which now counts towards this limit due to changes in Visa rules. This limit resets monthly, but you should check with your card issuer for specific details about your transactions and limits. 

If you need to send money to Ukraine, you can also consider using a Mastercard for top-ups or explore other deposit methods. Additionally, you are entitled to one fee-free card transfer to Ukraine per month; subsequent transfers will incur a 1% fee.",actionability,False,"The RAG-generated answer provides some information about the limit and its reset period, but it lacks specific, actionable guidance. It does not offer clear, step-by-step instructions on how to verify or manage the limit, such as where to find this information in the customer's account or app. Additionally, it suggests checking with the card issuer without providing details on how to do so. The advice to consider using a Mastercard or other deposit methods is vague and lacks specific steps or options. Overall, the response does not meet the criteria for clear and unambiguous instructions.",False,"The RAG answer provides information about the limit and alternative methods for sending money, but it does not give the user a specific, actionable next step. It suggests checking with the card issuer but does not specify how to do that (e.g., a phone number, website, or app). The guidance is too vague and does not direct the user to a concrete action they can take immediately.",none
busy_parent_on_mobile,atm_withdrawal_fee_unknown,angry_after_waiting,"I’m really fed up with this! I withdrew cash in Spain and got a fee I didn’t expect! I’ve tried to sort this out before and just wasted time on hold, can you explain the fee structure already or I might have to switch banks!","I understand your frustration regarding unexpected fees for cash withdrawals in Spain. Here’s a breakdown of the fee structure:

1. **Cash Withdrawal Fee**: All ATM withdrawals incur a cash withdrawal fee. Depending on your plan, you have a certain number of fee-free withdrawals each month:
   - Standard: £200 (or 5 withdrawals)
   - Plus: £200
   - Premium: £400
   - Metal: £800
   - Ultra: £2,000
   After exceeding this limit, a 2% fee or £1 (whichever is greater) applies.

2. **ATM Fees**: Be aware that the ATM itself may charge additional fees, which should be displayed before you complete the withdrawal.

3. **Currency Exchange Fees**: If you convert money before withdrawing or if Revolut converts it for you, currency exchange fees may apply if you exceed your fair usage allowance.

4. **Weekend Fees**: If you make exchanges over the weekend, additional fees may apply based on your plan.

To check if you were charged a fee, tap the ATM withdrawal in your transactions list in the app. If no fee is shown, Revolut did not charge one.

You can review your withdrawal allowance and fee structure in the 'Your plan' section of the app. If you have further questions or need assistance, feel free to ask!",actionability,True,"The RAG-generated answer provides a clear and detailed breakdown of the fee structure for cash withdrawals in Spain, addressing the customer's concern about unexpected fees. It specifies the withdrawal limits for different plans and the fees that apply after exceeding these limits. Additionally, it mentions potential ATM and currency exchange fees, as well as weekend fees. The answer also provides actionable guidance on how to check if a fee was charged by instructing the customer to tap the ATM withdrawal in the transactions list in the app. Furthermore, it directs the customer to review their withdrawal allowance and fee structure in the 'Your plan' section of the app. Overall, the instructions are clear, specific, and actionable, allowing the customer to follow them unambiguously.",False,"The RAG answer provides detailed information about the fee structure but lacks a specific, actionable next step for the user. While it mentions checking the transactions list in the app, it does not guide the user on how to resolve their issue or whom to contact for further assistance. The answer is more explanatory than actionable.",none
busy_parent_on_mobile,swift_transfer_asking_info,typing_from_phone_with_typos,hey im trying to do a swift transfer but i cant find my iban or bic code in the app can you help me pls im walking and juggling kids so need this fast thx,"To find your IBAN or BIC code in the Revolut app, follow these steps:

1. Open the Revolut app.
2. Go to 'Home' on the bottom menu.
3. Tap on 'Accounts' under your balance.
4. Select the currency account you want to use for the SWIFT transfer.

Your IBAN and BIC will be displayed there. If you need further assistance, please let me know!",actionability,True,"The RAG-generated answer provides clear, step-by-step instructions on how to find the IBAN and BIC code in the Revolut app. It specifies exactly where to navigate within the app, including which menu options to select. The instructions are actionable and unambiguous, allowing the customer to follow them easily even while multitasking. No critical information is missing, and the response is appropriately tailored to the customer's request for quick assistance.",True,"The RAG answer provides a clear, step-by-step guide on how to find the IBAN and BIC codes in the Revolut app. It specifies exactly where to tap and what to look for, which gives the user a concrete next step to take. The instructions are actionable and tailored to the user's urgent situation.",none
non_native_english_worker,suspicious_activity_notification,non_native_broken_english,"Hey, I get message about suspicious activity in my account but no details. I worry my account is hacked. Can you help me understand what happen?","Your account may be under review due to periodic checks we conduct as a regulated financial institution. During this review, some account activities may be temporarily restricted, and no action is required from you at this stage. If we need additional information, we will reach out to you.

If you suspect any suspicious activity or have received unexpected transfers, please contact our Customer Support team through the in-app chat for further assistance.",actionability,False,"The RAG-generated answer provides some general guidance but lacks specific, actionable steps for the customer to follow. While it mentions contacting Customer Support through the in-app chat, it does not provide detailed instructions on how to access the chat feature. Additionally, the response does not address the customer's concern about potential hacking or provide steps to secure the account, such as changing passwords or checking recent account activity. The advice is too vague and does not meet the criteria for clear, step-by-step instructions.",False,"The RAG answer provides some information about the account review process but lacks a specific, actionable next step for the user. While it mentions contacting Customer Support through the in-app chat, it does not clearly instruct the user to do so or provide guidance on what to say or expect. The answer is somewhat vague and does not give a concrete next step for the user to take immediately.",none
non_native_english_worker,cancel_subscription_not_working,anxious_security_fear,"Hi, I see fraud warning and now I want to cancel gym payment but no option in app. Can you help me? I don’t trust robots, need real person for this. It’s urgent, please!",I don't have enough information to help with that.,actionability,False,"The RAG-generated answer does not provide any actionable or specific guidance to the customer. It fails to address the customer's urgent request for assistance in canceling a gym payment and does not offer any steps or instructions to resolve the issue. The response lacks clarity and does not direct the customer to any alternative methods or contact points for further assistance, such as a customer service hotline or email. Therefore, it does not meet the evaluation criteria for providing clear, step-by-step instructions.",False,"The RAG answer does not provide any specific, actionable next steps for the user. It fails to guide the user on what to do next regarding the cancellation of the gym payment or how to contact a real person for assistance. Instead, it states a lack of information, which does not help the user resolve their urgent issue.",none
crypto_day_trader,atm_withdrawal_fee_unknown,anxious_security_fear,"Hey, I just withdrew cash abroad and got slammed with a fee I wasn’t expecting! Can you explain the fee structure? I’m super cautious after hearing about scams and just wanna make sure my funds are safe. Please get back to me ASAP, I can’t trust automated replies right now!","When you withdraw cash abroad, you may incur fees based on your plan. Here’s a breakdown of the cash withdrawal fees:

- **Standard Plan**: £200 or 5 withdrawals (whichever comes first)
- **Plus Plan**: £200
- **Premium Plan**: £400
- **Metal Plan**: £800
- **Ultra Plan**: £2,000

After reaching your limit, a 2% or £1 fair usage fee applies. Additionally, be aware that ATM providers may charge their own fees, which are separate from Revolut's fees.

To check if a fee was charged by Revolut, you can tap the ATM withdrawal in your transactions list to see the details. If no fee is shown, then Revolut did not charge one.

If you have concerns about scams or your funds' safety, you can secure your account by freezing your card in the app.",actionability,True,"The RAG-generated answer provides a clear and specific breakdown of the cash withdrawal fees based on different plans, which directly addresses the customer's query about the fee structure. It also gives actionable guidance on how to verify if a fee was charged by Revolut by instructing the customer to tap the ATM withdrawal in their transactions list to see the details. Additionally, it addresses the customer's concern about scams and fund safety by suggesting a specific action to secure the account, which is to freeze the card in the app. The instructions are clear, step-by-step, and do not contain vague advice, allowing the customer to follow them unambiguously.",True,"The RAG answer provides specific, actionable next steps for the user. It instructs the user to tap the ATM withdrawal in their transactions list to check for fees, which is a clear action. Additionally, it advises the user to freeze their card in the app if they have concerns about scams, offering concrete guidance on how to secure their account. This meets the criteria for actionability.",none
non_native_english_worker,apple_pay_not_working,poor_internet_connection,"I try add my Revolut card to Apple Pay but get error message. Card works fine for buying stuff. I'm on train now, signal bad, help fast please!","To successfully add your Revolut card to Apple Pay, please check the following:

1. Ensure your account is fully verified.
2. Make sure your account balance isn't negative.
3. Confirm that you are using a supported card type (Visa or Mastercard).
4. Ensure that the card is not frozen or terminated.
5. Check that you don't have the same card added to too many devices.

If you've checked all these and still face issues, try deleting the card from Apple Pay and re-adding it.",actionability,False,"The RAG-generated answer provides a list of potential issues but lacks specific, actionable steps that the customer can follow to resolve the problem. It does not include detailed instructions on how to verify the account, check the card status, or manage devices in Apple Pay. Additionally, the advice to 'try deleting the card from Apple Pay and re-adding it' is vague without guidance on how to perform these actions, especially considering the customer's poor signal and need for quick assistance.",False,"The RAG answer provides a list of checks to perform but does not give a specific, actionable next step for the user to take immediately. It lacks concrete guidance on what to do next, especially considering the user's urgency and poor signal. The user is left without a clear action to resolve the issue quickly.",none
frequent_traveler,wrong_recipient_no_refund,typing_from_phone_with_typos,"hey, i just sent 500eur to the wrong number and the person hasn’t accepted it yet can i cancel or reverse that? thx!","Once the transfer to the wrong Revolut customer is processed, it cannot be canceled. Since the recipient hasn't accepted it yet, you should reach out to them via the chat in the Revolut app to request a return of the funds. 

To use the chat:
1. Go to the bottom menu and select ""Payments.""
2. Choose the person you sent money to.
3. A chat window will open for you to message them.

If they don't respond, you can contact our customer support team for assistance, but we can't guarantee a response or agreement to return the funds.",actionability,True,"The RAG-generated answer provides clear and actionable guidance for the customer. It specifies that the transfer cannot be canceled once processed but offers a step-by-step method to contact the recipient via the Revolut app chat. The instructions on how to access the chat are detailed and unambiguous, allowing the customer to follow them easily. Additionally, it advises contacting customer support if the recipient does not respond, which is a reasonable next step. The response does not contain vague advice and includes all necessary information for the customer to attempt to resolve the issue.",True,"The RAG answer provides a specific, actionable next step by instructing the user to reach out to the recipient via the chat in the Revolut app. It includes concrete guidance on how to access the chat feature, detailing the steps to take within the app. Additionally, it mentions contacting customer support if necessary, which gives the user a clear course of action to follow.",none
non_native_english_worker,weekend_transfer_fee,non_native_broken_english,"Hi, I send money to Ukraine Saturday and I see fee. Why weekend matter? I don’t understand. Can you help?","The fee you see for your transfer to Ukraine may be due to weekend fees. If you sent the money on Saturday, it falls within the weekend timeframe (5pm Friday to 6pm Sunday, Eastern Time). Depending on your plan, you could be charged a fee: 1% for Standard customers and 0.5% for Plus customers. Premium, Metal, and Ultra customers do not incur additional weekend fees. You can check your plan details in the 'Your plan' section of the app.",actionability,True,"The RAG-generated answer provides specific and actionable guidance. It explains the reason for the fee, specifies the timeframe for weekend fees, and details the fee structure based on the customer's plan. Additionally, it directs the customer to check their plan details in the 'Your plan' section of the app, which is clear and unambiguous. The customer can follow these instructions to understand and verify the fees applied to their transaction.",False,"The RAG answer explains the reason for the fee and provides information about different customer plans, but it does not give the user a specific, actionable next step. It mentions checking the plan details in the app, but it lacks concrete guidance on how to do that or what to tap on in the app. Therefore, the user does not leave with a clear next step.",none
non_native_english_worker,payment_declined_large_amount,anxious_security_fear,"Hi, I try buy something big with my card but it decline. I have money, why it not work? I hear about scams, I worry my money safe. Can I talk to real person? Please help.","Your payment may have been declined due to restrictions set by the merchant, technical issues on their side, or our security system identifying potential fraud. To check the reason for the decline, open your transactions list in the app, tap the declined payment, and view the details in the 'Status' section.

If you believe the decline is due to fraud prevention, you can complete the in-app questionnaire to review the payment. Access it from the home page of your Revolut app or through any push notification or email you received.

If you need further assistance, you can fill out this form to reach out to the merchant directly: [Merchant Contact Form](https://app.revolut.com/form/13ef84b4-1e3b-48eb-8e8b-0030e7e08adc?faqEntryPoint=question.why-has-my-card-payment-been-declined).

Unfortunately, I cannot provide direct contact with a real person.",actionability,False,"The RAG-generated answer provides some actionable steps, such as checking the transaction details in the app and completing an in-app questionnaire. However, it fails to address the customer's request to speak with a real person, which was a significant part of the query. Additionally, the response includes a link to a merchant contact form, which may not be relevant to the customer's issue with their card being declined. The instructions are not entirely clear or step-by-step, as they do not guide the customer through the app navigation process in detail. The response lacks empathy and reassurance regarding the customer's concern about scams and the safety of their money.",True,"The RAG answer provides specific, actionable next steps for the user. It instructs the user to open their transactions list in the app, tap the declined payment, and view the details. It also guides the user to complete an in-app questionnaire for fraud review and provides a link to a form to contact the merchant directly. This guidance is concrete and allows the user to know exactly what actions to take next.",none
student_abroad,card_not_working_abroad,typing_from_phone_with_typos,hey so im in thailand and my card just got declined outta nowhere i didn’t change any settings or anything is it frozen or is it the merchant? can u help me pls thx!,"Your card may be declined due to our security system identifying potential fraud, or it could be an issue with the merchant. To check if your card is frozen or if the merchant is blocked, please follow these steps:

1. Open your Revolut app and go to the home page.
2. Tap the relevant tile to access the in-app questionnaire. 
3. If your transaction was identified as a potential scam, you can unblock the merchant after completing the questionnaire.

If you don't see the declined payment in your app, it could be due to merchant restrictions or technical issues on their side. You can fill out this form to help us reach out to the merchant: [Declined Payment Form](https://app.revolut.com/form/13ef84b4-1e3b-48eb-8e8b-0030e7e08adc?faqEntryPoint=question.why-has-my-card-payment-been-declined).

If you continue to experience issues, please check your card for damage or consider ordering a replacement card in the app.",actionability,True,"The RAG-generated answer provides clear and actionable guidance for the customer. It outlines specific steps to check if the card is frozen or if the merchant is blocked, including navigating the Revolut app and completing an in-app questionnaire. Additionally, it provides a link to a form for further assistance if the issue is with the merchant. The instructions are detailed and unambiguous, allowing the customer to follow them easily. The response also covers alternative scenarios, such as checking for card damage or ordering a replacement, ensuring comprehensive support.",True,"The RAG answer provides specific, actionable next steps for the user. It instructs the user to open the Revolut app, tap on a specific tile to access the in-app questionnaire, and explains how to unblock the merchant if necessary. Additionally, it includes a link to a form for reaching out to the merchant, which is a concrete action the user can take. Overall, the guidance is clear and actionable, allowing the user to know exactly what to do next.",none
student_abroad,exchange_rate_markup_question,non_native_broken_english,hey i see exchange rate in app is different from google and reuters. does revolut add extra fee or markup? pls explain simple thx,"Revolut offers competitive exchange rates based on data from multiple independent sources. The difference you see between the rates in the app and those on Google or Reuters may be due to the spread, which is the difference between the buy and sell prices. This spread can include a markup applied by Revolut.

When you make an exchange, the rate and any applicable fees will be shown to you in the app before you complete the transaction. If you're seeing a different rate, it could be due to market fluctuations or the specific rates being displayed by different sources. For more details, you can check the current rates in the app or on our website.",actionability,False,"The RAG-generated answer provides a general explanation about exchange rates and mentions that Revolut may apply a markup. However, it lacks specific, actionable guidance on how the customer can verify or understand the fees and rates within the app. The response does not include step-by-step instructions on where to find the exchange rate details or how to identify any fees or markups in the Revolut app. It also fails to guide the customer on how to compare these rates effectively with those from other sources like Google or Reuters. Therefore, the answer does not meet the criteria for providing clear and actionable guidance.",False,"The RAG answer explains the difference in exchange rates and mentions the spread and potential markup, but it does not provide a specific, actionable next step for the user. It lacks concrete guidance on what the user should do next, such as where to tap in the app or how to find more information about fees. The answer is more informative than actionable.",none
busy_parent_on_mobile,cancel_subscription_not_working,angry_after_waiting,I’ve tried to cancel my gym payment like 5 times now and I can't find the option in the app!!! This is so frustrating and if I can't get this sorted out ASAP I might have to switch to another bank!!!,I don't have enough information to help with that.,actionability,False,"The RAG-generated answer does not provide any actionable or specific guidance to the customer. It lacks clear instructions, steps, or any information that could help the customer resolve their issue with canceling the gym payment. The response is vague and does not address the customer's frustration or urgency, nor does it offer any direction on what to do next.",False,"The RAG answer does not provide any specific, actionable next steps for the user. It fails to guide the user on what to do next regarding their gym payment cancellation, leaving them without a clear path to resolve their issue.",none
gig_economy_courier,cancel_subscription_not_working,non_native_broken_english,"hi, i set up payment for gym but now i want to cancel it. i cant find option in app, pls help me. i need to do it fast, thanks!",I don't have enough information to help with that.,actionability,False,"The RAG-generated answer does not provide any actionable or specific guidance to the customer. It fails to offer clear, step-by-step instructions on how to cancel the gym payment. The response lacks any details on where to click or what to select, leaving the customer without a solution to their problem.",False,"The RAG answer does not provide any specific, actionable next steps for the user to cancel their gym payment. It lacks guidance on what to do next, such as where to find the cancellation option in the app or who to contact for assistance. Therefore, it fails to meet the criteria for actionability.",none
student_abroad,atm_withdrawal_fee_unknown,non_native_broken_english,hey i took out cash in lisbon and got charged fee but i dont understand why can u pls explain how fees work for withdrawing money i thought it was free thx,"When you withdraw cash using your Revolut card, there are fees that may apply depending on your plan. Here’s how it works:

1. **Withdrawal Limits**: Each plan has a fee-free withdrawal limit per month:
   - Standard: £200 (or 5 withdrawals)
   - Plus: £200
   - Premium: £400
   - Metal: £800
   - Ultra: £2,000
   After exceeding this limit, a fee of 2% or £1 applies.

2. **ATM Fees**: Additionally, the ATM itself may charge its own fees, which are separate from Revolut's fees.

To check if Revolut charged you a fee, tap on the ATM withdrawal in your transaction history to see the details. If no fee is shown, then Revolut did not charge you one.

If you have further questions about your specific situation, please check the 'Your plan' section in the app for more details on your fees and limits.",actionability,True,"The RAG-generated answer provides clear and specific guidance on how fees work for withdrawing money using a Revolut card. It explains the withdrawal limits for different plans and the fees that apply after exceeding these limits. It also mentions the possibility of ATM fees, which are separate from Revolut's fees. The answer instructs the customer to check the transaction history in the app to see if Revolut charged a fee, providing a clear action to verify the charge. Additionally, it suggests checking the 'Your plan' section in the app for more details, which is specific and actionable. Overall, the instructions are clear, step-by-step, and provide the necessary information for the customer to understand and verify the fees charged.",False,"The RAG answer provides information about how fees work but lacks a specific, actionable next step for the user. While it mentions checking the transaction history and the 'Your plan' section in the app, it does not clearly instruct the user on what to do next, such as tapping a specific button or contacting support for further clarification. The guidance is somewhat general and does not lead to a concrete action.",none
busy_parent_on_mobile,card_not_working_abroad,angry_after_waiting,hey my card got declined in thailand and i need to know if its frozen or a merchant issue i already tried calling and waiting on hold with no luck fix this now or i might have to switch providers!!!,"To determine if your card is frozen or if it's a merchant issue, please follow these steps:

1. Open your Revolut app and check your transactions list by tapping 'See all' below your most recent transactions.
2. Look for the declined payment and tap on it to see the transaction's details. The reason for the decline should be visible in the 'Status' section.
3. If your card is frozen, you will need to complete the in-app questionnaire to unfreeze it. You can access this questionnaire from the home page of your app or through any push notifications or emails you may have received.

If you don't see the declined payment in your app, it may be due to merchant issues or restrictions. In that case, you can fill out this form to help us reach out to the merchant: [Merchant Issue Form](https://app.revolut.com/form/13ef84b4-1e3b-48eb-8e8b-0030e7e08adc?faqEntryPoint=question.why-has-my-card-payment-been-declined).

If you need further assistance, please tap 'Get help' after selecting the declined transaction.",actionability,True,"The RAG-generated answer provides clear, step-by-step instructions for the customer to determine whether their card is frozen or if it's a merchant issue. It specifies how to check the transaction details in the Revolut app, what to look for in the 'Status' section, and what actions to take if the card is frozen. Additionally, it provides a link to a form for merchant issues and guidance on how to get further assistance. The instructions are specific and actionable, allowing the customer to follow them unambiguously.",True,"The RAG answer provides specific, actionable next steps for the user. It instructs the user to open the Revolut app, check their transactions, and provides guidance on how to unfreeze the card if necessary. Additionally, it offers a link to a form for addressing potential merchant issues and suggests tapping 'Get help' for further assistance. This clear guidance allows the user to know exactly what actions to take next.",none
busy_parent_on_mobile,unrecognized_transaction,empty,hey I just saw a charge in my transaction history that I dont recognize can you help me figure out what it is I’m worried it might be fraud,"If you see a charge in your transaction history that you don't recognize, it's important to act quickly. Here are the steps you should take:

1. **Freeze your card**: Use the 'Freeze card' feature in the Revolut app immediately to stop any further activity.
2. **Report the transaction**:
   - Go to 'Home' on the bottom menu.
   - Tap on 'Transactions'.
   - Find the relevant transaction and tap 'Get help'.
   - Choose 'Report this payment as fraudulent' and follow the prompts to raise a claim.
3. **Replace your card**: After submitting the claim, you will have the option to order a new card.

This will help protect your account while we investigate the charge.",actionability,True,"The RAG-generated answer provides clear, step-by-step instructions for the customer to follow in response to an unrecognized charge. It includes specific actions such as freezing the card, reporting the transaction through the app, and replacing the card. Each step is detailed with precise instructions on where to navigate within the app, ensuring the customer can follow the guidance unambiguously. There is no missing critical information, making the response actionable and specific.",True,"The RAG answer provides specific, actionable next steps for the user, including freezing the card, reporting the transaction through the app, and replacing the card. Each step includes clear instructions on where to tap and what to do, ensuring the user knows exactly how to proceed.",none
gig_economy_courier,weekend_transfer_fee,typing_from_phone_with_typos,hey i sent money on sat and got charged a fee why weekend matters?? im busy with kids and need to know fast!,"The fee you were charged for sending money on the weekend is due to weekend fees that apply to exchanges made between 5pm Friday and 6pm Sunday, Eastern Time (ET). For Standard customers, this fee is 1%, and for Plus customers, it is 0.5%. Premium, Metal, and Ultra customers do not incur additional fees on weekends. You can check your specific fees and allowances in the 'Your plan' section of the app.",actionability,True,"The RAG-generated answer provides specific and actionable guidance regarding the weekend fee. It clearly explains the reason for the fee, the time frame during which the fee applies, and the different fee structures for various customer plans. Additionally, it directs the customer to check their specific fees and allowances in the 'Your plan' section of the app, which is a clear and unambiguous instruction. The customer should be able to follow these instructions without confusion.",False,"The RAG answer explains the reason for the fee but does not provide a specific, actionable next step for the user. It does not tell the user what to do next, such as where to tap in the app to check their fees or how to contact support for further assistance. The guidance is vague and does not lead to a concrete action.",none
gig_economy_courier,atm_withdrawal_fee_unknown,poor_internet_connection,"hey, i just withdrew cash in spain and got charged a fee, what’s up with that? didn’t expect any fees! how does this work? plz reply fast, i'm on train and need to know for next time.","When you withdraw cash using Revolut, you may incur fees depending on your plan and the number of withdrawals you make each month. Each plan has a fee-free withdrawal limit:

- Standard: £200 (or 5 withdrawals)
- Plus: £200
- Premium: £400
- Metal: £800
- Ultra: £2,000

If you exceed this limit, a fee of 2% or £1 (whichever is greater) applies. Additionally, if you convert your funds before or at the time of withdrawal, you may also be subject to currency exchange fees.

It's important to note that ATMs may charge their own fees, which should be displayed before you complete the withdrawal. To check if Revolut charged you a fee, tap on the ATM withdrawal in your transaction history in the app.

For future withdrawals, keep track of your monthly withdrawal limits to avoid fees.",actionability,True,"The RAG-generated answer provides clear and specific guidance on why the customer might have been charged a fee for withdrawing cash in Spain. It explains the fee-free withdrawal limits for different Revolut plans and the fees applicable if these limits are exceeded. Additionally, it mentions the possibility of ATM-specific fees and advises the customer to check their transaction history in the app to see if Revolut charged a fee. The instructions are actionable and unambiguous, allowing the customer to understand the situation and take steps to avoid fees in the future.",False,"The RAG answer provides information about fees and withdrawal limits but does not give a specific, actionable next step for the user. While it mentions checking the transaction history in the app, it lacks clear guidance on what to do next in a concrete manner, such as tapping a specific button or contacting support for further clarification. The user is left without a direct action to take regarding their immediate concern.",none
crypto_day_trader,payment_declined_large_amount,angry_after_waiting,"Hey, I’ve tried to buy some crypto with my card but it keeps getting declined, wtf?! I got enough balance and this isn’t the first time I’m dealing with this crap! I’ve called in before and no one helps, if this isn’t sorted out ASAP, I’m done with Revolut!","Your card payment may be declined for several reasons. Here are some steps you can take to troubleshoot the issue:

1. **Check Transaction Details**: Open your transactions list in the app by tapping 'See all' below your recent transactions. Tap the declined payment to see the transaction's details and the reason for the decline in the 'Status' section.

2. **Currency Account Balance**: Ensure that your card is linked to a currency account with sufficient funds. If the card is linked to a currency account or Pocket with a low balance, the payment will be declined even if your total balance is enough. You can check this by going to 'Accounts' below your balance and selecting 'Pockets'.

3. **Security System**: If our security system flagged the transaction as potential fraud, you may need to complete an in-app questionnaire to unblock the merchant. You can access this questionnaire from the home page of your Revolut app or through a push notification/email.

4. **Merchant Restrictions**: Sometimes, payments can be declined due to restrictions set by the merchant or technical issues on their side. If you suspect this is the case, you can fill out this form [here](https://app.revolut.com/form/13ef84b4-1e3b-48eb-8e8b-0030e7e08adc?faqEntryPoint=question.why-has-my-card-payment-been-declined) for us to reach out to the merchant.

If you continue to experience issues, please let us know, and we can assist further.",actionability,True,"The RAG-generated answer provides clear, step-by-step instructions that the customer can follow to troubleshoot the issue with their declined card payment. It includes specific actions such as checking transaction details, ensuring the correct currency account balance, addressing potential security system flags, and considering merchant restrictions. Each step is detailed with where to navigate in the app, making the guidance actionable and unambiguous. The response also offers a link to a form for further assistance, covering multiple potential causes for the issue.",True,"The RAG answer provides specific, actionable next steps for the user to take in order to resolve the issue with their card payment being declined. It includes clear instructions on checking transaction details, ensuring sufficient balance in the linked currency account, completing an in-app questionnaire if flagged for fraud, and filling out a form to reach out to the merchant. Each step is concrete and guides the user on what to do next.",none
non_native_english_worker,daily_top_up_limit_reached,anxious_security_fear,"Hi, I try add more money today but limit hit. I need send to family, very urgent! When limit reset? Is there any way to do it faster? I see fraud warnings, I want be sure safe. Can I talk with real person?","Your transfer limit will reset every 24 hours. If you need to send money urgently, you can authorize funds to leave your account by completing a selfie check. 

To do this, go to your profile icon in the top left corner, select ‘Security’, then ‘Wealth protection’, and follow the prompts to carry out the selfie check.

If you're seeing fraud warnings, it's important to verify any urgent requests for money. Always ensure you're communicating with the actual person before sending funds. 

If you need to talk to a real person, please contact our customer support directly through the app.",actionability,True,"The RAG-generated answer provides clear and actionable guidance. It specifies that the transfer limit resets every 24 hours and offers a step-by-step process for completing a selfie check to authorize funds. The instructions include where to navigate in the app ('profile icon in the top left corner', 'Security', 'Wealth protection') and what actions to take ('follow the prompts to carry out the selfie check'). Additionally, it advises on verifying urgent requests for money and provides a clear method to contact customer support through the app, addressing the customer's request to speak with a real person. The response is specific and unambiguous, allowing the customer to follow the instructions effectively.",True,"The RAG answer provides specific, actionable next steps for the user. It clearly instructs the user to complete a selfie check by navigating to their profile icon, selecting 'Security', then 'Wealth protection', and following the prompts. Additionally, it advises the user to contact customer support directly through the app for further assistance. This guidance is concrete and allows the user to know exactly what to do next.",none
small_business_owner,payment_declined_large_amount,typing_from_phone_with_typos,hey my card just got declined for a big order i was tryin to make and i got plenty of balance so whats the deal? i need this sorted fast im juggling kids and coffee here and cant waste time on this,"Your card may have been declined due to our security system identifying potential fraud. To resolve this, please complete the in-app questionnaire. You can access it by going to the home page of your Revolut app and tapping the relevant tile, or through the push notification and email sent to you.

If your card is frozen, you can unfreeze it by marking the payment as made by you in the questionnaire. If you need further assistance, you can also check the transaction details in your app to see the reason for the decline.",actionability,True,"The RAG-generated answer provides clear and specific guidance for the customer to resolve the issue. It instructs the customer to complete an in-app questionnaire, specifying where to find it (home page of the Revolut app, relevant tile, push notification, or email). It also explains how to unfreeze the card by marking the payment as made in the questionnaire. Additionally, it suggests checking transaction details in the app for further assistance. The instructions are actionable and unambiguous, allowing the customer to follow them step-by-step.",True,"The RAG answer provides specific, actionable next steps for the user. It instructs the user to complete an in-app questionnaire to resolve the issue, detailing how to access it through the home page of the app or via notifications. Additionally, it explains how to unfreeze the card if necessary, and suggests checking transaction details for further clarity. This guidance is concrete and directs the user on what to do next.",none
busy_parent_on_mobile,cancel_subscription_not_working,anxious_security_fear,hey i need help canceling my gym subscription i set up a recurring payment but i can't find the option in the app and with all these fraud warnings lately i'm really worried about my account security can someone please help me with this asap i dont trust the automated responses,"To cancel your gym subscription, you'll need to contact the merchant directly, as blocking a subscription or merchant in the app does not cancel it. 

To manage your subscriptions in the app, you can view them by following these steps:
1. Go to 'Payments' on the bottom menu.
2. Tap the calendar icon in the top right corner.
3. Select a subscription to view its details.

If you're concerned about account security, you can freeze your card by tapping the card icon in the top-right corner and selecting 'Freeze'. If you suspect any fraudulent activity, make sure to report it by going to 'Home', selecting the transaction from your transaction list, tapping 'Get help', and choosing the relevant option.",actionability,True,"The RAG-generated answer provides clear and actionable guidance for the customer. It specifies that the customer needs to contact the merchant directly to cancel the gym subscription, which is crucial information. Additionally, it offers step-by-step instructions on how to view and manage subscriptions within the app, including where to navigate and what icons to tap. The response also addresses the customer's concern about account security by providing specific steps to freeze the card and report fraudulent activity. Overall, the instructions are unambiguous and comprehensive, allowing the customer to follow them easily.",True,"The RAG answer provides specific, actionable next steps for the user to cancel their gym subscription and manage their account security. It clearly outlines the steps to view subscriptions in the app and how to freeze the card if concerned about security. The user knows exactly what to tap and where to go, fulfilling the criteria for actionability.",none
gig_economy_courier,exchange_rate_markup_question,non_native_broken_english,"hi, i see exchange rate in app is not same as google. why is that? revolut add extra fee? i need to know fast, i use it for work.","The exchange rates in the Revolut app may differ from those on Google because Revolut's rates are based on data from multiple independent sources and can vary. Additionally, there is a difference between buy and sell prices, known as a spread. 

Revolut does not add extra fees for exchanges unless you exceed your monthly allowance or make exchanges on weekends, when additional fees may apply. You can review the rate and any potential fees before completing an exchange in the app. 

To check the current exchange rate, you can go to 'Home' in the app, scroll down to '+ Add widgets', and add the 'Watchlist' widget to monitor rates for specific currencies.",actionability,True,"The RAG-generated answer provides a clear explanation of why the exchange rates in the Revolut app may differ from those on Google, mentioning the use of multiple independent sources and the concept of a spread. It also clarifies that Revolut does not add extra fees unless certain conditions are met, such as exceeding the monthly allowance or making exchanges on weekends. The answer includes specific, actionable guidance on how to check the current exchange rate in the app by adding the 'Watchlist' widget, with clear instructions on where to navigate within the app. This allows the customer to follow the instructions unambiguously.",True,"The RAG answer provides a specific, actionable next step by instructing the user to go to 'Home' in the app, scroll down to '+ Add widgets', and add the 'Watchlist' widget to monitor rates for specific currencies. This guidance is concrete and directly addresses the user's need to check exchange rates, making it actionable.",none
small_business_owner,crypto_withdrawal_pending,empty,I sent some crypto to an external wallet over 12 hours ago and it's still pending. I'm worried it's lost or something's gone wrong. Can you check what's happening?,"To check the status of your pending crypto withdrawal, please follow these steps:

1. Go to 'Crypto' on the bottom menu.
2. Scroll to the transactions list or select the crypto you withdrew.
3. Find your withdrawal transaction and tap on it to see the reason why it's pending.

Your withdrawal could be pending due to internal assessment, broadcasting to the network, or confirmation on-chain. If the transaction is still pending after 12 hours, it may be due to high traffic on the blockchain network. You can monitor your transaction on the blockchain scanner by tapping 'Blockchain hash' on the transaction, then 'View my transaction'.

If the withdrawal is shown as completed on the explorer but the funds haven't arrived in your receiving wallet, please reach out to the provider of the receiving wallet for further support.",actionability,True,"The RAG-generated answer provides clear, step-by-step instructions for the customer to check the status of their pending crypto withdrawal. It specifies where to go ('Crypto' on the bottom menu), what to look for (transactions list or the specific crypto), and what actions to take (tap on the transaction, check the blockchain hash). The answer also explains potential reasons for the delay and offers a next step if the transaction is completed on the explorer but not received. The guidance is actionable and specific, allowing the customer to follow the instructions unambiguously.",True,"The RAG answer provides specific, actionable next steps for the user to check the status of their pending crypto withdrawal. It clearly instructs the user to go to 'Crypto', scroll to the transactions list, and tap on the relevant transaction to see the reason for the pending status. Additionally, it advises the user to monitor their transaction on a blockchain scanner and provides guidance on what to do if the transaction is completed but the funds haven't arrived. This includes contacting the provider of the receiving wallet for further support, which gives the user a clear next step.",none
busy_parent_on_mobile,subscription_charge_dispute,anxious_security_fear,hey i cancelled my netflix but got charged again this month and im worried about scams is this a mistake or something more serious i need a refund asap and want to make sure this doesn't happen again plz help me with a human i don't trust bots,I don't have enough information to help with that.,actionability,False,"The RAG-generated answer does not provide any actionable or specific guidance to the customer. It fails to address the customer's concerns about the unauthorized charge and does not offer any steps to resolve the issue, such as contacting Netflix support or checking their account settings. The response is vague and does not help the customer understand what to do next, which is critical in this situation.",False,"The RAG answer does not provide any specific, actionable next steps for the user. It fails to guide the user on what to do next regarding their Netflix charge, such as contacting customer support or checking their account settings. Instead, it states a lack of information, leaving the user without a clear path to resolve their issue.",none
small_business_owner,weekend_transfer_fee,angry_after_waiting,I've tried sorting this out a few times now and it's getting ridiculous! I made a transfer on Saturday and got charged a fee — why does it matter what day it is? I need this sorted ASAP or I’ll be looking for another provider!,"Transfers made on weekends or public holidays may take longer to process, which can result in fees. If your transfer is pending, it could be due to these processing delays. You can track the status of your transfer in the Revolut app using the outbound transfer status tool. Transfers can remain pending for up to 72 hours, and if they fail, the funds will be reverted to your account promptly. If you need further assistance, please contact Revolut Support.",actionability,False,"The RAG-generated answer provides some information about why the fee might have been charged and mentions the possibility of tracking the transfer status in the Revolut app. However, it lacks specific, actionable guidance on how to resolve the issue. It does not provide step-by-step instructions on how to use the outbound transfer status tool, such as where to find it in the app or what steps to follow if the transfer is pending or fails. Additionally, it does not address the customer's concern about the fee directly or offer a solution for getting it refunded. The advice to contact Revolut Support is vague without providing specific contact methods or details.",False,"The RAG answer explains the situation regarding transfer processing times and potential fees, but it does not provide a specific, actionable next step for the user. While it mentions tracking the status of the transfer in the app and contacting support, it lacks concrete guidance on how to do these actions (e.g., where to find the outbound transfer status tool in the app or how to contact support). Therefore, the user does not leave with a clear next step.",none
crypto_day_trader,crypto_purchase_failed,typing_from_phone_with_typos,hey just tried to buy some BTC but got this dumb error msg idk why I got enough in my acct so wtf is blocking this? can u pls help me out im kinda in a hurry here thx,"It sounds like your payment might have failed for a few reasons. Here are some steps you can try:

1. **Check your card details** to ensure they are correct and try again.
2. **Verify if 3DS authentication** is working correctly or showing up in your banking app.
3. **Ensure there are sufficient funds** in the account you’re using.
4. **Try using a different card** if possible.
5. If you have a Revolut account, consider purchasing crypto directly from the 'Crypto' section using your account balance.

If none of these steps resolve the issue, please reach out to us for further assistance.",actionability,True,"The RAG-generated answer provides actionable and specific guidance to the customer. It offers a clear, step-by-step approach to troubleshoot the issue, including checking card details, verifying 3DS authentication, ensuring sufficient funds, and trying a different card. Additionally, it suggests using a Revolut account for purchasing crypto directly, which is a specific alternative solution. The instructions are clear and unambiguous, allowing the customer to follow them easily. The response also invites the customer to reach out for further assistance if the issue persists, which is a good practice for customer support.",False,"The RAG answer provides several steps to check and troubleshoot the issue, but it lacks a specific, actionable next step that clearly directs the user on what to do next. While it suggests checking card details and using a different card, it does not specify a single, concrete action to take immediately. Additionally, the suggestion to contact support is vague and does not provide specific contact information or a clear method for reaching out.",none
student_abroad,virtual_card_missing,typing_from_phone_with_typos,hey i need to make a virtual card for online stuff but i cant find it in the app like where do i go for that? thx! running late for class and holding coffee and kids at the same time so pls help fast!,"To create a virtual card in the Revolut app, follow these steps:

1. Go to 'Home' on the bottom menu.
2. Tap the cards icon in the top-right corner.
3. Tap 'Add new'.
4. Choose 'Debit', 'Joint', or 'Pro' at the top.
5. Select 'Virtual'.
6. Choose a colour.
7. Tap 'Get card for free' to instantly create your virtual card.

Once created, you can use it for online payments.",actionability,True,"The RAG-generated answer provides clear, step-by-step instructions on how to create a virtual card in the Revolut app. Each step is specific and actionable, guiding the customer through the process without ambiguity. The instructions include where to navigate within the app, what options to select, and how to finalize the creation of the virtual card. This meets the evaluation criteria for providing actionable and specific guidance.",True,"The RAG answer provides a clear, step-by-step guide on how to create a virtual card in the app. It specifies exactly where to go (Home, cards icon), what to tap (Add new, then select Virtual), and what to do next (choose a color and tap Get card for free). This gives the user a concrete next step to follow, making the answer actionable.",none
small_business_owner,subscription_charge_dispute,non_native_broken_english,"Hi, I cancel Netflix but still get charge this month. I need refund and want make sure it no happen again. Can you help me?","To address the charge from Netflix after canceling your subscription, you should first contact Netflix directly to request a refund for the charge. Most issues like cancellations and refunds are best resolved directly with the merchant.

If you want to prevent future charges, you can block the subscription in the Revolut app. Here’s how:

1. Tap your profile icon in the top-left corner.
2. Select 'Security'.
3. Choose 'Payments' and then 'Blocked payments'.
4. Tap 'Add new' above 'Subscriptions' or 'Merchants' sections and select a previous payment from Netflix to block.

If you still need to dispute the transaction after contacting Netflix, you can do so in the Revolut app:

1. Tap the transaction in your transaction list.
2. Tap 'Get help'.
3. Select an issue and complete the form.

This will allow you to track the progress of your dispute.",actionability,True,"The RAG-generated answer provides clear, step-by-step instructions for the customer to address the issue of being charged by Netflix after cancellation. It advises the customer to contact Netflix directly for a refund, which is the appropriate first step. Additionally, it provides detailed instructions on how to block future charges from Netflix using the Revolut app, including specific steps and menu options to select. Finally, it offers guidance on how to dispute the transaction within the Revolut app if necessary, with clear steps to follow. The instructions are specific and actionable, allowing the customer to follow them unambiguously.",True,"The RAG answer provides specific, actionable next steps for the user. It clearly instructs the user to contact Netflix for a refund and outlines the steps to block future charges in the Revolut app. Additionally, it includes detailed guidance on disputing the transaction if necessary, ensuring the user knows exactly what to do next.",none
busy_parent_on_mobile,unrecognized_transaction,non_native_broken_english,hi i see charge in my history i dont remember making it i scared of fraud can you help me to dispute this charge please,"To dispute the charge you don't remember making, please follow these steps in your Revolut app:

1. Tap the transaction in your transactions list.
2. Tap 'Get help'.
3. Choose 'Report this payment as fraudulent'.
4. Follow the steps to raise a claim.

After you submit the form, your card will be terminated to prevent further unauthorized use. You can track the progress of your claim in the app by tapping the reported transaction. If you have any further questions, we will get in touch with you as soon as possible regarding your claim.",actionability,True,"The RAG-generated answer provides clear, step-by-step instructions for the customer to dispute a charge in the Revolut app. It specifies exactly where to tap and what options to select, ensuring the customer can follow the instructions unambiguously. Additionally, it informs the customer about the subsequent actions, such as card termination and tracking the claim, which adds to the clarity and completeness of the guidance.",True,"The RAG answer provides a clear, actionable next step for the user to dispute the charge. It includes specific instructions on what to tap in the app, ensuring the user knows exactly how to proceed. The guidance is concrete and not vague, fulfilling the criteria for actionability.",none
gig_economy_courier,atm_withdrawal_fee_unknown,empty,"Hey, I just took out cash in Spain and got charged a fee I didn't expect. Can you pls explain how these fees work? Thanks!","When you withdraw cash in Spain, you may incur a cash withdrawal fee depending on your plan. Each plan has a limit for fee-free withdrawals per month:

- Standard: £200 (or 5 withdrawals)
- Plus: £200
- Premium: £400
- Metal: £800
- Ultra: £2,000

After exceeding this limit, a 2% or £1 fair usage fee applies. Additionally, be aware that the ATM may charge its own fees, which are separate from Revolut's charges. 

To check if a fee was applied to your withdrawal, tap the transaction in your transactions list to see the details. If no fee is shown, Revolut did not charge one.",actionability,True,"The RAG-generated answer provides clear and specific guidance on how cash withdrawal fees work for different plans, including the limits and fees that apply after exceeding those limits. It also informs the customer about potential ATM fees, which are separate from Revolut's charges. Additionally, the answer gives a specific instruction on how to check if a fee was applied by tapping the transaction in the transactions list to see the details. This step-by-step guidance is actionable and unambiguous, allowing the customer to follow the instructions easily.",True,"The RAG answer provides a specific, actionable next step by instructing the user to tap the transaction in their transactions list to check for any fees applied. This guidance is concrete and directs the user on what to do next, fulfilling the actionability criteria.",none
frequent_traveler,weekend_transfer_fee,empty,"hey, i made a transfer on saturday and got hit with a fee. why do weekend transfers cost more?","Weekend transfers may incur additional fees depending on your plan. For Standard customers, there is a 1% fee on all exchanges made between 5pm Friday and 6pm Sunday, Eastern Time (ET). For Plus customers, the fee is 0.5%. Premium, Metal, and Ultra customers do not pay extra fees on weekends. You can check your specific fees and plan details in the 'Your plan' section of the app.",actionability,True,"The RAG-generated answer provides specific and actionable guidance. It clearly explains the fee structure for different customer plans during weekend transfers, which directly addresses the customer's query. Additionally, it instructs the customer on where to find more detailed information about their specific fees and plan details by checking the 'Your plan' section of the app. This guidance is clear and unambiguous, allowing the customer to follow the instructions without confusion.",False,"The RAG answer provides information about the fees associated with weekend transfers and mentions where to find plan details, but it does not give a specific, actionable next step for the user. It lacks concrete guidance on what the user should do next, such as tapping a specific button or contacting support for further assistance.",none
frequent_traveler,cancel_subscription_not_working,poor_internet_connection,"hey, i need to cancel my gym recurring payment but can't find the option in the app. i'm on a train and the signal is weak, help! thanks!","To cancel your gym recurring payment, you'll need to contact the merchant directly, as blocking a subscription or merchant in the app does not cancel the subscription. If you're unable to do this right now due to weak signal, try to reach out to the gym when you have a better connection.",actionability,False,"The RAG-generated answer does not provide specific, actionable steps for the customer to follow. It vaguely suggests contacting the merchant directly without offering any guidance on how to do so, such as providing contact details or alternative methods to reach the gym. Additionally, it does not address the customer's immediate concern of being on a train with a weak signal, nor does it offer any interim solutions or steps that can be taken offline. The advice lacks the specificity needed for the customer to resolve their issue effectively.",False,"The RAG answer suggests contacting the merchant directly but does not provide a specific method or next step for the user to take, especially considering their current weak signal situation. It lacks concrete guidance on how to proceed with the cancellation, making it vague and not actionable.",none
student_abroad,account_limit_reached_warning,poor_internet_connection,"hey i wanna top up my account but it says i hit my limit??? can u pls tell me what the limit is and how i can increase it thx. im on the train so can't chat long, pls reply quick!",I don't have enough information to help with that.,actionability,False,"The RAG-generated answer does not provide any actionable or specific guidance to the customer. It fails to address the customer's query about the account limit and how to increase it. The response lacks any instructions or steps that the customer can follow, making it unhelpful and not meeting the evaluation criteria.",False,"The RAG answer does not provide any specific, actionable next steps for the user. It fails to inform the user about their limit or how to increase it, leaving them without guidance on what to do next.",none
crypto_day_trader,payment_declined_large_amount,empty,"Yo, I tried to make a big purchase with my card and it got declined, but I've got enough balance. No reason given, what's up with that?","Your card payment may have been declined for several reasons, even if you have enough balance. Here are some steps to check:

1. **Currency Account Balance**: Ensure that your card is linked to a currency account with sufficient funds. To check this, select the card → tap 'Settings' → 'Spend from'.

2. **Pocket Balance**: If your card is linked to a Pocket, verify that the Pocket has enough balance. You can check this by tapping on 'Accounts' below your balance and going to 'Pockets'.

3. **Security System**: Your transaction might have been flagged by our security system as potential fraud. If this is the case, you will need to complete an in-app questionnaire to review the payment.

4. **Merchant Issues**: Sometimes, the merchant may decline the payment due to their own restrictions or technical issues. If you can't see the declined payment in your app, it might be due to these reasons.

To troubleshoot further, you can tap on the declined payment in your transactions list to see if there's a reason provided. If not, consider reaching out to the merchant for assistance or fill out this form to help us raise your case directly with them: [Merchant Issue Form](https://app.revolut.com/form/13ef84b4-1e3b-48eb-8e8b-0030e7e08adc?faqEntryPoint=question.why-has-my-card-payment-been-declined).

If you need more help, let me know!",actionability,True,"The RAG-generated answer provides clear, step-by-step instructions for the customer to follow. It addresses multiple potential reasons for the card decline, such as checking the currency account balance, Pocket balance, and possible security system flags. The answer also suggests checking for merchant issues and provides a link to a form for further assistance. Each step is specific and actionable, allowing the customer to troubleshoot the issue effectively. The instructions are unambiguous, with clear guidance on where to click and what to select, meeting the evaluation criteria.",True,"The RAG answer provides specific, actionable next steps for the user, including checking the currency account balance, verifying the Pocket balance, completing an in-app questionnaire for potential fraud, and reaching out to the merchant. It also includes a direct link to a form for raising the case with the merchant, which gives the user clear guidance on what to do next.",none
frequent_traveler,apple_pay_not_working,empty,"hey, i'm trying to add my revolut card to apple pay but keep getting an error message. it works fine for regular purchases though. any idea what's going on?","To successfully add your Revolut card to Apple Pay, please ensure the following:

1. Your account is fully verified.
2. Your account balance isn't negative.
3. You are using a supported card type (Visa or Mastercard).
4. You don't have the same card digitized on too many devices.
5. The card you're trying to add isn't frozen or terminated.

If you've checked all these and are still encountering an error, try deleting the card from Apple Pay and re-adding it. If the issue persists, I don't have enough information to help with that.",actionability,False,"The RAG-generated answer provides some actionable steps, such as ensuring the account is verified and checking the card type. However, it lacks specific guidance on how to perform these checks or actions, such as where to verify the account or how to check if the card is frozen. Additionally, the advice to 'try deleting the card from Apple Pay and re-adding it' is vague without instructions on how to do so. The final statement, 'I don't have enough information to help with that,' is not helpful and leaves the customer without a clear resolution path. Overall, the response lacks the necessary detail for the customer to follow the instructions unambiguously.",False,"The RAG answer provides some checks to perform but lacks a clear, actionable next step for the user. While it suggests deleting and re-adding the card, it does not specify how to do this or where to find the option in Apple Pay. Additionally, it does not guide the user on who to contact for further assistance if the problem persists, making the guidance too vague to be actionable.",none
gig_economy_courier,instant_transfer_limit_reached,anxious_security_fear,"hey, I just got a fraud warning and now I can’t do my instant transfer. what’s the limit? when it reset? I need to know fast, don’t trust auto replies!",I don't have enough information to help with that.,actionability,False,"The RAG-generated answer does not provide any actionable or specific guidance to the customer. It fails to address the customer's query about the fraud warning, instant transfer limit, or reset time. The response lacks any instructions or steps that the customer can follow to resolve their issue. Therefore, it does not meet the evaluation criteria for providing clear and unambiguous instructions.",False,"The RAG answer does not provide any specific, actionable next steps for the user. It lacks guidance on what the user should do next regarding the fraud warning and instant transfer issue, leaving the user without a clear path to resolve their problem.",none
small_business_owner,subscription_charge_dispute,typing_from_phone_with_typos,hey I cancelled my netflix sub but just got charged again this month can I get a refund and make sure this doesn’t happen again plz? juggling kids and coffee here so need this sorted fast thx,"To address the charge from Netflix after canceling your subscription, you should first contact Netflix directly to resolve the issue and request a refund. This is typically the fastest way to handle cancellations and refunds.

If you need to dispute the transaction through Revolut, follow these steps:
1. Tap the transaction in your transactions list.
2. Tap 'Get help'.
3. Select the issue and complete the form to submit your dispute.

To prevent this from happening again, ensure that your Netflix subscription is fully canceled by checking your account settings on their website.",actionability,True,"The RAG-generated answer provides clear and actionable guidance for the customer. It advises contacting Netflix directly for a refund, which is specific and relevant to the issue. Additionally, it offers a step-by-step process for disputing the transaction through Revolut, including tapping the transaction, selecting 'Get help', and completing a form. The answer also suggests checking the Netflix account settings to ensure the subscription is fully canceled, which addresses the customer's concern about preventing future charges. Overall, the instructions are specific and unambiguous, allowing the customer to follow them easily.",True,"The RAG answer provides specific, actionable next steps for the user. It instructs the user to contact Netflix directly for a refund and outlines a clear process for disputing the transaction through Revolut, including tapping the transaction, selecting 'Get help', and completing the form. Additionally, it advises the user to check their Netflix account settings to ensure the subscription is fully canceled, which is concrete guidance to prevent future charges.",none
crypto_day_trader,instant_transfer_limit_reached,non_native_broken_english,"hi, i try to send money but got limit message. what is limit and when reset? need to transfer now, market moving fast!","The limit for sending money depends on your destination country and base currency. Most currencies have no transfer limits, but if there are any exceptions, they will be shown in the Revolut app before you send money. 

If you have set a Wealth Protection limit for transfers, it will refresh every 24 hours. You can check your limits and reset dates in the 'Your plan' section of the app. If you reach your limit, you can authorize funds to leave your account by performing a selfie check.

To manage your limits, tap your profile icon in the top left corner, select ‘Security’, then ‘Wealth protection’ to adjust your settings.",actionability,False,"The RAG-generated answer provides some information about limits and where to find them in the app, but it lacks specific, actionable steps for the customer to follow. It mentions checking limits in the 'Your plan' section and adjusting settings under 'Wealth protection', but it does not provide clear, step-by-step instructions on how to navigate to these sections. Additionally, the answer does not address when the limit will reset, which was a specific part of the customer's query. The advice about performing a selfie check is also vague and lacks detail on how to execute this action. Overall, the response is not sufficiently clear or detailed for the customer to follow unambiguously.",True,"The RAG answer provides specific, actionable next steps for the user. It instructs the user to tap their profile icon, select 'Security', and then 'Wealth protection' to manage their limits. This guidance is concrete and directs the user on what to do next to address their issue with sending money.",none
student_abroad,transfer_pending_stuck,empty,"hey, i sent money to my friend 2 days ago and it’s still pending. neither of us got it yet, what’s up with that? can i cancel it if needed? thx!","Your transfer may still be pending for several reasons, such as being sent on a weekend or public holiday, additional processing checks, or incorrect recipient details. A transfer can remain pending for up to 72 hours, but in most cases, it will be marked as completed after a few hours.

To check the status of your transfer, you can use the outbound transfer status tool in the Revolut app. 

If you want to cancel the transfer, you can do so if it's eligible. Here’s how:
1. Go to Payments on the bottom menu.
2. Select the person you sent the pending transfer to.
3. On the payments screen, select the pending transfer.
4. Tap 'Cancel'.

If you cannot cancel the transfer, it may be under review by our automated security system. In that case, you may need to answer some questions in-app about the transfer or beneficiary. 

If the transfer remains pending for 48 hours, it will be automatically cancelled, and the funds will be returned to your account.",actionability,True,"The RAG-generated answer provides clear and actionable guidance. It explains potential reasons for the pending status and offers a step-by-step process to check the transfer status and cancel it if eligible. The instructions are specific, detailing where to navigate in the app and what actions to take. Additionally, it informs the customer about the possibility of the transfer being under review and the automatic cancellation policy after 48 hours, covering various scenarios comprehensively.",True,"The RAG answer provides specific, actionable next steps for the user. It clearly instructs the user on how to check the status of their transfer using the outbound transfer status tool in the app and outlines the steps to cancel the transfer if eligible. The guidance is concrete and detailed, ensuring the user knows exactly what to do next.",none
crypto_day_trader,suspicious_activity_notification,poor_internet_connection,"hey i got a push notif about suspicious activity but no details!!! i’m on a train and my signal is crap, pls help! is my account safe???","If you received a push notification about suspicious activity, it's important to act quickly. Here are the steps you should take to ensure your account is safe:

1. **Freeze your card**: Open the Revolut app, tap the card icon in the top right corner, select the card you want to freeze, and tap 'Freeze'. This will prevent any unauthorized transactions.

2. **Check your transactions**: Go to 'Home' on the bottom menu, select your transactions list, and look for any unfamiliar activity.

3. **Reach out to Revolut Support**: Use the in-app chat to confirm whether the notification is legitimate and to get further assistance.

4. **Monitor your email**: Check for any suspicious emails or alerts related to your account.

If you notice any unauthorized transactions, report them in-app by selecting the transaction and choosing 'Get help'.

Stay vigilant and ensure your account security by following these steps.",actionability,True,"The RAG-generated answer provides clear, step-by-step instructions that the customer can follow to address the issue of suspicious activity on their account. The guidance includes specific actions such as freezing the card, checking transactions, reaching out to support, and monitoring emails. Each step is detailed with precise instructions on where to click and what to select, ensuring the customer can follow the guidance unambiguously. No critical information is missing, making the response actionable and specific.",True,"The RAG answer provides specific, actionable next steps for the user, including freezing the card, checking transactions, reaching out to support, and monitoring email. Each step includes clear instructions on what to tap or do, ensuring the user knows exactly how to proceed to secure their account.",none
gig_economy_courier,suspicious_activity_notification,empty,"hey, i got a push notif about suspicious activity on my account but no details. is my account safe? i need to know fast, i’m on my shift now.","Your account may be under review due to periodic security checks, which is a standard procedure for compliance. During this time, some activities may be temporarily restricted, but no action is required from you. If you have concerns about suspicious activity, you can freeze your card in the Revolut app by tapping the card icon in the top right corner, selecting the card, and tapping 'Freeze'. 

If you need further assistance, please reach out to Revolut Support via the in-app chat.",actionability,True,"The RAG-generated answer provides clear and actionable guidance for the customer. It explains that the account may be under review due to standard security checks and reassures the customer that no immediate action is required. Additionally, it offers specific, step-by-step instructions on how to freeze the card using the Revolut app, which addresses the customer's concern about suspicious activity. The response also suggests contacting Revolut Support via the in-app chat for further assistance, providing a clear path for additional help if needed. Overall, the instructions are unambiguous and complete, allowing the customer to take appropriate action quickly.",True,"The RAG answer provides a specific, actionable next step by instructing the user to freeze their card in the Revolut app, detailing exactly where to tap and what to select. Additionally, it advises the user to contact Revolut Support via in-app chat for further assistance, giving them clear guidance on what to do next.",none
non_native_english_worker,transfer_pending_stuck,non_native_broken_english,"Hi, I send money to my friend 2 days ago and still pending. We no get it yet. What happen? Can I cancel it if need? Thank you.","Your transfer may still be pending for several reasons, such as being sent on a weekend or public holiday, additional processing checks, or incorrect recipient details. Transfers can remain pending for up to 72 hours, so it may still go through.

If you want to cancel the transfer, you can check if it's eligible by following these steps:
1. Go to Payments on the bottom menu.
2. Select the person you sent the pending transfer to.
3. On the payments screen, select the pending transfer.
4. Tap 'Cancel'.

If you can't cancel it, it might be under review by our automated security system, and you may need to answer some questions in-app. If the transfer remains pending for 48 hours, it will be automatically cancelled, and the funds will be returned to your account.",actionability,True,"The RAG-generated answer provides clear and step-by-step instructions for the customer to check if the transfer can be canceled. It explains potential reasons for the pending status and outlines specific steps to attempt cancellation, including where to navigate in the app and what options to select. Additionally, it informs the customer about the possibility of the transfer being under review and the automatic cancellation policy after 48 hours, which adds further clarity and guidance.",True,"The RAG answer provides a clear, actionable next step for the user to cancel the transfer. It includes specific instructions on where to navigate within the app (Payments, selecting the recipient, and tapping 'Cancel'). Additionally, it informs the user about the potential outcome if the transfer remains pending, which adds clarity to the next steps they can take.",none
student_abroad,transfer_pending_stuck,angry_after_waiting,"hey, i sent money to my friend 2 days ago and it’s still pending!!! neither of us got anything. i’ve tried calling and waiting but no luck! what’s the hold up and can i cancel it or what?? this is so frustrating, i might just switch accounts if this doesn’t get sorted!","Your transfer may be pending for several reasons, such as being sent on a weekend or public holiday, additional processing checks, or incorrect recipient details. Transfers can remain pending for up to 72 hours, and in most cases, they will eventually be marked as completed.

To check the status of your transfer, use the outbound transfer status tool in the Revolut app. If you want to cancel the transfer, follow these steps:

1. Go to Payments on the bottom menu.
2. Select the person you sent the pending transfer to.
3. On the payments screen, select the pending transfer.
4. Tap 'Cancel' if it's eligible for cancellation.

If you can't cancel it, it might be under review by our automated security system. In that case, you may need to answer a few questions in-app about the transfer or beneficiary. If the transfer remains pending for 48 hours, it will be automatically cancelled, and the funds will be returned to your account.",actionability,True,"The RAG-generated answer provides clear, step-by-step instructions for the customer to check the status of their transfer and attempt to cancel it if possible. It explains potential reasons for the pending status and outlines specific actions to take within the Revolut app, including where to navigate and what options to select. The response also addresses the possibility of the transfer being under review and provides a timeframe for automatic cancellation, ensuring the customer has a comprehensive understanding of the situation and next steps.",True,"The RAG answer provides specific, actionable next steps for the user. It clearly outlines how to check the status of the transfer using the outbound transfer status tool in the app and gives detailed instructions on how to cancel the transfer if eligible. The user knows exactly what to do next, including specific menu options to tap and actions to take, which meets the criteria for actionability.",none
uk_freelance_designer,crypto_withdrawal_pending,angry_after_waiting,"I've sent crypto to an external wallet over 12 hours ago and it's still pending! I've tried sorting this out multiple times and been on hold forever, it's beyond frustrating! If this doesn’t get resolved ASAP, I’m seriously considering closing my account and switching to another provider!","To check the status of your pending crypto withdrawal, please follow these steps:

1. Go to 'Crypto' on the bottom menu.
2. Scroll to the transactions list or select the crypto you withdrew.
3. Find your withdrawal transaction and tap on it to see the reason why it's pending.

Your withdrawal could be pending due to internal assessment, broadcasting to the network, or confirmation on-chain. If the transaction is still pending after 12 hours, it may be due to high traffic on the blockchain network or technical difficulties. You can monitor your transaction on the blockchain scanner by tapping 'Blockchain hash' on the transaction, then 'View my transaction'.

If you see that the withdrawal is completed on the blockchain explorer but the funds haven't arrived in your receiving wallet, please reach out to the provider of the receiving wallet for further support.",actionability,True,"The RAG-generated answer provides clear, step-by-step instructions for the customer to check the status of their pending crypto withdrawal. It specifies where to navigate within the app ('Crypto' on the bottom menu), what to look for (transactions list or specific crypto), and what actions to take (tap on the transaction to see the reason for pending status). Additionally, it explains potential reasons for the delay and offers further steps if the transaction is completed on the blockchain but not received. The guidance is actionable and specific, allowing the customer to follow the instructions unambiguously.",True,"The RAG answer provides specific, actionable steps for the user to check the status of their pending crypto withdrawal. It clearly instructs the user to go to 'Crypto', scroll to the transactions list, and tap on the relevant transaction to see the reason for the pending status. Additionally, it advises the user to monitor their transaction on a blockchain scanner and provides guidance on what to do if the transaction is completed on the blockchain but not received in the wallet. This gives the user a clear next step to take.",none
small_business_owner,card_not_working_abroad,poor_internet_connection,"My card just got declined here in Thailand, what’s going on? Haven't changed any settings. Is it frozen or a merchant issue? Signal weak, need a quick answer.","Your card may have been declined due to several reasons, such as restrictions set by the merchant or a technical issue on their side. To check the reason for the decline, open your transactions list in the app, tap on the declined payment, and view the details in the 'Status' section. 

If you need further assistance, you can fill out this form to help us reach out to the merchant: [Merchant Issue Form](https://app.revolut.com/form/13ef84b4-1e3b-48eb-8e8b-0030e7e08adc?faqEntryPoint=question.why-has-my-card-payment-been-declined). 

If your card is frozen, you can unfreeze it by completing the in-app questionnaire. Check your app for any notifications regarding this.",actionability,True,"The RAG-generated answer provides clear and actionable guidance. It instructs the customer to check the transactions list in the app and view the details in the 'Status' section for the declined payment, which is specific and step-by-step. Additionally, it offers a link to a form for further assistance if the issue is with the merchant, and it explains how to unfreeze the card if necessary. The instructions are unambiguous and do not omit critical information, allowing the customer to follow them easily despite the weak signal situation.",True,"The RAG answer provides specific, actionable next steps for the user. It instructs the user to open their transactions list in the app, tap on the declined payment, and view the details in the 'Status' section. Additionally, it offers a link to a form to reach out to the merchant and mentions how to unfreeze the card by completing an in-app questionnaire. This guidance is concrete and directs the user on what to do next.",none
student_abroad,instant_transfer_limit_reached,anxious_security_fear,"hey i just tried to do an instant transfer but got a msg about a limit?? can u pls tell me what the limit is and when it resets, im really cautious after hearing so many scam stories lately. i need to make this transfer asap and not sure if i can trust the app right now, can i chat with a real person? thx",I don't have enough information to help with that.,actionability,False,"The RAG-generated answer does not provide any actionable or specific guidance to the customer. It fails to address the customer's query about the transfer limit, when it resets, or how to contact a real person for further assistance. The response lacks any instructions or information that the customer can follow to resolve their issue, making it unhelpful and inadequate.",False,"The RAG answer does not provide any actionable next steps for the user. It fails to address the user's request for information about the transfer limit, when it resets, or how to contact a real person for assistance. Instead, it simply states a lack of information, leaving the user without guidance on what to do next.",none
gig_economy_courier,wrong_recipient_no_refund,poor_internet_connection,"hey, I sent EUR500 to wrong number, it’s not accepted yet. can I cancel or reverse it? pls help fast, train moving, weak signal!","Since the transfer is not yet accepted, you may have a chance to cancel it. To check if you can cancel the transfer, follow these steps:

1. Go to your transactions list in the Revolut app.
2. Tap on the transaction in question to access the transfer tracker.
3. If eligible, a 'Cancel' button will appear. If it does not appear, the transfer is no longer cancellable.

If cancellation is not possible, you will need to ask the recipient to return the money. You can do this by reaching out to them via the chat in the Revolut app:

1. Go to Payments on the bottom menu.
2. Select the person you sent money to.
3. A chat window will open for you to message them.

If the recipient does not respond, you can contact our customer support team for assistance, but we cannot guarantee they will agree to return the funds.",actionability,True,"The RAG-generated answer provides clear, step-by-step instructions for the customer to attempt to cancel the transaction. It specifies where to go in the app, what to look for, and what actions to take if cancellation is not possible. The guidance is actionable and specific, allowing the customer to follow the instructions unambiguously. Additionally, it offers a contingency plan if the cancellation is not possible, which involves contacting the recipient and customer support, thus covering multiple scenarios.",True,"The RAG answer provides specific, actionable next steps for the user. It clearly outlines how to check if the transfer can be canceled by navigating to the transactions list in the Revolut app and tapping on the transaction. It also instructs the user on how to contact the recipient through the app if cancellation is not possible. The guidance is concrete and directs the user on what to do next, fulfilling the criteria for actionability.",none
uk_freelance_designer,pending_verification_too_long,angry_after_waiting,"I've completed my verification 3 days ago and my account is still pending! I've already tried contacting support multiple times and waiting on hold is just ridiculous. I need this sorted ASAP or I might have to look for another provider, mate!","Your verification process can take up to 7 business days in some cases, so it may still be pending due to that timeframe. If it has been 3 days, please be patient as we complete the verification. You will receive a notification via email and in-app once it's done. If you have any urgent concerns, you can try contacting support again through the in-app chat.",actionability,False,"The RAG-generated answer does not provide actionable, specific guidance. It mentions that the verification process can take up to 7 business days, which is informative but not actionable. The suggestion to 'try contacting support again through the in-app chat' is vague and lacks specific instructions on how to access or use the in-app chat feature. There are no step-by-step instructions or details on what the customer should do next, such as where to find the in-app chat or any alternative methods to expedite the process. The response fails to address the urgency expressed by the customer and does not offer a clear resolution path.",False,"The RAG answer does not provide a specific, actionable next step for the user. While it mentions that the verification process can take up to 7 business days and suggests contacting support again through in-app chat, it lacks concrete guidance on what the user should do immediately to resolve their issue. The response is vague and does not give the user a clear next step to take right now.",none
busy_parent_on_mobile,pending_verification_too_long,non_native_broken_english,hi my account still pending after 3 days i finish verification but not have full features can you tell me when it ready or how make it faster please,"Your verification process may take up to 7 business days. Since it's been 3 days, please be patient as we complete your identity verification. You will receive a notification via email and in-app once it's done. If you need to check the status of your verification, look for any notifications in the app or check your email for updates. If you have not received any prompts or updates, you may want to contact our customer support team through the in-app chat for further assistance.",actionability,True,"The RAG-generated answer provides actionable and specific guidance. It informs the customer that the verification process can take up to 7 business days and advises patience. It also specifies that the customer will receive a notification via email and in-app once the process is complete. Additionally, it provides clear instructions on how to check the status of the verification by looking for notifications in the app or checking email updates. Finally, it suggests contacting customer support through the in-app chat for further assistance if no updates have been received. The instructions are clear, step-by-step, and unambiguous, allowing the customer to follow them easily.",False,"The RAG answer provides some information about the verification process and suggests contacting customer support, but it lacks a specific, actionable next step. It does not clearly instruct the user on what to tap or upload, nor does it provide a direct method for expediting the process. The guidance is somewhat vague and does not empower the user with a concrete action to take immediately.",none
frequent_traveler,atm_withdrawal_fee_unknown,typing_from_phone_with_typos,"hey, just withdrew some cash in turkey and got hit with a fee i wasn’t expecting, can u break down how the fees work for atm withdrawals? trying to keep track of this while juggling kids and coffee, thx!","When you withdraw cash from an ATM using Revolut, there are a few fees to keep in mind:

1. **Cash Withdrawal Fee**: All ATM withdrawals are subject to a cash withdrawal fee. Depending on your plan, you can make a certain number of withdrawals or withdraw up to a specific amount each month without incurring this fee:
   - **Standard**: £200 (or 5 withdrawals, whichever comes first)
   - **Plus**: £200
   - **Premium**: £400
   - **Metal**: £800
   - **Ultra**: £2,000
   After exceeding this limit, a fee of 2% or £1 (whichever is greater) applies.

2. **ATM Fees**: The ATM itself may charge its own fees, which should be displayed before you complete the withdrawal.

3. **Currency Exchange Fees**: If you convert money before withdrawing or if Revolut converts it for you, you may incur currency exchange fees if you exceed your monthly allowance. 

4. **Weekend Fees**: If you make withdrawals or exchanges on weekends, additional fees may apply depending on your plan.

To check if a fee was charged by Revolut, tap the ATM withdrawal in your transaction history to see the details. If no fee is shown, Revolut did not charge one. 

Make sure to check your withdrawal allowance and reset dates in the 'Your plan' section of the app for more specific information.",actionability,True,"The RAG-generated answer provides a detailed breakdown of the fees associated with ATM withdrawals using Revolut, including cash withdrawal fees, ATM fees, currency exchange fees, and weekend fees. It specifies the withdrawal limits for different plans and the fees applicable after exceeding these limits. Additionally, it offers clear instructions on how to check if a fee was charged by Revolut by tapping the ATM withdrawal in the transaction history. The guidance is actionable and specific, allowing the customer to understand and manage their ATM withdrawal fees effectively.",True,"The RAG answer provides specific, actionable next steps for the user. It instructs the user to tap the ATM withdrawal in their transaction history to see details about any fees charged. Additionally, it advises the user to check their withdrawal allowance and reset dates in the 'Your plan' section of the app, which gives clear guidance on where to find relevant information. This meets the criteria for actionability.",none
frequent_traveler,cancel_subscription_not_working,non_native_broken_english,"hi, i need help to cancel my gym payment. i set it up but now i dont find option in app. can you help me? thanks.",I don't have enough information to help with that.,actionability,False,"The RAG-generated answer does not provide any actionable or specific guidance to the customer. It lacks clear instructions, steps, or any information that would help the customer cancel their gym payment. The response is vague and does not address the customer's query in any meaningful way.",False,"The RAG answer does not provide any specific, actionable next steps for the user to cancel their gym payment. It lacks guidance on what to do next, such as where to find the option in the app or who to contact for assistance.",none
non_native_english_worker,subscription_charge_dispute,typing_from_phone_with_typos,hey I cancelled my netflix but still got charged this month can you please help me get refund and make sure it not happen again I need money for kids thanks,I don't have enough information to help with that.,actionability,False,"The RAG-generated answer does not provide any actionable or specific guidance to the customer. It fails to address the customer's issue of being charged after cancellation and does not offer any steps to resolve the problem or obtain a refund. The response lacks any instructions or information on how to proceed, such as contacting Netflix support or checking the account status. Therefore, it does not meet the evaluation criteria for providing clear and step-by-step instructions.",False,"The RAG answer does not provide any specific, actionable next steps for the user. It lacks guidance on how to initiate a refund or prevent future charges, leaving the user without a clear course of action.",none
busy_parent_on_mobile,pending_verification_too_long,anxious_security_fear,hey i verified my account 3 days ago and its still pending what is going on i need to access features now heard about all these scams and im worried this is legit can i expedite this or get a timeline for when it will be fixed please i need human support not bots,"Your account verification process typically takes up to 1 business day, but it can take up to 7 business days in some cases. Since it's been 3 days, you may need to wait a bit longer. Unfortunately, there is no way to expedite this process. You will be notified via email and an in-app notification once your verification is complete. If you have any concerns or need further assistance, please contact our customer support team using the in-app chat.",actionability,True,"The RAG-generated answer provides clear and specific guidance regarding the account verification process. It informs the customer about the typical and maximum timeframes for verification, explains that there is no way to expedite the process, and specifies that the customer will be notified via email and in-app notification once verification is complete. Additionally, it directs the customer to contact customer support using the in-app chat for further assistance, which is actionable and specific. The instructions are clear and unambiguous, allowing the customer to understand the next steps and manage their expectations.",False,"The RAG answer provides information about the verification process and mentions contacting customer support, but it lacks a specific, actionable next step for the user. It does not clearly instruct the user on how to initiate contact with customer support or what specific actions to take next, making it vague and not actionable.",none
busy_parent_on_mobile,swift_transfer_asking_info,angry_after_waiting,why is it so hard to find my IBAN or BIC code for a SWIFT transfer I've been trying for ages and your support is useless I need this sorted now or I'm switching banks!!,"To find your IBAN or BIC code for a SWIFT transfer, follow these steps:

1. Go to 'Home' on the bottom menu of the Revolut app.
2. Tap 'Accounts'.
3. Select the currency you wish to receive money in.
4. Below your account balance, tap 'Details'.
5. Choose 'Local' or 'International' to view your account details, including the IBAN and BIC.

Make sure to share these details with the sender or sender bank. If you have any further issues, please let me know!",actionability,True,"The RAG-generated answer provides clear, step-by-step instructions on how to find the IBAN or BIC code using the Revolut app. Each step is specific and actionable, guiding the customer through the process without ambiguity. The instructions include where to navigate within the app and what options to select, ensuring the customer can follow them unambiguously. Additionally, the response offers further assistance if needed, which is helpful for the customer.",True,"The RAG answer provides a clear, step-by-step guide on how to find the IBAN and BIC codes within the Revolut app. It specifies exactly where to tap and what to select, giving the user concrete actions to take. Additionally, it encourages the user to share the details with the sender, reinforcing the actionability of the response.",none
student_abroad,pending_verification_too_long,typing_from_phone_with_typos,hey so i finished my verification like 3 days ago but my account still says pending and i can’t use all the features is there a way to speed this up or get a timeline or something pls thx,"Your verification process typically takes up to 1 business day, but it can take up to 7 business days in some cases. Since it has been 3 days, I recommend being patient as it may still be processing. You will receive a notification via email and in-app once it's completed. Unfortunately, there is no way to speed up the process. If it remains pending beyond 7 business days, please contact our support team for further assistance.",actionability,True,"The RAG-generated answer provides clear and specific guidance to the customer. It explains the typical timeline for the verification process and sets expectations by mentioning that it can take up to 7 business days. The customer is advised to be patient and is informed that they will receive a notification once the process is complete. Additionally, the answer provides a clear next step if the issue persists beyond 7 business days, which is to contact the support team. The instructions are unambiguous and actionable, meeting the evaluation criteria.",False,"The RAG answer provides information about the verification process and suggests contacting support if the status remains pending beyond 7 business days. However, it lacks a specific, actionable next step for the user to take immediately. It does not instruct the user on how to contact support (e.g., providing a link, email address, or button to tap), making it vague about what action to take next.",none
small_business_owner,wrong_recipient_no_refund,angry_after_waiting,I've already called about this and it's getting ridiculous! I accidentally sent EUR500 to the wrong number and the recipient hasn't accepted it yet. Can I cancel or reverse this transaction or what? I need this sorted now or I'm seriously considering switching providers!,"If you sent EUR500 to the wrong number and the recipient hasn't accepted it yet, you cannot cancel the transaction directly. The fastest way to resolve this is to ask the recipient to return the funds to you. You can reach out to them via the chat in the Revolut app:

1. Go to 'Payments' on the bottom menu.
2. Select the person you sent money to.
3. A chat window will open where you can message them.

If the recipient isn't responding, you can contact our customer support team, and we'll try to reach out to them on your behalf. However, we can't guarantee they will respond or agree to return the funds. Without the recipient's consent, we are unable to retrieve the money.",actionability,True,"The RAG-generated answer provides clear and actionable guidance for the customer. It includes specific steps on how to contact the recipient through the Revolut app, which is the most immediate action the customer can take. Additionally, it offers an alternative solution by suggesting contacting customer support if the recipient is unresponsive. The instructions are detailed enough for the customer to follow without ambiguity, and the limitations of the situation are clearly communicated.",True,"The RAG answer provides specific, actionable next steps for the user. It clearly instructs the user to go to 'Payments' in the Revolut app, select the recipient, and use the chat feature to request the return of the funds. Additionally, it offers an alternative step to contact customer support if the recipient does not respond. This guidance is concrete and directs the user on what to do next.",none
non_native_english_worker,pending_verification_too_long,typing_from_phone_with_typos,"hey, i did verification 3 days ago and still pending status, i can’t use full features, this is stressing me out, when i can access everything or can i make it faster?","Your verification status can take up to 7 business days to complete. Since it has only been 3 days, I recommend being patient as the process is usually completed within this timeframe. Unfortunately, there is no way to expedite the verification process. You will receive a notification via email and in-app once it is completed. If you have not received any updates, please check your emails for any communication from us.",actionability,True,"The RAG-generated answer provides clear and specific guidance regarding the verification process. It informs the customer that the verification can take up to 7 business days and advises patience since it has only been 3 days. The answer also specifies that there is no way to expedite the process and that the customer will receive a notification via email and in-app once the verification is complete. Additionally, it suggests checking emails for any communication, which is actionable advice. The response is clear and provides the customer with a realistic expectation of the timeline and next steps.",False,"The RAG answer does not provide a specific, actionable next step for the user. It explains the verification process and timeframe but does not instruct the user on what to do next, such as contacting support or checking a specific section of the app. The guidance is vague and does not empower the user to take any concrete action.",none
busy_parent_on_mobile,virtual_card_missing,non_native_broken_english,hi I want make virtual card for online safety but I not find how to do it in app can you help me please,"To create a virtual card in the Revolut app, follow these steps:

1. Go to 'Home' on the bottom menu.
2. Tap the cards icon in the top-right corner.
3. Tap 'Add new'.
4. Choose 'Debit', 'Joint', or 'Pro' at the top.
5. Select 'Virtual'.
6. Choose a colour.
7. Tap 'Get card for free' to instantly create your virtual card.

Once created, you can use it for online purchases or link it to Apple Pay or Google Pay for in-store payments.",actionability,True,"The RAG-generated answer provides clear, step-by-step instructions on how to create a virtual card in the Revolut app. Each step is specific and actionable, guiding the customer through the process without ambiguity. The instructions include where to navigate in the app, what options to select, and what actions to take, ensuring the customer can follow them unambiguously. No critical information is missing, making the guidance effective and complete.",True,"The RAG answer provides a clear, step-by-step guide on how to create a virtual card in the app. It specifies exactly where to tap and what options to select, giving the user concrete actions to take. This meets the criteria for actionability as the user knows exactly what to do next.",none
crypto_day_trader,weekend_transfer_fee,empty,"Hey, I transferred some funds on Saturday and got hit with a fee. Why does it matter that it was the weekend? This makes no sense, I thought crypto was 24/7.","The fee you encountered for your transfer on Saturday is likely due to weekend fees that apply to exchanges made between 5pm Friday and 6pm Sunday, Eastern Time (ET). Depending on your plan, you may be charged a fee for these exchanges: 1% for Standard customers and 0.5% for Plus customers. Premium, Metal, and Ultra customers do not incur additional fees on weekends. 

You can check your specific fees and plan details in the 'Your plan' section of the app.",actionability,True,"The RAG-generated answer provides specific and actionable guidance by explaining the reason for the fee and detailing the fee structure based on the customer's plan. It also directs the customer to check their specific fees and plan details in the 'Your plan' section of the app, which is a clear and unambiguous instruction. The answer addresses the customer's query about weekend fees and provides a logical explanation, making it easy for the customer to understand and verify their charges.",False,"The RAG answer explains the reason for the fee and provides information about different customer plans, but it does not give the user a specific, actionable next step. While it mentions checking the 'Your plan' section of the app, it lacks concrete guidance on how to do this or what to do if the user wants to address the fee issue. Therefore, the answer is vague about what action to take.",none
small_business_owner,atm_withdrawal_fee_unknown,angry_after_waiting,"I've been trying to sort this cash withdrawal fee issue for days now! I didn't expect the charges when I took out cash abroad, and it's really affecting my bottom line. Can you please explain your fee structure ASAP before I consider switching to another service!","Revolut charges fees for cash withdrawals based on your plan. Here’s a breakdown of the fee structure:

- **Standard Plan**: £200 (or 5 withdrawals, whichever comes first) fee-free. After that, a 2% or £1 fee applies.
- **Plus Plan**: £200 fee-free, with the same charges after exceeding the limit.
- **Premium Plan**: £400 fee-free, with the same charges after exceeding the limit.
- **Metal Plan**: £800 fee-free, with the same charges after exceeding the limit.
- **Ultra Plan**: £2,000 fee-free, with the same charges after exceeding the limit.

Additionally, if you convert money before withdrawing or if it’s converted at the time of withdrawal, you may incur currency exchange fees and weekend fees depending on your plan. 

To check your withdrawal allowance and any fees charged, you can tap the ATM withdrawal in your transactions list in the app. If no fee is shown, then Revolut did not charge one. 

If you need further assistance, please let me know!",actionability,True,"The RAG-generated answer provides a clear and detailed breakdown of the cash withdrawal fee structure for different Revolut plans, which directly addresses the customer's query about unexpected charges. It also offers specific guidance on how to check withdrawal allowances and fees in the app by instructing the customer to tap the ATM withdrawal in their transactions list. This instruction is actionable and unambiguous, allowing the customer to verify any fees charged. The response also mentions potential currency exchange and weekend fees, which are relevant to the customer's situation of withdrawing cash abroad. Overall, the answer meets the evaluation criteria by providing specific, actionable guidance without missing critical information.",True,"The RAG answer provides a clear next step for the user by instructing them to tap the ATM withdrawal in their transactions list in the app to check their withdrawal allowance and any fees charged. This guidance is specific and actionable, allowing the user to take immediate action regarding their cash withdrawal fee issue.",none
student_abroad,swift_transfer_asking_info,typing_from_phone_with_typos,hey im tryin to send money abroad via swift but where do i find the iban or bic code in the app? im kinda in a rush here and just cant see it thx!,"To find the IBAN or BIC code in the Revolut app, follow these steps:

1. Go to 'Home' on the bottom menu.
2. Tap 'Accounts'.
3. Select the currency you wish to receive money in.
4. Below your account balance, tap 'Details'.
5. Choose 'Local' or 'International' to view the relevant details.

The BIC details will be provided on the same screen. If you need to provide intermediary bank details, ensure you use the correspondent bank's BIC listed there.",actionability,True,"The RAG-generated answer provides clear, step-by-step instructions on how to find the IBAN or BIC code in the Revolut app. It specifies where to navigate within the app ('Home', 'Accounts', 'Details') and what options to select ('Local' or 'International') to view the relevant details. The guidance is actionable and specific, allowing the customer to follow the instructions unambiguously. No critical information is missing, and the customer should be able to locate the required codes using these instructions.",True,"The RAG answer provides a clear, step-by-step guide on how to find the IBAN and BIC codes in the Revolut app. It specifies where to tap and what to select, giving the user concrete actions to take. This meets the criteria for actionability as the user knows exactly what to do next.",none
busy_parent_on_mobile,transfer_pending_stuck,anxious_security_fear,hey i sent money to a friend 2 days ago and its still pending neither of us got it what is going on is it safe i heard about scams lately how do i cancel it if needed i really need help with this asap,"Your transfer may still be pending for several reasons, such as being sent on a weekend or public holiday, additional processing checks, or incorrect recipient details. Transfers can remain pending for up to 72 hours, but they usually complete within a few hours.

To check the status of your transfer, use the outbound transfer status tool in the Revolut app. 

If you want to cancel the transfer, follow these steps:
1. Go to Payments on the bottom menu.
2. Select the person you sent the pending transfer to.
3. On the payments screen, select the pending transfer.
4. Tap 'Cancel'.

If you can't cancel it, it might be under review by our automated security system. In that case, you may need to answer some questions in the app and wait for the review to complete.

If you suspect the transfer was directed to a fraudulent source, you can report it by searching for the transfer in your transaction history, tapping on 'Get help', and selecting 'Report this transfer as fraud'. 

If you have further questions, please contact Revolut Support.",actionability,True,"The RAG-generated answer provides clear, step-by-step instructions for the customer to check the status of their transfer and attempt to cancel it if necessary. It explains potential reasons for the pending status and offers specific guidance on how to report a fraudulent transfer. The instructions are unambiguous and include details on where to navigate within the app, making it actionable and specific for the customer.",True,"The RAG answer provides specific, actionable next steps for the user, including how to check the status of the transfer and detailed instructions on how to cancel it. It also offers guidance on reporting a potentially fraudulent transfer and suggests contacting support for further questions, ensuring the user knows exactly what to do next.",none
student_abroad,subscription_charge_dispute,non_native_broken_english,hey i cancelled my netflix but i still got charged this month can u help me get refund pls and make sure it not happen again thx,I don't have enough information to help with that.,actionability,False,"The RAG-generated answer does not provide any actionable or specific guidance to the customer. It fails to address the customer's issue or offer any steps to resolve it, such as contacting Netflix support, checking the cancellation status, or verifying payment methods. The response is vague and lacks any instructions that the customer can follow to seek a refund or prevent future charges.",False,"The RAG answer does not provide any specific, actionable next steps for the user to take regarding their refund or preventing future charges. It lacks concrete guidance and leaves the user without a clear direction on how to resolve their issue.",none
crypto_day_trader,wrong_recipient_no_refund,angry_after_waiting,"I sent EUR500 to the wrong number and the person hasn’t accepted it, can I cancel or reverse that? I’ve already tried contacting support multiple times and waiting on hold is driving me crazy! If this isn’t resolved ASAP, I’ll seriously consider closing my account!","Once a transfer to a wrong Revolut customer is processed, it cannot be canceled. You will need to ask the recipient to return the money. You can do this by reaching out to them via the chat in the Revolut app:

1. Go to the bottom menu and select ""Payments.""
2. Choose the person you sent money to.
3. A chat window will open where you can message them.

If the recipient isn't responding, you can contact our customer support team, and we will try to reach out to them on your behalf. However, we cannot guarantee they will respond or agree to return the funds.",actionability,True,"The RAG-generated answer provides clear and actionable guidance for the customer. It includes specific steps on how to attempt to resolve the issue by contacting the recipient through the Revolut app. The instructions are detailed, mentioning exactly where to go in the app ('Payments' in the bottom menu) and what to do next (choose the person and open a chat window). Additionally, it offers a secondary option of contacting customer support if the recipient does not respond, while managing expectations about the outcome. The response is comprehensive and allows the customer to follow the instructions unambiguously.",True,"The RAG answer provides a specific, actionable next step by detailing how to reach out to the recipient through the Revolut app. It includes concrete guidance on navigating the app to initiate a chat, which gives the user a clear direction on what to do next. Additionally, it mentions contacting customer support as an alternative, which also adds to the actionability of the response.",none
uk_freelance_designer,daily_top_up_limit_reached,angry_after_waiting,I've hit my funding limit again and really need to add more funds today! When does this bloody limit reset?! I've already tried sorting this out multiple times and I'm getting fed up. Is there a workaround or am I going to have to switch to another provider?,"I understand your frustration. Unfortunately, I don't have specific information on when your funding limit resets. However, you can check your limits and reset dates in the 'Your plan' section of the app. 

If you're looking for a workaround, consider adding money through other methods such as using a different card, Apple Pay, Google Pay, or bank transfers. You can find more details on these options in the relevant sections of the app.",actionability,False,"The RAG-generated answer fails to provide actionable, specific guidance. It suggests checking the 'Your plan' section of the app for limit reset dates but does not provide step-by-step instructions on how to navigate to this section. Additionally, the advice to use other payment methods is vague and lacks specific steps or instructions on how to execute these alternatives. The response does not address the customer's frustration effectively or provide a clear resolution path.",False,"The RAG answer does not provide a specific, actionable next step for the user. While it suggests checking the 'Your plan' section of the app and offers alternative payment methods, it lacks concrete guidance on how to proceed immediately. The user is left without a clear action to take to resolve their funding limit issue.",none
frequent_traveler,swift_transfer_asking_info,non_native_broken_english,"hi, i need send money internationally with swift, but i can’t find ibán or bic code in app. where i can find this? thanks!","To find your IBAN or BIC code in the Revolut app for international transfers, follow these steps:

1. Go to 'Home' on the bottom menu.
2. Tap 'Accounts'.
3. Select the currency you wish to receive money in.
4. Below your account balance, tap 'Details'.
5. Choose 'Local' or 'International' to view the relevant details.

Your BIC details will be provided on the same screen. If you need to provide intermediary bank details, make sure to use the correspondent bank's BIC listed there.",actionability,True,"The RAG-generated answer provides clear, step-by-step instructions on how to find the IBAN or BIC code in the Revolut app. It specifies where to navigate within the app ('Home', 'Accounts'), what to select (the currency and 'Details'), and how to view the relevant information ('Local' or 'International'). The guidance is actionable and specific, allowing the customer to follow the instructions unambiguously. No critical information is missing, and the customer should be able to locate the necessary details for international transfers.",True,"The RAG answer provides a clear, step-by-step guide on how to find the IBAN and BIC codes in the Revolut app. It specifies where to tap and what to select, giving the user concrete actions to take to achieve their goal of sending money internationally.",none
frequent_traveler,crypto_limit_warning,anxious_security_fear,"hey, i just got a message about hitting my crypto limit and i need to know what that limit is. is there any way to increase it? also, with all these fraud warnings lately, i’m kinda worried about security. can i get a human to help me with this?","To check your crypto withdrawal limits, follow these steps:

1. Go to 'Crypto' on the bottom menu.
2. Tap 'More'.
3. Select 'Limits and fees'.
4. Tap 'Sending limits'.

If you want to increase your limits, you can manage your Wealth Protection limits by:

1. Tapping your profile icon in the top left corner.
2. Selecting ‘Security’.
3. Selecting 'Wealth protection'.
4. Adjusting the limit you wish to set or turning the toggle off to disable it.

Regarding security concerns and getting human assistance, I don't have enough information to help with that.",actionability,False,"The RAG-generated answer provides clear, step-by-step instructions for checking and managing crypto withdrawal limits, which is helpful. However, it fails to address the customer's concern about security and the request for human assistance. The response ends with an acknowledgment of insufficient information, which does not provide actionable guidance for the customer's security concerns or how to contact a human representative. This lack of information on these critical points makes the response incomplete.",False,"The answer provides specific steps for checking and adjusting crypto limits, which is actionable. However, it fails to address the user's request for human assistance regarding security concerns, stating a lack of information. This leaves the user without a clear next step for contacting support or addressing their security worries.",none
small_business_owner,subscription_charge_dispute,anxious_security_fear,"I've cancelled my Netflix subscription but still got charged this month. I need a refund ASAP and also want to make sure this doesn't happen again. With all the scams going around, I don’t trust automated responses—get me a human to sort this out, please!","To address the charge from Netflix after canceling your subscription, I recommend contacting Netflix directly for a refund, as most issues like cancellations and refunds are best resolved with the merchant. If you need to dispute the transaction, follow these steps in your Revolut app:

1. Tap the transaction in your transactions list.
2. Tap 'Get help.'
3. Select the issue related to the charge.
4. Complete and submit the form.

This will initiate the dispute process, and you can track the progress in-app. Unfortunately, I cannot connect you with a human agent directly.",actionability,False,"The RAG-generated answer provides some actionable steps for disputing the transaction through the Revolut app, which is clear and step-by-step. However, it fails to address the customer's request for human assistance, which was a critical part of the query. The customer explicitly expressed distrust in automated responses and requested human intervention, which the response did not accommodate. Additionally, the response does not provide any guidance on how to contact Netflix directly, which was suggested as the first step. Therefore, the answer is incomplete and does not fully meet the customer's needs.",True,"The RAG answer provides a clear, actionable next step for the user by detailing how to dispute the charge through the Revolut app. It specifies exactly what the user needs to do: tap the transaction, tap 'Get help,' select the issue, and submit the form. This guidance is concrete and directs the user on how to proceed, fulfilling the actionability criteria.",none
crypto_day_trader,unrecognized_transaction,poor_internet_connection,"hey, I see a charge in my history I don’t remember making. looks suspicious, frantically worried about fraud! need to dispute it ASAP. signal's bad, pls help quick!","To dispute the suspicious charge, please follow these steps in your Revolut app:

1. Go to the 'Home' section on the bottom menu.
2. Tap on 'Transactions' to view your transaction history.
3. Find and tap the transaction you want to dispute.
4. Tap 'Get help'.
5. Choose 'Report this payment as fraudulent'.
6. Follow the prompts to raise your claim.

After submitting the claim, your card will be terminated to prevent further unauthorized use. You can track the progress of your claim in the app. If you need immediate action, consider using the 'Freeze card' feature to stop all activity while you investigate.",actionability,True,"The RAG-generated answer provides clear, step-by-step instructions for disputing a suspicious charge in the Revolut app. Each step is specific, detailing exactly where to navigate and what actions to take, such as going to the 'Home' section, tapping on 'Transactions', and selecting 'Get help'. The response also includes additional advice on using the 'Freeze card' feature for immediate action, which is relevant and helpful given the customer's concern about potential fraud. Overall, the guidance is actionable and unambiguous, allowing the customer to follow the instructions without confusion.",True,"The RAG answer provides a clear, step-by-step guide for the user to dispute the suspicious charge in the Revolut app. It specifies exactly where to tap and what actions to take, ensuring the user knows how to proceed. Additionally, it includes a suggestion to freeze the card for immediate action, which enhances the overall actionability of the response.",none
gig_economy_courier,pending_verification_too_long,non_native_broken_english,"Hi, I did verification 3 days ago but account still pending. I can’t use all features, this is problem for me. How long more? Can you make it faster? Thanks.","Your verification process typically takes up to 1 business day, but it can take up to 7 business days in some cases. Since it has been 3 days, please be patient as we complete the verification. Unfortunately, I cannot expedite the process. You will receive a notification via email and in-app once it is completed.",actionability,False,"The RAG-generated answer does not provide actionable or specific guidance. While it informs the customer about the typical verification timeline and the possibility of it taking up to 7 business days, it lacks any specific instructions or steps the customer can take to address their issue. The response does not offer any alternatives or additional actions the customer can pursue, such as contacting support for further assistance or checking their spam folder for any missed communications. Therefore, it fails to meet the criteria of providing clear, step-by-step instructions.",False,"The RAG answer does not provide a specific, actionable next step for the user. While it explains the verification timeline, it does not instruct the user on what to do next or how to follow up on their pending account status. The user is left without clear guidance on any actions they can take.",none
non_native_english_worker,exchange_rate_markup_question,empty,Why exchange rate in app different than Google? Is Revolut add markup? Need to know for sending money home.,"The exchange rate in the Revolut app may differ from Google because Revolut's rates are based on data from multiple independent sources and can vary due to market conditions. Additionally, there is a difference between buy and sell prices, known as a spread, which includes a mark-up applied by Revolut.

To check the current exchange rates in the app, you can:
1. Go to 'Home' on the bottom menu.
2. Scroll down until you see '+ Add widgets'.
3. Tap '+ Add widgets'.
4. Scroll down and select 'Watchlist'.
5. Tap 'Add widget' to see the new widget on your home screen.

Before sending money home, you can review the rate and any fees in the app before completing the exchange.",actionability,True,"The RAG-generated answer provides a clear explanation of why the exchange rate in the Revolut app may differ from Google's rate, mentioning the use of multiple independent sources and the concept of a spread. It also gives specific, step-by-step instructions on how to check the current exchange rates within the app, including where to navigate and what to select. This guidance is actionable and allows the customer to verify the rates and any associated fees before sending money, fulfilling the evaluation criteria.",True,"The RAG answer provides specific, actionable steps for the user to check the current exchange rates in the Revolut app. It clearly outlines where to navigate within the app, including tapping on 'Home', adding widgets, and selecting 'Watchlist'. This guidance allows the user to take concrete actions to find the information they need before sending money home.",none
small_business_owner,unrecognized_transaction,angry_after_waiting,"I've seen a charge for £150 from a supplier I don't even recognize, I've tried sorting this out before and it's getting ridiculous! I need this disputed NOW or I'm seriously considering switching to another service!","To dispute the £150 charge, please follow these steps in your Revolut app:

1. Tap the transaction in your transactions list.
2. Tap 'Get help'.
3. Select the issue related to the charge.
4. Complete and submit the dispute form.

We'll review your case and keep you updated. You can also track the progress of your dispute by tapping the disputed transaction in your transactions list. If you haven't already, it's advisable to contact the merchant directly to resolve the issue faster.",actionability,True,"The RAG-generated answer provides clear, step-by-step instructions for disputing the charge through the Revolut app. It specifies exactly where to tap and what to select, ensuring the customer can follow the instructions unambiguously. Additionally, it advises contacting the merchant directly for potentially faster resolution, which is practical advice. No critical information is missing, making the guidance actionable and specific.",True,"The RAG answer provides a clear, actionable next step for the user to dispute the charge. It includes specific instructions on what to tap in the app, guiding the user through the process of disputing the transaction. Additionally, it mentions tracking the progress of the dispute, which adds to the clarity of the next steps. Overall, the guidance is concrete and actionable.",none
student_abroad,card_not_working_abroad,non_native_broken_english,"hi, im in thailand and my card just declined. i not change any settings. is my card frozen or is it merchant problem? thx for help","Your card may be declined due to potential fraud detection by our security system, or it could be a merchant issue. To check if your card is frozen or if the merchant is blocked, please follow these steps:

1. Open your Revolut app and go to the home page.
2. Tap on the relevant tile to access the in-app questionnaire. 
3. If your transaction was identified as a potential scam, you will need to complete the questionnaire to unblock the merchant or unfreeze your card.

If you don't see the declined transaction in your app, it might be due to merchant restrictions or technical issues on their side. In that case, reach out to the merchant first. If they can't help, you can tap the declined transaction in your app and select 'Troubleshoot my declined transaction' for further assistance. 

If you need to check for card damage, ensure your physical card is intact. If it continues to fail, consider ordering a replacement card in-app.",actionability,True,"The RAG-generated answer provides clear and actionable guidance for the customer. It outlines specific steps to check if the card is frozen or if there is a merchant issue by using the Revolut app. The instructions are detailed, including where to go in the app and what actions to take, such as completing an in-app questionnaire or troubleshooting a declined transaction. Additionally, it advises on checking for card damage and ordering a replacement if necessary. The response avoids vague advice and ensures the customer can follow the instructions unambiguously.",True,"The RAG answer provides specific, actionable next steps for the user. It instructs the user to open the Revolut app, tap on a specific tile to access the in-app questionnaire, and explains how to troubleshoot the declined transaction. Additionally, it advises contacting the merchant if necessary and provides guidance on checking for card damage and ordering a replacement if needed. This clear guidance allows the user to know exactly what actions to take next.",none
non_native_english_worker,card_lost_need_freeze,poor_internet_connection,"I lost my card! Need freeze it now! Can’t find it, help! Signal bad here, hurry please.","To freeze your card, follow these steps in the Revolut mobile app:

1. Go to 'Home' on the bottom menu.
2. Tap the card icon in the top-right corner.
3. Choose the card you wish to freeze.
4. Tap 'Freeze'.

Alternatively, you can tap your profile icon in the top-left corner, select 'Security', then 'Lost card', choose your card, and tap 'Freeze'.

If you have a bad signal, you can also call our automated phone line at +44 20 3322 8352 to block your card.",actionability,True,"The RAG-generated answer provides clear, step-by-step instructions on how to freeze the card using the Revolut mobile app. It specifies exactly where to navigate within the app and what actions to take. Additionally, it offers an alternative method to freeze the card via an automated phone line, which is useful given the customer's mention of a bad signal. The guidance is actionable and specific, allowing the customer to follow the instructions unambiguously.",True,"The RAG answer provides clear, actionable steps for the user to freeze their card using the Revolut mobile app, including specific menu options to tap. It also offers an alternative method to call an automated phone line, ensuring the user knows exactly what to do next despite the bad signal.",none
crypto_day_trader,verify_identity_failed,poor_internet_connection,"I submitted my docs for verification but got rejected?? No clear reason given, wtf?? Need to know what went wrong so I can fix it and resubmit!! Can't do this on a weak signal, pls help fast!!","Your document may have been rejected for several reasons. To successfully pass verification, ensure that your identity document meets the following criteria:

- It is a supported identity document type.
- It is not handwritten.
- It is not expired, damaged, or hard to read.
- The personal information on the document matches the information in your Revolut account.

To fix the issue, review your document against these criteria and resubmit it through the prompts you receive in-app or via email. If you need further assistance, please check your emails for any updates from us or contact our customer support team using the in-app chat.",actionability,True,"The RAG-generated answer provides actionable and specific guidance by listing clear criteria that the customer's document must meet to pass verification. It advises the customer to review their document against these criteria and resubmit it through the app or email. Additionally, it suggests checking emails for updates or contacting customer support for further assistance. The instructions are clear and step-by-step, allowing the customer to follow them unambiguously.",True,"The RAG answer provides specific, actionable next steps for the user. It outlines the criteria the document must meet and instructs the user to review their document accordingly. Additionally, it specifies how to resubmit the document (through in-app prompts or email) and suggests contacting customer support via in-app chat for further assistance. This guidance is concrete and actionable, addressing the user's need for clarity on what to do next.",none
small_business_owner,cancel_subscription_not_working,poor_internet_connection,"I'm trying to cancel my gym recurring payment but can't find the option in the app. Signal's weak here, can’t waste time on this. Help me out quick!",I don't have enough information to help with that.,actionability,False,The RAG-generated answer does not provide any actionable or specific guidance to the customer. It lacks any instructions or steps that the customer can follow to resolve their issue. The response is vague and does not address the customer's need for quick assistance in canceling their gym recurring payment. Critical information such as where to find the cancellation option in the app or alternative methods to cancel the payment is missing.,False,"The RAG answer does not provide any specific, actionable next steps for the user to cancel their gym recurring payment. It lacks guidance on what to do next, such as where to find the option in the app or who to contact for assistance. Instead, it states a lack of information, leaving the user without a clear path forward.",none
busy_parent_on_mobile,exchange_rate_markup_question,typing_from_phone_with_typos,hey so i just checked the exchange rate in the app and its way different from what i see on google is there like a markup or something cause im super confused and i need to know fast thanks,"The difference in exchange rates you're seeing is likely due to the spread between the buy and sell prices, which is normal. Revolut's rates are competitive and based on data from multiple independent sources. Before making an exchange, you can review the rate and any applicable fees in the app. 

To check the current exchange rates, you can also visit our website or add a currency watchlist in the app. If you have further questions about specific fees or limits, please refer to our Fees Page for a full breakdown.",actionability,False,"The RAG-generated answer provides some general information about exchange rates and mentions that Revolut's rates are competitive. However, it lacks specific, actionable guidance on how to resolve the customer's confusion. The response does not include step-by-step instructions on how to check the exchange rate or fees in the app, nor does it specify where to find the Fees Page. The advice to visit the website or add a currency watchlist is vague and not directly related to resolving the immediate issue. Therefore, the response fails to meet the criteria for clear and actionable guidance.",False,"The RAG answer explains the difference in exchange rates and provides some general guidance on checking rates and fees, but it does not give the user a specific, actionable next step. It lacks concrete instructions on what to tap, upload, or who to contact for immediate assistance regarding their confusion about the exchange rate.",none
non_native_english_worker,atm_withdrawal_fee_unknown,typing_from_phone_with_typos,hey i just took cash out in spain and they charged me fee i no see this coming can u tell me why and how this fees work? im little confused and stressed about all this i use money to send home to family,"When you withdraw cash from an ATM, you may incur fees based on your plan. All ATM withdrawals are subject to a cash withdrawal fee, which is waived for a certain number of withdrawals each month, depending on your plan:

- Standard: £200 (or 5 withdrawals)
- Plus: £200
- Premium: £400
- Metal: £800
- Ultra: £2,000

After exceeding these limits, a 2% or £1 fair usage fee applies. Additionally, currency exchange fees may apply if you convert your funds at the time of withdrawal. 

To check if a fee was charged, tap the ATM withdrawal in your transactions list to see the details. If no fee is shown, Revolut did not charge one. 

If you need more specific information about your transaction, please check your app.",actionability,True,The RAG-generated answer provides clear and specific guidance on why the customer might have been charged a fee for withdrawing cash in Spain. It explains the fee structure based on different plans and mentions the possibility of currency exchange fees. The answer also provides actionable steps by instructing the customer to tap the ATM withdrawal in their transactions list to check for any fees charged. This guidance is specific and allows the customer to follow the instructions unambiguously to verify the fees associated with their transaction.,True,"The RAG answer provides specific, actionable next steps for the user. It instructs the user to tap the ATM withdrawal in their transactions list to see the details, which is a clear action to take. Additionally, it suggests checking the app for more specific information about the transaction, giving the user concrete guidance on how to proceed.",none
frequent_traveler,wrong_recipient_no_refund,non_native_broken_english,"hi, i send 500 euro to wrong number and they not accept yet. can i cancel or reverse this? thank you.","Once the transfer to the wrong Revolut customer is processed, it cannot be canceled. You will need to ask the recipient to return the money. You can reach out to them via the chat in the Revolut app by following these steps:

1. Go to the bottom menu and select ""Payments.""
2. Choose the person you sent money to.
3. A chat window will open where you can message the recipient.

If the recipient isn't responding, you can contact our customer support team for assistance, but we can't guarantee they will respond or agree to return the funds.",actionability,True,"The RAG-generated answer provides clear and actionable guidance. It specifies that once the transfer is processed, it cannot be canceled, and advises the customer to contact the recipient to request a return of the funds. The instructions on how to reach out to the recipient via the Revolut app are detailed and step-by-step, including where to navigate in the app ('Payments' in the bottom menu) and what to do next (select the person and open a chat window). Additionally, it offers a secondary option to contact customer support if the recipient is unresponsive, while managing expectations about the outcome. The response is specific and allows the customer to follow the instructions unambiguously.",True,"The RAG answer provides a clear, actionable next step for the user by detailing how to reach out to the recipient through the Revolut app. It includes specific instructions on navigating the app to initiate a chat, which gives the user a concrete action to take. Additionally, it mentions contacting customer support as an alternative, which also provides a clear next step if the first option doesn't work.",none
non_native_english_worker,daily_top_up_limit_reached,non_native_broken_english,"Hi, I need add more money today but hit limit. When it reset? Is there way to add more? I worry about sending to my family.","Your limits reset every 24 hours. If you've reached your limit for adding money, you can wait for it to reset or consider authorizing funds to leave your account by performing a selfie check. 

Additionally, you can add money through other methods, such as using a different card, Apple Pay, or Google Pay. You can also explore bank transfers or internal transfers from other Revolut customers. 

For more details on your specific limits, check the 'Your plan' section in the app.",actionability,False,"The RAG-generated answer provides some useful information, such as the 24-hour reset period and alternative methods to add money. However, it lacks specific, actionable steps for the customer to follow. For example, the suggestion to perform a selfie check is vague and does not explain how to initiate this process. Additionally, the advice to check the 'Your plan' section in the app is not accompanied by instructions on how to navigate to this section. The response could be improved by providing clear, step-by-step guidance on how to perform a selfie check and how to access the 'Your plan' section in the app.",False,"The RAG answer provides some information about the limits and alternative methods to add money, but it lacks a specific, actionable next step for the user. It does not clearly instruct the user on what to tap, upload, or who to contact to resolve their issue. The guidance is too vague and does not provide a concrete action for the user to take immediately.",none
uk_freelance_designer,crypto_purchase_failed,empty,"Hi there, I'm trying to buy some Bitcoin through the app, but I keep getting a generic error message. I've got enough balance, so I'm not sure what's blocking the purchase. Can you help me sort this out? Cheers!",I don't have enough information to help with that.,actionability,False,"The RAG-generated answer does not provide any actionable or specific guidance to the customer. It simply states a lack of information without offering any steps to resolve the issue. The response fails to meet the evaluation criteria as it does not include clear instructions, specific actions to take, or any troubleshooting steps. The customer is left without any direction on how to proceed with their issue.",False,"The RAG answer does not provide any specific, actionable next steps for the user. It fails to guide the user on what to do next, such as contacting support, checking settings, or troubleshooting the error. Instead, it simply states a lack of information, leaving the user without a clear path forward.",none
non_native_english_worker,instant_transfer_limit_reached,angry_after_waiting,"Why I can't send money now?! I keep getting limit message! What is this limit and when reset? I need send money fast to family, I'm tired of waiting! If no solution now, I think to close account!","It sounds like you may be encountering a limit on your account. Limits can be due to various reasons, such as compliance checks, insufficient funds, or account restrictions. 

To resolve this, please check the following:

1. **Account Verification**: Ensure your account is verified and not restricted. You can verify your identity by following the steps in the app.

2. **Sufficient Funds**: Make sure you have enough funds in your account to complete the transfer.

3. **Compliance Checks**: Sometimes, transfers may be declined due to compliance reasons. If this is the case, you may need to wait until the necessary checks are completed.

If your account is restricted, you can follow the reinstatement steps in the app to provide any missing information.

Unfortunately, I don't have specific information on when limits reset. If you continue to experience issues, consider reaching out to Revolut Support via the in-app chat for further assistance.",actionability,False,"The RAG-generated answer provides some general guidance but lacks specific, actionable steps that the customer can follow unambiguously. It mentions checking account verification, sufficient funds, and compliance checks, but does not provide detailed instructions on how to perform these checks within the app. Additionally, it fails to address the customer's specific question about when the limits reset. The advice to contact Revolut Support is helpful, but the response overall lacks the specificity needed for the customer to resolve the issue independently.",False,"The RAG answer provides some guidance on what the user should check (account verification, sufficient funds, compliance checks), but it lacks a specific, actionable next step. While it mentions following steps in the app and reaching out to support, it does not clearly instruct the user on what button to tap or what document to upload. The answer is somewhat vague and does not give a concrete next step for the user to take immediately.",none
non_native_english_worker,daily_top_up_limit_reached,poor_internet_connection,"hi, i need add more money today but limit hit. when it reset? is there workaround? can’t wait long, on train now. thx","Your withdrawal limit resets on a rolling monthly basis, based on the day your current price plan began. To check your exact limit refresh date and remaining allowance, tap your profile icon in the top-left corner, select 'Your plan', and look under the 'Your limits' section.

If you need to add money immediately and your limit is hit, consider using Apple Pay or Google Pay, or try adding money with a different card. You can also explore bank transfers or internal transfers from other Revolut customers.",actionability,True,"The RAG-generated answer provides clear and actionable guidance. It specifies how the customer can check their limit reset date by navigating to their profile, selecting 'Your plan', and looking under 'Your limits'. Additionally, it offers specific alternatives for adding money immediately, such as using Apple Pay, Google Pay, a different card, or bank/internal transfers. The instructions are detailed enough for the customer to follow without ambiguity.",True,"The RAG answer provides specific, actionable next steps for the user. It instructs the user to tap their profile icon, select 'Your plan', and check the 'Your limits' section for the reset date. Additionally, it offers alternative methods to add money immediately, such as using Apple Pay, Google Pay, or different cards, which gives the user clear guidance on what to do next.",none
crypto_day_trader,crypto_purchase_failed,empty,"Hey, I’m trying to buy some BTC but I keep getting a generic error, wtf? My balance is good, so what’s blocking the purchase? Can you help me sort this out ASAP?","If you're receiving a generic error while trying to buy BTC, it could be due to several reasons:

1. **Insufficient funds**: Even if your balance appears good, ensure that it covers the total cost of the BTC purchase, including any fees.
2. **Exceeded exchange limits**: You may have hit the daily transaction limit of 200 transactions or the crypto transaction amount limit of €15,000.
3. **Account issues**: Check if your account is locked or if your currency account is deactivated, as these can prevent order execution.

To troubleshoot, you can:
- Double-check your account balance.
- Try again later if you suspect you may have exceeded transaction limits.
- Ensure your account is active and not locked.

If none of these steps resolve the issue, please reach out to us for further assistance.",actionability,False,"The RAG-generated answer provides some potential reasons for the error and suggests general troubleshooting steps, but it lacks specific, actionable guidance. The advice to 'double-check your account balance' and 'try again later' is vague without detailed instructions on how to verify these aspects. Additionally, the response does not provide critical information such as where to find transaction limits, how to check if the account is locked, or how to contact support for further assistance. The customer may not be able to follow the instructions unambiguously due to the lack of specific steps and details.",False,"The RAG answer provides some potential reasons for the error and suggests general troubleshooting steps, but it does not give a specific, actionable next step for the user. It lacks concrete guidance on what to tap, upload, or who to contact directly, making it vague and not actionable.",none
small_business_owner,pending_verification_too_long,typing_from_phone_with_typos,hey just checked my account still pending after 3 days since verification can’t access full features here need this sorted ASAP or at least a timeline or something plz this is killing me with work and kids to manage,"Your verification process typically takes up to 1 business day, but it can take up to 7 business days in some cases. Since it has been 3 days, I recommend checking your email for any updates or notifications in the app regarding your verification status. If you still see no updates, please be patient as we complete the process. If you need immediate assistance, you can contact customer support via the in-app chat.",actionability,True,"The RAG-generated answer provides actionable and specific guidance. It informs the customer about the typical and maximum timeframes for the verification process, advises them to check their email and app for updates, and suggests contacting customer support via the in-app chat for immediate assistance. The instructions are clear and step-by-step, allowing the customer to follow them unambiguously. No critical information is missing, as the customer is directed to specific actions they can take to address their issue.",False,"The RAG answer provides some information about the verification process and suggests checking email or the app for updates. However, it lacks a specific, actionable next step for the user. While it mentions contacting customer support via in-app chat, it does not clearly instruct the user to do so or provide a direct link or button to tap. The guidance is somewhat vague and does not give the user a concrete action to take immediately.",none
busy_parent_on_mobile,verify_identity_failed,poor_internet_connection,hey i submitted my docs for verification but got rejected no reason given what did i do wrong can i resubmit i need to know fast kids are waiting and im on the train,"Your document may have been rejected because it didn't meet the required criteria, such as being a supported document type, not being handwritten, or not matching the information in your Revolut account. You can resubmit your documents by following the prompts in the app or checking your email for any specific instructions. Make sure your new document is clear, readable, and meets all the guidelines. If you need further assistance, please contact customer support through the in-app chat.",actionability,False,"The RAG-generated answer provides some general reasons why the document might have been rejected and suggests resubmitting through the app or checking email for instructions. However, it lacks specific, step-by-step guidance on how to resubmit the documents within the app. It does not mention where to click or what to select in the app, which is critical for the customer to follow the instructions unambiguously. Additionally, it does not address the urgency expressed by the customer or provide a direct link to customer support, which could be crucial given the customer's situation.",True,"The RAG answer provides specific, actionable next steps for the user. It instructs the user to resubmit their documents by following prompts in the app and to check their email for specific instructions. Additionally, it advises the user on the quality of the new document and provides a clear option to contact customer support through the in-app chat for further assistance. This guidance is concrete and actionable, addressing the user's urgent need for clarity and next steps.",none
