persona_id,problem_id,modifier_id,query,answer,criterion,gold_passed,gold_reasoning,judge_passed,judge_reasoning,human_override
busy_parent_on_mobile,virtual_card_missing,poor_internet_connection,hey im trying to get a virtual card for online safety but i cant find it in the app help pls im on the train and signal is weak,"To get a virtual card in the Revolut app, follow these steps:

1. From your home screen, tap the cards icon in the top-right corner.
2. Select the option to create a virtual card.
3. Choose between a multi-use card or a single-use card based on your needs.

If you're having trouble finding the option, make sure you're on the latest version of the app. If you still can't find it, I don't have enough information to help with that.",completeness,False,"The RAG-generated answer provides some steps to obtain a virtual card but lacks completeness. It does not address the customer's specific situation of having a weak signal on the train, which may affect their ability to update the app or follow the steps. Additionally, the answer does not offer alternative solutions or troubleshooting steps if the customer cannot find the option due to connectivity issues. It also fails to suggest checking for app updates when the customer has a stable connection or contacting support if the issue persists. Therefore, the response is incomplete as it does not fully resolve the customer's issue given their current circumstances.",False,"The answer provides some steps to create a virtual card but lacks critical details that may be necessary for the user to successfully complete the process. It does not mention any additional information or troubleshooting steps that might be included in the source article, such as specific settings or permissions needed in the app, or any potential issues that could arise during the process. Therefore, it is too vague and incomplete for actionable guidance.",none
frequent_traveler,daily_top_up_limit_reached,empty,"hey, i hit my funding limit and need to add more funds today. when does it reset? is there any way to work around this?","Your funding limit resets on a rolling monthly basis, based on the day your current price plan began. To check your exact limit refresh date and remaining allowance, tap your profile icon in the top-left corner, select ""Your plan,"" and look under the 'Your limits' section.

Unfortunately, there is no workaround for exceeding your funding limit. I don't have enough information to help with that.",completeness,False,"The RAG-generated answer provides information on when the funding limit resets and how to check the reset date, which partially addresses the customer's query. However, it fails to offer any potential solutions or alternatives for adding more funds today, which was a key part of the customer's request. The response also lacks any suggestion to contact support for further assistance, which could be a necessary step if no workaround is available. Therefore, the answer is incomplete as it does not fully resolve the customer's issue or guide them on what to do next.",False,"The RAG answer provides some information about checking the funding limit and its reset schedule, but it lacks critical steps or details on how to manage or address the issue of exceeding the funding limit. Additionally, it states that there is no workaround without offering any alternative solutions or further guidance, making it too vague and not actionable for the user.",none
non_native_english_worker,account_limit_reached_warning,typing_from_phone_with_typos,"hey, i try to send more money home but say limit reached, what is limit? how i can increase it? need help fast, kids noisy and coffee hot, thanks!","The limit you are encountering may be related to the Wealth Protection limits you have set for outgoing transactions. You can manage or increase these limits by following these steps:

1. Tap your profile icon in the top left corner.
2. Select ‘Security’.
3. Select ‘Wealth protection’.
4. Choose the limit you wish to adjust (for example, 'Transfers') and enter a new value or turn the toggle off to disable the limit.

If you have reached your limit, you can also authorize funds to leave your account by performing a selfie check. 

For transfers to other Revolut customers, limits depend on your destination country and base currency, and most currencies have no transfer limits. You can check for any exceptions in the Revolut app before sending money.",completeness,False,"The RAG-generated answer provides some steps to manage or increase transaction limits, but it lacks clarity and completeness. It does not specify what the default limits are, which is part of the customer's query. Additionally, it mentions a 'selfie check' without explaining what it is or how to perform it. The answer also fails to address whether there are any specific requirements or conditions for increasing limits, such as verification processes or waiting periods. Furthermore, it does not provide guidance on what to do if the steps provided do not resolve the issue, such as contacting customer support for further assistance. Overall, the response leaves several gaps in information that are critical for fully resolving the customer's issue.",True,"The RAG answer includes all essential steps needed to manage or increase the Wealth Protection limits for outgoing transactions, providing clear and actionable instructions. It also mentions the option to perform a selfie check to authorize funds, which is relevant to resolving the user's issue. Additionally, it addresses potential limitations based on destination country and currency, ensuring the user has comprehensive information to navigate the problem effectively.",none
crypto_day_trader,wrong_recipient_no_refund,poor_internet_connection,"accidentally sent 500EUR to wrong number! recipient hasn't accepted it. can I cancel or reverse? plz help, train's losing signal!","Since the recipient hasn't accepted the transfer yet, you cannot cancel or reverse it directly. However, you should reach out to the recipient via the chat in the Revolut app to request the return of the funds. To do this:

1. Go to the bottom menu and select ""Payments.""
2. Choose the person you sent money to.
3. A chat window will open where you can message them.

If they do not respond, you can contact our customer support team, and we will try to reach out to them on your behalf, but we cannot guarantee a response or agreement to return the funds.",completeness,False,"The answer does not provide complete information to resolve the customer's issue. While it correctly advises the customer to contact the recipient via the app, it incorrectly states that the transfer cannot be canceled or reversed directly. Many financial services, including Revolut, often have a process for canceling or reversing transactions if they have not been accepted, especially if reported promptly. The answer should have included checking the app for a cancel option or contacting customer support immediately for assistance in reversing the transaction. Additionally, the suggestion to contact customer support is vague and does not explain what specific help they can provide or the urgency required in such situations.",True,"The RAG answer includes the essential steps needed to resolve the problem of canceling a money transfer that hasn't been accepted. It provides clear, actionable instructions on how to reach out to the recipient via the Revolut app, detailing the steps to access the chat feature. Additionally, it mentions the option to contact customer support if the recipient does not respond, which is an important part of the solution path. Overall, the answer is complete and provides sufficient detail for the user to take action.",none
busy_parent_on_mobile,card_not_working_abroad,angry_after_waiting,hey my card got declined in thailand and i need to know if its frozen or a merchant issue i already tried calling and waiting on hold with no luck fix this now or i might have to switch providers!!!,"To determine if your card is frozen or if it's a merchant issue, please follow these steps:

1. Open your Revolut app and check your transactions list by tapping 'See all' below your most recent transactions.
2. Look for the declined payment and tap on it to see the transaction's details. The reason for the decline should be visible in the 'Status' section.
3. If your card is frozen, you will need to complete the in-app questionnaire to unfreeze it. You can access this questionnaire from the home page of your app or through any push notifications or emails you may have received.

If you don't see the declined payment in your app, it may be due to merchant issues or restrictions. In that case, you can fill out this form to help us reach out to the merchant: [Merchant Issue Form](https://app.revolut.com/form/13ef84b4-1e3b-48eb-8e8b-0030e7e08adc?faqEntryPoint=question.why-has-my-card-payment-been-declined).

If you need further assistance, please tap 'Get help' after selecting the declined transaction.",completeness,True,"The RAG-generated answer provides a comprehensive set of steps for the customer to determine whether the card issue is due to it being frozen or a merchant problem. It instructs the customer on how to check the transaction details in the Revolut app, explains how to unfreeze the card if necessary, and provides a form link for merchant issues. Additionally, it offers guidance on how to get further assistance if needed. The answer is complete and addresses the customer's query effectively without leaving any obvious gaps.",True,"The RAG answer includes essential steps to determine if the card is frozen or if there is a merchant issue. It provides detailed instructions on checking the transaction list, identifying the reason for a declined payment, and the process to unfreeze the card. Additionally, it offers a solution for potential merchant issues and directs the user to further assistance, covering the main solution path from the source material.",none
gig_economy_courier,exchange_rate_markup_question,empty,"Hey, I see the exchange rate in the app is different from Google, like why? Does Revolut add some markup or what? I need to know for my next transfer.","Revolut offers competitive exchange rates based on data from multiple independent sources. The difference you see between the Revolut app and Google may be due to the variable nature of these rates. Additionally, the buy and sell prices can differ due to a spread. Before making an exchange, you can view the rate and any applicable fees in the app. For your next transfer, ensure you check the exchange rate and fees displayed in-app before completing the transaction.",completeness,True,"The RAG-generated answer provides a comprehensive explanation addressing the customer's query. It explains that Revolut uses competitive exchange rates from multiple sources, which can differ from Google's rates due to their variable nature. The answer also mentions the concept of a spread, which can cause differences in buy and sell prices. Furthermore, it advises the customer to check the exchange rate and any applicable fees in the app before completing a transaction, which is a critical step for the customer's next transfer. The response is complete and does not leave any obvious gaps in information.",False,"The answer does not cover all the key steps needed to resolve the problem. While it mentions checking the exchange rate and fees in the app, it lacks critical details about how to access these features or any specific actions the user should take to ensure they are getting the best rate. Additionally, it does not provide a comprehensive solution path as outlined in the source article.",none
gig_economy_courier,account_limit_reached_warning,non_native_broken_english,"hi, i try to top up my account but it say limit is full. how much is limit and how i can make it bigger? i need more money for my job.",I don't have enough information to help with that.,completeness,False,"The RAG-generated answer does not provide any useful information or steps to resolve the customer's issue. It fails to address the customer's query about the account top-up limit and how to increase it. The response should have included information about checking the current limit, potential reasons for the limit being reached, and steps to request an increase, such as contacting customer support or checking account settings. The answer is incomplete as it leaves the customer without any guidance or next steps.",False,"The RAG answer does not provide any steps or information needed to resolve the problem. It lacks detail and is not actionable, failing to cover any solution path from the source material.",none
uk_freelance_designer,business_account_upgrade_question,angry_after_waiting,"I've been waiting ages to get a clear answer on whether I should upgrade to a business account! My freelance income is growing and I need to know what changes come with that, like fees and exchange rates, but no one's helping me! If this isn't sorted soon, I might just have to switch to another provider, mate!","Upgrading to a Revolut Business account offers several advantages for managing your growing freelance income. With a Business account, you can:

- Exchange 30+ currencies at competitive rates.
- Use team and individual cards with spend controls.
- Automate salary, supplier, and tax payments.
- Access multi-user features with individual permissions.
- Accept payments online and in-person.

To sign up for a Business account, you can do so through the Revolut Business app or by visiting the sign-up page [here](https://business.revolut.com/signup?promo=RevFAQ&pid=internal&utm_source=internal&c=RevFAQ&utm_campaign=RevFAQ&geo-redirect). 

Please note that fees and terms apply, which you can review [here](https://www.revolut.com/legal/business-terms/?geo-redirect=TRUE). If you have more specific questions about fees or exchange rates, I don't have enough information to help with that.",completeness,False,"The RAG-generated answer provides some useful information about the benefits of upgrading to a Revolut Business account, such as currency exchange rates, team cards, and payment automation. However, it fails to address the customer's specific concerns about fees and exchange rates in detail. The response mentions that fees and terms apply and provides a link to review them, but it does not directly address the customer's frustration about not receiving clear answers on these topics. Additionally, the answer does not offer any personalized assistance or direct the customer to a specific support channel for further help, which could have been beneficial given the customer's expressed dissatisfaction and urgency. Therefore, the response is incomplete in resolving the customer's issue.",False,"The answer provides some advantages of upgrading to a Revolut Business account and mentions how to sign up, but it lacks critical steps or detailed information on the process of upgrading. It does not cover the main solution path from the source material, such as specific requirements or steps needed to complete the upgrade, making it too vague and not fully actionable.",none
student_abroad,joint_account_not_allowed,angry_after_waiting,"hey, i’ve tried to sort this out a few times now and it’s super frustrating! i need to share my account with my spouse but apparently that’s not possible??? what do i do now? i might just switch to another bank if this isn’t sorted ASAP!",I don't have enough information to help with that.,completeness,False,"The RAG-generated answer does not provide any information or steps to resolve the customer's issue. It fails to address the customer's frustration and does not offer any guidance on how to share the account with their spouse or alternative solutions. The response lacks completeness as it does not suggest contacting support, checking bank policies, or any other potential actions the customer could take. Therefore, it does not meet the evaluation criteria for providing complete information.",False,"The RAG answer does not provide any steps or information needed to resolve the problem. It lacks detail and is vague, failing to cover the main solution path from the source material. Therefore, it does not meet the completeness criteria.",none
gig_economy_courier,account_limit_reached_warning,empty,"hey, I try to top up my account but it say I hit limit. what is the limit and how can I increase it? need more cash for work!",I don't have enough information to help with that.,completeness,False,"The RAG-generated answer does not provide any information or steps to resolve the customer's issue. It fails to address the customer's query about the account top-up limit and how to increase it. The response lacks any guidance or direction, such as checking account settings, contacting customer support for specific assistance, or providing information on typical limits and procedures for increasing them. Therefore, it does not meet the evaluation criteria for completeness.",False,"The RAG answer does not provide any steps or information needed to resolve the problem. It lacks detail and is not actionable, failing to cover the main solution path from the source material.",none
student_abroad,pending_verification_too_long,angry_after_waiting,"hey, i verified my account 3 days ago and it still says pending! i need access to all features like now, this is so frustrating! i’ve already tried to resolve this multiple times and i'm losing patience, pls let me know how to fix this or i might have to switch!","The verification process usually takes up to 1 business day, but it can take up to 7 business days in some cases. Since it's been 3 days, I recommend checking your email for any updates from us. If you don't see any prompts in the app, please be patient as we complete your verification. If it remains pending beyond 7 business days, consider contacting our customer support team through the in-app chat for further assistance.",completeness,True,"The RAG-generated answer provides a complete response to the customer's query. It explains the typical timeframe for account verification and acknowledges that it can take up to 7 business days, which addresses the customer's concern about the delay. The answer also advises the customer to check their email for updates and suggests patience while the verification is completed. Additionally, it provides a clear next step by recommending contacting customer support through the in-app chat if the issue persists beyond 7 business days. This guidance is appropriate and necessary, given the situation described by the customer.",True,"The RAG answer includes essential steps such as the expected time frame for the verification process, checking for email updates, being patient, and contacting customer support if the verification remains pending beyond 7 business days. It provides sufficient detail for the user to take action and covers the main solution path outlined in the source material.",none
crypto_day_trader,subscription_charge_dispute,typing_from_phone_with_typos,"hey so I cancelled my netflix sub like last month but just got charged again wtf! pls help i need a refund and make sure this doesn’t happen again, can’t deal with extra charges rn while juggling everything, thanks!","To address the unexpected charge from Netflix, you should first ensure that you have indeed canceled your subscription directly with them, as blocking a payment in the Revolut app does not cancel the subscription itself. 

To prevent future charges, you can block Netflix payments in the Revolut app by following these steps:

1. Tap your profile icon in the top-left corner.
2. Select 'Security'.
3. Choose 'Payments' and then 'Blocked payments'.
4. Tap 'Add new' above 'Subscriptions' or 'Merchants' and select a previous payment from Netflix.

For the refund, you can raise a dispute for the charge by:

1. Going to the payment screen in your transaction history.
2. Scrolling down to 'Get help'.
3. Selecting 'I was charged incorrectly'.
4. Tapping 'Raise a dispute' and following the steps to complete the chargeback request.

Make sure to contact Netflix directly to confirm the cancellation of your subscription.",completeness,True,"The RAG-generated answer provides a comprehensive response to the customer's issue. It includes steps to ensure the subscription was canceled directly with Netflix, instructions to block future payments through the Revolut app, and a detailed process for raising a dispute to request a refund. Additionally, it advises the customer to contact Netflix directly to confirm the cancellation, covering all necessary actions to resolve the issue and prevent future charges.",True,"The RAG answer includes all essential steps needed to resolve the problem of an unexpected charge from Netflix. It details the process of ensuring the subscription is canceled, provides specific steps to block future payments in the Revolut app, and outlines the procedure for raising a dispute for the charge. Each step is actionable and covers the main solution path from the source material, ensuring completeness.",none
student_abroad,pending_verification_too_long,typing_from_phone_with_typos,hey so i finished my verification like 3 days ago but my account still says pending and i can’t use all the features is there a way to speed this up or get a timeline or something pls thx,"Your verification process typically takes up to 1 business day, but it can take up to 7 business days in some cases. Since it has been 3 days, I recommend being patient as it may still be processing. You will receive a notification via email and in-app once it's completed. Unfortunately, there is no way to speed up the process. If it remains pending beyond 7 business days, please contact our support team for further assistance.",completeness,True,"The RAG-generated answer provides a complete response to the customer's query. It explains the typical and maximum timeframes for the verification process, advises patience since the process is still within the expected timeframe, and informs the customer that they will receive a notification once the process is complete. It also provides a clear next step by advising the customer to contact support if the issue persists beyond 7 business days. This covers all necessary information and steps for the customer's situation.",False,"The answer provides some information about the verification process and the expected time frame, but it lacks critical steps such as how to initiate the verification process, what specific actions to take if the verification remains pending beyond 7 business days, and any additional details that may be necessary for the user to fully understand and resolve their issue. Therefore, it does not cover the key steps needed to resolve the problem.",none
small_business_owner,instant_transfer_limit_reached,non_native_broken_english,"Hi, I try send money to supplier but it say limit reached. What limit? When it reset? I need send money quick.","The limit you encountered may depend on your destination country and base currency. Most currencies have no transfer limits, but if there are any exceptions, they will be shown in the Revolut app before you send money. 

To check your specific limits and when they reset, go to the 'Your plan' section in the app. If you need to send money quickly, ensure you check for any applicable limits or fees before proceeding with the transfer.",completeness,False,"The RAG-generated answer provides some useful information about checking limits in the app, but it lacks completeness. It does not specify what the typical limits might be or how often they reset, which are key parts of the customer's query. Additionally, it does not offer guidance on what to do if the customer needs to send money urgently and the limit is still an issue. The answer could be improved by providing more specific information about typical reset periods or advising the customer to contact support if they need immediate assistance beyond the app's capabilities.",False,"The answer does not cover all the key steps needed to resolve the problem. While it mentions checking the 'Your plan' section in the app for specific limits, it lacks detailed instructions on how to navigate the app or what to do if limits are encountered. Additionally, it does not provide information on how to handle exceptions or fees, which are critical for the user to take action effectively.",none
student_abroad,business_account_upgrade_question,poor_internet_connection,"yo, my freelance income is growing, when should i upgrade to a business account? what changes happen? thx, signal is bad, pls reply fast!","You should consider upgrading to a Revolut Business account if your freelance income is growing significantly and you need advanced features for managing your finances. Revolut Business offers tools like team cards, automated payments, multi-user access, and integrations with various apps, which can be beneficial for managing a larger business.

To upgrade, you can sign up for a Business account through the Revolut Business app or by visiting the sign-up page [here](https://business.revolut.com/signup?promo=RevFAQ&pid=internal&utm_source=internal&c=RevFAQ&utm_campaign=RevFAQ&geo-redirect). You can use the same phone number and email as your personal account.

If you are still a freelancer or sole trader, you might find that a Revolut Pro account meets your needs without the additional features of a Business account.",completeness,True,"The RAG-generated answer provides a comprehensive response to the customer's query. It explains when it might be appropriate to upgrade to a Revolut Business account, highlighting the benefits such as advanced financial management tools. It also provides a direct link to sign up for a Business account, which is a critical next step. Additionally, it offers an alternative option by mentioning the Revolut Pro account for freelancers or sole traders, which addresses the customer's situation. The answer is concise and directly addresses the customer's request for a fast reply due to a bad signal.",True,"The RAG answer covers the essential steps needed to upgrade to a Revolut Business account, including the benefits of the account, the process to sign up, and the option of using a Revolut Pro account for freelancers. It provides sufficient detail for the user to take action, including a link to the sign-up page and information on using the same phone number and email as their personal account.",none
frequent_traveler,daily_top_up_limit_reached,angry_after_waiting,"hey, i need to add more funds today but hit my limit again! when does it reset? i've tried sorting this out before and i'm really getting fed up! is there any workaround or am i gonna have to switch to another provider?!","Your withdrawal limit resets on a rolling monthly basis, based on the day your current price plan began. To check your exact limit refresh date and remaining allowance, tap your profile icon in the top-left corner, select 'Your plan', and look under the 'Your limits' section.

If you're looking to add funds, you might consider using Apple Pay or Google Pay, or trying to add money with a different card. You can also explore bank transfers or internal transfers from other Revolut customers for additional options.",completeness,False,"The RAG-generated answer does not fully address the customer's query. The customer is asking about adding more funds and hitting a limit, not about withdrawal limits. The response incorrectly addresses withdrawal limits instead of funding limits. Additionally, the customer is frustrated and considering switching providers, indicating a need for a more empathetic and comprehensive response. The answer should have clarified the difference between withdrawal and funding limits, provided specific information on when the funding limit resets, and offered a more tailored solution or workaround for adding funds beyond suggesting alternative payment methods. The response lacks empathy and does not directly address the customer's frustration or urgency.",False,"The answer provides some information about checking the withdrawal limit and suggests methods for adding funds, but it lacks critical steps from the source article that are necessary for fully resolving the problem. It does not detail the process of checking the withdrawal limit sufficiently or mention any specific actions that need to be taken beyond the general suggestions for adding funds. Therefore, it is too vague and does not cover the main solution path adequately.",none
crypto_day_trader,payment_declined_large_amount,anxious_security_fear,"Yo, I tried to make a big purchase and my card got declined, but I’ve got more than enough in my balance. I’m super cautious since I’ve been hearing about scams lately, so can you tell me what’s going on? I need this sorted ASAP, don’t wanna wait for a robot to reply!","Your card may have been declined due to our security system identifying potential fraud. To resolve this, please complete the in-app questionnaire. You can access it by going to the home page of your Revolut app and tapping the relevant tile, or through the push notification and email sent to you.

If your card is frozen, you will need to confirm that the payment was made by you to unfreeze it. If you choose to unblock the merchant, you can retry the payment. If you keep the merchant blocked, all payments to that merchant will be declined for the next 7 days.

Make sure your card is linked to an account with sufficient funds in the currency you are trying to use. Check your account and Pocket balances to ensure everything is in order.",completeness,True,"The RAG-generated answer provides a comprehensive explanation of why the card might have been declined, specifically mentioning the security system's potential fraud detection. It offers clear steps for the customer to resolve the issue, such as completing the in-app questionnaire and checking account balances. The answer also addresses the possibility of a frozen card and provides instructions on how to unfreeze it or unblock the merchant. Overall, the response covers all necessary steps and information to help the customer resolve the issue without leaving any obvious gaps.",True,"The RAG answer includes essential steps needed to resolve the problem of a declined card, such as completing the in-app questionnaire, confirming payment to unfreeze a card, and checking account balances. It provides sufficient detail for the user to take action and covers the main solution path from the source material.",none
busy_parent_on_mobile,pending_verification_too_long,angry_after_waiting,Hey I verified my account 3 days ago and it’s still pending!! I can’t access features and I’ve already tried to fix this multiple times!! What’s the timeline to get this sorted or can you speed it up?? I’m really frustrated here!!,"The verification process usually takes up to 1 business day, but it can take up to 7 business days in some cases. Since it's been 3 days, you may need to wait a bit longer. Unfortunately, I cannot speed up the process. Please check your email and in-app notifications for any updates regarding your verification status. Thank you for your patience.",completeness,False,"The RAG-generated answer provides some information about the typical timeline for account verification, but it fails to address the customer's frustration and does not offer any actionable steps to resolve the issue. It does not suggest contacting support for further assistance or checking if there might be an issue with the verification process. The response lacks empathy and does not provide a complete resolution path, leaving the customer without a clear next step if the verification remains pending beyond the expected timeframe.",False,The RAG answer does not cover the key steps needed to resolve the problem as outlined in the source article. It lacks critical information about what actions the user can take during the verification process and does not provide sufficient detail for the user to take action. The answer is vague and does not guide the user on how to effectively follow up on their verification status.,none
crypto_day_trader,wrong_recipient_no_refund,non_native_broken_english,I send EUR500 to wrong number. Can I cancel or get back money? Recipient not accept yet. Help please!,"Since the transfer to the wrong number has already been processed, you cannot cancel it. You will need to ask the recipient to return the money to you. You can do this by reaching out to them via the chat in the Revolut app:

1. Go to the bottom menu and select ""Payments.""
2. Choose the person you sent money to.
3. A chat window will open where you can message the recipient.

If the recipient isn't responding, you can contact our customer support team for assistance, but we can't guarantee they will respond or agree to return the funds.",completeness,False,"The RAG-generated answer does not provide complete information to resolve the customer's issue. It incorrectly states that the transfer has already been processed, despite the customer's indication that the recipient has not accepted the money yet. This suggests that the transfer might still be pending, and there could be an option to cancel it before acceptance. The answer should have included steps to check the status of the transaction and any possible cancellation options within the app. Additionally, while it mentions contacting customer support, it does not explain what specific assistance they might provide or any further actions the customer can take if the recipient does not respond. Therefore, the response leaves critical gaps in addressing the customer's situation.",True,"The RAG answer includes the essential steps needed to resolve the problem of retrieving money sent to the wrong number. It provides a clear, actionable process for contacting the recipient through the Revolut app, detailing the navigation steps required. Additionally, it mentions the option to contact customer support if the recipient does not respond, which is relevant information for the user. Overall, the answer covers the main solution path and provides sufficient detail for the user to take action.",none
frequent_traveler,card_not_working_abroad,typing_from_phone_with_typos,hey my card just got declined in thailand and im not sure if its frozen or a merchant issue i havent changed any settings can u help me out quick? thanks!,"To determine if your card is frozen or if it's a merchant issue, follow these steps:

1. **Check for a Declined Payment**: Open your Revolut app, go to your transactions list, and tap 'See all' below your most recent transactions. Look for the declined payment and check the 'Status' section for details.

2. **Complete the In-App Questionnaire**: If your transaction was flagged by our security system, you may need to complete an in-app questionnaire. Access it by going to the home page of your app and tapping the relevant tile, or through any push notification or email you received.

3. **If Your Card is Frozen**: If your card is frozen, all payments will be declined until you confirm the transaction was made by you. If you recognize the payment, mark it as such to unfreeze your card.

4. **Merchant Issues**: If the payment is declined due to merchant restrictions or technical issues, you can reach out to the merchant directly. If you need further assistance, you can fill out this form [here](https://app.revolut.com/form/13ef84b4-1e3b-48eb-0030e7e08adc?faqEntryPoint=question.why-has-my-card-payment-been-declined) to help us contact the merchant.

If you still have issues after these steps, please let me know!",completeness,True,"The RAG-generated answer provides a comprehensive set of steps for the customer to determine whether the card issue is due to it being frozen or a merchant problem. It instructs the customer to check the Revolut app for declined payments, complete an in-app questionnaire if necessary, and provides guidance on what to do if the card is frozen or if there are merchant issues. Additionally, it offers a link to a form for further assistance if needed. The answer is complete and does not leave any obvious gaps in addressing the customer's query.",True,"The RAG answer includes all essential steps needed to determine if a card is frozen or if there is a merchant issue. It provides detailed instructions on checking for declined payments, completing an in-app questionnaire, unfreezing the card, and addressing merchant issues. Each step is actionable and covers the main solution path outlined in the source article.",none
crypto_day_trader,crypto_withdrawal_pending,empty,"Hey, I sent some crypto to an external wallet 12 hours ago and it's still pending! I'm really worried it's lost or something. Can you check what's going on?","To check the status of your pending crypto withdrawal, please follow these steps:

1. Go to 'Crypto' on the bottom menu.
2. Scroll to the transactions list or select the crypto you withdrew.
3. Find your withdrawal transaction and tap on it to see the reason why it's pending.

Your withdrawal could be pending due to internal assessment, broadcasting to the network, or confirmation on-chain. If it remains pending for too long, it may be due to high traffic on the blockchain network. You can monitor your transaction on the blockchain scanner by tapping 'Blockchain hash' on the transaction, then 'View my transaction'.

If the transaction is shown as completed on the explorer but the funds haven't arrived in your receiving wallet, you may need to reach out to the provider of that wallet for further support.",completeness,True,"The RAG-generated answer provides a comprehensive set of steps for the customer to check the status of their pending crypto withdrawal. It explains potential reasons for the delay, such as internal assessment, network broadcasting, or high traffic on the blockchain. Additionally, it guides the customer on how to use a blockchain scanner to monitor the transaction and advises on contacting the receiving wallet provider if the transaction is completed but funds are not received. The answer covers all necessary steps and information to help the customer resolve their issue, without leaving any obvious gaps.",True,"The RAG answer includes all essential steps needed to check the status of a pending crypto withdrawal, providing clear instructions for the user to follow. It details how to access the transaction list, identify the withdrawal, and understand potential reasons for the pending status. Additionally, it offers guidance on what to do if the transaction appears completed but the funds are not received, ensuring the user has sufficient information to take action.",none
non_native_english_worker,instant_transfer_limit_reached,poor_internet_connection,"hey, i try send money home but got message about limit. what limit? when it reset? i need it now, train signal bad, please answer fast.","The limit you're encountering could be related to the maximum amount you can withdraw or send, which depends on your destination country and base currency. For withdrawals, you can withdraw up to £3,000 (or equivalent) within a 24-hour period. 

To check your specific limits and when they reset, go to the 'Your plan' section in the Revolut app. If you need further assistance, I recommend checking that section for detailed information.",completeness,False,"The RAG-generated answer provides some information about potential limits and where to find more details in the app, but it does not fully address the customer's urgent need for information. The customer is in a situation with poor signal and needs a quick resolution. The answer should have included more direct information about the specific limit for sending money, not just withdrawals, and ideally provided a more immediate solution or alternative, such as contacting support directly if the app is inaccessible. Additionally, it does not specify when the limits reset, which was a part of the customer's query.",False,"The answer provides some information about withdrawal limits and directs the user to the 'Your plan' section in the app for more details. However, it lacks critical steps or specific details on how to resolve the problem fully, such as how to change limits or any other relevant actions the user might need to take. The information is too vague and does not cover the main solution path comprehensively.",none
busy_parent_on_mobile,apple_pay_not_working,poor_internet_connection,hey trying to add my revolut card to apple pay but getting error message it works for normal purchases though can you help me with this pls also on train so signal is weak thx,"To add your Revolut card to Apple Pay, please ensure the following:

1. Your account is fully verified.
2. Your account balance isn't negative.
3. You are using a supported card type (Visa or Mastercard).
4. You don't have the same card digitized on too many devices.
5. The card you're trying to add isn't frozen or terminated.

If you meet all these criteria and still encounter issues, try deleting the card from Apple Pay and re-adding it. You can do this by:

- Opening your Wallet app.
- Tapping the '+' in the top-right corner.
- Selecting 'Debit or Credit Card' and entering the details again.

If the problem persists, I don't have enough information to help with that.",completeness,False,"The RAG-generated answer provides several potential reasons why the Revolut card might not be adding to Apple Pay and suggests a method to re-add the card. However, it lacks completeness because it does not address the potential impact of the weak signal mentioned by the customer, which could be a factor in the issue. Additionally, it ends with 'I don't have enough information to help with that' without suggesting contacting Revolut or Apple support for further assistance, which would be a logical next step if the problem persists after trying the suggested solutions.",False,"The answer covers some key steps needed to add a Revolut card to Apple Pay, but it lacks critical details on troubleshooting beyond the initial steps. Specifically, it does not provide information on what to do if the card is not being accepted after re-adding it, nor does it mention checking for software updates or contacting customer support, which may be necessary steps according to the source article. Additionally, the last statement about not having enough information to help is vague and does not guide the user on further actions they can take.",none
frequent_traveler,exchange_rate_markup_question,poor_internet_connection,"hey, i noticed the exchange rate in the app is different from google/reuters. does revolut add a markup? can't check my phone properly, on a train. thx","Revolut offers competitive exchange rates based on data from multiple independent sources. However, the rates you see may differ from those on Google or Reuters due to the spread, which is the difference between the buy and sell prices. This spread can include a markup applied by Revolut. 

Before making an exchange, you can review the rate and any applicable fees in the app. If you want to check the current rates, you can do so in the app or on our website.",completeness,True,"The RAG-generated answer provides a comprehensive explanation of why the exchange rate in the Revolut app might differ from those on Google or Reuters. It mentions the concept of spread and the possibility of a markup by Revolut, which directly addresses the customer's query about whether Revolut adds a markup. Additionally, it advises the customer on how to check the current rates and any applicable fees, either in the app or on the website, which are practical steps the customer can take to verify the information. Therefore, the answer is complete and resolves the customer's issue without leaving any obvious gaps.",False,"The RAG answer does not cover the key steps needed to resolve the problem of understanding exchange rates and fees with Revolut. While it mentions the competitive rates and the spread, it lacks specific actionable steps for the user to take, such as how to navigate the app to review rates and fees. Additionally, it does not provide sufficient detail on how to effectively use the app or website to check current rates, which is critical information for the user.",none
frequent_traveler,unrecognized_transaction,angry_after_waiting,"hey, i've seen a charge in my transaction history that i definitely don’t remember making! i’ve already tried to sort this out multiple times and it’s getting really frustrating. please help me dispute this charge or i might have to close my account!","To dispute the charge you don't remember making, please follow these steps in your Revolut app:

1. Tap the transaction in your transactions list.
2. Tap 'Get help'.
3. Select an issue related to the charge.
4. Complete and submit the form.

If you believe the charge is fraudulent, you can report it as such by following these steps:

1. Tap the transaction in your transactions list.
2. Tap 'Get help'.
3. Choose 'Report this payment as fraudulent'.
4. Follow the steps to raise a claim.

After submitting a claim, your card will be terminated, and you can track the progress in the app. If you need further assistance, please let us know.",completeness,True,"The RAG-generated answer provides a clear and complete set of instructions for the customer to dispute the charge through the Revolut app. It includes steps for both disputing a charge and reporting it as fraudulent, which covers the potential scenarios the customer might be facing. Additionally, it informs the customer about the consequences of reporting a charge as fraudulent (card termination) and offers further assistance if needed. This response addresses the customer's issue comprehensively without leaving any obvious gaps.",True,"The RAG answer includes all essential steps needed to dispute a charge in the Revolut app, providing clear and actionable instructions. It covers both disputing a charge and reporting a fraudulent charge, ensuring that the user has sufficient detail to take action. The answer follows the main solution path outlined in the source material.",none
crypto_day_trader,atm_withdrawal_fee_unknown,anxious_security_fear,"Hey, I just withdrew cash abroad and got slammed with a fee I wasn’t expecting! Can you explain the fee structure? I’m super cautious after hearing about scams and just wanna make sure my funds are safe. Please get back to me ASAP, I can’t trust automated replies right now!","When you withdraw cash abroad, you may incur fees based on your plan. Here’s a breakdown of the cash withdrawal fees:

- **Standard Plan**: £200 or 5 withdrawals (whichever comes first)
- **Plus Plan**: £200
- **Premium Plan**: £400
- **Metal Plan**: £800
- **Ultra Plan**: £2,000

After reaching your limit, a 2% or £1 fair usage fee applies. Additionally, be aware that ATM providers may charge their own fees, which are separate from Revolut's fees.

To check if a fee was charged by Revolut, you can tap the ATM withdrawal in your transactions list to see the details. If no fee is shown, then Revolut did not charge one.

If you have concerns about scams or your funds' safety, you can secure your account by freezing your card in the app.",completeness,False,"The RAG-generated answer provides a detailed breakdown of the cash withdrawal fees for different plans and mentions the possibility of ATM provider fees. However, it fails to address the customer's urgency and concern about scams and the safety of their funds. While it suggests freezing the card as a security measure, it does not offer reassurance or guidance on how to verify the legitimacy of the transaction or how to contact support for immediate assistance. The response lacks empathy and does not fully address the customer's request for a non-automated reply, which is critical given their expressed distrust of automated responses.",False,"The answer provides information about cash withdrawal fees and how to check for fees charged by Revolut, but it lacks critical steps related to the process of withdrawing cash abroad. It does not mention how to actually perform the withdrawal, any necessary preparations (like notifying the bank or ensuring the card works internationally), or any specific actions to take if issues arise during the withdrawal process. Therefore, it is not complete for resolving the problem.",none
non_native_english_worker,wrong_recipient_no_refund,empty,"Hi, I sent 500 euro to wrong number, and person not accept it yet. Can I cancel or get money back? Please help, thanks.","Since you sent the money to the wrong Revolut customer and the recipient has not accepted it yet, you cannot cancel the transfer. You will need to ask the recipient to return the money to you. You can do this by reaching out to them via the chat in the Revolut app:

1. Go to the bottom menu and select ""Payments.""
2. Choose the person you sent money to.
3. A chat window will open where you can message the recipient.

If they do not respond, you can contact our customer support team for assistance, but we cannot guarantee they will agree to return the funds.",completeness,False,"The answer does not provide complete information to resolve the customer's issue. While it correctly advises the customer to contact the recipient via the Revolut app, it fails to mention any specific policies or procedures Revolut might have for handling such situations. Additionally, it suggests contacting customer support but does not explain what assistance they might provide or any specific steps the customer should take when reaching out to support. The answer leaves the customer without a clear understanding of all possible actions they can take to potentially recover their funds.",True,"The RAG answer includes the essential steps needed to resolve the problem of sending money to the wrong Revolut customer. It provides a clear, actionable process for contacting the recipient through the Revolut app, detailing the steps to access the chat feature. Additionally, it mentions the option to contact customer support if the recipient does not respond, which is relevant information for the user. Overall, the answer covers the main solution path and provides sufficient detail for the user to take action.",none
small_business_owner,apple_pay_not_working,empty,"I'm trying to add my Revolut card to Apple Pay but keep getting an error message. The card works fine for regular purchases, so what's the issue? Need this sorted quick, I'm on a tight schedule!","To successfully add your Revolut card to Apple Pay, please ensure the following:

1. Your account is fully verified.
2. Your account balance isn't negative.
3. You are using a supported card type (Visa or Mastercard).
4. You don't have the same card digitalized on too many devices.
5. The card you're trying to add isn't frozen or terminated.

If you've checked all these and still encounter issues, try deleting the card from Apple Pay and re-adding it. If the problem persists, I don't have enough information to help with that.",completeness,False,"The RAG-generated answer provides several potential reasons for the issue and suggests a troubleshooting step of deleting and re-adding the card. However, it fails to offer a complete resolution path. It does not guide the customer on what to do if the problem persists after trying the suggested steps, such as contacting Revolut or Apple support for further assistance. The statement 'I don't have enough information to help with that' is vague and does not provide a clear next step, leaving the customer without a resolution if the initial suggestions do not work.",True,"The answer includes all essential steps needed to add a Revolut card to Apple Pay, such as verifying the account, checking the account balance, ensuring the card type is supported, and confirming the card's status. It also provides a troubleshooting step for re-adding the card if issues persist, which adds actionable detail for the user.",none
student_abroad,subscription_charge_dispute,anxious_security_fear,"hey, i just cancelled my netflix sub but still got charged this month, like wtf? pls help me get a refund and make sure this doesn’t happen again, i’m kinda worried about security after hearing about scams lately, so can i talk to a real person about this? thx!","To address your concern about the Netflix charge after cancellation, you need to contact Netflix directly to ensure your subscription is fully canceled. Blocking future payments in the Revolut app does not cancel the subscription itself.

To prevent this from happening again, you can block payments to Netflix in the Revolut app by following these steps:

1. Tap your profile icon in the top-left corner.
2. Select 'Security'.
3. Choose 'Payments' and then 'Blocked payments'.
4. Tap 'Add new' and select a previous payment from Netflix to block.

If you believe this charge was fraudulent, you can report it in-app:

1. Go to 'Home' on the bottom menu.
2. Select the transaction from your transaction list.
3. Tap 'Get help'.
4. Choose 'Report this payment as fraudulent' and follow the steps.

Regarding your security concerns, if you suspect any scams, ensure you do not share personal information and consider freezing your card in the app.

If you need to speak with a real person, please reach out to Revolut's customer support through the app or website for further assistance.",completeness,False,"The RAG-generated answer does not fully address the customer's issue. The customer is concerned about a charge after canceling their Netflix subscription and is seeking a refund. The response advises contacting Netflix directly for cancellation confirmation but does not provide guidance on how to request a refund for the charge. Additionally, while it provides steps to block future payments and report fraudulent charges, it does not clarify how these actions relate to obtaining a refund for the current charge. The customer also expressed a desire to speak with a real person, specifically about the refund and security concerns, but the response only suggests contacting Revolut's support without detailing how they can assist with the refund process. Overall, the answer lacks specific instructions on obtaining a refund and does not adequately address the customer's request to speak with a real person about their concerns.",True,"The RAG answer includes essential steps for resolving the issue of the Netflix charge after cancellation, such as contacting Netflix to ensure the subscription is fully canceled and providing detailed steps for blocking payments in the Revolut app. It also addresses the possibility of reporting a fraudulent charge and offers guidance on security concerns. Overall, the answer covers the main solution path and provides sufficient detail for the user to take action.",none
gig_economy_courier,atm_withdrawal_fee_unknown,non_native_broken_english,"hi, i took cash from atm in spain and got big fee, why? i thought no fees for withdrawls. can u explain how fees work? thanks","ATM withdrawals are subject to cash withdrawal fees, which vary depending on your plan. Each month, you have a fee-free withdrawal limit based on your plan:

- Standard: £200 (or 5 withdrawals)
- Plus: £200
- Premium: £400 
- Metal: £800 
- Ultra: £2,000

After exceeding this limit, a 2% or £1 fair usage fee applies. Additionally, currency exchange fees may apply if you convert funds at the time of withdrawal. It's also important to note that the ATM itself may charge its own fees.

To check if Revolut charged you a fee, tap on the ATM withdrawal in your transaction history. If no fee is shown, Revolut did not charge one.",completeness,True,"The RAG-generated answer provides a comprehensive explanation of how ATM withdrawal fees work, including the fee-free withdrawal limits for different plans and the applicable fees after exceeding these limits. It also mentions the possibility of currency exchange fees and ATM-specific charges. Additionally, it guides the customer on how to check if Revolut charged a fee by reviewing the transaction history. This information addresses the customer's query about unexpected fees and explains the fee structure, making the answer complete and informative.",True,"The RAG answer includes the essential steps and information needed to understand ATM withdrawal fees, including the fee-free withdrawal limits for different plans, the applicable fees after exceeding those limits, and how to check for any fees charged by Revolut. It provides sufficient detail for the user to take action regarding their ATM withdrawals.",none
crypto_day_trader,crypto_withdrawal_pending,anxious_security_fear,"Yo, I sent crypto to an external wallet 12 hrs ago and it's still pending! I'm freaking out, is it lost? With all these scams going around, I need to know my funds are safe. Can a real person help me with this ASAP?","Your crypto withdrawal may still be pending due to a few reasons, such as internal assessment, broadcasting to the network, or confirmation on-chain. To check the status of your withdrawal and see why it is pending, follow these steps:

1. Go to 'Crypto' on the bottom menu.
2. Scroll to the transactions list or select the crypto you withdrew.
3. Find your withdrawal transaction and tap on it to see the reason for the pending status.

Most transactions are completed quickly, but if there are any issues, we will notify you in-app. If you see that your transaction is completed on the blockchain explorer but the funds haven't arrived in your receiving wallet, you should reach out to the provider of that wallet for further support. 

Rest assured, your funds are not lost, and you can monitor the transaction status for more clarity.",completeness,True,"The RAG-generated answer provides a comprehensive explanation of why the crypto withdrawal might still be pending and offers clear steps for the customer to check the status of their transaction. It also reassures the customer that their funds are not lost and advises them on what to do if the transaction is completed on the blockchain but not reflected in the receiving wallet. The response addresses the customer's concerns and provides actionable steps, making it a complete and satisfactory answer.",True,"The RAG answer includes essential steps for checking the status of a pending crypto withdrawal, providing clear instructions on how to navigate the app and find the relevant transaction. It also addresses potential reasons for the pending status and offers guidance on what to do if the transaction appears completed on the blockchain but the funds are not received. This level of detail allows the user to take actionable steps to resolve the issue.",none
frequent_traveler,swift_transfer_asking_info,poor_internet_connection,"hey, i'm trying to make a SWIFT transfer but can't find my IBAN or BIC in the app. can you help me out? signal's weak here, need to sort this fast. thx!","To find your IBAN and BIC for a SWIFT transfer in the Revolut app, follow these steps:

1. Go to 'Home' on the bottom menu.
2. Tap 'Accounts'.
3. Select the currency you wish to receive money in.
4. Below your account balance, tap 'Details'.
5. Choose 'Local' or 'International' to view the relevant account details.

Your IBAN and BIC will be displayed on this screen, which you can share with the sender or sender bank.",completeness,True,"The RAG-generated answer provides a clear and complete set of instructions for the customer to find their IBAN and BIC in the Revolut app. It includes all necessary steps, from navigating to the 'Home' section to selecting the appropriate currency and viewing the account details. This directly addresses the customer's query and does not leave any obvious gaps in the information provided.",True,"The RAG answer includes all essential steps needed to find the IBAN and BIC in the Revolut app, providing clear and actionable instructions. It covers the main solution path from the source material, ensuring that the user can successfully complete the task.",none
frequent_traveler,account_limit_reached_warning,anxious_security_fear,"hey, i just got a fraud warning and now i can't top up my account because of some limit. what's the current limit, and how can i increase it? i really need to sort this out ASAP, feels sketchy. can i talk to a human about this?",I don't have enough information to help with that.,completeness,False,"The RAG-generated answer does not provide any information or steps to resolve the customer's issue. It fails to address the customer's concerns about the fraud warning, the account limit, or how to increase it. Additionally, it does not guide the customer on how to contact a human representative for further assistance. The response is incomplete as it leaves the customer without any actionable steps or information.",False,"The RAG answer does not provide any steps or information needed to resolve the problem. It lacks detail and is not actionable, failing to cover the main solution path from the source material.",none
student_abroad,exchange_rate_markup_question,empty,"hey, i noticed the exchange rate in the app is different from what i see on google and reuters, does revolut add any markup? thx!","Revolut offers competitive exchange rates based on data from multiple independent sources. However, there is a difference between the buy and sell prices, known as the spread, which includes a mark-up applied by Revolut. This means that the exchange rate you see in the app may differ from other sources like Google or Reuters due to this mark-up. You can view the current rates and any applicable fees in the app before making an exchange.",completeness,True,"The RAG-generated answer provides a complete explanation regarding the difference in exchange rates observed by the customer. It clarifies that Revolut applies a mark-up, which is reflected in the spread between buy and sell prices, and this is why the rates may differ from those on Google or Reuters. Additionally, it informs the customer that they can view the current rates and any applicable fees in the app before making an exchange. This addresses the customer's query comprehensively without leaving any obvious gaps.",False,"The RAG answer does not cover the key steps needed to resolve the problem of understanding how Revolut's exchange rates work. While it mentions the competitive rates and the spread, it lacks specific actionable steps for the user, such as how to view the rates in the app or any additional information on how to minimize costs. The answer is too vague and does not provide sufficient detail for the user to take action effectively.",none
student_abroad,account_limit_reached_warning,empty,"hey, i can't top up more money on my revolut account, can u tell me what the limit is and how i can increase it? thx!","Your top-up limits are set by our automated security system and can vary based on your financial history with us. Here are some key points:

- New customers (within 30 days of joining) have a limit of £3,000 (or equivalent) within a 24-hour period.
- You can make up to 10 card top-ups within a 24-hour period.
- Digital wallet top-ups (like Apple Pay or Google Pay) are limited to £12,000 (or equivalent) within a 7-day period.
- There is also an annual top-up limit that resets on the day your account was registered.

To increase your limits, you may need to build your financial history with us or submit additional documentation if you reach the annual limit. 

If you need further assistance, please check the app for specific limits or contact support.",completeness,True,"The RAG-generated answer provides comprehensive information regarding the top-up limits for Revolut accounts, including specific limits for new customers, card top-ups, and digital wallet top-ups. It also explains that limits are set by an automated security system and can vary based on financial history. The answer suggests building financial history or submitting additional documentation to increase limits, which are reasonable steps. Additionally, it advises checking the app for specific limits or contacting support for further assistance, which is appropriate if the customer needs more personalized help. Overall, the response covers all necessary steps and information to address the customer's query.",True,"The RAG answer includes essential steps and information needed to understand the top-up limits, such as specific limits for new customers, the number of allowed top-ups, and the limits for digital wallet top-ups. It also mentions the annual limit and the process to increase limits, providing sufficient detail for the user to take action. Overall, it covers the main solution path from the source material.",none
student_abroad,daily_top_up_limit_reached,typing_from_phone_with_typos,hey i need to add more funds today but i hit the limit when does that reset and is there any way to get around it like can i do a transfer or something pls let me know thx,"Your withdrawal limit resets on a rolling monthly basis, based on the day your current price plan began. To check your exact limit refresh date and remaining allowance, tap your profile icon in the top-left corner, select 'Your plan', and look under the 'Your limits' section.

Unfortunately, there is no way to bypass the withdrawal limit. If you need to add more funds, you may consider making a transfer, but I don't have enough information to help with that.",completeness,False,"The RAG-generated answer does not fully address the customer's query. The customer is asking about adding more funds and hitting a limit, but the response only addresses withdrawal limits, which may not be relevant to the customer's issue. Additionally, the answer mentions the possibility of making a transfer but does not provide any guidance or steps on how to do so. The response lacks clarity on whether the limit pertains to deposits or withdrawals and does not offer a complete solution or alternative actions for the customer to take. Therefore, it fails to provide complete information to resolve the customer's issue.",False,"The answer provides some information about checking the withdrawal limit and mentions that it resets monthly, but it lacks critical steps on how to actually make a transfer to add more funds. Additionally, it does not provide sufficient detail on the transfer process, making it vague and not actionable. Therefore, it does not cover the key steps needed to resolve the problem completely.",none
gig_economy_courier,exchange_rate_markup_question,poor_internet_connection,"hey, why is the exchange rate in app different from google? is there markup?? im on train and need to know fast, pls help!","The exchange rate in the Revolut app may differ from Google because Revolut uses variable rates set based on data from multiple independent sources. Additionally, there is a difference between buy and sell prices, known as a spread, which includes a mark-up applied by Revolut. You can view the current rates and any applicable fees in the app before making an exchange.",completeness,True,"The RAG-generated answer provides a complete explanation for why the exchange rate in the Revolut app might differ from Google's rate. It explains that Revolut uses variable rates from multiple sources and mentions the concept of a spread, which includes a mark-up. Additionally, it advises the customer to check the current rates and any applicable fees in the app before making an exchange, which is a necessary step for the customer to take. The answer does not leave any obvious gaps and does not require the customer to contact support for further clarification.",False,"The RAG answer provides some information about the exchange rate differences in the Revolut app, but it lacks critical steps or detailed instructions on how to resolve the problem of understanding or managing these rates. It does not guide the user on how to view the current rates or fees in a step-by-step manner, making it too vague and not actionable.",none
student_abroad,atm_withdrawal_fee_unknown,anxious_security_fear,"hey, i just withdrew cash while traveling and got hit with a fee that i didn't expect, can u pls explain how the fee structure works? also, i heard about scams lately so i'm a bit worried about security here, i really need a human to help me with this, thx!","The cash withdrawal fees depend on your plan. Here’s a breakdown:

- **Standard**: £200 (or 5 withdrawals, whichever comes first)
- **Plus**: £200
- **Premium**: £400 
- **Metal**: £800 
- **Ultra**: £2,000

After exceeding these limits, a 2% or £1 fair usage fee applies. Note that ATM providers may also charge their own fees. To check if Revolut charged a fee, tap on the withdrawal in your transaction history.

Regarding security, if you have concerns about scams, I recommend reviewing your transaction history regularly and ensuring your account settings are secure. If you need further assistance, please reach out to customer support directly through the app.",completeness,False,"The RAG-generated answer provides a detailed breakdown of the withdrawal fee structure based on different plans, which addresses the customer's query about unexpected fees. However, it fails to address the customer's request for human assistance directly, which was explicitly mentioned as a need due to concerns about scams and security. While the answer suggests reviewing transaction history and securing account settings, it does not provide a clear path to contact a human representative, which the customer specifically requested. Therefore, the response is incomplete as it does not fully resolve the customer's issue of needing human assistance for security concerns.",False,"The answer provides information about cash withdrawal fees and some security recommendations, but it lacks critical steps or details on how to resolve issues related to fees or scams. It does not cover the main solution path or provide actionable steps for the user to take regarding the problem, making it incomplete.",none
student_abroad,pending_verification_too_long,poor_internet_connection,"hey, i did verification 3 days ago but my account still says pending, can't access full features, any idea how long it takes or can i speed it up? thx","Your verification process typically takes up to 1 business day, but it can take up to 7 business days in some cases. Since it's been 3 days, please be patient as it may still be processing. Unfortunately, there is no way to speed up the verification process. You will receive a notification via email and in-app once it's completed.",completeness,True,"The RAG-generated answer provides complete information regarding the customer's query about the verification process. It explains the typical and maximum timeframes for verification, acknowledges the current status of the customer's situation, and clarifies that there is no way to expedite the process. Additionally, it informs the customer about how they will be notified once the process is complete. There are no missing steps or actions required from the customer, making the response comprehensive and complete.",False,"The RAG answer does not cover the key steps needed to resolve the problem as outlined in the source article. While it mentions the duration of the verification process and advises patience, it lacks critical details on what the user can do during this waiting period or any specific actions they should take. Additionally, it does not provide a comprehensive overview of the verification process or any potential next steps, making it too vague to be actionable.",none
busy_parent_on_mobile,transfer_pending_stuck,non_native_broken_english,I send money to my friend 2 days ago but still pending and nobody get it. Why this take so long can I cancel it?,"Your transfer may be pending for several reasons, such as being sent on a weekend or public holiday, additional processing checks, or incorrect recipient details. A transfer can remain pending for up to 72 hours, and in most cases, it will eventually be marked as completed.

To check the status of your transfer, use the outbound transfer status tool in the Revolut app.

If you want to cancel the transfer, follow these steps:
1. Go to Payments on the bottom menu.
2. Select the person you sent the pending transfer to.
3. On the payments screen, select the pending transfer.
4. Tap 'Cancel' if it's eligible for cancellation.

If you can't cancel it, it might be under review by our automated security system, and you may need to answer some questions in-app. If the transfer remains pending for 48 hours, it will be automatically cancelled, and the funds will be returned to your account.",completeness,True,"The RAG-generated answer provides a comprehensive explanation of why the transfer might be pending, including potential reasons such as weekends, public holidays, processing checks, or incorrect recipient details. It also outlines the steps to check the status of the transfer using the Revolut app and provides clear instructions on how to cancel the transfer if eligible. Additionally, it informs the customer about the possibility of the transfer being under review by the security system and the automatic cancellation after 48 hours if it remains pending. The answer covers all necessary steps and information to resolve the customer's issue without leaving any obvious gaps.",True,"The RAG answer covers the key steps needed to resolve the problem of a pending transfer. It explains the reasons for a pending status, provides a detailed method to check the status using the Revolut app, and outlines the steps to cancel the transfer if eligible. Additionally, it mentions what to do if the transfer cannot be canceled and the automatic cancellation process after 48 hours. This information is sufficient for the user to take action.",none
busy_parent_on_mobile,business_account_upgrade_question,poor_internet_connection,hey im growing my freelance income and need to know when i should upgrade to a business account what changes happen also im on train so pls reply fast thanks,"You should consider upgrading to a Revolut Business account if your freelance income is growing and you need advanced features like team cards, multi-user access, and automated payments. Revolut Business is designed for businesses of all sizes, offering tools for managing finances more effectively.

To upgrade, you can sign up for a Business account through the Revolut Business app or by visiting the sign-up page [here](https://business.revolut.com/signup?promo=RevFAQ&pid=internal&utm_source=internal&c=RevFAQ&utm_campaign=RevFAQ&geo-redirect). You can use the same phone number and email as your personal account.

If you're currently using Revolut Pro, it offers tools for freelancers but lacks some features available in the Business account, such as advanced integrations and team spending controls.",completeness,True,"The RAG-generated answer provides a comprehensive response to the customer's query. It explains when it might be beneficial to upgrade to a Revolut Business account, highlighting the advanced features that could be useful for someone with growing freelance income. It also provides clear instructions on how to upgrade, including a link to the sign-up page and information about using the same phone number and email as the personal account. Additionally, it contrasts the Revolut Pro and Business accounts, giving the customer a better understanding of the differences. The answer is complete and addresses the customer's needs effectively without leaving any obvious gaps.",True,"The RAG answer covers the key steps needed to upgrade to a Revolut Business account, including the conditions under which one should consider upgrading, the process for signing up, and the differences between Revolut Pro and Business accounts. It provides sufficient detail for the user to take action, including a link to the sign-up page and information about using the same phone number and email. Therefore, it meets the completeness criteria.",none
small_business_owner,virtual_card_missing,angry_after_waiting,"I've been trying to generate a virtual card for online payments but I can't find the option anywhere in the app! This is getting ridiculous, I've already spent too much time on this! If I can't sort this today, I'm seriously considering switching to another provider!","To generate a virtual card in the Revolut app, follow these steps:

1. From your home screen, tap the cards icon in the top-right corner.
2. Look for the option to create a new virtual card. If you don't see it, ensure you haven't reached the limit of creating 4 cards per month.

If you still can't find the option, I don't have enough information to help with that.",completeness,False,The RAG-generated answer provides some steps to generate a virtual card but fails to address the customer's frustration and urgency. It also lacks completeness as it does not offer a solution if the customer still cannot find the option after checking the card limit. The response should include additional troubleshooting steps or suggest contacting customer support with specific instructions if the issue persists. This would ensure the customer has a clear path to resolving their issue.,False,"The answer is missing critical steps mentioned in the source article, such as any specific settings or prerequisites needed before creating a virtual card. Additionally, it does not provide sufficient detail for the user to take action, as it ends with a vague statement about lacking information. Important information needed to resolve the issue is omitted.",none
frequent_traveler,crypto_withdrawal_pending,empty,"hey, i sent some crypto to my external wallet 12 hours ago and it's still pending. is it lost or what’s going on?","Your crypto withdrawal might still be pending for several reasons. To check the status of your withdrawal and see why it's pending, follow these steps:

1. Go to 'Crypto' on the bottom menu.
2. Scroll to the transactions list or select the crypto you withdrew.
3. Find your withdrawal transaction and tap on it to see the reason for the pending status.

Possible reasons for the pending status include internal assessment, broadcasting to the network, or waiting for confirmation on-chain. If the transaction remains pending for too long, it could be due to high traffic on the blockchain network or technical difficulties. You can monitor your transaction on the blockchain scanner by tapping 'Blockchain hash' on the transaction and then 'View my transaction'.",completeness,True,"The RAG-generated answer provides a comprehensive guide for the customer to check the status of their crypto withdrawal. It includes specific steps to follow within the app to find the transaction and understand the pending status. Additionally, it explains possible reasons for the delay and suggests using a blockchain scanner to monitor the transaction. The answer does not leave any obvious gaps and does not prematurely direct the customer to contact support, making it a complete response to the customer's query.",True,"The RAG answer includes all essential steps needed to check the status of a crypto withdrawal, providing clear instructions for the user to follow. It details how to access the transaction list, identify the specific withdrawal, and understand potential reasons for the pending status. Additionally, it offers actionable advice on monitoring the transaction using a blockchain scanner, ensuring the user has sufficient information to resolve the issue.",none
student_abroad,instant_transfer_limit_reached,typing_from_phone_with_typos,hey so i tried to send money but got this msg about a limit or smth can u pls tell me what the limit is and when it resets i really need to get this done now thx!,"To check your limits, go to the 'Your plan' section in the app. For transfers to other Revolut customers, most currencies have no transfer limits, but exceptions will be shown in the app before you send money. If you're encountering a limit, it may be related to your spending limit or withdrawal limits, which can also be checked in the app. 

If you need further assistance, please refer to the specific sections mentioned or check your transaction details for more information on why your transaction was declined.",completeness,False,"The RAG-generated answer provides some guidance on where to find information about limits in the app, but it lacks specific details about the customer's current limit and when it resets. The customer explicitly asked for the limit and reset time, which are not directly addressed in the response. Additionally, the answer does not offer a clear resolution or next steps if the customer is unable to find the information themselves. The response could be improved by directly addressing the customer's query about the limit and reset time, and providing more specific guidance or suggesting contacting support if the information is not available in the app.",False,"The answer does not cover all the key steps needed to resolve the problem. While it mentions checking the 'Your plan' section and provides some information about transfer limits, it lacks critical details on how to navigate the app for checking spending and withdrawal limits. Additionally, it does not provide a clear main solution path or sufficient actionable steps for the user to follow, making it too vague for effective resolution.",none
uk_freelance_designer,payment_declined_large_amount,anxious_security_fear,"Hi there, I'm trying to make a significant payment for a client but my card got declined, and I've got more than enough balance. I'm concerned about security after hearing about recent scams, so I really need to know what's going on and why it was declined. Can a human look into this for me, please? Cheers!","Your card may have been declined due to our security system identifying potential fraud. To resolve this, please complete the in-app questionnaire. You can access it by going to the home page of your Revolut app and tapping the relevant tile, or through the push notification and email sent to you.

If you believe the payment was legitimate, you can unblock the merchant after completing the questionnaire and then retry the payment. If you need further assistance, you can fill out this form to help us reach out to the merchant: [Merchant Issue Form](https://app.revolut.com/form/13ef84b4-1e3b-48eb-8e8b-0030e7e08adc?faqEntryPoint=question.why-has-my-card-payment-been-declined).",completeness,False,"The RAG-generated answer provides some steps to resolve the issue, such as completing an in-app questionnaire and unblocking the merchant. However, it fails to address the customer's request for a human to look into the issue, which is a critical part of the query. The answer also does not provide any reassurance or information about the security concerns mentioned by the customer. Additionally, while it provides a link to a form, it does not explain what filling out the form will achieve or how it will help resolve the issue. Therefore, the response is incomplete as it does not fully address the customer's concerns or provide a clear path to resolution.",True,"The RAG answer includes essential steps to resolve the issue of a declined card, such as completing the in-app questionnaire and unblocking the merchant. It provides sufficient detail for the user to take action, including specific navigation instructions within the app and a link to a form for further assistance. The answer covers the main solution path from the source material.",none
uk_freelance_designer,business_account_upgrade_question,anxious_security_fear,"Hi there, I've been getting some fraud warnings lately and it's made me super cautious about my account. My freelance income is growing and I'm wondering when I should upgrade to a business account and what security changes that would bring. I’d prefer to chat with a human about this if possible, as I'm a bit worried about scams. Cheers!",I don't have enough information to help with that.,completeness,False,"The RAG-generated answer does not provide any information or guidance to address the customer's query. The customer is seeking advice on when to upgrade to a business account and the associated security changes, as well as expressing a preference to speak with a human due to concerns about scams. The response fails to address these concerns or provide any next steps, such as suggesting contacting customer support for personalized advice or providing general information about business accounts and security features. Therefore, it does not meet the criteria for completeness.",False,"The RAG answer does not provide any steps or information needed to resolve the problem. It lacks detail and is not actionable, failing to cover the main solution path from the source material.",none
busy_parent_on_mobile,pending_verification_too_long,typing_from_phone_with_typos,hey i did the verification 3 days ago but my account still says pending i need to access full features for work and kids stuff can you tell me why its taking so long or if i can speed it up please,"Your verification process may take up to 7 business days, although it usually completes within 1 business day. If your account still shows pending after 3 days, please check your emails or in-app notifications for any requests for additional information. If you don’t see any prompts, it’s possible we already have everything we need. Unfortunately, there isn't a way to speed up the process. We appreciate your patience.",completeness,True,"The RAG-generated answer provides a complete response to the customer's query. It explains the typical timeframe for verification, suggests checking for any requests for additional information, and clarifies that there is no way to expedite the process. The answer also acknowledges the customer's situation and expresses appreciation for their patience, which is appropriate given the circumstances. No critical steps or actions are missing, and the response is clear and informative.",False,"The RAG answer does not cover all the key steps needed to resolve the problem as outlined in the source article. While it mentions the verification process duration and checking for additional information requests, it lacks critical details on what specific actions the user should take if their account remains pending after 3 days. Additionally, it does not provide a comprehensive solution path or sufficient detail for the user to take actionable steps.",none
busy_parent_on_mobile,card_lost_need_freeze,anxious_security_fear,hey i just lost my card and i’m freaking out i need to freeze it like right now i heard about all these scams recently and i can’t risk someone using it pls help me with a real person not some bot,"To freeze your card immediately, follow these steps in the Revolut app:

1. Go to 'Home' on the bottom menu.
2. Tap the card icon in the top-right corner.
3. Choose the card you wish to freeze.
4. Tap 'Freeze'.

This will prevent any unauthorized use of your card. If you need further assistance, you can also call our automated phone line at +44 20 3322 8352.",completeness,True,"The RAG-generated answer provides clear and complete instructions on how to freeze the card using the Revolut app, which directly addresses the customer's urgent need to prevent unauthorized use. Additionally, it offers an alternative option to call an automated phone line for further assistance, ensuring the customer has multiple ways to resolve their issue. The response is comprehensive and does not leave any obvious gaps in the information provided.",True,"The RAG answer includes all the essential steps needed to freeze the card as outlined in the source article. It provides clear, actionable instructions that allow the user to take immediate action. Additionally, it offers a contact number for further assistance, which adds to the completeness of the response.",none
uk_freelance_designer,suspicious_activity_notification,anxious_security_fear,"Hi there, I just got a push notification about suspicious activity on my account, but there are no details provided. I'm really worried my account might be compromised, especially with all the recent fraud warnings I've heard about. Can someone please check this for me and get back to me ASAP? Cheers!","I understand your concern about the suspicious activity notification. To secure your account, please follow these steps:

1. **Freeze your card**: Open the Revolut app, tap the card icon in the top-right corner, select the card you want to freeze, and tap 'Freeze'. Alternatively, you can terminate the card by going to 'Settings' and tapping 'Terminate card'.

2. **Contact Revolut Support**: Reach out to Revolut Support via the in-app chat for assistance regarding the suspicious activity.

3. **Monitor your transactions**: Go to 'Home' on the bottom menu, select your transaction list, and check for any unauthorized transactions.

If you suspect any fraudulent transactions, you can report them in-app by selecting the transaction and choosing 'Get help'.

Stay vigilant and do not share any personal information until you confirm the legitimacy of any communication.",completeness,True,"The RAG-generated answer provides a comprehensive set of steps for the customer to secure their account and address the suspicious activity notification. It includes immediate actions such as freezing the card, contacting support for further assistance, and monitoring transactions for unauthorized activity. Additionally, it advises on reporting fraudulent transactions and cautions against sharing personal information. These steps are appropriate and complete for the customer's concern about potential account compromise.",True,"The RAG answer includes essential steps needed to secure the account, such as freezing the card, contacting support, and monitoring transactions. It provides sufficient detail for the user to take action and covers the main solution path from the source material, ensuring completeness.",none
busy_parent_on_mobile,suspicious_activity_notification,empty,hey i got a push notification about suspicious activity on my account but no details can u tell me whats going on im kinda worried it got compromised,I don't have enough information to help with that.,completeness,False,"The RAG-generated answer does not provide any actionable information or guidance to the customer. It fails to address the customer's concern about suspicious activity on their account and does not suggest any next steps, such as checking recent account activity, changing passwords, or contacting customer support for further assistance. The response leaves the customer without any direction on how to resolve their issue, which is critical in this context.",False,"The RAG answer does not provide any steps or information needed to resolve the problem. It lacks detail and is vague, failing to cover the main solution path from the source material.",none
small_business_owner,account_limit_reached_warning,poor_internet_connection,"Can't top up more money, what's my limit? Need to increase it fast. On the train, so reply quick if you can.",I don't have enough information to help with that.,completeness,False,"The RAG-generated answer does not provide any useful information or steps to resolve the customer's issue. It fails to address the customer's query about their top-up limit and how to increase it. The response should have included information on how to check their current limit, steps to increase it, or direct them to the appropriate resources or support channels for assistance. Simply stating a lack of information without guiding the customer further is incomplete and unhelpful.",False,"The RAG answer does not provide any steps or information needed to resolve the problem. It lacks detail and is not actionable, failing to cover the main solution path from the source material.",none
gig_economy_courier,cancel_subscription_not_working,angry_after_waiting,"Hey, I need help!!! I’ve tried so many times to cancel my gym payment but there’s no option in the app! I'm getting really frustrated, if this doesn’t get sorted I might have to switch to another bank!",I don't have enough information to help with that.,completeness,False,"The RAG-generated answer does not provide any steps or information to help the customer resolve their issue. It fails to address the customer's frustration and does not offer any guidance on how to cancel the gym payment. The response lacks completeness as it does not suggest contacting support, checking the app for specific sections, or any other potential solutions. It leaves the customer without any direction, which is inadequate for resolving the issue.",False,"The RAG answer does not provide any steps or information needed to resolve the problem. It lacks detail and is vague, making it impossible for the user to take action. Therefore, it fails to meet the completeness criteria.",none
gig_economy_courier,business_account_upgrade_question,anxious_security_fear,"hey, i heard about scams and got fraud warning. my freelance money is growing, should i upgrade to business account? what changes that come with it? i need to know asap, feeling uneasy about this.","Upgrading to a Revolut Business account can provide you with advanced features tailored for businesses, including team and individual cards with spend controls, a dedicated business savings account, automated payments, multi-user access, and integrations for various apps. If your freelance income is growing, this upgrade might be beneficial for managing your finances more effectively.

If you're feeling uneasy about scams, it's important to be vigilant. Always verify payment requests and be cautious of any changes in bank details, especially if they come via email. For more details on the differences between Revolut Pro and Revolut Business, you can visit [this page](https://www.revolut.com/pro-vs-business/).",completeness,False,"The RAG-generated answer provides some useful information about the benefits of upgrading to a Revolut Business account and offers general advice on being cautious about scams. However, it fails to address the customer's specific concerns about the differences between account types and the implications of upgrading in terms of security and fraud protection. The answer does not provide a comprehensive comparison between the current account and the business account, nor does it address any potential changes in fees or terms of service. Additionally, it does not offer guidance on how to proceed if the customer suspects fraud or needs immediate assistance, which is crucial given the customer's expressed urgency and unease. Therefore, the answer is incomplete in resolving the customer's issue.",False,"The RAG answer does not cover the key steps needed to upgrade to a Revolut Business account as outlined in the source article. It mentions some features of the account but lacks specific instructions or a clear solution path for the user to follow. Additionally, it does not provide actionable steps or critical information necessary for resolving the issue of upgrading, making it too vague for the user to take action.",none
busy_parent_on_mobile,exchange_rate_markup_question,empty,hey I just noticed the exchange rate in the app is different from what I see on Google is there a markup added by Revolut or is it just a glitch can you explain thanks,"Revolut offers competitive exchange rates based on data from multiple independent sources. The difference you see between the app and Google may be due to the variable rates and the spread between buy and sell prices. It's normal for these rates to differ, and any applicable fees will be shown in-app before you complete an exchange. If you want to check the current rates, you can do so in the app or on our website.",completeness,True,"The RAG-generated answer provides a comprehensive explanation for the discrepancy in exchange rates between the Revolut app and Google. It clarifies that Revolut uses competitive rates from multiple sources and explains the concept of variable rates and the spread between buy and sell prices. Additionally, it informs the customer that any applicable fees will be shown in the app before completing an exchange. The answer also guides the customer on how to check current rates, either in the app or on the website. This response addresses the customer's query effectively without leaving any critical gaps or requiring further action.",False,"The RAG answer does not cover the key steps needed to resolve the problem. While it mentions that Revolut offers competitive exchange rates and explains the difference between app rates and Google rates, it lacks specific actionable steps for the user to take. It does not provide detailed instructions on how to check rates or complete an exchange, nor does it address any critical steps that may be necessary based on the source article.",none
non_native_english_worker,card_not_working_abroad,typing_from_phone_with_typos,"my card not working in thailand, like declined for no reason, i dont change any settings, is it frozen or merchant problem? need help fast, kids waiting and coffee hot!","Your card may be declined due to potential fraud detection by our security system or issues with the merchant. To check if your card is frozen or if the merchant is blocked, please complete the in-app questionnaire. You can access it by going to the home page of your Revolut app and tapping the relevant tile.

If the transaction isn't showing in your app, it could be due to merchant restrictions or technical issues on their side. I recommend reaching out to the merchant first. If they can't help, you can tap the declined transaction in your app and select 'Troubleshoot my declined transaction' for further assistance.",completeness,True,"The RAG-generated answer provides a comprehensive response to the customer's query. It explains potential reasons for the card being declined, such as fraud detection or merchant issues, and offers clear steps to resolve the issue. The customer is instructed to complete an in-app questionnaire to check if the card is frozen or if the merchant is blocked. Additionally, the answer suggests reaching out to the merchant first and provides guidance on troubleshooting the declined transaction within the app. This covers all necessary steps and information to address the customer's problem effectively.",False,"The answer does not cover all the key steps needed to resolve the problem. While it mentions checking if the card is frozen and reaching out to the merchant, it lacks critical details on how to resolve potential fraud detection issues or specific steps to take if the in-app questionnaire does not provide a solution. Additionally, it does not provide sufficient detail for the user to take action effectively.",none
busy_parent_on_mobile,joint_account_not_allowed,anxious_security_fear,hey I saw the fraud warning and now I’m super worried about our accounts I wanna share my Revolut account with my spouse for security but I know you don’t offer that can you suggest a way to do it safely or something else we can use I need to make sure we’re both covered thanks,I don't have enough information to help with that.,completeness,False,"The RAG-generated answer does not provide any information or steps to address the customer's concern about sharing their Revolut account with their spouse or ensuring account security. It fails to suggest any alternative solutions or actions the customer can take, such as using joint accounts, setting up account alerts, or contacting Revolut support for further guidance. The response is incomplete as it leaves the customer's query entirely unaddressed.",False,"The RAG answer does not provide any steps or information needed to resolve the problem. It lacks detail and is vague, failing to cover any solution path from the source material. Therefore, it does not meet the completeness criteria.",none
non_native_english_worker,pending_verification_too_long,empty,"Hi, I verified my account 3 days ago but still pending. I can't use full features, need to send money home. Can you tell me how long it take or make it faster?","Your verification process can take up to 7 business days in some cases. If your account is still pending after 3 days, please be patient as it may take a bit longer. Unfortunately, I cannot expedite this process. You will be notified via email and in-app notification once your verification is complete. If you need immediate assistance, consider contacting support through the in-app chat.",completeness,True,"The RAG-generated answer provides complete information regarding the verification process timeline, which can take up to 7 business days. It also informs the customer that they will be notified via email and in-app notification once the verification is complete. Additionally, it suggests contacting support through the in-app chat for immediate assistance, which is a reasonable next step if the customer needs further help. The answer does not leave any obvious gaps and covers all necessary information to address the customer's query.",False,"The RAG answer does not cover the key steps needed to resolve the problem as outlined in the source article. It lacks critical information about the verification process and does not provide sufficient detail for the user to take action. Additionally, it omits important steps that may be necessary for the user to understand the entire verification timeline and options available to them.",none
uk_freelance_designer,daily_top_up_limit_reached,angry_after_waiting,I've hit my funding limit again and really need to add more funds today! When does this bloody limit reset?! I've already tried sorting this out multiple times and I'm getting fed up. Is there a workaround or am I going to have to switch to another provider?,"I understand your frustration. Unfortunately, I don't have specific information on when your funding limit resets. However, you can check your limits and reset dates in the 'Your plan' section of the app. 

If you're looking for a workaround, consider adding money through other methods such as using a different card, Apple Pay, Google Pay, or bank transfers. You can find more details on these options in the relevant sections of the app.",completeness,False,"The RAG-generated answer does not provide complete information to resolve the customer's issue. While it acknowledges the customer's frustration and suggests checking the 'Your plan' section of the app for reset dates, it fails to address the customer's need for immediate resolution. The suggestion to use alternative payment methods is helpful, but it does not directly answer the question about when the funding limit resets. Additionally, the response does not offer any guidance on how to escalate the issue or contact support for further assistance, which could be necessary given the customer's repeated attempts to resolve the problem. Therefore, the answer leaves gaps in addressing the customer's immediate concern and potential next steps.",False,"The RAG answer does not cover the key steps needed to resolve the problem as outlined in the source article. It fails to provide specific information about when the funding limit resets and lacks critical details on how to check limits and reset dates. Additionally, while it suggests alternative payment methods, it does not guide the user on how to access these options effectively, making the answer too vague and not actionable.",none
gig_economy_courier,card_lost_need_freeze,typing_from_phone_with_typos,hey i lost my card can u freeze it pls im out with kids and need it done fast before someone finds it thx,"To freeze your card quickly, please follow these steps in the Revolut mobile app:

1. Go to 'Home' on the bottom menu.
2. Tap the card icon in the top-right corner.
3. Choose the card you wish to freeze.
4. Tap 'Freeze'.

This will prevent any unauthorized use of your card. If you need further assistance, let me know!",completeness,True,"The RAG-generated answer provides a clear and complete set of instructions for the customer to freeze their card using the Revolut mobile app. It includes all necessary steps to prevent unauthorized use of the card, which directly addresses the customer's urgent request. The answer also offers further assistance if needed, ensuring the customer has a clear path to resolve their issue quickly. No critical steps or information are missing, making the response complete and effective for the situation described.",True,"The RAG answer includes all the essential steps needed to freeze the card in the Revolut mobile app, providing clear and actionable instructions. It covers the main solution path from the source material and offers sufficient detail for the user to take action.",none
student_abroad,exchange_rate_markup_question,non_native_broken_english,hey i see exchange rate in app is different from google and reuters. does revolut add extra fee or markup? pls explain simple thx,"Revolut offers competitive exchange rates based on data from multiple independent sources. The difference you see between the rates in the app and those on Google or Reuters may be due to the spread, which is the difference between the buy and sell prices. This spread can include a markup applied by Revolut.

When you make an exchange, the rate and any applicable fees will be shown to you in the app before you complete the transaction. If you're seeing a different rate, it could be due to market fluctuations or the specific rates being displayed by different sources. For more details, you can check the current rates in the app or on our website.",completeness,True,"The RAG-generated answer provides a comprehensive explanation addressing the customer's query about the difference in exchange rates. It explains that Revolut uses competitive rates from multiple sources and mentions the concept of spread, which may include a markup. The answer also clarifies that the rate and any fees are shown in the app before completing a transaction, and it suggests that market fluctuations or different sources might cause rate discrepancies. This response covers all necessary information to resolve the customer's issue without leaving any obvious gaps.",False,"The RAG answer does not cover the key steps needed to resolve the problem of understanding exchange rates and fees with Revolut. It lacks specific actionable steps that a user can take to address discrepancies in rates, such as how to check the rates in the app or what to do if they encounter unexpected fees. Additionally, it does not provide sufficient detail on how to interpret the spread or market fluctuations, which are critical for the user to fully understand the situation.",none
non_native_english_worker,crypto_purchase_failed,anxious_security_fear,"I try buy Bitcoin but error shows, no info. I have enough money, why can’t I? I hear about scams and worried. Please help, I need real support, this is urgent!","It sounds like your transaction may be subject to additional checks, which can happen for various reasons. Revolut typically completes 95% of transactions within 1 minute, but if your transaction requires more information, you will receive a notification in the app. 

Please check for any in-app banners or notifications that may indicate what additional information is needed. If you see a notification, tap on it to see exactly what's required from you.

If you are concerned about scams, remember to always verify the recipient's details and ensure you are transferring to a legitimate account. If you have any doubts, take a moment to pause and verify the situation before proceeding.",completeness,False,"The RAG-generated answer provides some useful information about potential reasons for the transaction error and advises the customer to check for in-app notifications. However, it fails to address the customer's urgent need for support and does not provide a direct course of action if the in-app notifications do not resolve the issue. The response should include a suggestion to contact customer support directly if the problem persists, especially given the customer's expressed concern about scams and urgency. Without this, the answer leaves an obvious gap in guidance for the customer.",False,"The answer does not cover all the key steps needed to resolve the problem as outlined in the source article. While it mentions checking for in-app notifications and verifying recipient details, it lacks specific details on what to do if the transaction is delayed or what additional information might be required. The guidance is too vague and does not provide a clear, actionable path for the user to follow.",none
crypto_day_trader,daily_top_up_limit_reached,anxious_security_fear,"Hey, I hit my funding limit and need to add more cash today to avoid getting rekt. When does this reset? Is there any way to bypass it? I’m super cautious after that fraud warning and don’t wanna risk anything. Please help!","Daily limits reset 24 hours after the last withdrawal, and monthly limits reset 30 days after the last withdrawal. Unfortunately, there is no way to bypass these limits. To check your specific limits, go to 'Crypto' on the bottom menu, tap 'More', select 'Limits and fees', and then tap 'Sending limits'. 

If you need to add money to your account, consider using a different card or methods like Apple Pay, Google Pay, or bank transfers. If you have further concerns, please reach out to your bank or card issuer for assistance.",completeness,True,"The RAG-generated answer provides complete information to resolve the customer's issue. It explains when the daily and monthly limits reset, confirms that there is no way to bypass these limits, and provides instructions on how to check specific limits. Additionally, it suggests alternative methods to add money to the account and advises contacting the bank or card issuer for further assistance. The response addresses the customer's concerns about limits and offers practical solutions, fulfilling the evaluation criteria.",True,"The answer covers the essential steps needed to understand the withdrawal limits, including the reset periods for daily and monthly limits. It provides specific instructions on how to check these limits within the app, which is actionable. Additionally, it suggests alternative methods for adding money to the account, addressing potential user needs. Overall, it includes sufficient detail and covers the main solution path from the source material.",none
crypto_day_trader,account_limit_reached_warning,poor_internet_connection,"yo, i can't top up more $ in my account, what's the limit? need to increase it ASAP, can't keep waiting on this! i'm on a train and signal's crap, plz reply quick!",I don't have enough information to help with that.,completeness,False,"The RAG-generated answer does not provide any information or steps to resolve the customer's issue. It fails to address the customer's query about the account top-up limit and how to increase it. The response lacks any guidance or direction, such as checking account settings, contacting customer support with specific details, or providing alternative methods to resolve the issue. Therefore, it does not meet the criteria for completeness.",False,"The RAG answer does not provide any steps or information needed to resolve the problem. It lacks detail and is not actionable, failing to cover the main solution path from the source material.",none
busy_parent_on_mobile,card_lost_need_freeze,typing_from_phone_with_typos,hey i lost my card like really lost it can you freeze it asap i cant deal with this right now kids are being wild and i need to make sure no one can use it pls help thanks,"To freeze your card, please follow these steps in the Revolut mobile app:

1. Go to 'Home' on the bottom menu.
2. Tap the card icon in the top-right corner.
3. Choose the card you wish to freeze.
4. Tap 'Freeze'.

Alternatively, you can also freeze your card by tapping your profile icon in the top-left corner, selecting Security, and then 'Lost card' to freeze it.

If you need further assistance, you can call our automated phone line at +44 20 3322 8352 to block your card.",completeness,True,"The RAG-generated answer provides complete information for the customer to freeze their card. It includes detailed steps on how to do this through the Revolut mobile app, offering two different methods. Additionally, it provides an alternative option to call an automated phone line to block the card, which is useful if the customer cannot access the app. This ensures that the customer has multiple ways to address their issue, covering all necessary steps to resolve the problem effectively.",True,"The RAG answer includes all essential steps needed to freeze the card using the Revolut mobile app, providing clear and actionable instructions. It covers both methods to freeze the card and includes a contact option for further assistance, ensuring completeness.",none
gig_economy_courier,pending_verification_too_long,non_native_broken_english,"Hi, I did verification 3 days ago but account still pending. I can’t use all features, this is problem for me. How long more? Can you make it faster? Thanks.","Your verification process typically takes up to 1 business day, but it can take up to 7 business days in some cases. Since it has been 3 days, please be patient as we complete the verification. Unfortunately, I cannot expedite the process. You will receive a notification via email and in-app once it is completed.",completeness,True,"The RAG-generated answer provides complete information regarding the verification process timeline, explaining that it can take up to 7 business days. It acknowledges the customer's concern about the delay and clarifies that the process cannot be expedited. Additionally, it informs the customer that they will receive a notification once the verification is complete. There are no missing steps or actions required from the customer, making the response complete and satisfactory.",False,"The RAG answer does not cover the key steps needed to resolve the problem as outlined in the source article. It provides information about the verification process duration but lacks critical details on what the user should do during the waiting period or any specific actions they can take. Additionally, it does not mention any important information that may be necessary for the user to understand the verification process fully.",none
non_native_english_worker,verify_identity_failed,anxious_security_fear,"Hi, I send documents for verification but got rejection. No clear reason, very stressed! I hear so much about scams, I need to know what wrong and how to fix it. Can I talk to real person, please? Security very important for me.","To understand why your documents were rejected, ensure that they meet the following criteria:

1. The document type is supported.
2. It is not handwritten.
3. It is not expired, damaged, or hard to read.
4. The personal information matches your Revolut account.

If you believe your documents meet these criteria, you can contact our customer support team using the in-app chat for further assistance. Unfortunately, I cannot provide a direct way to speak with a real person, but our support team is available to help you through the chat.",completeness,False,"The RAG-generated answer provides some useful information about potential reasons for document rejection, but it fails to address the customer's request to speak with a real person. The response only suggests using the in-app chat without explaining why a direct conversation with a real person is not possible or offering any alternative methods of contact. Additionally, the answer does not acknowledge the customer's stress and concerns about security, which could have been addressed to provide reassurance. Therefore, the response is incomplete as it does not fully resolve the customer's issue or address their concerns.",True,"The RAG answer includes the essential steps needed to understand why documents were rejected, covering all key criteria mentioned in the source article. It provides sufficient detail for the user to take action by listing specific requirements and suggesting contacting customer support for further assistance. The answer is clear and actionable, addressing the main solution path effectively.",none
non_native_english_worker,verify_identity_failed,typing_from_phone_with_typos,"hey my docs for verify got rejected but no reason why? need to know what was wrong so i can fix and send again, plz help, kids going crazy here and i need to send money home asap!","It seems your documents may have been rejected because they didn't meet the format, clarity, or content requirements. To resolve this, ensure that the documents you provide are clear, readable, and contain all necessary details as outlined in the verification instructions. 

If you are submitting proof of business activity, it should include your name and match the business information provided in your application. Accepted documents include a URL linked to your business, proof of registration, licenses, certified financials, client contracts, or terms and conditions.

Please review your documents and resubmit them following these guidelines.",completeness,False,"The RAG-generated answer provides general advice on document clarity and content requirements but fails to address the customer's specific concern about why their documents were rejected. It does not offer any specific feedback or guidance on how to obtain this information, such as contacting support for detailed reasons for rejection. Without knowing the exact reason for rejection, the customer may not be able to effectively correct and resubmit their documents. Therefore, the answer is incomplete as it leaves an obvious gap in resolving the customer's issue.",True,"The RAG answer covers the essential steps needed to resolve the problem by outlining the requirements for document submission, including clarity, readability, and necessary details. It specifies the types of accepted documents and emphasizes the importance of matching the business information. The answer provides sufficient detail for the user to take action and follows the main solution path from the source material.",none
student_abroad,subscription_charge_dispute,non_native_broken_english,hey i cancelled my netflix but i still got charged this month can u help me get refund pls and make sure it not happen again thx,I don't have enough information to help with that.,completeness,False,"The RAG-generated answer does not provide any steps or information to resolve the customer's issue. It fails to address the customer's request for a refund and assurance that the issue won't happen again. The response lacks guidance on how to proceed, such as checking the cancellation status, contacting Netflix support, or verifying billing details. Therefore, it is incomplete and does not meet the evaluation criteria.",False,"The RAG answer does not provide any steps or information needed to resolve the problem. It lacks detail and is not actionable, failing to cover the main solution path from the source material.",none
gig_economy_courier,instant_transfer_limit_reached,angry_after_waiting,"Hey, I need help! I tried to do instant transfer but got msg about limit! What is the limit?? I already called before and no one helped! When does it reset?? I can’t wait, I need this sorted now or I’m closing my account!!",I don't have enough information to help with that.,completeness,False,"The RAG-generated answer does not provide any information or steps to resolve the customer's issue. It fails to address the customer's query about the transfer limit, when it resets, or any potential actions the customer can take. The response lacks any guidance or direction, leaving the customer without a solution or next steps. This is a critical failure in completeness as it does not assist the customer in any way.",False,"The RAG answer does not provide any steps or information needed to resolve the problem. It lacks detail and is not actionable, failing to cover the main solution path from the source material.",none
small_business_owner,apple_pay_not_working,non_native_broken_english,I try add my Revolut card to Apple Pay but it say error. Card is working for buy in store. Can you help me?,"To successfully add your Revolut card to Apple Pay, please ensure the following:

1. Your account is fully verified.
2. Your account balance isn't negative.
3. You are using a supported card type (Visa or Mastercard).
4. You don't have the same card digitized on too many devices.
5. The card you are trying to add is not frozen or terminated.

If you have checked all these and still encounter an error, try deleting the card from Apple Pay and re-adding it. You can do this by:

1. Opening your Wallet app.
2. Tapping the '+' in the top-right corner.
3. Selecting 'Debit or Credit Card' and scanning or entering the details manually.

If the issue persists, I don't have enough information to help with that.",completeness,False,"The RAG-generated answer provides several potential reasons and solutions for the issue, which is helpful. However, it lacks a critical next step if the problem persists after trying the suggested solutions. The answer ends with 'I don't have enough information to help with that,' which leaves the customer without a clear path forward. A complete answer should include a recommendation to contact Revolut or Apple Pay support for further assistance if the issue remains unresolved after following the provided steps.",False,"The answer covers several key steps needed to add a Revolut card to Apple Pay, but it lacks critical information on troubleshooting specific errors that may arise during the process. Additionally, it does not provide sufficient detail on what to do if the user continues to encounter issues after following the initial steps. Therefore, it is not fully actionable and misses important information needed to resolve potential problems.",none
frequent_traveler,account_limit_reached_warning,non_native_broken_english,"hi, i try to top up my account but say limit is reached. what limit? how can i make it bigger? thank you.","The limit you are encountering is likely related to your annual deposit limit on all top-up methods, which is set automatically and cannot be checked or manually altered. Unfortunately, there is no way to increase this limit. If you need further assistance, I don't have enough information to help with that.",completeness,False,"The RAG-generated answer does not provide complete information to resolve the customer's issue. It mentions that the limit is related to the annual deposit limit and cannot be altered, but it fails to explain why this limit exists or if there are any alternative solutions, such as using different payment methods or contacting customer support for further clarification. Additionally, the statement 'I don't have enough information to help with that' is vague and unhelpful. The answer should guide the customer on what steps to take next, such as contacting customer support for more detailed assistance or checking their account settings for more information.",False,"The RAG answer does not cover the key steps needed to resolve the problem as it lacks critical information about how to check the annual deposit limit or any alternative solutions. It is also vague in terms of actionable steps, providing no guidance on what the user can do next.",none
small_business_owner,subscription_charge_dispute,angry_after_waiting,"I've canceled my Netflix subscription but got charged again this month! I've tried sorting this out before and waited ages on hold, this is ridiculous! I want my refund NOW and I need to make sure this doesn't happen again, or I'm seriously considering switching to another provider!","To address the charge from Netflix after canceling your subscription, I recommend contacting Netflix directly to resolve the issue, as most problems with cancellations and refunds are best handled with the merchant. If you are unable to get a satisfactory response from them, you can dispute the transaction through the Revolut app by following these steps:

1. Tap the transaction in your transactions list.
2. Tap 'Get help.'
3. Select 'I was charged incorrectly.'
4. Follow the steps to complete and submit the dispute form.

Make sure to gather any evidence of your communication with Netflix, as it can help your case. You can track the progress of your dispute in the app as well. 

If you need further assistance, please let me know!",completeness,True,"The RAG-generated answer provides a comprehensive response to the customer's issue. It advises the customer to contact Netflix directly, which is the appropriate first step for resolving subscription and refund issues. Additionally, it offers a clear alternative solution by explaining how to dispute the transaction through the Revolut app, including detailed steps to follow. The answer also suggests gathering evidence of communication with Netflix, which is a useful tip for strengthening the dispute case. Overall, the response covers all necessary actions the customer can take to address the problem, ensuring completeness.",True,"The RAG answer includes essential steps for disputing a charge through the Revolut app, which are clearly outlined and actionable. It also advises contacting Netflix directly, which is a critical step in resolving the issue. The answer provides sufficient detail for the user to take action and covers the main solution path from the source material.",none
uk_freelance_designer,daily_top_up_limit_reached,empty,"Hi there, I'm trying to add more funds to my account today but I've hit my limit. Could you let me know when it resets and if there's any workaround for this? Cheers!","Your limits reset based on the type of transaction. For example, daily withdrawal limits reset 24 hours after the last withdrawal, while monthly limits reset 30 days after the last withdrawal. You can check your specific limits and reset dates in the 'Your plan' section of the app.

As for workarounds, if you're hitting your withdrawal limit, you can request a temporary increase by tapping the 'Increase limit' button if you're eligible. Additionally, you can add funds using different payment methods like external bank transfers, card payments, or digital wallets by going to 'Home', selecting 'Accounts', and then tapping 'Add money'.",completeness,True,"The RAG-generated answer provides a comprehensive response to the customer's query. It explains when the limits reset, which is crucial information for the customer. Additionally, it offers a potential workaround by suggesting a temporary increase in limits and alternative methods to add funds. This covers all necessary steps and information to address the customer's issue without leaving any obvious gaps.",True,"The RAG answer covers the essential steps needed to understand the limits reset process and provides actionable information on how to check specific limits and request a temporary increase. It also includes alternative methods for adding funds, which are relevant to resolving the issue of hitting withdrawal limits. Overall, the answer is detailed and follows the main solution path from the source material.",none
frequent_traveler,account_limit_reached_warning,typing_from_phone_with_typos,"hey, i'm trying to top up my account but it says i've hit the limit?? what’s the limit and how do i increase it? need to do this fast, walking the kids and holding coffee here!",I don't have enough information to help with that.,completeness,False,"The RAG-generated answer does not provide any information or steps to resolve the customer's issue. It fails to address the customer's query about the account limit and how to increase it. The response lacks guidance on what the limit might be, how to check it, or any steps to increase it. Additionally, it does not suggest contacting support or provide any explanation, leaving the customer without a clear path forward. This is a critical gap in the response, making it incomplete.",False,"The RAG answer does not provide any steps or information needed to resolve the problem. It lacks detail and is not actionable, failing to cover the main solution path from the source material.",none
frequent_traveler,account_limit_reached_warning,poor_internet_connection,"hey, i can’t top up my account, is there a limit? what is it? how can i increase it? i’m on a train with bad signal, need this sorted fast.","Yes, there are limits for topping up your account. If you're experiencing issues, it may be due to your issuing bank declining a previous payment or multiple unsuccessful attempts, which can lead to a temporary block for up to 30 days. 

To increase your limits, you can check your fees and limit reset dates in the 'Your plan' section of the app. If you're facing a temporary block, consider using Apple Pay, Google Pay, or a different card to add money. 

If you need further assistance, please contact your bank or card issuer for more details on the decline reasons.",completeness,False,"The RAG-generated answer provides some information about potential reasons for the issue and suggests alternative payment methods. However, it fails to directly address the customer's specific question about the limit for topping up their account and how to increase it. The response mentions checking the 'Your plan' section of the app for fees and limit reset dates, but it does not clearly explain how to increase the limit or what the current limit is. Additionally, the suggestion to contact the bank or card issuer is vague and does not provide a clear path to resolving the issue quickly, especially given the customer's situation of being on a train with bad signal. Therefore, the answer is incomplete as it leaves critical gaps in addressing the customer's query.",False,"The answer does not cover all the key steps needed to resolve the problem. While it mentions checking fees and limit reset dates, it lacks specific details on how to navigate the app to find this information. Additionally, it does not provide a comprehensive solution path or actionable steps for users who may be unfamiliar with the app or the process of contacting their bank. Therefore, it is too vague and omits important information needed to fully resolve the issue.",none
student_abroad,crypto_purchase_failed,angry_after_waiting,"hey, i've been trying to buy bitcoin for days now but keep getting this stupid error! my balance is fine so what's the deal? i can't be waiting around forever, fix this or i'm switching to another app!","It sounds like your payment may be blocked due to multiple unsuccessful attempts or issues with your card. Here are some steps you can take:

1. **Check your card details**: Ensure that your card information is correct.
2. **Verify your balance**: Make sure you have sufficient funds in your account. You can check your balance by going to Accounts in the app.
3. **Try a different payment method**: If your card is blocked, consider using Apple Pay, Google Pay, or a different card to add funds.
4. **Contact your bank**: If the issue persists, reach out to your bank or card issuer for more information on why the payment might be blocked.

If none of these steps resolve the issue, please reach out to us for further assistance.",completeness,True,"The RAG-generated answer provides a comprehensive set of steps that the customer can take to resolve the issue. It suggests checking card details, verifying account balance, trying a different payment method, and contacting the bank if necessary. These steps cover potential reasons for the error and offer practical solutions. Additionally, the answer advises contacting support if the issue persists, which is appropriate given the context. Therefore, the response is complete and addresses the customer's problem effectively.",True,"The RAG answer includes essential steps needed to resolve the payment issue, such as checking card details, verifying balance, trying a different payment method, and contacting the bank. Each step is actionable and provides sufficient detail for the user to follow. The answer covers the main solution path from the source material, ensuring completeness.",none
student_abroad,crypto_purchase_failed,anxious_security_fear,"hey, i tried to buy some bitcoin but keep getting this error message, like what’s blocking it? i have enough balance and all but with those fraud warnings lately, i'm super cautious. can i get some real help with this? thx!","It sounds like your attempt to buy Bitcoin may be blocked due to security concerns or potential fraud detection by Revolut. This can happen if there are unusual activities detected on your account or if the transaction is flagged as potentially fraudulent. 

Here are some steps you can take:

1. **Check Notifications**: Look for any notifications or emails from Revolut regarding your account status or transaction attempts.
2. **In-app Warnings**: If you received any in-app warnings about the transaction, make sure to follow the prompts and provide any requested information.
3. **Contact Support**: If you're still unsure, you can reach out to Revolut Support via the in-app chat for further assistance.

If the issue persists, it may also be related to your card or bank. You might want to check with your bank to ensure there are no blocks on your card.",completeness,True,"The RAG-generated answer provides a comprehensive response to the customer's query. It addresses potential reasons for the transaction block, such as security concerns or fraud detection, and suggests practical steps the customer can take to resolve the issue. These steps include checking for notifications, following in-app warnings, and contacting Revolut Support for further assistance. Additionally, it advises checking with the bank for any card-related issues. The answer covers all necessary actions without leaving any obvious gaps, making it a complete response.",True,"The RAG answer includes essential steps needed to resolve the problem of buying Bitcoin through Revolut. It provides actionable details such as checking notifications, following in-app warnings, and contacting support. Additionally, it suggests checking with the bank for potential card blocks, covering the main solution path from the source material.",none
gig_economy_courier,crypto_withdrawal_pending,typing_from_phone_with_typos,"hey, i sent crypto to my wallet 12h ago and its still pending, what’s going on? i need it for work and im worried its lost, pls help!","To check the status of your pending crypto withdrawal, follow these steps:

1. Go to 'Crypto' on the bottom menu.
2. Scroll to the transactions list or select the crypto you withdrew.
3. Find your withdrawal transaction and tap on it to see the reason why it's pending.

Your withdrawal could be pending due to internal assessment, broadcasting to the network, or confirmation on-chain. If there are any technical difficulties, we will notify you in-app. If the transaction is confirmed on the blockchain but not in your wallet, you may need to contact the provider of the receiving wallet for further support.",completeness,True,"The RAG-generated answer provides a comprehensive set of steps for the customer to check the status of their pending crypto transaction. It explains potential reasons for the delay, such as internal assessment, network broadcasting, or on-chain confirmation. Additionally, it advises the customer to contact the provider of the receiving wallet if the transaction is confirmed on the blockchain but not reflected in their wallet. This guidance covers all necessary actions the customer can take to resolve their issue, making the answer complete.",True,"The RAG answer includes all essential steps needed to check the status of a pending crypto withdrawal, providing clear instructions for the user to follow. It details how to access the transactions list, identify the specific withdrawal, and understand potential reasons for the pending status. Additionally, it offers guidance on what to do if the transaction is confirmed but not reflected in the wallet, ensuring the user has sufficient information to take action.",none
frequent_traveler,subscription_charge_dispute,anxious_security_fear,"hey, i cancelled my netflix subscription but still got charged this month. can u help me get a refund and make sure this doesn’t happen again? also, i’ve been hearing about scams lately, so pls confirm that this is secure. i’d prefer to talk to a human about it.","To address your Netflix subscription issue, you will need to contact Netflix directly to ensure your subscription is fully canceled. Blocking payments in the Revolut app does not cancel the subscription itself. 

To prevent future charges from Netflix, you can block the merchant in the Revolut app. Here’s how:

1. Tap your profile icon in the top-left corner.
2. Select 'Security'.
3. Choose 'Payments' and then 'Blocked payments'.
4. Tap 'Add new' above 'Merchants' and select a previous payment from Netflix.

Regarding the charge you received this month, if you believe it was unauthorized, you can report it as fraudulent:

1. Go to 'Home' on the bottom menu.
2. Select the transaction from your transaction history.
3. Tap 'Get help'.
4. Choose 'Report this payment as fraudulent' and follow the steps.

As for your concerns about scams, it's important to stay vigilant. Ensure you do not share any personal information and verify any communications you receive. If you prefer to talk to a human, please reach out to Revolut's customer support directly through the app or website.

I hope this helps!",completeness,False,"The RAG-generated answer does not fully address the customer's query. While it provides steps to block future payments and report a transaction as fraudulent, it fails to guide the customer on how to directly contact Netflix for a refund or to confirm the cancellation of the subscription. Additionally, the response does not adequately address the customer's concern about security and the preference to speak with a human. The suggestion to contact Revolut's customer support is not directly relevant to resolving the Netflix subscription issue. Overall, the answer lacks completeness in addressing the customer's specific needs and concerns.",True,"The RAG answer covers the essential steps needed to resolve the Netflix subscription issue, including contacting Netflix for cancellation and blocking payments in the Revolut app. It provides detailed instructions for both actions, ensuring the user can take action effectively. Additionally, it addresses the issue of unauthorized charges and offers steps to report them, which is relevant to the user's concerns. Overall, the answer includes all critical information and steps from the source article.",none
small_business_owner,crypto_withdrawal_pending,non_native_broken_english,"I sent crypto to other wallet 12 hours ago, still pending. I worry it is lost. Can you help me?","To check the status of your pending crypto withdrawal, follow these steps:

1. Go to 'Crypto' on the bottom menu of your app.
2. Scroll to the transactions list or select the crypto you withdrew.
3. Find your withdrawal transaction and tap on it to see the reason why it's pending.

Your withdrawal could be pending due to internal assessment, broadcasting to the network, or confirmation on-chain. If the transaction is shown as completed on the blockchain explorer but the funds haven't arrived in your receiving wallet, you may need to contact the provider of that wallet for further support.",completeness,True,"The RAG-generated answer provides a comprehensive set of steps for the customer to check the status of their pending crypto transaction. It explains how to navigate the app to find the transaction details and suggests possible reasons for the pending status. Additionally, it advises the customer on what to do if the transaction is completed on the blockchain but not reflected in the receiving wallet, which is to contact the wallet provider. This covers all necessary steps and information to address the customer's issue, making the answer complete.",True,"The RAG answer includes all essential steps needed to check the status of a pending crypto withdrawal, providing clear instructions for the user to follow. It details how to access the transaction list, identify the specific withdrawal, and understand potential reasons for the pending status. Additionally, it offers guidance on what to do if the transaction appears completed on the blockchain but the funds are not received, ensuring the user has sufficient information to take action.",none
small_business_owner,crypto_limit_warning,empty,"Hey, I just got a message saying I've hit my crypto limit. What's the limit exactly, and can it be increased? Need to sort this out fast.","Your crypto withdrawal limits can be checked in the app. To see your limits, follow these steps:

1. Go to 'Crypto' on the bottom menu.
2. Tap 'More'.
3. Select 'Limits and fees'.
4. Tap 'Sending limits'.

Limits are periodically reviewed and may be adjusted based on your account activity and potential risk factors. If you want to increase your limits, you may need to manage your Wealth protection limits in-app. For more information on that, please visit the relevant FAQ in the app.",completeness,False,"The RAG-generated answer provides steps to check the current crypto withdrawal limits and mentions that limits can be reviewed and adjusted. However, it does not explicitly state whether the limit can be increased or provide specific steps on how to request an increase. The mention of managing 'Wealth protection limits' is vague and does not directly address the customer's query about increasing the crypto limit. Additionally, it suggests visiting an FAQ without specifying which one, leaving the customer without clear guidance on how to proceed. Therefore, the answer is incomplete as it lacks critical next steps for increasing the limit.",True,"The RAG answer includes all essential steps needed to check crypto withdrawal limits as outlined in the source article. It provides a clear, actionable path for the user to follow, detailing each step in the process. Additionally, it mentions the possibility of limits being adjusted and provides guidance on how to increase limits, which adds important context for the user.",none
non_native_english_worker,subscription_charge_dispute,anxious_security_fear,"Hey, I cancel Netflix but still got charge this month. I need refund fast! I heard about scams, so I worry about my money. Please, can you help me with this? I want to make sure it don’t happen again.",I don't have enough information to help with that.,completeness,False,"The RAG-generated answer does not provide any steps or information to resolve the customer's issue. It fails to address the customer's concern about being charged after canceling Netflix and does not offer guidance on how to obtain a refund or prevent future charges. The response lacks any actionable advice or direction, such as checking the cancellation status, contacting Netflix support, or verifying account details, which are critical for resolving the issue. Therefore, it does not meet the evaluation criteria for completeness.",False,"The RAG answer does not provide any steps or information needed to resolve the problem. It lacks detail and is vague, making it impossible for the user to take action. Therefore, it fails to meet the completeness criteria.",none
student_abroad,suspicious_activity_notification,angry_after_waiting,"hey i just got a notification about some suspicious activity on my account but no details, what’s going on?? i’ve been trying to sort this out for ages and it’s super frustrating!! pls help or i might have to switch to another bank!!","It sounds like your account may be under review due to suspicious activity. As a regulated financial institution, we periodically carry out account reviews to ensure compliance and security. During this time, some account activities may be temporarily restricted.

No action is required from you at this stage. If we need any additional information, we will reach out to you directly. Please be assured that we are working to resolve this as quickly as possible. If you have further concerns, feel free to contact our customer support for assistance.",completeness,False,"The RAG-generated answer does not provide complete information to resolve the customer's issue. While it explains that the account may be under review due to suspicious activity, it fails to address the customer's frustration and urgency. The response does not offer specific details about the suspicious activity or any immediate steps the customer can take to understand or resolve the issue. Simply advising the customer to wait for further contact is insufficient, especially given the customer's expressed frustration and threat to switch banks. A more complete response would include reassurance, a direct contact method for immediate assistance, and possibly an explanation of what constitutes suspicious activity.",False,"The RAG answer does not cover the key steps needed to resolve the problem as outlined in the source article. It lacks critical information on what the user should do next or any specific actions they can take. The response is vague and does not provide sufficient detail for the user to take actionable steps, omitting important information that would help resolve the issue.",none
gig_economy_courier,daily_top_up_limit_reached,typing_from_phone_with_typos,hey I need add more funds now but hit my limit when it reset? any way around this? im walking kids and need quick help pls,I don't have enough information to help with that.,completeness,False,"The RAG-generated answer does not provide any information or steps to resolve the customer's issue. It fails to address the customer's query about adding more funds and resetting the limit. The response lacks guidance on potential solutions, such as checking account settings, contacting customer support, or any other relevant actions. Therefore, it does not meet the criteria for completeness.",False,"The RAG answer does not provide any steps or information needed to resolve the problem. It lacks detail and is not actionable, failing to cover the main solution path from the source material.",none
student_abroad,business_account_upgrade_question,typing_from_phone_with_typos,hey can u tell me when i should upgrade to a biz acct my freelance income is growing and i need to kno what changes that means for fees and stuff thx!,"You should consider upgrading to a Revolut Business account if your freelance income is growing significantly, as it offers advanced features tailored for businesses, such as team cards, automated payments, and multi-user access. 

To upgrade, follow these steps in the main Revolut app:
1. Tap your profile icon in the top-left corner.
2. Select 'Your plan'.
3. Tap 'See plans'.
4. Choose your desired plan and follow the prompts to complete the upgrade.

Keep in mind that fees and terms apply, so it's a good idea to review those before making the switch. If you need more specific information about fees, I don't have enough information to help with that.",completeness,False,"The RAG-generated answer provides some useful information about the benefits of upgrading to a Revolut Business account and the steps to upgrade. However, it fails to address the customer's specific concern about changes in fees associated with upgrading. The answer acknowledges the importance of reviewing fees but does not provide any guidance on where to find this information or how to contact support for detailed fee-related queries. This leaves a critical gap in the response, as understanding fee changes is a key part of the customer's decision-making process.",True,"The RAG answer includes the essential steps needed to upgrade to a Revolut Business account, providing a clear and actionable guide. It details the process within the app and mentions the importance of reviewing fees and terms, which is relevant information for the user. Overall, it covers the main solution path from the source material.",none
small_business_owner,virtual_card_missing,non_native_broken_english,"Hi, I want to use virtual card for safety online, but I no can find where to make one in app. Can you help me?","To create a virtual card in the Revolut app, follow these steps:

1. Go to 'Home' on the bottom menu.
2. Tap the cards icon in the top-right corner.
3. Tap 'Add new'.
4. Choose 'Debit', 'Joint', or 'Pro' at the top.
5. Select 'Virtual'.
6. Choose a colour.
7. Tap 'Get card for free' to instantly create your virtual card.

Once created, you can use it for online payments or link it to Apple Pay or Google Pay for in-store purchases.",completeness,True,"The RAG-generated answer provides a complete and clear step-by-step guide on how to create a virtual card in the Revolut app. It includes all necessary steps from accessing the card creation feature to selecting the type of card and finalizing the creation process. Additionally, it informs the customer about the option to use the virtual card for online payments or link it to Apple Pay or Google Pay for in-store purchases. There are no missing steps or critical information, making the answer sufficient to resolve the customer's issue.",True,"The RAG answer includes all the essential steps needed to create a virtual card in the Revolut app, providing clear and actionable instructions. It covers the main solution path from the source material and offers sufficient detail for the user to take action, including the option to link the card to payment services.",none
crypto_day_trader,instant_transfer_limit_reached,non_native_broken_english,"hi, i try to send money but got limit message. what is limit and when reset? need to transfer now, market moving fast!","The limit for sending money depends on your destination country and base currency. Most currencies have no transfer limits, but if there are any exceptions, they will be shown in the Revolut app before you send money. 

If you have set a Wealth Protection limit for transfers, it will refresh every 24 hours. You can check your limits and reset dates in the 'Your plan' section of the app. If you reach your limit, you can authorize funds to leave your account by performing a selfie check.

To manage your limits, tap your profile icon in the top left corner, select ‘Security’, then ‘Wealth protection’ to adjust your settings.",completeness,False,"The RAG-generated answer provides some information about transfer limits and how to manage them, but it fails to address the customer's immediate concern about when the limit will reset and how they can proceed with the transfer urgently. The answer should have included specific information about the reset time for the limit and any immediate actions the customer can take to complete the transfer, such as contacting support for an urgent limit increase. Additionally, the mention of a 'selfie check' is vague and not clearly explained, leaving the customer without a clear understanding of how to proceed.",True,"The RAG answer covers the essential steps needed to understand and manage transfer limits, including checking limits in the app, the Wealth Protection limit refresh cycle, and how to adjust settings. It provides sufficient detail for the user to take action, such as performing a selfie check if limits are reached and navigating the app to manage settings.",none
small_business_owner,daily_top_up_limit_reached,empty,"Hi, I need to add more funds today but I've hit my limit. When does that reset and is there any workaround? Thanks.","Your withdrawal limit resets on a rolling monthly basis, based on the day your current price plan began. To check your exact limit refresh date and remaining allowance, tap your profile icon in the top-left corner, select 'Your plan', and look under the 'Your limits' section.

If you need a temporary increase in your monthly withdrawal limit, you can request this by tapping the 'Increase limit' button, if you are eligible. 

I don't have enough information to help with that regarding workarounds.",completeness,False,"The RAG-generated answer does not fully address the customer's query. While it provides information on how to check the reset date for the withdrawal limit and mentions the possibility of requesting a temporary increase, it fails to address the customer's specific need to add more funds today. The answer does not explore potential workarounds or alternative solutions for adding funds immediately, such as using a different payment method or contacting customer support for urgent assistance. Additionally, the statement 'I don't have enough information to help with that regarding workarounds' is vague and does not guide the customer towards any actionable steps.",True,"The RAG answer includes essential steps for checking the withdrawal limit and provides clear instructions on how to access this information through the app. It also mentions the option to request a temporary increase in the limit, which is a critical step for users needing more flexibility. The details provided are actionable and cover the main solution path from the source material.",none
busy_parent_on_mobile,pending_verification_too_long,empty,hey I verified my account 3 days ago but it still says pending I can’t access the full features what’s the timeline for this or can I speed it up please,"Your verification process usually takes up to 1 business day, but it can take up to 7 business days in some cases. Since it's been 3 days, you may need to wait a bit longer. Unfortunately, there is no way to speed up the process. You will be notified via email and an in-app notification once your verification is complete. Thank you for your patience.",completeness,True,"The RAG-generated answer provides complete information regarding the customer's query about the account verification timeline. It explains that the process can take up to 7 business days, which is why the customer might still see a pending status after 3 days. It also clarifies that there is no way to expedite the process and assures the customer that they will be notified once the verification is complete. This response addresses the customer's concerns and sets appropriate expectations without leaving any obvious gaps.",False,"The RAG answer does not cover the key steps from the source article needed to resolve the problem. It provides some information about the verification process duration and notification, but it lacks critical details on what actions the user can take during the waiting period or any specific steps they should follow. The answer is too vague and does not guide the user effectively.",none
busy_parent_on_mobile,instant_transfer_limit_reached,poor_internet_connection,hey im trying to do an instant transfer but it says ive hit a limit what is the limit and when does it reset im on the train and need to sort this fast,"The limit for instant transfers is not specified in the articles provided. To check your specific limits and when they reset, please go to the 'Your plan' section in the app. I don't have enough information to help with that.",completeness,False,"The RAG-generated answer does not provide complete information to resolve the customer's issue. While it correctly directs the customer to check the 'Your plan' section in the app for specific limits, it fails to address the urgency of the situation. The customer is on a train and needs a fast resolution, so additional guidance or alternative solutions should be provided, such as contacting customer support directly through the app or providing a general idea of typical limits and reset times if available. The response lacks empathy and does not fully address the customer's immediate need for assistance.",False,"The RAG answer does not cover the key steps needed to resolve the problem. It fails to provide specific information about the limits for instant transfers and does not guide the user on how to find this information effectively. The answer is vague and lacks actionable detail, omitting critical steps that would help the user understand their transfer limits.",none
student_abroad,account_limit_reached_warning,poor_internet_connection,"hey i wanna top up my account but it says i hit my limit??? can u pls tell me what the limit is and how i can increase it thx. im on the train so can't chat long, pls reply quick!",I don't have enough information to help with that.,completeness,False,"The RAG-generated answer does not provide any useful information to resolve the customer's issue. It fails to address the customer's query about the account limit and how to increase it. The response lacks any guidance or next steps, such as checking account settings, contacting customer support for specific instructions, or providing a link to relevant resources. The answer is incomplete as it leaves the customer without any direction or solution.",False,"The RAG answer does not provide any steps or information needed to resolve the problem. It lacks detail and is not actionable, failing to cover the main solution path from the source material.",none
busy_parent_on_mobile,crypto_withdrawal_pending,empty,hey I sent some crypto to an external wallet 12 hours ago and its still pending is it lost or what,"Your crypto withdrawal might still be pending for a few reasons. To check the status and see why it's pending, follow these steps:

1. Go to 'Crypto' on the bottom menu.
2. Scroll to the transactions list or select the crypto you withdrew.
3. Find your withdrawal transaction and tap on it to see the reason for the pending status.

Possible reasons for the pending status include internal assessments, broadcasting to the network, or waiting for confirmation on-chain. If the transaction is confirmed on the blockchain but the funds haven't arrived in your receiving wallet, you may need to contact the provider of that wallet for further support.",completeness,True,The RAG-generated answer provides a comprehensive set of steps for the customer to check the status of their crypto withdrawal. It explains possible reasons for the pending status and advises the customer on what to do if the transaction is confirmed on the blockchain but not received in the wallet. The answer does not leave any obvious gaps and does not prematurely direct the customer to contact support without first attempting to resolve the issue through the provided steps.,True,"The RAG answer includes essential steps to check the status of a crypto withdrawal, providing clear instructions on how to navigate the app and find the relevant transaction. It also mentions possible reasons for the pending status and suggests contacting the wallet provider if the transaction is confirmed but funds are not received. This covers the main solution path and provides sufficient detail for the user to take action.",none
small_business_owner,suspicious_activity_notification,empty,"Hey, I got a push notification about some suspicious activity on my account but didn’t get any details. Can you check if my account’s been compromised? I need to sort this out ASAP.",I don't have enough information to help with that.,completeness,False,"The RAG-generated answer does not provide any actionable steps or information to help the customer resolve their issue. It fails to address the customer's concern about potential account compromise and does not guide them on what to do next, such as checking their account activity, changing their password, or contacting customer support for further assistance. The response is incomplete as it leaves the customer without any direction on how to proceed.",False,"The RAG answer does not provide any steps or information needed to resolve the problem. It lacks detail and is not actionable, failing to cover the main solution path from the source material.",none
uk_freelance_designer,pending_verification_too_long,anxious_security_fear,"Hi there, I've completed my verification three days ago, but my account is still showing as pending. I can't access all the features, and with all the recent fraud warnings, I'm feeling a bit uneasy. Can you give me a timeline for when this will be sorted, or is there any way to expedite it? Cheers.","Your account verification process typically takes up to 1 business day, but it can take up to 7 business days in some cases. Since it has been three days, please be patient as we complete the review. You will receive a notification via email and in-app once it's completed. Unfortunately, there is no way to expedite this process. If you have any concerns or need further assistance, feel free to contact our customer support team through the in-app chat.",completeness,True,"The RAG-generated answer provides a complete response to the customer's query. It explains the typical and maximum timeframes for account verification, acknowledges the customer's current wait time, and assures them that they will be notified once the process is complete. It also clarifies that there is no way to expedite the process, which directly addresses the customer's request for a timeline or expedited service. Additionally, it offers a way to contact customer support for further assistance, which is appropriate given the customer's concerns about fraud. The answer does not leave any obvious gaps in information or necessary steps.",False,"The answer does not cover the key steps needed to resolve the problem as outlined in the source article. While it provides some information about the verification process and the expected time frame, it lacks critical details on what the user can do during the waiting period or any specific actions they should take if they have concerns. Additionally, it does not mention any alternative solutions or steps that might be relevant to the user's situation, making it too vague to be actionable.",none
crypto_day_trader,virtual_card_missing,typing_from_phone_with_typos,"hey i need to make a virtual card for online stuff but i cant find where to do it in the app, im walking the dog and juggling kids and coffee here lol help me out pls, thanks!","To create a virtual card in the Revolut app, follow these steps:

1. Go to 'Home' on the bottom menu.
2. Tap the cards icon in the top-right corner.
3. Tap 'Add new'.
4. Choose 'Debit', 'Joint', or 'Pro' at the top.
5. Select 'Virtual'.
6. Choose a colour.
7. Tap 'Get card for free' to instantly create your virtual card.

Once created, you can use it for online purchases. Enjoy your walk!",completeness,True,"The RAG-generated answer provides a complete and clear step-by-step guide on how to create a virtual card in the Revolut app. It covers all necessary steps from accessing the correct section of the app to selecting the type of card and finalizing the creation. The instructions are straightforward and do not leave any obvious gaps, making it easy for the customer to follow even while multitasking. Therefore, the answer meets the criteria for completeness.",True,"The RAG answer includes all the essential steps needed to create a virtual card in the Revolut app, providing clear and actionable instructions. It covers the main solution path from the source material, detailing each step from accessing the app to finalizing the card creation. There are no critical steps missing, and the information is sufficiently detailed for the user to take action.",none
crypto_day_trader,payment_declined_large_amount,non_native_broken_english,"hey, I try buy something big with card but it decline. I have enough money, why this happen? no explanation, very frustrating. help pls!","Your card payment may have been declined due to several reasons, even if you have enough money. Here are some steps you can take to troubleshoot the issue:

1. **Check Currency Account**: Ensure that your card is linked to a currency account with sufficient funds. If the account linked to your card has a low balance, the payment will be declined. You can check this by selecting the card → tapping 'Settings' → 'Spend from'.

2. **Check Pockets**: If your card is linked to a Pocket, make sure that the Pocket has enough balance. You can view your Pocket balance by tapping on 'Accounts' below your balance and going to 'Pockets'.

3. **Transaction Details**: From your home screen, open your transactions list by tapping 'See all' below your most recent transactions. Tap the declined payment to see the transaction's details and check the 'Status' section for any specific reason.

4. **Merchant Issues**: Sometimes, the decline may be due to restrictions set by the merchant or technical issues on their side. If you can't find a reason in the app, consider reaching out to the merchant directly.

If you need further assistance, you can fill out this form to help us reach out to the merchant: [Merchant Support Form](https://app.revolut.com/form/13ef84b4-1e3b-48eb-8e8b-0030e7e08adc?faqEntryPoint=question.why-has-my-card-payment-been-declined).

If the problem persists, please let us know!",completeness,True,"The RAG-generated answer provides a comprehensive set of troubleshooting steps that cover various potential reasons for a card payment decline, such as checking the currency account, pockets, transaction details, and possible merchant issues. It also offers a direct action by providing a form link for further assistance if needed. The answer does not leave any obvious gaps and does not simply direct the customer to contact support without explanation. Therefore, it meets the criteria for completeness in resolving the customer's issue.",True,"The RAG answer includes all essential steps needed to troubleshoot a declined card payment, as outlined in the source article. It provides detailed actions for checking account balances, reviewing transaction details, and addressing potential merchant issues. Each step is actionable and guides the user through the process effectively, ensuring completeness.",none
gig_economy_courier,unrecognized_transaction,empty,"hey, i just saw a charge in my history for 50€ that i dont remember making. can u help me check if this is fraud? i need to dispute it asap.","To dispute the 50€ charge you don't recognize, follow these steps in your Revolut app:

1. Go to the 'Home' section on the bottom menu.
2. Tap on 'Transactions' to find the charge.
3. Select the transaction in question.
4. Tap 'Get help'.
5. Choose 'Report this payment as fraudulent' and follow the prompts to raise a claim.

After submitting the claim, your card will be terminated to prevent further unauthorized use. You can track the progress of your claim in the app.",completeness,True,"The RAG-generated answer provides a clear and complete set of instructions for the customer to dispute the unrecognized charge. It includes specific steps to follow within the Revolut app, ensuring the customer can report the transaction as fraudulent. Additionally, it informs the customer about the termination of the card to prevent further unauthorized use and mentions that the progress of the claim can be tracked in the app. This response addresses the customer's concern and provides all necessary information to resolve the issue.",True,"The RAG answer includes all essential steps needed to dispute the charge in the Revolut app, providing clear and actionable instructions. It details the process from locating the transaction to reporting it as fraudulent and mentions the follow-up action of tracking the claim, which aligns with the main solution path from the source material.",none
crypto_day_trader,verify_identity_failed,poor_internet_connection,"I submitted my docs for verification but got rejected?? No clear reason given, wtf?? Need to know what went wrong so I can fix it and resubmit!! Can't do this on a weak signal, pls help fast!!","Your document may have been rejected for several reasons. To successfully pass verification, ensure that your identity document meets the following criteria:

- It is a supported identity document type.
- It is not handwritten.
- It is not expired, damaged, or hard to read.
- The personal information on the document matches the information in your Revolut account.

To fix the issue, review your document against these criteria and resubmit it through the prompts you receive in-app or via email. If you need further assistance, please check your emails for any updates from us or contact our customer support team using the in-app chat.",completeness,True,"The RAG-generated answer provides a comprehensive list of potential reasons for document rejection, which allows the customer to identify and rectify the issue. It also advises the customer on how to resubmit the document and suggests checking emails for updates or contacting customer support for further assistance. This guidance covers all necessary steps for the customer to resolve their issue, making the answer complete and effective.",True,"The RAG answer includes all essential steps needed to resolve the problem of document rejection. It specifies the criteria that the identity document must meet, which are critical for the user to understand what is required for successful verification. Additionally, it provides actionable advice on how to fix the issue by reviewing the document and resubmitting it, as well as suggesting further assistance options. This ensures that the user has sufficient detail to take action.",none
crypto_day_trader,daily_top_up_limit_reached,empty,"Yo, I need to add more funds today but hit my limit. When does it reset? Is there any workaround to get around this?","Your withdrawal limit resets on a rolling monthly basis, based on the day your current price plan began. To check your exact limit refresh date and remaining allowance, tap your profile icon in the top-left corner, select 'Your plan', and look under the 'Your limits' section.

If you need a temporary increase in your limit, you can request this by tapping the 'Increase limit' button, if you are eligible.",completeness,False,"The RAG-generated answer does not fully address the customer's query. While it explains when the withdrawal limit resets and how to check the limit refresh date, it does not provide a clear workaround for adding more funds today, which was a key part of the customer's question. The answer mentions the possibility of requesting a temporary increase in the limit but does not specify the eligibility criteria or what steps to take if the 'Increase limit' button is not available. Therefore, the response is incomplete as it leaves the customer without a clear solution for their immediate need to add more funds.",True,"The RAG answer includes essential steps needed to resolve the problem, such as how to check the withdrawal limit reset date and remaining allowance. It also provides actionable details on how to request a temporary increase in the limit, covering the main solution path from the source material.",none
crypto_day_trader,apple_pay_not_working,non_native_broken_english,"Hi, I try add my Revolut card to Apple Pay but get error message. Card works for buy things normal. What I do?","To successfully add your Revolut card to Apple Pay, please follow these steps:

1. Ensure your account is fully verified. Cards cannot be added without completing full verification.
2. Check that your account balance isn't negative.
3. Confirm you are using a supported card type (Visa or Mastercard).
4. Make sure you don't have the same card added to too many devices.
5. Ensure the card you're trying to add isn't frozen or terminated.

If you've checked all these and still encounter issues, try deleting the card from Apple Pay and re-adding it.",completeness,True,"The RAG-generated answer provides a comprehensive set of troubleshooting steps that cover common issues when adding a Revolut card to Apple Pay. It includes verifying the account, checking the account balance, ensuring the card type is supported, managing the number of devices the card is added to, and confirming the card's status. These steps are logical and address potential problems that could prevent the card from being added. Additionally, the suggestion to delete and re-add the card is a practical troubleshooting step. The answer does not leave any obvious gaps and does not prematurely direct the customer to contact support, making it a complete response to the customer's query.",True,"The RAG answer includes all essential steps needed to add a Revolut card to Apple Pay, such as verifying the account, checking the account balance, confirming card type, ensuring the card isn't added to too many devices, and checking the card status. It also provides a troubleshooting step for further issues, making it actionable and comprehensive.",none
crypto_day_trader,suspicious_activity_notification,angry_after_waiting,"Yo, I got this push notification about suspicious activity but no details — what’s going on?? I’ve called multiple times already and got nowhere! This is stressing me out, I can’t have my account compromised, fix it NOW or I’m outta here!","It sounds like you may have received a notification related to a security review or potential suspicious activity on your account. As a precaution, Revolut periodically reviews accounts to ensure compliance with regulations, which may temporarily restrict some activities.

To address your concerns, I recommend the following steps:

1. **Check the Revolut App**: Use the app to verify if there are any alerts or messages regarding your account status.
2. **Reach Out for Support**: Contact Revolut Support via the in-app chat to confirm whether the notification is legitimate and to get more details about the situation.
3. **Secure Your Account**: If you feel your account may be compromised, you can freeze your card by tapping the card icon in the top right corner of the app and selecting 'Freeze'. Alternatively, you can terminate the card in 'Settings'.

If you have any further questions or need assistance, please let me know!",completeness,False,"The RAG-generated answer provides some useful steps, such as checking the app for alerts and securing the account by freezing the card. However, it fails to address the customer's frustration and urgency adequately. The suggestion to 'Reach Out for Support' is vague and does not provide a direct solution or explanation for the notification received. The response lacks empathy and does not acknowledge the customer's repeated attempts to resolve the issue, which is critical in customer service interactions. Additionally, it does not offer any immediate resolution or assurance that the issue will be prioritized, leaving the customer without a clear path forward.",True,"The RAG answer includes essential steps needed to resolve the problem, such as checking the app for alerts, contacting support for verification, and securing the account by freezing the card. Each step is actionable and provides sufficient detail for the user to follow through, covering the main solution path from the source material.",none
non_native_english_worker,card_lost_need_freeze,angry_after_waiting,"I lost my card!!! I need to freeze it now, I tried before and waited on hold too long! If not fix this fast, I switch to another bank!","To freeze your lost card quickly, follow these steps in the Revolut mobile app:

1. Go to 'Home' on the bottom menu.
2. Tap the card icon in the top-right corner.
3. Choose the card you wish to freeze.
4. Tap 'Freeze'.

Alternatively, you can also freeze your card by tapping your profile icon in the top-left corner, selecting Security, and then 'Lost card' to freeze it.

If you prefer, you can call our automated phone line at +44 20 3322 8352 to block your card.",completeness,True,"The RAG-generated answer provides complete information for the customer to resolve their issue of freezing a lost card. It includes detailed steps on how to freeze the card using the Revolut mobile app, offering two different methods within the app. Additionally, it provides an alternative option to call an automated phone line to block the card, which caters to customers who may prefer or require a phone-based solution. The response addresses the urgency expressed by the customer and offers multiple solutions, ensuring the customer can take immediate action to secure their account.",True,"The RAG answer includes all essential steps needed to freeze a lost card using the Revolut mobile app, providing clear and actionable instructions. It also offers an alternative method to freeze the card through the profile settings and includes a phone number for blocking the card, ensuring that the user has multiple options to resolve the issue.",none
gig_economy_courier,suspicious_activity_notification,poor_internet_connection,"hey, got push notification about suspicious activity but no details. is my account safe? i’m on train, can’t lose time, pls help!","To ensure your account is safe, I recommend you take the following steps:

1. **Freeze your card**: Open the Revolut app, tap the card icon in the top right corner, select the card you want to freeze, and tap 'Freeze'.
2. **Contact Revolut Support**: Use the in-app chat to reach out to customer support and confirm whether the notification was legitimate or if there is any suspicious activity on your account.

These actions will help secure your account while you investigate the situation.",completeness,True,"The RAG-generated answer provides a clear and complete set of actions for the customer to take in response to the suspicious activity notification. It advises the customer to freeze their card to prevent any unauthorized transactions and to contact Revolut Support via the in-app chat to verify the legitimacy of the notification and check for any suspicious activity. These steps are appropriate and necessary to ensure the customer's account safety, especially given the urgency expressed by the customer. The answer does not leave any obvious gaps in addressing the customer's concern.",True,"The answer includes essential steps needed to secure the account, specifically freezing the card and contacting support. It provides sufficient detail for the user to take action, including specific instructions on how to freeze the card using the app and how to contact customer support. The main solution path from the source material is covered, ensuring completeness.",none
crypto_day_trader,subscription_charge_dispute,anxious_security_fear,"Hey, I just cancelled my Netflix sub but got charged again this month! I’m super anxious with all the fraud warnings lately, so I need this sorted ASAP and want to make sure it doesn’t happen again. Can I get a real person to help me?",I don't have enough information to help with that.,completeness,False,"The RAG-generated answer does not provide any steps or information to resolve the customer's issue. It fails to address the customer's concern about being charged after cancellation and does not guide them on how to contact support or resolve the issue. The response lacks completeness as it does not offer any actionable advice or reassurance, leaving the customer's query entirely unaddressed.",False,"The RAG answer does not provide any steps or information needed to resolve the problem. It lacks detail and is not actionable, failing to cover the main solution path from the source material.",none
gig_economy_courier,crypto_purchase_failed,poor_internet_connection,"hey, im trying to buy Bitcoin but getting some error, no clue why. balance is good, what’s blocking me? please help fast, i have no signal here.","There could be several reasons why you're unable to buy Bitcoin despite having a good balance. Here are some steps you can take:

1. **Check Card Details**: Ensure that your card details are correct and try again.
2. **3DS Authentication**: Verify if 3DS authentication is working correctly in your banking app.
3. **Payment Attempts**: If you've made multiple unsuccessful attempts, your card may be temporarily blocked. This can happen due to payment processing rules and may last up to 30 days.
4. **Different Card**: If possible, try using a different card to make the purchase.
5. **Account Balance**: Ensure that you have sufficient funds in your account.

If none of these steps resolve the issue, please reach out to us when you have a better signal for further assistance.",completeness,False,"The RAG-generated answer provides several potential reasons and steps to resolve the issue, but it lacks completeness in a few areas. It does not address potential issues with the Bitcoin platform itself, such as server outages or maintenance, which could also prevent transactions. Additionally, it does not suggest checking for any specific error messages that might provide more insight into the problem. While it advises contacting support if the issue persists, it does not explain why this might be necessary or what additional information support might need. Therefore, the answer leaves some obvious gaps in troubleshooting the issue comprehensively.",True,"The RAG answer includes essential steps needed to resolve the problem of being unable to buy Bitcoin, such as checking card details, verifying 3DS authentication, considering payment attempts, trying a different card, and ensuring sufficient account balance. Each step is actionable and provides sufficient detail for the user to follow, covering the main solution path from the source material.",none
frequent_traveler,exchange_rate_markup_question,angry_after_waiting,"hey, i'm really frustrated! i keep seeing exchange rates in the app that are different from what google shows, and it feels like there's a markup. i’ve tried to sort this out before but got nowhere. can you please explain what's going on or i might have to switch to another provider!","Revolut offers competitive exchange rates that are based on data from multiple independent sources. The rates you see in the app may differ from those on Google due to the spread between buy and sell prices, which is normal. This spread is the difference between the rates at which you can buy and sell currencies.

Additionally, if you're making exchanges during weekends, there may be additional fees depending on your plan. You can check the current rates in the app by adding a currency watchlist or by visiting our website.

If you feel that the rates or fees are unclear, you can review the rate and any applicable fees before completing an exchange in the app. If you have further concerns about being charged more than expected, it might be due to transaction fees from your bank or card provider.",completeness,True,"The RAG-generated answer provides a comprehensive explanation of why the exchange rates in the app might differ from those on Google. It explains the concept of the spread between buy and sell prices and mentions the possibility of additional fees during weekends. The answer also advises the customer to check the rates and fees before completing an exchange and suggests that transaction fees from the bank or card provider might be a factor. This response addresses the customer's concerns and provides actionable steps to understand and verify the rates, thus resolving the issue without leaving any obvious gaps.",False,"The answer does not cover the key steps needed to resolve the problem of understanding exchange rates and fees in detail. While it mentions competitive exchange rates and the spread between buy and sell prices, it lacks specific actionable steps for the user to take, such as how to effectively use the app to monitor rates or manage fees. Additionally, it does not provide a clear solution path or address potential user concerns comprehensively.",none
crypto_day_trader,pending_verification_too_long,non_native_broken_english,"I finish verification 3 days ago but my account still pending. I can’t use full features, it’s so frustrating! Can you tell me when it be done or how to make it faster?","Your verification process usually takes up to 1 business day, but it can take up to 7 business days in some cases. Since it's been 3 days, please be patient as it may still be under review. You will receive a notification via email and in-app once it's completed. If you need further assistance, you can contact our customer support team using the in-app chat.",completeness,True,"The RAG-generated answer provides a complete response to the customer's query. It explains the typical and maximum timeframes for the verification process, which addresses the customer's concern about the delay. It also informs the customer that they will receive a notification once the process is complete. Additionally, it offers a next step by suggesting the customer contact support via in-app chat if further assistance is needed. This covers all necessary information and steps, making the answer complete.",False,"The RAG answer does not cover the key steps needed to resolve the problem as outlined in the source article. While it mentions the verification process duration and the notification method, it lacks critical details about what the user should do during the waiting period or any specific actions they can take. Additionally, it does not provide a comprehensive solution path, making it too vague and not fully actionable.",none
frequent_traveler,unrecognized_transaction,typing_from_phone_with_typos,"hey, i just saw a charge on my history that i don’t remember making, it’s stressing me out and i’m worried it’s fraud, can you help me dispute this charge? thanks!","To dispute the charge you don't remember making, please follow these steps in the Revolut app:

1. Go to 'Home' on the bottom menu.
2. Tap on 'Transactions' to view your transaction history.
3. Find and tap the transaction in question.
4. Tap 'Get help'.
5. Choose 'Report this payment as fraudulent'.
6. Follow the prompts to raise a claim.

After submitting the claim, your card will be terminated to prevent further unauthorized use. You can track the progress of your claim in the app. If you need to temporarily freeze your card, you can do that as well.",completeness,True,"The RAG-generated answer provides a comprehensive step-by-step guide for the customer to dispute a charge they don't remember making. It includes instructions on how to navigate the Revolut app to report the transaction as fraudulent and explains the subsequent actions, such as card termination and claim tracking. The response addresses the customer's concern about potential fraud and offers a clear resolution path without leaving any obvious gaps or requiring additional contact with support.",True,"The RAG answer includes all essential steps needed to dispute the charge in the Revolut app, providing clear and actionable instructions. It covers the main solution path from the source material, detailing how to access the transaction, report it as fraudulent, and follow up on the claim. Additionally, it mentions the termination of the card to prevent further unauthorized use and the option to temporarily freeze the card, which adds important context for the user.",none
small_business_owner,account_limit_reached_warning,non_native_broken_english,"Hi, I try top up my account but say limit reached. What is limit for top up? How I can increase it? Need more money for suppliers. Thank you.",I don't have enough information to help with that.,completeness,False,"The RAG-generated answer does not provide any information or steps to resolve the customer's issue. It fails to address the customer's query about the top-up limit and how to increase it. The response should have included details about the typical top-up limits, potential reasons for reaching the limit, and guidance on how to increase the limit, such as contacting customer support or adjusting account settings. The answer is incomplete as it leaves the customer without any actionable information or next steps.",False,"The RAG answer does not provide any steps or information needed to resolve the problem. It lacks detail and is not actionable, failing to cover any solution path from the source material.",none
crypto_day_trader,pending_verification_too_long,typing_from_phone_with_typos,hey I finished verification like 3 days ago and my account still says pending wtf I can’t use full features or trade and I’m really anxious to get in the market plz give me a timeline or something to speed this up I’m juggling too much rn and need this sorted ASAP,"Your verification process usually takes up to 1 business day, but it can take up to 7 business days in some cases. Since it's been 3 days, I recommend being patient a little longer. You will receive a notification via email and in-app once it's completed. If you need immediate assistance, you can contact customer support through the in-app chat.",completeness,True,"The RAG-generated answer provides a clear explanation of the typical verification timeline, acknowledging that it can take up to 7 business days. It reassures the customer that they will receive a notification once the process is complete. Additionally, it offers a next step by suggesting the customer contact support through the in-app chat for immediate assistance. This covers all necessary information and steps, addressing the customer's concern about the pending status and providing a way to seek further help if needed.",False,"The RAG answer does not cover the key steps needed to resolve the problem as outlined in the source article. While it provides some information about the verification process duration and suggests contacting customer support, it lacks critical details about the verification process itself and any specific actions the user should take. The answer is also somewhat vague and does not provide a clear solution path.",none
gig_economy_courier,cancel_subscription_not_working,anxious_security_fear,"hey, I set up a recurring payment for gym but can't find how to cancel it in the app. I got a fraud warning and I'm super worried about my money. plz help me cancel it fast, I don't trust this automated stuff!",I don't have enough information to help with that.,completeness,False,"The RAG-generated answer does not provide any steps or information to help the customer cancel their recurring payment. It fails to address the customer's concern about the fraud warning and their urgency in resolving the issue. The response lacks guidance on how to navigate the app or whom to contact for further assistance, leaving the customer without a clear path to resolve their problem.",False,"The RAG answer does not provide any steps or information needed to resolve the problem. It lacks detail and is not actionable, failing to cover the main solution path from the source material.",none
busy_parent_on_mobile,subscription_charge_dispute,angry_after_waiting,I cancelled my Netflix subscription ages ago but just got charged again this month! I've already tried sorting this out multiple times and I'm fed up! I need a refund and want to make sure this doesn’t happen again or I’m seriously considering switching to another service!,"To address the charge from Netflix, you should first contact Netflix directly to ensure that your subscription is fully canceled. Blocking the payment in the Revolut app does not cancel the subscription itself.

If you want to request a refund for the recent charge, follow these steps to dispute the transaction in your Revolut app:

1. Tap the transaction in your transaction history.
2. Tap 'Get help'.
3. Select 'I was charged incorrectly'.
4. Follow the steps to complete and submit the dispute form.

To prevent future charges from Netflix, you can block the merchant:

1. Tap your profile icon in the top-left corner.
2. Select 'Security'.
3. Choose 'Payments' and 'Blocked payments'.
4. Tap 'Add new' above 'Merchants' and select Netflix.

This will block all future payments to Netflix. If you need further assistance, feel free to reach out again.",completeness,False,"The RAG-generated answer provides steps to dispute the transaction and block future payments, which are helpful. However, it fails to address the customer's frustration and the fact that they have already tried resolving the issue multiple times. It also does not provide guidance on how to ensure the subscription is canceled directly with Netflix, which is a critical step. Additionally, the response lacks empathy and does not acknowledge the customer's dissatisfaction, which is important in customer service interactions. Therefore, the answer is incomplete as it misses addressing the customer's emotional state and ensuring the subscription is canceled directly with Netflix.",True,"The RAG answer includes all essential steps needed to resolve the problem of a charge from Netflix. It provides detailed instructions on how to cancel the subscription, dispute the charge in the Revolut app, and block future payments to Netflix. Each step is actionable and clearly outlined, ensuring the user has sufficient information to take the necessary actions.",none
crypto_day_trader,transfer_pending_stuck,typing_from_phone_with_typos,yo sent cash to my mate 2 days ago and its still pending wtf neither of us got it or sent it can u pls tell me whats the hold up and how to cancel if needed? this is so annoying im juggling kids and coffee here!,"Your transfer may still be pending for several reasons, such as being sent on a weekend or public holiday, additional processing checks, or incorrect recipient details. Transfers can remain pending for up to 72 hours, but if it has been 48 hours, it will be automatically cancelled and the funds returned to your account.

To check the status of your transfer, you can use the outbound transfer status tool in the Revolut app. If you need to cancel it sooner, unfortunately, you cannot cancel a pending transfer on your end. 

If you have further questions or if the transfer does not resolve, you may want to contact live support by typing 'Live agent' in the in-app chat.",completeness,False,"The RAG-generated answer provides some potential reasons for the pending status and mentions the 72-hour timeframe, but it incorrectly states that the transfer will be automatically cancelled after 48 hours, which is inconsistent with the 72-hour pending period mentioned earlier. Additionally, it does not provide a clear explanation of how to cancel the transfer if needed, only stating that it cannot be cancelled by the user. The suggestion to contact live support is vague and lacks guidance on what specific information or steps the customer should take when contacting support. Overall, the answer lacks clarity and consistency, leaving the customer without a clear resolution path.",False,"The answer does not cover all the key steps needed to resolve the problem. While it mentions reasons for a pending transfer and provides some information on checking the status, it lacks critical details on how to resolve the issue if the transfer does not complete. Additionally, it does not specify any steps for contacting support beyond suggesting to type 'Live agent' in the chat, which may not be sufficient for users needing immediate assistance.",none
small_business_owner,cancel_subscription_not_working,angry_after_waiting,"I've tried to cancel my gym's recurring payment like 5 times now and I can't find the option in the app! This is getting ridiculous, I don't have time for this nonsense! If this isn't sorted out ASAP, I'm seriously considering ditching Revolut for good!","To cancel your gym's recurring payment, please follow these steps:

1. Go to 'Payments' on the bottom menu.
2. Tap on the calendar icon in the top-right corner.
3. View your active Direct Debits or subscriptions.
4. If it's a Direct Debit, tap on it and select 'Cancel future payments.'
5. If it's a subscription, you will need to contact the merchant directly to cancel it, as blocking a subscription in-app does not cancel it.

If you continue to have issues, please reach out to the merchant for further assistance.",completeness,False,"The RAG-generated answer provides steps to cancel a recurring payment, but it lacks clarity on how to distinguish between a Direct Debit and a subscription, which is crucial for the customer to know which steps to follow. Additionally, the suggestion to contact the merchant directly for subscription cancellations is not explained in detail, leaving the customer without guidance on how to proceed if they encounter issues. The response also fails to address the customer's frustration and urgency, which could be mitigated by offering additional support options, such as contacting Revolut support for further assistance if the steps provided do not resolve the issue.",True,"The RAG answer includes all essential steps needed to cancel a gym's recurring payment, providing clear and actionable instructions. It details the process for both Direct Debits and subscriptions, ensuring the user has the necessary information to resolve the issue. The answer is comprehensive and follows the main solution path outlined in the source material.",none
student_abroad,cancel_subscription_not_working,typing_from_phone_with_typos,hey i need to cancel my gym payment but i cant find the option in the app can u help me pls im kinda in a rush here walking with coffee and kids thx,I don't have enough information to help with that.,completeness,False,"The RAG-generated answer does not provide any steps or information to help the customer cancel their gym payment. It fails to address the customer's query and leaves them without guidance on how to proceed. The response lacks any actionable advice or direction, such as checking specific sections of the app, contacting customer support, or visiting a website for further assistance. Therefore, it does not meet the criteria for completeness.",False,"The RAG answer does not provide any steps or information needed to resolve the problem. It lacks detail and is not actionable, failing to cover the main solution path from the source material.",none
non_native_english_worker,crypto_limit_warning,non_native_broken_english,"Hi, I got message about crypto limit. What limit is it? Can I make it bigger? I need send more money home. Thank you!","The message you received about a crypto limit refers to the daily and monthly limits on crypto withdrawals. These limits are in place to prevent monetary loss and protect your account. You can check your specific limits by following these steps:

1. Go to 'Crypto' on the bottom menu.
2. Tap 'More'.
3. Select 'Limits and fees'.
4. Tap 'Sending limits'.

If you want to increase your limits, note that they are periodically reviewed and may be adjusted based on your account activity and potential risk factors. However, you cannot manually increase these limits. 

If you have specific addresses with limits, those will be shown on the 'Select address' screen when you enter an amount for withdrawal. 

If you need to send more money home, consider checking your limits and planning your withdrawals accordingly.",completeness,True,"The RAG-generated answer provides a comprehensive explanation of what the crypto limit message refers to, including the steps to check the specific limits within the app. It also clarifies that the limits are reviewed periodically and cannot be manually increased by the user, which addresses the customer's question about making the limit bigger. Additionally, it suggests planning withdrawals according to the existing limits, which is a practical advice for the customer's need to send more money home. The answer does not leave any obvious gaps and does not require the customer to contact support, as all necessary information is provided.",True,"The RAG answer includes the essential steps needed to check crypto withdrawal limits, providing a clear and actionable path for the user. It details the specific navigation steps required to access the limits and fees section, which is crucial for resolving the user's issue. Additionally, it mentions the review process for increasing limits, which is relevant information. Overall, the answer covers the main solution path and provides sufficient detail for the user to take action.",none
uk_freelance_designer,pending_verification_too_long,empty,"Hi there, I completed my verification 3 days ago but my account still shows as pending. I can't access all the features I need for my work, can you let me know when I might expect it to be sorted or if there's a way to speed things up? Cheers!","Your verification process usually takes up to 1 business day, but it can take up to 7 business days in some cases. Since it has been 3 days, I recommend being patient as it may still be in progress. You will receive a notification via email and in-app once it's completed. Unfortunately, there is no way to speed up the verification process. If you have any concerns, you can check your emails for updates or contact our customer support team through the in-app chat.",completeness,True,"The RAG-generated answer provides complete information regarding the customer's query. It explains the typical and maximum timeframes for the verification process, advises patience since the process is still within the expected timeframe, and informs the customer about how they will be notified once the process is complete. Additionally, it offers a way to contact customer support for further concerns, which is appropriate given the context. There are no obvious gaps or missing critical steps in the response.",False,"The answer provides some information about the verification process, including the time frame and how to check for updates. However, it lacks critical steps or detailed instructions on what the user should do if they have concerns or need to follow up. It does not cover the main solution path from the source material, making it too vague and not fully actionable.",none
non_native_english_worker,subscription_charge_dispute,angry_after_waiting,I cancelled Netflix long time ago but still got charged this month! I called and waited but no help! I want refund now and make sure this not happen again or I close account!,"To address the charge from Netflix, you should first contact them directly to resolve the issue, as most problems like cancellations and refunds are best handled with the merchant. If you are unable to get a resolution from Netflix, you can dispute the transaction in your Revolut app by following these steps:

1. Tap the transaction in your transactions list.
2. Tap 'Get help'.
3. Select the issue.
4. Complete and submit the form.

If you need a refund for a charge that was applied to a closed account, you can email us at support@revolut.com with the necessary information, including a bank statement and confirmation from Netflix showing the refund was applied.

To prevent this from happening again, ensure that you have properly cancelled your Netflix subscription and keep an eye on your transactions. If you continue to experience issues, please let us know.",completeness,True,"The RAG-generated answer provides a comprehensive response to the customer's issue. It advises the customer to first contact Netflix directly, which is appropriate since the issue involves a charge from Netflix. It also provides a clear step-by-step guide on how to dispute the transaction through the Revolut app if Netflix does not resolve the issue. Additionally, it offers an alternative solution by providing an email address for further assistance if the charge was applied to a closed account. The answer also includes preventive advice to ensure the subscription is properly cancelled. Overall, the response covers all necessary steps and information to address the customer's concerns.",True,"The RAG answer includes all essential steps needed to resolve the problem of a charge from Netflix. It provides clear instructions on how to contact Netflix, dispute the transaction through the Revolut app, and what to do if the charge is from a closed account. Additionally, it offers preventive advice regarding subscription cancellation and monitoring transactions, which adds to the completeness of the response.",none
small_business_owner,wrong_recipient_no_refund,typing_from_phone_with_typos,hey I sent 500 euro to the wrong number and the person hasnt accepted it yet can I cancel or reverse this or what do I do plz help me out fast I'm juggling kids and coffee here,"Since the transfer to the wrong Revolut customer is usually instant and cannot be canceled once processed, you will need to ask the recipient to return the money. You can do this by reaching out to them via the chat in the Revolut app. Here’s how:

1. On the bottom menu, go to **Payments**.
2. Select the person you've sent money to.
3. A chat window will open where you can message the recipient.

If the recipient isn't responding, you can contact our customer support team, and we will try to reach out to them on your behalf. However, we can't guarantee they will respond or agree to return the funds.",completeness,True,"The RAG-generated answer provides a comprehensive response to the customer's query. It explains that the transfer cannot be canceled once processed and advises the customer to contact the recipient through the Revolut app to request the return of funds. It also offers an alternative solution by suggesting that the customer contact Revolut's customer support team if the recipient is unresponsive. The answer covers all necessary steps and provides clear instructions, making it a complete and helpful response to the customer's issue.",True,"The RAG answer includes the essential steps needed to resolve the problem of transferring money to the wrong Revolut customer. It provides a clear, actionable process for contacting the recipient through the app, detailing the steps to initiate a chat. Additionally, it mentions the option to contact customer support if the recipient does not respond, which is an important part of the solution. Overall, the answer covers the main solution path and provides sufficient detail for the user to take action.",none
small_business_owner,transfer_pending_stuck,anxious_security_fear,"I sent money to my friend 2 days ago and it’s still pending on both sides. I’m really worried about this delay, especially with all the fraud warnings I’ve heard lately. Can you help me understand what’s going on and how to cancel if I need to? I don’t trust automated responses right now; I need a human to sort this out ASAP.","Your transfer may still be pending for several reasons, such as being sent on a weekend or public holiday, additional processing checks, or incorrect recipient details. Transfers can remain pending for up to 72 hours, and in most cases, they will eventually be marked as completed.

To check the status of your transfer, you can use the outbound transfer status tool in the Revolut app.

If you want to cancel the transfer and it is eligible for cancellation, follow these steps:
1. Go to ""Payments"" on the bottom menu.
2. Select the person you sent the pending transfer to.
3. On the payments screen, select the pending transfer.
4. Tap ""Cancel.""

If you cannot cancel the transfer in-app, it may be under review by our automated security system, and you will need to wait for the review to complete.

If you suspect the transfer was sent to a fraudulent source, please follow the steps to report it as fraud in the app.",completeness,False,"The RAG-generated answer provides some useful information about potential reasons for the delay and steps to cancel the transfer if eligible. However, it fails to address the customer's specific request for human assistance and reassurance due to their distrust of automated responses. The answer should have included guidance on how to contact a human representative for further assistance, given the customer's explicit request for human intervention. Additionally, it should have acknowledged the customer's concerns about fraud more directly and provided reassurance or steps to ensure the security of their transaction. Therefore, the response is incomplete as it does not fully address the customer's needs and concerns.",True,"The RAG answer covers the essential steps needed to resolve the problem of a pending transfer, including reasons for the pending status, how to check the status, and detailed steps for canceling the transfer. It also addresses the situation where the transfer may be under review and provides guidance on reporting fraud, ensuring that the user has sufficient information to take action.",none
crypto_day_trader,exchange_rate_markup_question,non_native_broken_english,why exchange rate in app different than google? i see higher price. revolut add markup? i dont understand.,"The exchange rate in the Revolut app may differ from what you see on Google due to the variable rates set based on data from multiple independent sources. Additionally, the difference between the buy and sell prices is called a spread, which includes Revolut's markup. This means that the rate you see in the app may include a markup compared to the market rate. You can view the current rates and any applicable fees before making an exchange in the app.",completeness,True,"The RAG-generated answer provides a comprehensive explanation addressing the customer's query about the difference in exchange rates between the Revolut app and Google. It explains that the rates in the app are based on data from multiple sources and include a spread, which accounts for Revolut's markup. The answer also informs the customer that they can view current rates and any applicable fees before making an exchange in the app. This information is sufficient to resolve the customer's issue without leaving any obvious gaps.",False,"The RAG answer provides some information about the exchange rate differences in the Revolut app, including the concept of spread and markup. However, it lacks critical steps or detailed instructions on how to resolve the problem of understanding or managing these rates. It does not guide the user on how to view the current rates or fees in a step-by-step manner, making it too vague and not actionable.",none
non_native_english_worker,payment_declined_large_amount,angry_after_waiting,"My card declined again for big buy, why??? I have money!!! I call support many times, no help!!! If this not fix now, I close account!!!","Your card may be declined for several reasons, even if you have money in your account. Here are some steps you can take:

1. **Check Transaction Details**: Open your Revolut app, go to your transactions list, and tap on the declined payment to see the reason in the 'Status' section.

2. **Security System**: If our security system identified the transaction as potential fraud, you may need to complete an in-app questionnaire to unblock the merchant. You can find this questionnaire on the home page of your app or through a push notification/email.

3. **Merchant Issues**: Sometimes, the merchant may have restrictions or technical issues. If you can't resolve it through the app, consider reaching out to the merchant directly.

4. **Fill Out a Form**: If you need further assistance, you can fill out this form [here](https://app.revolut.com/form/13ef84b4-1e3b-48eb-8e8b-0030e7e08adc?faqEntryPoint=question.why-has-my-card-payment-been-declined) to help us reach out to the merchant.

If these steps do not resolve your issue, please let us know.",completeness,True,"The RAG-generated answer provides a comprehensive set of steps that the customer can take to address the issue of their card being declined. It covers checking transaction details, potential security system flags, merchant issues, and provides a link to a form for further assistance. The answer does not simply direct the customer to contact support without explanation, and it addresses multiple potential causes for the card decline, making it a complete response.",True,"The RAG answer includes essential steps needed to resolve the problem of a declined card payment. It provides detailed actions such as checking transaction details, addressing potential fraud through an in-app questionnaire, contacting the merchant for issues, and filling out a form for further assistance. Each step is actionable and covers the main solution path outlined in the source material.",none
student_abroad,swift_transfer_asking_info,angry_after_waiting,"hey, i've been trying to find my IBAN and BIC for a SWIFT transfer but it's nowhere in the app! this is so frustrating, i've waited on hold and contacted support before with no luck! i really need this sorted ASAP or i'm gonna have to think about switching to another bank!","To find your IBAN and BIC for a SWIFT transfer, please follow these steps:

1. Open the Revolut app.
2. Go to the 'Accounts' section.
3. Select the currency account you want to use for the transfer.
4. Your IBAN and BIC should be displayed there.

If you still cannot find them, I don't have enough information to help with that.",completeness,False,"The RAG-generated answer provides steps to find the IBAN and BIC in the Revolut app, which is helpful. However, it fails to address the customer's frustration and previous unsuccessful attempts to resolve the issue through support. The response should acknowledge the customer's frustration and provide additional guidance or alternatives if the steps do not work, such as checking for app updates, ensuring the app is correctly set up, or providing a direct contact method for further assistance. The answer lacks empathy and does not offer a complete resolution path if the initial steps fail.",False,"The answer provides a basic outline of steps to find the IBAN and BIC in the Revolut app, but it lacks critical details that may be necessary for the user to successfully complete the task. For example, it does not mention any prerequisites for using the app, such as having an account set up or being logged in. Additionally, the phrase 'I don't have enough information to help with that' indicates a lack of completeness, as it does not guide the user on what to do if they cannot find the information, which is an important aspect of resolving the issue.",none
non_native_english_worker,business_account_upgrade_question,non_native_broken_english,"Hi, I work freelance now and income is growing. When I need upgrade to business account? What change I get? Thank you!","You should consider upgrading to a Revolut Business account when your freelance income grows significantly and you need advanced features to manage your finances. 

With a Revolut Business account, you will gain access to:
- Team and individual cards with spend controls
- Exchange 25+ currencies at the interbank rate
- A dedicated business savings account
- Automated salary, supplier, and tax payments
- Multi-user access with individual permissions
- Integrations for HR, accounting, and productivity apps
- Payment acceptance solutions for online and in-person transactions

To upgrade, you can sign up for a Business account through the Revolut Business app or visit the sign-up page [here](https://business.revolut.com/signup?promo=RevFAQ&pid=internal&utm_source=internal&c=RevFAQ&utm_campaign=RevFAQ&geo-redirect).",completeness,True,"The RAG-generated answer provides a comprehensive overview of when and why the customer might consider upgrading to a Revolut Business account. It outlines the benefits and features of the business account, which directly addresses the customer's query about what changes they would experience. Additionally, it provides a clear next step by directing the customer to sign up through the Revolut Business app or a provided link. The answer is complete and does not leave any obvious gaps in information regarding the customer's question.",True,"The RAG answer covers the key steps needed to resolve the problem of upgrading to a Revolut Business account. It includes essential information about when to consider the upgrade, the benefits of the account, and a clear action step for signing up. The details provided are sufficient for the user to take action, making the answer complete.",none
gig_economy_courier,exchange_rate_markup_question,anxious_security_fear,"hey, i saw the exchange rate in app is diff from google and reuters. does revolut add markup? i just got a fraud warning and feeling super cautious. need to know if my money is safe! plz help me fast, i’m worried.","Revolut offers competitive exchange rates based on data from multiple independent sources, and the difference you see between the app and other platforms like Google or Reuters may be due to the spread between buy and sell prices. Revolut does not add a markup, but the rates can vary.

Regarding your concerns about safety, Revolut takes advanced measures to protect your finances, including strict identity checks and proactive fraud detection. If you received a fraud warning, it's important to follow the in-app prompts and consider your transactions carefully. You can also contact Revolut Support 24/7 via the in-app chat for immediate assistance.

Your money is safe with Revolut, as they comply with Electronic Money Regulations, ensuring that your main account balances are safeguarded. For more details, you can read about how Revolut keeps your money safe in their help section.",completeness,True,"The RAG-generated answer provides a comprehensive response to the customer's query. It explains why there might be a difference in exchange rates between Revolut and other platforms, clarifying that Revolut does not add a markup. It also addresses the customer's concern about safety by detailing Revolut's security measures and compliance with regulations. Additionally, it advises the customer to follow in-app prompts regarding the fraud warning and offers the option to contact Revolut Support for further assistance. The answer covers all necessary information and steps, leaving no critical gaps.",False,"The RAG answer provides some information about Revolut's exchange rates and safety measures, but it lacks critical steps or specific actions that a user should take to resolve their concerns. It does not clearly outline the main solution path or provide sufficient detail for the user to take actionable steps regarding their issues with exchange rates or safety warnings. Therefore, it does not meet the completeness criterion.",none
small_business_owner,virtual_card_missing,anxious_security_fear,"Hey, I'm trying to set up a virtual card for online payments to keep my cafe safe from scams, but I can't find where to generate one in the app. This fraud warning has me on edge, and I need this sorted ASAP! Can someone help me out or do I need to call for real support?","To set up a virtual card for online payments in the Revolut app, follow these steps:

1. Open the Revolut app.
2. Tap on the 'Cards' section.
3. Select 'Add a new card' or 'Create virtual card'.
4. Follow the prompts to generate your virtual card.

Please note that you can create a maximum of 4 cards per month. If you need further assistance, you can contact customer support directly through the app.",completeness,True,"The RAG-generated answer provides a clear and complete set of instructions for setting up a virtual card in the Revolut app. It includes all necessary steps, from opening the app to generating the card. Additionally, it mentions the limitation of creating a maximum of 4 cards per month, which is relevant information for the user. The suggestion to contact customer support through the app is appropriate and not overly reliant, as it is offered as an additional resource if needed. Therefore, the answer sufficiently addresses the customer's query without leaving any critical gaps.",True,"The RAG answer includes all essential steps needed to set up a virtual card in the Revolut app, providing clear and actionable instructions. It details the process from opening the app to generating the virtual card, and it also mentions the limit on card creation, which is important information for the user. Overall, it covers the main solution path effectively.",none
student_abroad,payment_declined_large_amount,poor_internet_connection,hey my card got declined for a big purchase but i hav enough balance can u pls tell me why? im on a train so not much signal thx,"Your card may have been declined for several reasons, even if you have enough balance. Here are some possibilities:

1. **Currency Account**: Ensure that your card is linked to a currency account with sufficient funds. If it's linked to an account with a low balance, the payment will be declined.

2. **Pocket Balance**: If your card is linked to a Pocket with a low balance, that could also cause the decline.

3. **Merchant Issues**: The merchant might have restrictions or technical issues that led to the decline.

4. **Security System**: If our security system flagged the transaction as potential fraud, it would be declined until you complete an in-app questionnaire.

To check the reason for the decline, open your transactions list in the app, tap the declined payment, and view the 'Status' section. If you need further assistance, consider filling out this form to reach out to the merchant: [Merchant Form](https://app.revolut.com/form/13ef84b4-1e3b-48eb-8e8b-0030e7e08adc?faqEntryPoint=question.why-has-my-card-payment-been-declined).",completeness,True,"The RAG-generated answer provides a comprehensive list of potential reasons for the card decline, including issues with currency accounts, pocket balances, merchant restrictions, and security system flags. It also offers a clear next step by instructing the customer to check the transaction status in the app for more details. Additionally, it provides a link to a form for further assistance if needed. This response covers all necessary steps and information to help the customer understand and potentially resolve the issue, making it a complete and satisfactory answer.",True,"The RAG answer covers the key steps needed to resolve the problem of a declined card payment. It includes essential information about checking the currency account and pocket balance, potential merchant issues, and the security system's role in declines. Additionally, it provides actionable steps for the user to check the transaction status in the app and offers a link to contact the merchant for further assistance. This ensures that the user has sufficient detail to take action and addresses the main solution path from the source material.",none
frequent_traveler,pending_verification_too_long,non_native_broken_english,"hi, i finish verification 3 days ago but my account still pending. i can't use full features. how long i wait or can you help to make it faster?","Your verification process usually takes up to 1 business day, but it can take up to 7 business days in some cases. Since it's been 3 days, I recommend waiting a bit longer. You will receive a notification via email and in-app once your verification is complete. If it takes longer than 7 business days, please reach out to our support team for assistance. Thank you for your patience!",completeness,True,"The RAG-generated answer provides complete information to resolve the customer's issue. It explains the typical verification timeline, acknowledges the current waiting period, and advises the customer to wait a bit longer. It also informs the customer about the notification process once verification is complete and provides a clear next step if the process exceeds 7 business days, which is to contact the support team. This guidance is appropriate and covers all necessary steps without leaving any obvious gaps.",False,"The answer does not cover all the key steps from the source article needed to resolve the problem. While it mentions the verification time and suggests waiting, it lacks specific details on what to do if the verification takes longer than expected, such as how to contact support or any additional steps the user might need to take. The information provided is somewhat vague and does not fully guide the user on the complete process.",none
non_native_english_worker,swift_transfer_asking_info,empty,"Hey, I need send money to Ukraine via SWIFT but can't find IBAN or BIC in app. Can you help me? Thanks!","To send money to Ukraine via SWIFT, you need to find your account details in the Revolut app. Here’s how to do it:

1. Go to 'Home' on the bottom menu.
2. Tap 'Accounts'.
3. Select the currency you wish to receive money in.
4. Below your account balance, tap 'Details'.
5. Choose 'International' to find your SWIFT/BIC details.

Make sure to share these details with the sender or sender bank. If you have any issues, ensure that the BIC/SWIFT provided matches what you see in your account details. If it auto-completes differently, contact your bank to update their Standard Settlement Instructions (SSIs).",completeness,False,"The RAG-generated answer provides steps to find SWIFT/BIC details in the Revolut app, which is helpful. However, it does not address the customer's specific issue of not being able to find the IBAN or BIC in the app. The response should have included troubleshooting steps or advice on what to do if these details are not visible, such as checking for app updates, ensuring the correct account type is selected, or contacting Revolut support for further assistance. The answer also incorrectly assumes the customer is the recipient rather than the sender, which could lead to confusion. Therefore, the response is incomplete as it does not fully resolve the customer's issue.",True,"The RAG answer includes all essential steps needed to find the SWIFT/BIC details in the Revolut app, which are necessary for sending money to Ukraine. It provides clear, actionable instructions and covers the main solution path from the source material. Additionally, it advises on what to do if there are issues with the BIC/SWIFT details, ensuring the user has sufficient information to resolve potential problems.",none
frequent_traveler,payment_declined_large_amount,angry_after_waiting,"hey, my card got declined for a big purchase but i’ve got enough funds! this is the third time this happens and i’ve been on hold for ages! i need this fixed immediately or i’m switching to another provider!","Your card may be declined for several reasons, even if you have enough funds. Here are some steps you can take to troubleshoot the issue:

1. **Check Currency Account**: Ensure that your card is linked to a currency account with sufficient funds. If the card is linked to a currency account or a Pocket with a low balance, the payment will be declined. You can check this by going to 'Accounts' below your balance and selecting 'Pockets' or by tapping on the transaction in the app.

2. **Review Declined Payments**: To see why a payment was declined, open your transactions list from the home screen, tap 'See all', and then select the declined payment to view the details in the 'Status' section.

3. **Security System**: If your transaction was flagged by our security system, you may need to complete an in-app questionnaire to unblock the merchant. You can access this questionnaire from the home page of your Revolut app or through a push notification/email.

If you continue to experience issues, consider contacting your bank or card issuer for more information, as they may have additional insights into the declines.",completeness,False,"The RAG-generated answer provides some useful troubleshooting steps, such as checking the currency account and reviewing declined payments. However, it fails to address the customer's frustration with being on hold and the urgency of the situation. The response does not offer a direct solution or escalation path, such as contacting customer support through a faster method or providing a direct contact for urgent issues. Additionally, it does not acknowledge the customer's repeated issue, which could be important for resolving the problem effectively. Therefore, the answer is incomplete as it lacks critical next steps and fails to address the customer's immediate concerns.",True,"The RAG answer includes essential steps needed to troubleshoot a card decline issue, such as checking the currency account, reviewing declined payments, and addressing potential security flags. Each step is detailed enough for the user to take action, and the answer covers the main solution path outlined in the source material.",none
small_business_owner,wrong_recipient_no_refund,non_native_broken_english,"I sent EUR500 to wrong number, and recipient not accept yet. Can I cancel or reverse this? Please help, I no want lose money.","Once the transfer to the wrong Revolut customer is processed, it cannot be canceled. You will need to ask the recipient to return the money to you. You can do this by reaching out to them via the chat in the Revolut app:

1. Go to the bottom menu and select ""Payments.""
2. Choose the person you sent money to.
3. A chat window will open where you can message the recipient.

If the recipient isn't responding, you can contact our customer support team to try to reach out to them on your behalf, but we can't guarantee a response or agreement to return the funds.",completeness,False,"The answer provides some steps for the customer to attempt to recover the funds, such as contacting the recipient through the Revolut app. However, it lacks completeness because it does not address the possibility of the transfer being pending or not yet processed, which might allow for cancellation. Additionally, it should inform the customer about any potential policies or protections Revolut might have for such situations. The suggestion to contact customer support is vague and does not explain what specific assistance they might offer. Overall, the response leaves gaps in guidance and does not fully explore all potential avenues for resolving the issue.",True,"The RAG answer includes the essential steps needed to resolve the problem of retrieving money sent to the wrong Revolut customer. It provides a clear, actionable process for contacting the recipient through the app, detailing the necessary menu navigation. Additionally, it mentions the option to contact customer support if the recipient does not respond, which is an important part of the solution. Overall, the answer covers the main solution path and provides sufficient detail for the user to take action.",none
frequent_traveler,crypto_purchase_failed,poor_internet_connection,"hey, trying to buy bitcoin but getting a generic error. i’ve got enough balance. what’s blocking the purchase? on a train and signal is weak, plz help.","If you're getting a generic error while trying to buy Bitcoin, here are some steps you can try:

1. **Check your card details**: Ensure that all card information is correct and try again.
2. **3DS Authentication**: Make sure that 3DS authentication is working correctly in your banking app.
3. **Purchase from the Crypto section**: If you have a Revolut account, try purchasing crypto directly from the 'Crypto' section using your account balance.

If none of these steps resolve the issue, please reach out to us for further assistance.",completeness,False,"The RAG-generated answer provides some potential troubleshooting steps, but it does not fully address the customer's specific situation. The customer mentioned having a weak signal on a train, which could be a significant factor in the issue. The response should have acknowledged this and suggested ensuring a stable internet connection or trying again when the signal is stronger. Additionally, the suggestion to contact support is vague and does not provide specific guidance on how to do so, such as providing a contact method or explaining what information to have ready. Therefore, the answer is incomplete as it misses addressing the weak signal issue and lacks detailed guidance for contacting support.",True,"The answer includes essential steps needed to resolve the problem of getting a generic error while trying to buy Bitcoin. It provides specific actions the user can take, such as checking card details, ensuring 3DS authentication is working, and purchasing from the correct section of the app. The details are actionable and cover the main solution path from the source material.",none
non_native_english_worker,subscription_charge_dispute,poor_internet_connection,"Hey, I cancel Netflix but still charge this month. Need refund, pls. How to stop this happen again? Signal bad, quick reply pls.","To address the charge from Netflix after cancellation, you should first contact Netflix directly to resolve the issue, as they handle cancellations and refunds. If that doesn't work, you can dispute the transaction in the Revolut app by following these steps:

1. Tap the transaction in your transactions list.
2. Tap 'Get help'.
3. Select an issue and complete the form to submit your dispute.

To prevent this from happening again, ensure that you confirm your cancellation with Netflix and check for any confirmation emails or notifications from them.",completeness,True,"The RAG-generated answer provides a comprehensive response to the customer's issue. It advises the customer to contact Netflix directly for the refund, which is the appropriate first step since Netflix handles cancellations and refunds. Additionally, it offers a secondary option to dispute the transaction through the Revolut app if the issue is not resolved with Netflix. The answer also includes a preventive measure by suggesting the customer confirm their cancellation with Netflix and check for confirmation emails. This covers all necessary steps and information to address the customer's concerns.",True,"The RAG answer includes essential steps for resolving the issue with Netflix, such as contacting them directly and disputing the transaction in the Revolut app. It provides sufficient detail for the user to take action, including specific steps to follow in the app. Additionally, it covers the main solution path by advising on how to prevent future issues, which aligns with the key steps from the source article.",none
non_native_english_worker,weekend_transfer_fee,poor_internet_connection,"Hey, I send money to Ukraine on Saturday, but I get charged fee. Why weekend matters? I don’t understand. Can you help? Signal bad here.","When you send money to Ukraine on the weekend, you may incur additional fees due to weekend exchange rates. For Standard customers, this fee is 1%, and for Plus customers, it is 0.5%. Premium, Metal, and Ultra customers do not have to pay these additional fees on weekends. This is why the timing of your transfer can affect the fees charged. You can check your specific fees and plan details in the 'Your plan' section of the app.",completeness,True,"The RAG-generated answer provides a clear explanation of why additional fees may be incurred when sending money on weekends, specifically mentioning the different fee structures for various customer plans. It also directs the customer to check their specific fees and plan details in the app, which is a necessary step for the customer to understand their charges. The answer addresses the customer's query about why the weekend matters in terms of fees, thus resolving the issue without leaving any obvious gaps.",False,"The answer does not cover the key steps needed to resolve the problem of sending money to Ukraine, as it lacks critical information about the process of making the transfer itself. It only mentions fees related to timing but does not provide actionable steps or details on how to initiate the transfer, which are essential for the user to take action.",none
gig_economy_courier,cancel_subscription_not_working,typing_from_phone_with_typos,"hey, i set up this gym payment thing and now i cant find how to cancel it in the app, im walking kids and holding coffee, can u help me fast? thx!",I don't have enough information to help with that.,completeness,False,"The RAG-generated answer does not provide any steps or information to help the customer cancel their gym payment. It fails to address the customer's request for quick assistance and does not guide them on how to find the cancellation option in the app. The response lacks completeness as it does not offer any actionable advice or suggest contacting support with an explanation, leaving the customer's issue unresolved.",False,"The RAG answer does not provide any steps or information needed to resolve the problem. It lacks detail and is vague, making it impossible for the user to take action. Therefore, it fails to meet the completeness criterion.",none
student_abroad,virtual_card_missing,typing_from_phone_with_typos,hey i need to make a virtual card for online stuff but i cant find it in the app like where do i go for that? thx! running late for class and holding coffee and kids at the same time so pls help fast!,"To create a virtual card in the Revolut app, follow these steps:

1. Go to 'Home' on the bottom menu.
2. Tap the cards icon in the top-right corner.
3. Tap 'Add new'.
4. Choose 'Debit', 'Joint', or 'Pro' at the top.
5. Select 'Virtual'.
6. Choose a colour.
7. Tap 'Get card for free' to instantly create your virtual card.

Once created, you can use it for online payments.",completeness,True,"The RAG-generated answer provides a clear and complete set of instructions for creating a virtual card in the Revolut app. It includes all necessary steps, from navigating the app to selecting the type of card and finalizing the creation. The answer is concise and directly addresses the customer's query, allowing them to quickly create a virtual card for online use. No critical steps or actions are missing, and there is no need for additional support contact.",True,"The answer includes all essential steps needed to create a virtual card in the Revolut app, providing clear and actionable instructions. It covers the main solution path from the source material, ensuring that the user has sufficient detail to successfully complete the task.",none
small_business_owner,swift_transfer_asking_info,non_native_broken_english,I need send money international by SWIFT but I not see IBAN or BIC code in app. Where I find this?,"To find your IBAN and BIC code for international SWIFT transfers, follow these steps:

1. Go to 'Home' on the bottom menu of your Revolut app.
2. Tap 'Accounts'.
3. Select the currency you wish to receive money in.
4. Below your account balance, tap 'Details'.
5. Choose 'International' to view your IBAN and BIC details.

Make sure to share these details with the sender or sender bank.",completeness,True,"The RAG-generated answer provides a clear and complete set of instructions for the customer to find their IBAN and BIC code within the Revolut app. It includes all necessary steps, from navigating to the 'Home' section to selecting the currency and viewing the account details. The answer also advises the customer to share these details with the sender or sender bank, which is a critical step for completing an international SWIFT transfer. There are no missing steps or information, and the response directly addresses the customer's query.",True,"The RAG answer includes all essential steps needed to find the IBAN and BIC code for international SWIFT transfers as outlined in the source article. It provides clear, actionable instructions that guide the user through the process in a detailed manner, ensuring that the user can successfully complete the task.",none
gig_economy_courier,cancel_subscription_not_working,non_native_broken_english,"hi, i set up payment for gym but now i want to cancel it. i cant find option in app, pls help me. i need to do it fast, thanks!",I don't have enough information to help with that.,completeness,False,"The RAG-generated answer does not provide any steps or information to help the customer cancel their gym payment. It lacks guidance on how to proceed, such as checking the app's help section, contacting customer support, or visiting the gym's website for more information. The response is incomplete as it leaves the customer without any actionable steps to resolve their issue.",False,"The RAG answer does not provide any steps or information needed to resolve the problem. It lacks detail and is vague, making it impossible for the user to take action. Therefore, it fails to meet the completeness criterion.",none
crypto_day_trader,suspicious_activity_notification,empty,"Hey, I just got a push notification about suspicious activity on my account but no other details? I'm freaking out here, is my account compromised? Please help ASAP!","I understand your concern about the push notification regarding suspicious activity. It's important to know that your account may be under review for security reasons. During this process, some account activities might be temporarily restricted. 

At this stage, no action is required from you. If we need additional information, we will reach out to you. Please ensure that you are vigilant against potential scams and do not share your personal information or one-time passcodes with anyone. 

If you suspect any fraudulent activity, you can freeze your card in the app by tapping the card icon, selecting the card, and choosing 'Freeze'. If you need further assistance, please check the app for any notifications or updates.",completeness,True,"The RAG-generated answer provides a comprehensive response to the customer's query. It explains the possible reason for the push notification and reassures the customer that no immediate action is required unless further contact is made. It also advises the customer on how to protect themselves from scams and provides a clear step to freeze the card if fraudulent activity is suspected. Additionally, it suggests checking the app for further notifications or updates, covering all necessary steps and information to address the customer's concern.",False,"The answer does not cover all the key steps from the source article needed to resolve the problem. While it mentions freezing the card and being vigilant against scams, it lacks critical details about the account review process and any specific actions the user should take beyond freezing the card. Additionally, it does not provide a comprehensive solution path or sufficient detail for the user to fully understand the situation or next steps.",none
non_native_english_worker,weekend_transfer_fee,angry_after_waiting,"I send money home on Saturday and got charged fee! Why weekend matter for fee?! I call support many times, no answer! I need fix this now or I close account!","The fee you were charged for sending money home on Saturday is due to weekend fees that apply to exchanges made between 5pm Friday and 6pm Sunday, Eastern Time (ET). For Standard customers, this fee is 1%, and for Plus customers, it is 0.5%. Premium, Metal, and Ultra customers do not incur additional fees on weekends. 

You can check your fees and allowance reset dates in the 'Your plan' section of the app. If you need further assistance, please try reaching out to support again.",completeness,False,"The RAG-generated answer provides an explanation for the weekend fee and details about different customer plans, which is helpful. However, it fails to address the customer's frustration about not being able to reach support and does not offer a solution or alternative method for immediate resolution. Simply advising the customer to try reaching out to support again is insufficient, especially since the customer has already attempted this multiple times without success. The response should have included additional steps, such as alternative contact methods, escalation procedures, or a direct link to a support chat or email, to fully resolve the customer's issue.",False,"The answer provides some information about the weekend fees and the different customer tiers, but it lacks critical steps or details on how to resolve the issue of being charged the fee. It does not explain how to avoid these fees in the future or provide actionable steps for the user to take. Additionally, it does not cover the main solution path from the source material, making it incomplete.",none
small_business_owner,virtual_card_missing,poor_internet_connection,"hey, I need to create a virtual card for online safety but can't find it in the app. I'm on the train and signal is weak. can u help? thx.","To create a virtual card in the Revolut app, follow these steps:

1. Go to 'Home' on the bottom menu.
2. Tap the cards icon in the top-right corner.
3. Tap 'Add new'.
4. Choose 'Debit', 'Joint', or 'Pro' at the top.
5. Select 'Virtual'.
6. Choose a colour.
7. Tap 'Get card for free' to instantly create your virtual card.

If you're having trouble due to a weak signal, try to find a better connection to complete these steps.",completeness,True,"The RAG-generated answer provides a clear and complete set of instructions for creating a virtual card in the Revolut app. It includes all necessary steps, from navigating the app to selecting the type of card and finalizing the creation. Additionally, it addresses the customer's concern about weak signal by suggesting finding a better connection, which is a reasonable recommendation given the situation. Therefore, the answer is complete and resolves the customer's issue effectively.",True,"The RAG answer includes all the essential steps needed to create a virtual card in the Revolut app, providing a clear and actionable guide. It details the process from accessing the app to selecting the card type and completing the creation. Additionally, it offers a helpful tip for users who may encounter issues due to a weak signal, which enhances the completeness of the response.",none
frequent_traveler,account_limit_reached_warning,empty,"hey, i can't top up my account anymore because of a limit, can you tell me what the limit is and how i can increase it? thanks!",I don't have enough information to help with that.,completeness,False,"The RAG-generated answer does not provide any information or steps to resolve the customer's issue. It fails to address the customer's query about the account limit and how to increase it. The response lacks any guidance or direction, such as suggesting the customer check their account settings, contact customer support for specific details, or provide any general information about typical account limits. Therefore, it does not meet the criteria for completeness.",False,"The RAG answer does not provide any steps or information needed to resolve the problem. It lacks detail and is vague, failing to cover the main solution path from the source material. Therefore, it does not meet the completeness criteria.",none
busy_parent_on_mobile,cancel_subscription_not_working,typing_from_phone_with_typos,hey im trying to cancel my gym payment but cant find how to do it in the app can you help me plz im walking to pick up the kids and need this sorted fast thanks,I don't have enough information to help with that.,completeness,False,"The RAG-generated answer does not provide any steps or information to help the customer cancel their gym payment. It fails to address the customer's request for assistance and does not guide them on what to do next. The response lacks completeness as it does not suggest checking the app's settings, contacting customer support, or any other potential solutions. Therefore, it does not meet the evaluation criteria for providing complete information to resolve the customer's issue.",False,"The RAG answer does not provide any steps or information needed to resolve the problem. It lacks detail and is vague, making it impossible for the user to take action. Therefore, it fails to meet the completeness criteria.",none
non_native_english_worker,unrecognized_transaction,poor_internet_connection,"Hi, I see charge in my history I don’t remember. Maybe fraud? I want dispute this charge. Please help fast, I on train, signal bad.","To dispute the charge you don't remember, please follow these steps in your Revolut app:

1. Tap the transaction in your transactions list.
2. Tap 'Get help'.
3. Choose 'Report this payment as fraudulent' if you suspect fraud, or select an appropriate issue if it's a different concern.
4. Complete and submit the form.

After submitting, your card will be terminated, and you can track the progress of your claim in-app by tapping the reported transaction. We'll get in touch with you as soon as possible regarding your claim.",completeness,True,"The RAG-generated answer provides a clear and complete set of instructions for the customer to dispute a charge they don't recognize. It includes specific steps to follow within the Revolut app, addresses the possibility of fraud, and explains the outcome of submitting the form, such as card termination and tracking the claim. The response is tailored to the customer's situation, considering their limited connectivity, by providing a straightforward in-app solution without requiring additional contact with support.",True,"The RAG answer includes all essential steps needed to dispute a charge in the Revolut app, providing clear and actionable instructions. It details the process from identifying the transaction to submitting the form and tracking the claim, covering the main solution path from the source material.",none
