persona_id,problem_id,modifier_id,query,answer,criterion,gold_passed,gold_reasoning,judge_passed,judge_reasoning,human_override
non_native_english_worker,card_not_working_abroad,poor_internet_connection,"card declined in Thailand, not change settings. is my card frozen or merchant problem? signal bad, no time for chat. pls help fast!","If your card is declined in Thailand, it could be due to several reasons, such as a merchant issue or regional restrictions. Since you mentioned you can't change settings and have a bad signal, I recommend reaching out to the merchant first. If they can't assist you, tap the declined transaction in your app and select 'Troubleshoot my declined transaction' for further help.

If your card is frozen, all payments will be declined until you complete the in-app questionnaire. You can access this by going to the home page of your Revolut app and tapping the relevant tile. If you confirm the payment was made by you, your card will be unfrozen.

If you need to check for card damage or other issues, you can also tap the failed transaction in your transactions list for more details.",relevance,True,"The RAG-generated answer directly addresses the customer's question by explaining potential reasons for the card being declined, such as merchant issues or regional restrictions. It provides actionable steps for the customer to troubleshoot the issue, including reaching out to the merchant and using the app to troubleshoot the declined transaction. It also explains what to do if the card is frozen, which is one of the customer's concerns. The answer is relevant and provides a comprehensive response to the customer's query.",False,"The answer provides general information about potential reasons for a card being declined and suggests steps to troubleshoot, but it does not directly address the user's specific concern about whether their card is frozen or if the issue is with the merchant. The user is looking for a quick resolution and clarity on their situation, which the answer does not adequately provide.",none
busy_parent_on_mobile,suspicious_activity_notification,empty,hey i got a push notification about suspicious activity on my account but no details can u tell me whats going on im kinda worried it got compromised,I don't have enough information to help with that.,relevance,False,"The RAG-generated answer does not directly address the customer's question about the suspicious activity notification. The customer is seeking information or guidance on the suspicious activity, but the response simply states a lack of information without offering any assistance or next steps. A more appropriate response would acknowledge the concern and suggest contacting customer support or checking account activity for more details.",False,"The RAG answer does not address the user's specific concern about the suspicious activity on their account. Instead of providing any relevant information or guidance regarding the notification, it states a lack of information, which does not help alleviate the user's worry or provide clarity on the situation.",none
non_native_english_worker,instant_transfer_limit_reached,typing_from_phone_with_typos,"hey, i try to send money to Ukraine but got message about limit, what is limit and when it reset? need it fast, kids driving me crazy, thanks!","The limit for sending money to Ukraine is related to the monthly limit of ₴100,000 enforced by your card issuer for card top-ups. This limit resets every month. If you have reached your limit, you can try using a Mastercard card for top-ups, as this restriction currently only affects Visa transactions. Additionally, you are entitled to one fee-free card transfer to Ukraine per month; after that, a 1% fee applies to subsequent transfers. If you need to send money urgently, consider using a bank transfer or a Mastercard for your transaction.",relevance,True,"The RAG-generated answer directly addresses the customer's question by explaining the limit for sending money to Ukraine, which is related to a monthly limit of ₴100,000 enforced by the card issuer. It also clarifies that this limit resets every month, which directly answers the customer's query about when the limit resets. Additionally, the answer provides useful information about using a Mastercard instead of a Visa card and mentions the fee structure, which could be relevant for the customer's urgent need to send money. Overall, the response is relevant and directly addresses the customer's concerns.",True,"The RAG answer directly addresses the user's specific issue regarding the limit for sending money to Ukraine and provides relevant information about the monthly limit, its reset period, and alternative options for sending money. It is responsive to the user's intent and context, which is to understand the limit and find a solution quickly.",none
frequent_traveler,transfer_pending_stuck,poor_internet_connection,"hey, i sent money to my friend 2 days ago and it’s still pending. neither of us got it. what’s the delay? can i cancel it if needed? thanks.","Your transfer may be pending for several reasons, such as being sent on a weekend or public holiday, additional processing checks, or incorrect recipient details. Transfers can remain pending for up to 72 hours, but they typically complete within a few hours.

To check the status of your transfer, use the outbound transfer status tool in the Revolut app. 

If you want to cancel the transfer, you can do so if it's eligible. Here’s how:
1. Go to Payments on the bottom menu.
2. Select the person you sent the pending transfer to.
3. On the payments screen, select the pending transfer.
4. Tap 'Cancel'.

If you can't cancel it, it may be under review by our automated security system. In that case, you may need to answer some questions in-app before it can be processed. If the transfer remains pending for 48 hours, it will be automatically cancelled, and the funds will be returned to your account.",relevance,True,"The RAG-generated answer directly addresses the customer's query by explaining potential reasons for the delay in the transfer, such as weekends, public holidays, processing checks, or incorrect recipient details. It also provides a timeframe for when transfers typically complete and offers a method to check the status of the transfer using the Revolut app. Additionally, it explains the conditions under which the customer can cancel the transfer and provides step-by-step instructions on how to do so. The answer also mentions the possibility of the transfer being under review and the automatic cancellation policy after 48 hours, which are relevant to the customer's concerns about the delay and cancellation options.",True,"The RAG answer directly addresses the user's issue regarding the pending money transfer, explaining possible reasons for the delay and providing specific instructions on how to check the status and cancel the transfer if needed. It is responsive to the user's intent and context, covering both the delay and the cancellation process without deviating from the original question.",none
student_abroad,crypto_limit_warning,angry_after_waiting,"hey, i keep getting msgs saying i reached my crypto limit but no one’s told me what it actually is!! can it be increased or what?? i’m getting really frustrated with this, pls sort it out or i might have to look for another app!","You can check your crypto withdrawal limits by following these steps:

1. Go to 'Crypto' on the bottom menu.
2. Tap 'More'.
3. Select 'Limits and fees'.
4. Tap 'Sending limits'.

Your daily limits reset 24 hours after the last withdrawal, and monthly limits reset 30 days after the last withdrawal. If you want to know if your limits can be increased, they are periodically reviewed and may be adjusted based on account activity and risk factors. 

If you have specific limits for certain external crypto addresses, you can see those on the 'Select address' screen in your app when entering an amount for withdrawal. 

If you're still having issues, please check your notifications or emails for any account restrictions that might be affecting your withdrawals.",relevance,True,"The RAG-generated answer directly addresses the customer's query by providing steps to check their crypto withdrawal limits, which is the main concern expressed in the query. It also explains how limits are reset and mentions that limits can be reviewed and potentially increased based on account activity and risk factors. Additionally, it advises the customer to check for any account restrictions that might be affecting their withdrawals. This response is relevant and covers the aspects of the customer's question about understanding and potentially increasing their crypto limits.",True,"The RAG answer directly addresses the user's issue regarding their crypto withdrawal limits by providing specific steps to check those limits. It also responds to the user's inquiry about whether the limits can be increased, explaining that they are periodically reviewed based on account activity. The answer is relevant to the user's frustration and intent, as it offers actionable information and guidance related to their specific problem.",none
uk_freelance_designer,pending_verification_too_long,empty,"Hi there, I completed my verification 3 days ago but my account still shows as pending. I can't access all the features I need for my work, can you let me know when I might expect it to be sorted or if there's a way to speed things up? Cheers!","Your verification process usually takes up to 1 business day, but it can take up to 7 business days in some cases. Since it has been 3 days, I recommend being patient as it may still be in progress. You will receive a notification via email and in-app once it's completed. Unfortunately, there is no way to speed up the verification process. If you have any concerns, you can check your emails for updates or contact our customer support team through the in-app chat.",relevance,True,"The RAG-generated answer directly addresses the customer's question by explaining the typical and maximum timeframes for the verification process, acknowledging that it has been 3 days, and advising patience as the process may still be ongoing. It also informs the customer that they will receive a notification once the process is complete and clarifies that there is no way to expedite the verification. Additionally, it provides guidance on checking for updates and contacting customer support if needed. The response is relevant and covers all aspects of the customer's query.",False,"The answer provides general information about the verification process and its typical duration, but it does not directly address the user's specific concern about their account still showing as pending after 3 days. It fails to provide a clear timeline for when the user might expect the issue to be resolved or any actionable steps to expedite the process, which is what the user is seeking.",none
small_business_owner,crypto_purchase_failed,non_native_broken_english,I try buy Bitcoin but get error. I have enough money in account. What is problem?,"The error you are encountering when trying to buy Bitcoin could be due to insufficient funds in the relevant currency account or assigned Pocket. Even if you have enough money in your account, ensure that the funds are in the correct currency and available for the purchase. 

Additionally, check if your card details are correct and that 3DS authentication is working properly. If the problem persists, consider trying again later or using a different payment method.",relevance,True,"The RAG-generated answer directly addresses the customer's question by suggesting potential reasons for the error encountered when trying to buy Bitcoin. It considers the possibility of insufficient funds in the relevant currency account or assigned Pocket, even if the overall account balance is sufficient. The answer also advises checking card details and 3DS authentication, which are relevant to the transaction process. These suggestions are pertinent to troubleshooting the issue described by the customer, making the response relevant and appropriate.",False,"The RAG answer does not directly address the user's specific issue of encountering an error while trying to buy Bitcoin despite having enough money in their account. Instead, it introduces potential issues related to currency and payment methods that may not be relevant to the user's situation. The answer also includes generic advice that could apply to various scenarios, rather than focusing on the user's specific problem.",none
gig_economy_courier,daily_top_up_limit_reached,angry_after_waiting,"Hey, I need to add more funds today but hit my limit again! This is so frustrating, I’ve been on hold for ages and nothing works! When does this reset? Is there any way to get around it? I need this sorted now or I'm thinking of switching!","Your limits for adding funds reset every 24 hours. You can check your specific limits and reset dates in the 'Your plan' section of the app. Unfortunately, there is no way to bypass these limits.

If you're facing issues with adding funds, consider using a different card or methods like Apple Pay or Google Pay. You can also explore bank transfers or internal transfers from other Revolut customers for adding money.",relevance,True,"The RAG-generated answer directly addresses the customer's query by explaining that the limits reset every 24 hours and where to find specific limit information. It also acknowledges that there is no way to bypass these limits, which directly responds to the customer's question about getting around the limit. Additionally, it provides alternative methods for adding funds, which is relevant to the customer's need to add more funds immediately. The response is comprehensive and relevant to the customer's concerns.",False,"The answer provides information about the reset time for limits and suggests alternative methods for adding funds, but it does not directly address the user's frustration with being on hold or the urgency of needing to resolve the issue immediately. It also does not offer any specific solutions to bypass the limit or expedite the process, which is the core concern of the user.",none
crypto_day_trader,crypto_purchase_failed,angry_after_waiting,"Yo, I've tried buying Bitcoin like 5 times and keep getting this dumb error! I've got enough balance so wtf is blocking my purchase? I've been on hold too long already and I'm seriously considering closing my account if this doesn't get fixed NOW!","It sounds like your purchase attempts may be blocked due to multiple unsuccessful attempts or issues with your card. Here are some steps you can try:

1. **Check Card Details**: Ensure your card details are correct.
2. **3DS Authentication**: Verify that 3DS authentication is working correctly in your banking app.
3. **Use Different Card**: Try purchasing with a different card.
4. **Account Balance**: Make sure you have enough funds in your Revolut account to cover the purchase.

If none of these steps resolve the issue, please reach out to us for further assistance.",relevance,True,"The RAG-generated answer directly addresses the customer's issue by suggesting potential reasons for the error and providing actionable steps to resolve it. It acknowledges the possibility of multiple unsuccessful attempts or card issues and offers specific solutions such as checking card details, ensuring 3DS authentication, using a different card, and verifying account balance. The response is relevant and focused on the customer's problem without discussing unrelated topics.",False,"The answer provides general troubleshooting steps for purchasing Bitcoin but does not directly address the user's specific issue of receiving a 'dumb error' despite having enough balance. It fails to acknowledge the urgency expressed by the user and does not address the potential reasons for the error message they are encountering, making it less relevant to the user's actual concern.",none
gig_economy_courier,suspicious_activity_notification,empty,"hey, i got a push notif about suspicious activity on my account but no details. is my account safe? i need to know fast, i’m on my shift now.","Your account may be under review due to periodic security checks, which is a standard procedure for compliance. During this time, some activities may be temporarily restricted, but no action is required from you. If you have concerns about suspicious activity, you can freeze your card in the Revolut app by tapping the card icon in the top right corner, selecting the card, and tapping 'Freeze'. 

If you need further assistance, please reach out to Revolut Support via the in-app chat.",relevance,False,"The RAG-generated answer does not directly address the customer's primary concern about whether their account is safe. While it provides information on how to freeze the card and suggests contacting support, it fails to confirm the safety status of the account or provide specific details about the suspicious activity notification. The customer is seeking reassurance and specific information about their account's security, which the response does not adequately provide.",False,"The RAG answer does not directly address the user's concern about the safety of their account following the push notification about suspicious activity. Instead, it provides generic information about security checks and card freezing, which does not specifically answer whether the account is safe or not. The user is looking for immediate reassurance regarding their account's safety, which the answer fails to provide.",none
student_abroad,subscription_charge_dispute,angry_after_waiting,"hey i cancelled my netflix sub ages ago but just got charged again! this is super annoying, i’ve already tried sorting this out like 3 times and nothing happened. pls refund me and make sure this doesn’t happen again or i’m gonna have to rethink using revolut!","To resolve the issue with the Netflix charge, please follow these steps:

1. **Contact Netflix**: Since most issues like cancellations and refunds are best resolved directly with the merchant, reach out to Netflix to confirm your cancellation and request a refund.

2. **Dispute the Transaction**: If contacting Netflix does not resolve the issue, you can dispute the transaction in your Revolut app:
   - Tap the transaction in your transactions list.
   - Tap 'Get help'.
   - Select the appropriate issue and complete the form to submit your dispute.

Make sure to gather any evidence of your communication with Netflix, as it can help your case. You can track the progress of your dispute in the app.",relevance,True,"The RAG-generated answer directly addresses the customer's issue by providing clear steps to resolve the problem with the Netflix charge. It advises the customer to contact Netflix for confirmation of cancellation and a refund, which is relevant to the customer's complaint about being charged after cancellation. Additionally, it provides instructions on how to dispute the transaction through the Revolut app if the issue is not resolved with Netflix. This response is relevant and directly related to the customer's query about the unexpected charge and request for a refund.",True,"The RAG answer directly addresses the user's issue regarding an unexpected charge from Netflix after cancellation. It provides specific steps to resolve the problem, including contacting Netflix and disputing the transaction through Revolut, which aligns with the user's intent for a refund and assurance that the issue won't happen again.",none
busy_parent_on_mobile,card_not_working_abroad,typing_from_phone_with_typos,hey my card just got declined in Thailand and I haven't changed anything is it frozen or a merchant issue help plz kids are waiting and I got no time to figure this out,"Your card may be declined due to potential fraud detection by our security system, or it could be a merchant issue. To check if your card is frozen, open your Revolut app and look for any notifications or prompts to complete an in-app questionnaire. 

If your transaction was identified as a potential scam, you will need to complete the questionnaire to unblock the merchant. If your card is frozen, you can also unfreeze it by marking the payment as made by you in the app.

If you don't see the declined payment in your app, it might be due to merchant restrictions or technical issues on their side. In that case, reach out to the merchant first. If you need further assistance, you can fill out this form to help us reach out to the merchant: [Declined Payment Form](https://app.revolut.com/form/13ef84b4-1e3b-48eb-8e8b-0030e7e08adc?faqEntryPoint=question.why-has-my-card-payment-been-declined). 

Please check these options quickly to resolve the issue.",relevance,True,"The RAG-generated answer directly addresses the customer's query about why their card was declined in Thailand. It provides potential reasons for the decline, such as fraud detection or merchant issues, and offers clear steps to resolve the problem, including checking the Revolut app for notifications, completing an in-app questionnaire, and unfreezing the card if necessary. Additionally, it suggests contacting the merchant if the issue is on their side and provides a form for further assistance. The response is relevant and comprehensive, covering all aspects of the customer's concern.",True,"The RAG answer directly addresses the user's issue of a declined card in Thailand, providing specific steps to check if the card is frozen and how to resolve the issue. It acknowledges both potential reasons for the decline (fraud detection and merchant issues) and offers actionable advice, which aligns with the user's urgent need for assistance.",none
student_abroad,pending_verification_too_long,typing_from_phone_with_typos,hey so i finished my verification like 3 days ago but my account still says pending and i can’t use all the features is there a way to speed this up or get a timeline or something pls thx,"Your verification process typically takes up to 1 business day, but it can take up to 7 business days in some cases. Since it has been 3 days, I recommend being patient as it may still be processing. You will receive a notification via email and in-app once it's completed. Unfortunately, there is no way to speed up the process. If it remains pending beyond 7 business days, please contact our support team for further assistance.",relevance,True,"The RAG-generated answer directly addresses the customer's question by explaining the typical and maximum timeframes for the verification process. It advises the customer to be patient as the process may still be ongoing and informs them about receiving a notification once completed. Additionally, it provides guidance on what to do if the verification remains pending beyond the expected timeframe. The answer is relevant and covers the customer's concerns about speeding up the process and getting a timeline.",False,"The RAG answer provides general information about the verification process and its typical duration, but it does not directly address the user's specific concern about their account still being pending after 3 days. The user is looking for a way to speed up the process or get a timeline, and the answer states that there is no way to speed it up, which does not fully address the user's request for assistance or clarification on their specific situation.",none
gig_economy_courier,atm_withdrawal_fee_unknown,non_native_broken_english,"hi, i took cash from atm in spain and got big fee, why? i thought no fees for withdrawls. can u explain how fees work? thanks","ATM withdrawals are subject to cash withdrawal fees, which vary depending on your plan. Each month, you have a fee-free withdrawal limit based on your plan:

- Standard: £200 (or 5 withdrawals)
- Plus: £200
- Premium: £400 
- Metal: £800 
- Ultra: £2,000

After exceeding this limit, a 2% or £1 fair usage fee applies. Additionally, currency exchange fees may apply if you convert funds at the time of withdrawal. It's also important to note that the ATM itself may charge its own fees.

To check if Revolut charged you a fee, tap on the ATM withdrawal in your transaction history. If no fee is shown, Revolut did not charge one.",relevance,True,"The RAG-generated answer directly addresses the customer's question by explaining how ATM withdrawal fees work, including the fee-free withdrawal limits based on different plans and the fair usage fee that applies after exceeding these limits. It also mentions the possibility of currency exchange fees and ATM-specific fees, which are relevant to the customer's experience of being charged a fee. The answer provides a comprehensive explanation of potential fees, which aligns with the customer's request for an explanation of how fees work.",False,"The answer provides information about ATM withdrawal fees and limits, but it does not directly address the user's specific concern about receiving a 'big fee' when withdrawing cash in Spain. The user is looking for an explanation of why they incurred a fee, which may not be fully covered by the generic information about fee structures. The answer lacks a direct connection to the user's experience and does not clarify the specific circumstances that led to the fee they encountered.",none
gig_economy_courier,wrong_recipient_no_refund,poor_internet_connection,"hey, I sent EUR500 to wrong number, it’s not accepted yet. can I cancel or reverse it? pls help fast, train moving, weak signal!","Since the transfer is not yet accepted, you may have a chance to cancel it. To check if you can cancel the transfer, follow these steps:

1. Go to your transactions list in the Revolut app.
2. Tap on the transaction in question to access the transfer tracker.
3. If eligible, a 'Cancel' button will appear. If it does not appear, the transfer is no longer cancellable.

If cancellation is not possible, you will need to ask the recipient to return the money. You can do this by reaching out to them via the chat in the Revolut app:

1. Go to Payments on the bottom menu.
2. Select the person you sent money to.
3. A chat window will open for you to message them.

If the recipient does not respond, you can contact our customer support team for assistance, but we cannot guarantee they will agree to return the funds.",relevance,True,"The RAG-generated answer directly addresses the customer's question about canceling or reversing a transaction that was sent to the wrong number. It provides clear steps on how to check if the transaction can be canceled and what to do if it cannot be canceled, including contacting the recipient and customer support. The response is relevant and focused on the customer's issue without discussing unrelated topics.",True,"The RAG answer directly addresses the user's specific issue of wanting to cancel or reverse a money transfer that has not yet been accepted. It provides clear steps to check if cancellation is possible and offers additional options if cancellation is not feasible. The response is relevant to the user's intent and context, focusing on the problem of the incorrect transfer and how to potentially resolve it.",none
student_abroad,account_limit_reached_warning,angry_after_waiting,"hey, i’ve tried to top up my account like 5 times and it’s sayin i hit some limit?? what’s the limit and how do i increase it?? this is super frustrating, pls sort it out or i might just switch to another bank!","It sounds like your top-ups may be blocked due to multiple unsuccessful attempts or issues with your issuing bank. Unfortunately, these payment blocks can last up to 30 days. 

To increase your chances of successfully topping up, you can try using a different card or add money through other methods like Apple Pay, Google Pay, or bank transfers. If you want to understand the specific limit or resolve the issue, please contact your bank or card issuer for more details. 

If you continue to experience issues, please let us know!",relevance,False,"The RAG-generated answer does not directly address the customer's question about the specific limit they have hit and how to increase it. While it provides general advice on alternative methods to top up and suggests contacting the bank for more details, it fails to explain what the limit is and how it can be increased, which were the main points of the customer's query.",False,"The RAG answer does not directly address the user's specific question about the limit on account top-ups or how to increase it. Instead, it provides general advice about potential issues and alternative methods for topping up, which does not resolve the user's core concern. The user is frustrated and seeking specific information about the limit and how to increase it, which the answer fails to provide.",none
busy_parent_on_mobile,virtual_card_missing,anxious_security_fear,hey I just heard about some scams and I'm super worried I need to generate a virtual card for online safety but I can't find where to do this in the app can you help me like right now please this is urgent,"To generate a virtual card in the Revolut app, follow these steps:

1. From your home screen, tap the cards icon in the top-right corner.
2. Select the option to create a new virtual card.
3. Choose between a multi-use card or a single-use card based on your needs.

Remember, virtual cards are free to create and can be used instantly for online payments. If you need further assistance, please let me know!",relevance,True,"The RAG-generated answer directly addresses the customer's query by providing clear, step-by-step instructions on how to generate a virtual card in the Revolut app. It also offers additional information about the types of virtual cards available and reassures the customer that virtual cards are free and can be used instantly, which is relevant to the customer's concern about online safety. The response is focused on the customer's request and does not include unrelated information.",True,"The RAG answer directly addresses the user's request for help in generating a virtual card in the app. It provides specific, step-by-step instructions that are relevant to the user's urgent concern about online safety and scams. The answer is responsive to the user's intent and context, ensuring that it does not deviate from the original question.",none
student_abroad,joint_account_not_allowed,angry_after_waiting,"hey, i’ve tried to sort this out a few times now and it’s super frustrating! i need to share my account with my spouse but apparently that’s not possible??? what do i do now? i might just switch to another bank if this isn’t sorted ASAP!",I don't have enough information to help with that.,relevance,False,"The RAG-generated answer does not directly address the customer's question about sharing their account with their spouse. The customer is expressing frustration and seeking a solution or explanation, but the response simply states a lack of information without offering any guidance or next steps. This does not meet the criteria of directly responding to the customer's query.",False,"The RAG answer does not address the user's specific issue regarding sharing an account with their spouse. Instead, it states a lack of information, which does not provide any guidance or solutions to the user's frustration. This response fails to engage with the user's intent and context, and does not attempt to resolve the core issue they are concerned about.",none
non_native_english_worker,atm_withdrawal_fee_unknown,non_native_broken_english,"Hi, I took cash from ATM in Spain and got fee, very high! I don’t understand why, thought no fees for withdrawals? Can you explain how fees work, please? I need send money home and this make me worry.","When you withdraw cash from an ATM using Revolut, there are certain fees that may apply. While Revolut waives fees for a limited number of withdrawals each month based on your plan, you may incur charges if you exceed those limits. Here are the withdrawal allowances by plan:

- Standard: £200 (or 5 withdrawals, whichever comes first)
- Plus: £200
- Premium: £400
- Metal: £800
- Ultra: £2,000

If you exceed your allowance, a fee of 2% or £1 (whichever is greater) will apply. Additionally, all ATM withdrawals are subject to currency exchange fees if you convert your funds at the time of withdrawal. 

It's also important to note that the ATM itself may charge its own fees, which should be displayed before you complete the transaction. To verify if Revolut charged you a fee, you can check the transaction details in your app.

If you need to send money home, please ensure you are aware of any potential fees for international transfers as well.",relevance,True,"The RAG-generated answer directly addresses the customer's question about ATM withdrawal fees. It explains the fee structure based on the customer's Revolut plan, mentions the possibility of ATM-specific fees, and advises checking transaction details in the app to verify charges. Additionally, it briefly touches on potential fees for sending money home, which is relevant to the customer's concern about sending money. The response is comprehensive and relevant to the customer's query.",True,"The RAG answer directly addresses the user's concern about the high ATM withdrawal fees in Spain by explaining how fees work with Revolut, including withdrawal limits and potential charges. It also clarifies that ATM operators may impose their own fees, which is relevant to the user's experience. Additionally, it acknowledges the user's intent to send money home and advises on potential fees for international transfers, making it responsive to the user's context.",none
small_business_owner,business_account_upgrade_question,typing_from_phone_with_typos,hey i got a lot more freelance income coming in now and need to know when its time to upgrade to a biz account like what changes should i expect and is it worth it or nah? thx,"If you have a lot more freelance income coming in, it might be time to consider upgrading to a Revolut Business account. Here are some key differences and features you can expect:

1. **Advanced Features**: Revolut Business offers a full suite of features for businesses, including team and individual cards with spend controls, multi-user access, and automated payments.

2. **Currency Exchange**: You can exchange in 30+ currencies at competitive rates, which is beneficial if you deal with international clients.

3. **Payment Solutions**: It provides online and in-person payment acceptance solutions, which can help streamline your transactions.

4. **Dedicated Business Savings Account**: You’ll have access to a dedicated business savings account with competitive rates.

5. **Integrations**: There are integrations available for HR, accounting, and productivity apps, which can help manage your business finances more efficiently.

If you're currently using Revolut Pro, it’s designed for freelancers and sole traders, offering cashback on business expenses and tax management features. If your business is growing and you need more advanced tools, upgrading to a Business account could be worth it.

To upgrade, you can sign up for a Business account through the Revolut Business app or the sign-up page. You can use the same phone number and email as your personal account. 

Consider your business needs and whether the additional features align with your growth plans.",relevance,True,"The RAG-generated answer directly addresses the customer's question about when to upgrade to a business account and what changes to expect. It outlines the key features and benefits of a Revolut Business account, such as advanced features, currency exchange, payment solutions, a dedicated business savings account, and integrations. It also compares the current Revolut Pro account with the Business account, helping the customer assess whether the upgrade is worth it based on their growing freelance income. The answer is relevant and provides comprehensive information to help the customer make an informed decision.",True,"The RAG answer directly addresses the user's question about when to upgrade to a business account due to increased freelance income. It provides specific information about the features and benefits of a Revolut Business account, which aligns with the user's intent to understand the changes and whether the upgrade is worth it. The answer does not deviate from the user's core issue and is relevant to their situation.",none
uk_freelance_designer,payment_declined_large_amount,empty,"Hi there, I just tried to make a big purchase with my card, but it got declined and there was no explanation. I've got enough balance, so what's going on? Cheers!","Your card payment may have been declined for several reasons, even if you have enough balance. Here are some steps you can take to troubleshoot:

1. **Check Currency Account**: Ensure your card is linked to a currency account with sufficient funds. To do this, select the card → tap 'Settings' → 'Spend from'.

2. **Check Pocket Balance**: If your card is linked to a Pocket, verify that the Pocket has enough balance. You can check this by tapping on 'Accounts' below your balance and going to 'Pockets'.

3. **Review Declined Payment**: Open your transactions list by tapping 'See all' below your most recent transactions. Tap the declined payment to see the transaction's details and the reason for the decline in the 'Status' section.

4. **Merchant Issues**: Sometimes, the merchant may have restrictions or technical issues. If you can't find the reason in the app, consider reaching out to the merchant.

5. **Security System**: If our security system flagged the transaction as potential fraud, you may need to complete an in-app questionnaire to unblock the merchant. Check for any notifications in your app.

If you still need assistance after these steps, you can fill out a form to help us reach out to the merchant directly.",relevance,True,"The RAG-generated answer directly addresses the customer's question about why their card was declined despite having enough balance. It provides several potential reasons for the decline, such as issues with currency accounts, Pocket balances, merchant restrictions, and security system flags. The answer also offers actionable steps for the customer to troubleshoot the issue, which aligns with the customer's need for an explanation and resolution. Therefore, the response is relevant and adequately addresses the customer's query.",True,"The RAG answer directly addresses the user's issue of a declined card payment despite having sufficient balance. It provides specific troubleshooting steps related to the user's situation, such as checking account settings, pocket balances, and potential merchant issues. The response is relevant to the user's intent and context, focusing on resolving the specific problem they are experiencing.",none
crypto_day_trader,crypto_limit_warning,poor_internet_connection,"yo, got a msg about hitting my crypto limit. what is it?? can it be increased?? im on a train and need to know fast! thx!","Your crypto withdrawal limits are set to prevent monetary loss and protect your account. You can check your specific limits by following these steps:

1. Go to 'Crypto' on the bottom menu.
2. Tap 'More'.
3. Select 'Limits and fees'.
4. Tap 'Sending limits'.

Limits can be adjusted based on account activity and risk factors. If you want to increase your limits, you may need to review your account activity or contact support for further assistance.",relevance,True,"The RAG-generated answer directly addresses the customer's question by explaining what the crypto withdrawal limits are and providing steps to check these limits. It also addresses the customer's inquiry about increasing the limits by mentioning that limits can be adjusted based on account activity and risk factors, and suggests contacting support for further assistance. This response is relevant and provides the necessary information the customer is seeking.",False,"The answer provides general information about crypto withdrawal limits and how to check them, but it does not directly address the user's specific question about what their current limit is or how to increase it quickly. The user is looking for immediate information while on a train, and the response is too generic and procedural, missing the urgency and specific context of the user's request.",none
crypto_day_trader,account_limit_reached_warning,poor_internet_connection,"yo, i can't top up more $ in my account, what's the limit? need to increase it ASAP, can't keep waiting on this! i'm on a train and signal's crap, plz reply quick!",I don't have enough information to help with that.,relevance,False,"The RAG-generated answer does not address the customer's question about the account top-up limit or how to increase it. The response is vague and does not provide any information or guidance related to the customer's issue. It fails to address any aspect of the query, such as the current limit or steps to increase it, and does not offer any assistance or direction for resolving the problem.",False,"The RAG answer does not address the user's specific issue regarding the limit for topping up their account. Instead, it states a lack of information, which does not provide any relevant assistance or response to the user's urgent request.",none
gig_economy_courier,cancel_subscription_not_working,poor_internet_connection,"hey, im trying to cancel my gym payment but cant find the option in the app. im on train and signal is bad, pls help fast! thx!",I don't have enough information to help with that.,relevance,False,"The RAG-generated answer does not directly address the customer's question about how to cancel their gym payment. The customer is seeking assistance with a specific task and mentions being in a situation with poor signal, indicating urgency. The response fails to provide any guidance or steps to resolve the issue, nor does it acknowledge the customer's situation. Instead, it states a lack of information without attempting to assist further, making it unhelpful and irrelevant to the customer's request.",False,"The RAG answer does not address the user's specific issue of canceling a gym payment. Instead, it states a lack of information, which does not provide any assistance or guidance on how to resolve the user's problem. The answer fails to respond to the user's intent and context, which is to find a quick solution while on a train with poor signal.",none
small_business_owner,cancel_subscription_not_working,angry_after_waiting,"I've tried to cancel my gym's recurring payment like 5 times now and I can't find the option in the app! This is getting ridiculous, I don't have time for this nonsense! If this isn't sorted out ASAP, I'm seriously considering ditching Revolut for good!","To cancel your gym's recurring payment, please follow these steps:

1. Go to 'Payments' on the bottom menu.
2. Tap on the calendar icon in the top-right corner.
3. View your active Direct Debits or subscriptions.
4. If it's a Direct Debit, tap on it and select 'Cancel future payments.'
5. If it's a subscription, you will need to contact the merchant directly to cancel it, as blocking a subscription in-app does not cancel it.

If you continue to have issues, please reach out to the merchant for further assistance.",relevance,True,"The RAG-generated answer directly addresses the customer's query by providing a step-by-step guide on how to cancel a recurring payment through the app. It acknowledges the possibility of the payment being a Direct Debit or a subscription and provides instructions for both scenarios. Additionally, it advises the customer to contact the merchant if issues persist, which is relevant to the customer's frustration with the process. The response is focused on the customer's issue and does not include unrelated information.",True,"The answer directly addresses the user's issue of canceling a recurring payment by providing specific steps to follow within the app. It is responsive to the user's intent and context, acknowledging their frustration and offering a clear solution. The answer does not deviate from the user's question and focuses on the cancellation process, making it relevant and helpful.",none
non_native_english_worker,joint_account_not_allowed,anxious_security_fear,"Hi, I want share my account with my wife, but I see no option in app. I heard about scams, so I worry about security. Is there any way to do this? Please help me, I need trust and real human response.",I don't have enough information to help with that.,relevance,False,"The RAG-generated answer does not address the customer's question about sharing an account with their wife and concerns about security. The response is vague and does not provide any guidance or information related to the customer's query. It fails to address the customer's need for a trustworthy and human response, leaving the query unresolved.",False,"The RAG answer does not address the user's specific issue of sharing an account with their wife and their concerns about security. Instead, it states a lack of information, which does not provide any assistance or reassurance regarding the user's query. The answer fails to respond to the user's intent and context.",none
crypto_day_trader,daily_top_up_limit_reached,empty,"Yo, I need to add more funds today but hit my limit. When does it reset? Is there any workaround to get around this?","Your withdrawal limit resets on a rolling monthly basis, based on the day your current price plan began. To check your exact limit refresh date and remaining allowance, tap your profile icon in the top-left corner, select 'Your plan', and look under the 'Your limits' section.

If you need a temporary increase in your limit, you can request this by tapping the 'Increase limit' button, if you are eligible.",relevance,True,"The RAG-generated answer directly addresses the customer's query by explaining when the withdrawal limit resets and how to check the exact reset date. It also provides a potential workaround by suggesting the customer can request a temporary increase in their limit, which aligns with the customer's interest in getting around the current limit. The response is relevant and covers both aspects of the customer's question.",True,"The RAG answer directly addresses the user's question about when their withdrawal limit resets and provides specific instructions on how to check their limit. Additionally, it offers a workaround by explaining how to request a temporary increase in the limit, which aligns with the user's intent to find a solution to their issue.",none
gig_economy_courier,crypto_purchase_failed,empty,"Hey, I’m trying to buy Bitcoin but getting some error. I have enough balance, what’s blocking the purchase?","If you're trying to buy Bitcoin and encountering an error despite having enough balance, consider the following steps:

1. **Check Card Details**: Ensure your card details are correct and try again.
2. **3DS Authentication**: Verify if 3DS authentication is working correctly in your banking app.
3. **Different Card**: Try purchasing with a different card.
4. **Revolut Account**: If you have a Revolut account, attempt to buy crypto directly from the 'Crypto' section using your account balance.

If none of these solutions work, please reach out to us for further assistance.",relevance,True,"The RAG-generated answer directly addresses the customer's question by providing potential reasons for the error and suggesting actionable steps to resolve the issue. It covers checking card details, ensuring 3DS authentication is working, trying a different card, and using a Revolut account if applicable. These suggestions are relevant to the customer's problem of being unable to purchase Bitcoin despite having enough balance. The answer also offers further assistance if the provided solutions do not work, which is appropriate and helpful.",True,"The RAG answer directly addresses the user's issue of encountering an error while trying to buy Bitcoin despite having enough balance. It provides specific troubleshooting steps relevant to the problem, such as checking card details and 3DS authentication, which are pertinent to the user's context. The answer does not deviate from the user's query and offers actionable advice, making it relevant to the user's intent.",none
student_abroad,suspicious_activity_notification,anxious_security_fear,"hey, i just got a push notification about suspicious activity on my account but no details. i'm really worried my account might be compromised, especially with all the scams lately. can i talk to someone? this is super urgent! thx!","I recommend you reach out to Revolut Support via the in-app chat for urgent assistance regarding the suspicious activity on your account. You can also secure your account by freezing your card. To do this, tap the card icon in the top-right corner of the app, select the card you want to freeze, and tap 'Freeze'. If you need to report any fraudulent transactions, go to 'Home', select the transaction from your list, and choose 'Get help'.",relevance,True,"The RAG-generated answer directly addresses the customer's urgent concern about suspicious activity on their account. It provides clear instructions on how to contact Revolut Support for immediate assistance, which aligns with the customer's request to talk to someone. Additionally, it offers practical advice on securing the account by freezing the card and reporting fraudulent transactions, which are relevant actions given the context of potential account compromise. The response is focused and does not include unrelated information, thus fully addressing the customer's query.",True,"The RAG answer directly addresses the user's concern about suspicious activity on their account by recommending they contact Revolut Support for urgent assistance. It also provides specific steps to secure their account, which aligns with the user's intent to address the potential compromise of their account. The answer is relevant and responsive to the user's specific issue.",none
small_business_owner,weekend_transfer_fee,non_native_broken_english,"I send money on Saturday and see fee. Why have fee for weekend? I no understand, I thought no fee for transfer. Please help, time is money for my cafe.","You may see a fee for transfers made on weekends because, depending on your plan, there can be additional charges for exchanges during this time. For Standard customers, there is a 1% fee on all exchanges made between 5pm Friday and 6pm Sunday, Eastern Time (ET). For Plus customers, the fee is 0.5%. Premium, Metal, and Ultra customers do not incur additional weekend fees. 

To check your specific fees and plan details, you can visit the 'Your plan' section in the app.",relevance,True,"The RAG-generated answer directly addresses the customer's question about why there is a fee for transfers made on weekends. It explains that depending on the customer's plan, there can be additional charges for exchanges during weekends and provides specific details about the fees for different customer plans. Additionally, it guides the customer on where to find more information about their specific fees and plan details. The response is relevant and informative, directly responding to the customer's concern.",True,"The RAG answer directly addresses the user's concern about the fees associated with weekend transfers. It explains the reason for the fee based on the user's plan and provides specific details about the fee structure for different customer tiers. This response is relevant to the user's query and helps clarify their misunderstanding about the fees, thus addressing their intent and context effectively.",none
gig_economy_courier,payment_declined_large_amount,anxious_security_fear,"Hey, I tried to pay for a big order but my card got declined, no reason given! I have enough money, so I'm worried about security stuff. Can you help me fast? I don’t trust auto replies, I need a real person!","Your card may have been declined due to our security system identifying potential fraud. To resolve this, please complete the in-app questionnaire. You can access it by going to the home page of your Revolut app and tapping the relevant tile, or through the push notification and email sent to you.

If you believe the payment was legitimate, mark it as such in the questionnaire to unblock the merchant and retry the payment. If you need further assistance, you can also check your transaction details by tapping 'See all' under your recent transactions to see if there's more information available.",relevance,True,"The RAG-generated answer directly addresses the customer's concern about the card being declined by explaining that it may be due to the security system identifying potential fraud. It provides a clear course of action by instructing the customer to complete an in-app questionnaire to resolve the issue. Additionally, it offers further assistance by suggesting the customer check transaction details for more information. The response is relevant and directly related to the customer's query about the declined payment and security concerns.",True,"The RAG answer directly addresses the user's issue of a declined card payment by explaining a possible reason related to security and providing specific steps to resolve the issue. It acknowledges the user's concern about security and offers a clear course of action, which aligns with the user's intent for immediate assistance. The answer does not deviate to unrelated topics and is responsive to the user's context.",none
non_native_english_worker,card_lost_need_freeze,poor_internet_connection,"I lost my card! Need freeze it now! Can’t find it, help! Signal bad here, hurry please.","To freeze your card, follow these steps in the Revolut mobile app:

1. Go to 'Home' on the bottom menu.
2. Tap the card icon in the top-right corner.
3. Choose the card you wish to freeze.
4. Tap 'Freeze'.

Alternatively, you can tap your profile icon in the top-left corner, select 'Security', then 'Lost card', choose your card, and tap 'Freeze'.

If you have a bad signal, you can also call our automated phone line at +44 20 3322 8352 to block your card.",relevance,True,"The RAG-generated answer directly addresses the customer's urgent request to freeze their lost card. It provides clear instructions on how to freeze the card using the Revolut mobile app, which is relevant to the customer's situation. Additionally, it offers an alternative method to block the card via an automated phone line, which is particularly useful given the customer's mention of a bad signal. The response is comprehensive and directly related to the customer's query, without introducing unrelated topics.",True,"The RAG answer directly addresses the user's issue of needing to freeze their lost card by providing specific steps to do so in the Revolut mobile app. It also offers an alternative method to block the card via a phone call, which is relevant given the user's mention of a bad signal. The answer is responsive to the user's intent and context, focusing on the immediate need to freeze the card.",none
crypto_day_trader,joint_account_not_allowed,anxious_security_fear,"Hey, I just got a fraud warning and I'm super cautious now. I wanna share my account with my spouse for better tracking, but I know Revolut doesn't allow that. What can I do? I don’t trust automated replies, can I speak to a human about this?",I don't have enough information to help with that.,relevance,False,The RAG-generated answer does not address the customer's query at all. The customer is asking for advice on how to share their account with their spouse and expresses a desire to speak to a human rather than receive automated replies. The response 'I don't have enough information to help with that' neither provides guidance on account sharing nor addresses the request to speak to a human representative. It fails to engage with any part of the customer's question.,False,"The RAG answer does not address the user's specific issue regarding sharing an account with their spouse and their desire to speak to a human about it. Instead, it states a lack of information, which does not respond to the user's intent or provide any relevant guidance.",none
frequent_traveler,suspicious_activity_notification,empty,"hey, i got a push notification about suspicious activity on my account but no details were provided. can you help me figure out what's going on? i'm worried my account might be compromised.",I don't have enough information to help with that.,relevance,False,"The RAG-generated answer does not directly address the customer's question. The customer is seeking assistance in understanding the suspicious activity notification and is concerned about potential account compromise. The response simply states a lack of information without offering any guidance or next steps, such as suggesting the customer contact support or check their account for unusual activity. Therefore, it fails to meet the evaluation criteria of directly responding to the customer's query.",False,"The RAG answer does not address the user's specific concern about suspicious activity on their account. Instead of providing any relevant information or guidance, it states a lack of information, which does not help the user understand or resolve their issue. Therefore, it fails to respond to the user's intent and context.",none
student_abroad,atm_withdrawal_fee_unknown,empty,"hey, i just withdrew some cash in lisbon and got charged a fee i didn't see coming. can u pls explain how the fees work for withdrawals abroad? thx!","When you withdraw cash abroad, you may incur fees based on your plan. Here’s how it works:

1. **Withdrawal Allowance**: Each plan has a monthly fee-free withdrawal limit:
   - Standard: £200 (or 5 withdrawals)
   - Plus: £200
   - Premium: £400
   - Metal: £800
   - Ultra: £2,000

2. **Fees Beyond Allowance**: If you exceed your allowance, a fee of 2% or £1 (whichever is greater) applies for each transaction.

3. **ATM Fees**: Note that the ATM may charge its own fees, which are separate from Revolut's fees.

4. **Currency Exchange Fees**: If you convert money before withdrawing or if Revolut converts it for you, you may also incur currency exchange fees if you exceed your monthly allowance.

5. **Weekend Fees**: If you make withdrawals or exchanges during the weekend, additional fees may apply depending on your plan.

To check if you were charged a fee, tap the ATM withdrawal in your transactions list in the app.",relevance,True,"The RAG-generated answer directly addresses the customer's question by explaining how fees for withdrawals abroad work. It details the withdrawal allowance for different plans, the fees applicable if the allowance is exceeded, potential ATM fees, currency exchange fees, and weekend fees. Additionally, it provides guidance on how the customer can verify if they were charged a fee. The response is comprehensive and relevant to the customer's query about unexpected fees during a cash withdrawal in Lisbon.",True,"The RAG answer directly addresses the user's concern about the fees associated with cash withdrawals abroad. It explains how the fees work, including withdrawal allowances, fees for exceeding those allowances, ATM fees, currency exchange fees, and weekend fees. This information is relevant to the user's specific issue and provides a clear understanding of potential charges, thus responding effectively to the user's intent.",none
small_business_owner,instant_transfer_limit_reached,typing_from_phone_with_typos,hey im trying to do an instant transfer but got a msg about a limit what is the limit and when does it reset im in the middle of service and need this sorted quick thx,"The limit for instant transfers is not specified in the articles provided. However, you can check your limits and reset dates in the 'Your plan' section of the app. If you need further assistance, please reach out to live support by typing 'Live agent' in the in-app chat.",relevance,True,"The RAG-generated answer directly addresses the customer's question by acknowledging that the specific limit for instant transfers is not available in the provided articles. It then guides the customer on how to find this information in the app, which is relevant to the customer's query about the limit and reset date. Additionally, it offers a solution for further assistance by suggesting contacting a live agent, which is helpful given the customer's urgency. The response is relevant and provides actionable steps for the customer.",False,"The RAG answer does not directly address the user's specific question about the limit for instant transfers and when it resets. Instead, it provides generic guidance on where to find the information and suggests contacting live support, which does not resolve the user's immediate concern.",none
gig_economy_courier,payment_declined_large_amount,poor_internet_connection,"hey, my card got declined when I tried to buy something big. i have enough money, what’s going on? need this fixed fast, im on train and signal bad. plz help!","Your card may have been declined for several reasons, even if you have enough money. Here are some steps you can take:

1. **Check the Transaction Details**: Open your transactions list in the app and tap on the declined payment to see the reason in the 'Status' section.

2. **Currency Account Balance**: Ensure that the card is linked to a currency account with sufficient funds. You can check this by selecting the card, tapping 'Settings', and then 'Spend from'.

3. **Pocket Balance**: If your card is linked to a Pocket, make sure that Pocket has enough balance. You can check this by tapping on 'Accounts' and going to 'Pockets'.

4. **Merchant Issues**: Sometimes, the merchant may have restrictions or technical issues. If you can't resolve it through the app, consider reaching out to the merchant directly.

If you need further assistance, you can fill out this form to help us reach out to the merchant: [Merchant Contact Form](https://app.revolut.com/form/13ef84b4-1e3b-48eb-8e8b-0030e7e08adc?faqEntryPoint=question.why-has-my-card-payment-been-declined).",relevance,True,"The RAG-generated answer directly addresses the customer's question about why their card was declined despite having enough money. It provides several potential reasons for the decline, such as checking transaction details, currency account balance, and Pocket balance. It also suggests checking for merchant issues and offers a form for further assistance. The response is relevant and provides actionable steps to resolve the issue, which aligns with the customer's request for a fast resolution.",False,"The RAG answer provides general troubleshooting steps for a declined card transaction but does not directly address the user's specific situation of having enough money and needing a quick resolution while on a train with bad signal. It fails to acknowledge the urgency and context of the user's issue, making it less relevant.",none
frequent_traveler,crypto_limit_warning,anxious_security_fear,"hey, i just got a message about hitting my crypto limit and i need to know what that limit is. is there any way to increase it? also, with all these fraud warnings lately, i’m kinda worried about security. can i get a human to help me with this?","To check your crypto withdrawal limits, follow these steps:

1. Go to 'Crypto' on the bottom menu.
2. Tap 'More'.
3. Select 'Limits and fees'.
4. Tap 'Sending limits'.

If you want to increase your limits, you can manage your Wealth Protection limits by:

1. Tapping your profile icon in the top left corner.
2. Selecting ‘Security’.
3. Selecting 'Wealth protection'.
4. Adjusting the limit you wish to set or turning the toggle off to disable it.

Regarding security concerns and getting human assistance, I don't have enough information to help with that.",relevance,False,"The RAG-generated answer partially addresses the customer's query by providing steps to check and potentially increase crypto withdrawal limits. However, it fails to address the customer's concern about security and the request for human assistance. The response explicitly states a lack of information to help with security concerns and human assistance, which does not adequately address the customer's full query.",False,"The answer partially addresses the user's question about checking and increasing crypto limits, but it fails to provide a clear response regarding the user's concerns about security and getting human assistance. The last part of the answer indicates a lack of information to help with security concerns, which does not address the user's request for human support. Therefore, it does not fully meet the relevance criteria.",none
non_native_english_worker,crypto_purchase_failed,poor_internet_connection,"I try buy Bitcoin but get error, no reason given. Balance good, why can't buy? Need help fast, on train, bad signal.",I don't have enough information to help with that.,relevance,False,"The RAG-generated answer does not directly address the customer's question. The customer is experiencing an issue with purchasing Bitcoin and is seeking assistance. The response 'I don't have enough information to help with that' does not provide any guidance or attempt to address the problem, such as suggesting possible reasons for the error or steps to troubleshoot. Therefore, it fails to meet the evaluation criteria of directly responding to the customer's query.",False,"The RAG answer does not address the user's specific issue regarding the inability to buy Bitcoin despite having a good balance. Instead, it states a lack of information, which does not provide any assistance or guidance related to the user's problem. Therefore, it fails to meet the relevance criteria.",none
crypto_day_trader,card_not_working_abroad,non_native_broken_english,"my card not working in Thailand, it decline and I don’t change settings. is it frozen or merchant problem? help plz!","If your card is declining in Thailand, it could be due to several reasons, including merchant issues or potential security blocks. Here are some steps you can take:

1. **Check for Decline Reason**: Open your transactions list in the app and tap on the declined payment to see the reason in the 'Status' section.

2. **Contact the Merchant**: Reach out to the merchant first, as they may be experiencing technical issues or have regional restrictions.

3. **Troubleshoot in the App**: If the merchant cannot help, tap the transaction and select 'Troubleshoot my declined transaction' to answer questions about the issue.

4. **Check for Card Damage**: Ensure your physical card is not damaged. If it is, consider ordering a replacement card in-app.

5. **Security Questionnaire**: If your transaction was flagged for potential fraud, complete the in-app questionnaire to unblock the merchant.

If you still need assistance, you can fill out this form to raise your case directly with the merchant: [Merchant Issue Form](https://app.revolut.com/form/13ef84b4-1e3b-48eb-8e8b-0030e7e08adc?faqEntryPoint=question.declined-payment-is-not-visible-in-transactions-list).",relevance,True,"The RAG-generated answer directly addresses the customer's question about why their card is not working in Thailand. It provides a comprehensive set of steps to diagnose and potentially resolve the issue, including checking the decline reason, contacting the merchant, troubleshooting in the app, checking for card damage, and completing a security questionnaire if necessary. The answer is relevant and focused on the customer's problem without discussing unrelated topics.",True,"The RAG answer directly addresses the user's issue of their card not working in Thailand by providing specific steps to troubleshoot the problem. It considers both potential merchant issues and security blocks, which aligns with the user's concerns. The answer is responsive to the user's intent and context, and it does not deviate to unrelated topics.",none
frequent_traveler,wrong_recipient_no_refund,poor_internet_connection,"hey, i sent 500eur to the wrong number but the recipient hasn’t accepted it yet. can i cancel or reverse that? thanks.","Since the transfer to the wrong number hasn't been accepted yet, you may still have a chance to cancel it. To confirm if cancellation is possible, tap on the transaction from your transactions list in the Revolut app. If a 'Cancel' button appears, you can proceed with the cancellation. If it doesn't appear, the transfer is no longer cancellable.

If cancellation isn't possible, you'll need to ask the recipient to return the money. You can do this by reaching out to them via the chat in the Revolut app. To access the chat, go to Payments, select the person you've sent money to, and type your message there. If they don't respond, you can contact customer support for assistance, but we can't guarantee a response or return of funds.",relevance,True,"The RAG-generated answer directly addresses the customer's question about canceling or reversing a transaction sent to the wrong number. It provides clear instructions on how to check if the transaction can be canceled and what steps to take if it cannot be canceled, including reaching out to the recipient and contacting customer support. The response is relevant and focused on the customer's issue without discussing unrelated topics.",True,"The RAG answer directly addresses the user's specific issue of wanting to cancel or reverse a money transfer that hasn't been accepted yet. It provides clear steps on how to check if cancellation is possible and what to do if it isn't, which aligns with the user's intent and context. The answer does not deviate to a different question or topic, making it relevant to the user's query.",none
non_native_english_worker,account_limit_reached_warning,angry_after_waiting,"Why I can’t top up more money?? I call before, wait long time, no answer! What my account limit?? I need send money home NOW! How I can increase it?? If not fix, I switch to other service!","Your ability to top up may be blocked due to reasons such as insufficient funds, security concerns, or multiple unsuccessful attempts. If your bank has declined a previous payment, this could also lead to a temporary block lasting up to 30 days.

To check your account limits or increase them, you may need to contact your bank or card issuer for specific information regarding any limits they have set. 

If you need to send money urgently, consider using Apple Pay or Google Pay, or try adding money with a different card. You can also explore other methods like bank transfers. 

For more information on adding money, follow these steps:
1. Go to 'Home' on the bottom menu.
2. Tap 'Add money'.
3. Enter the amount and choose your payment method.

If you continue to face issues, please refer to your transactions list for more help.",relevance,False,"The RAG-generated answer does not directly address the customer's specific questions about their account limit and how to increase it. While it provides general reasons for why a top-up might be blocked and suggests alternative payment methods, it fails to give specific guidance on how to find out the current account limit or the steps needed to increase it. Additionally, the response does not acknowledge the customer's frustration with the lack of customer service response or provide a direct solution to their urgent need to send money. The answer could be improved by offering a direct method to check and increase account limits and addressing the customer's concerns about customer service.",False,"The RAG answer does not directly address the user's specific issue of being unable to top up money and the urgency of sending money home. While it provides some general reasons for a potential block and suggests contacting the bank, it fails to respond to the user's request for information about their account limit and how to increase it. Additionally, the answer includes generic advice that does not specifically resolve the user's concerns about their account limits and the urgency of their situation.",none
crypto_day_trader,wrong_recipient_no_refund,empty,I sent EUR500 to the wrong number and the recipient hasn't accepted it yet. Can I cancel or reverse that transaction? I'm kinda freaking out here!,"Once the transfer to the wrong Revolut customer is processed, it cannot be canceled. Since the recipient hasn't accepted the payment yet, you can reach out to them via the chat in the Revolut app to request a return of the funds. 

To use the chat:
1. Go to 'Payments' on the bottom menu.
2. Select the person you've sent money to.
3. A chat window will open for you to message the recipient.

If they don't respond, you can contact our customer support team to try to reach out to them on your behalf, but we can't guarantee a response or agreement to return the funds.",relevance,True,"The RAG-generated answer directly addresses the customer's question about canceling or reversing a transaction sent to the wrong number. It explains that once the transfer is processed, it cannot be canceled, but since the recipient hasn't accepted it yet, the customer can request a return via the chat feature in the app. It also provides a step-by-step guide on how to use the chat and mentions the option to contact customer support for further assistance. The answer is relevant and covers the customer's concerns comprehensively.",True,"The RAG answer directly addresses the user's concern about canceling or reversing a transaction sent to the wrong number. It provides specific steps to communicate with the recipient and mentions the possibility of contacting customer support, which aligns with the user's intent and context of needing assistance with a mistaken transfer. The answer does not deviate from the user's question and is relevant to their specific issue.",none
frequent_traveler,cancel_subscription_not_working,typing_from_phone_with_typos,"hey, i set up a recurring payment for my gym and now i can't find how to cancel it in the app, can u help me out? kinda busy here with the kids and coffee, thx!","To cancel your recurring payment for the gym, you'll need to contact the merchant directly, as blocking a subscription in the app does not cancel it. If you want to prevent future payments, you can block the merchant in the app, but this won't deactivate the current subscription. 

If you need further assistance, please reach out to the gym directly to request cancellation.",relevance,True,"The RAG-generated answer directly addresses the customer's question by explaining that the recurring payment cannot be canceled through the app and advises the customer to contact the gym directly for cancellation. It also provides additional information about blocking the merchant in the app to prevent future payments, which is relevant to the customer's concern about managing the recurring payment. The response is clear, relevant, and does not include unrelated information.",False,"The answer does not directly address the user's request for help on how to cancel the recurring payment in the app. Instead, it suggests contacting the merchant, which is not what the user asked for. The user is looking for guidance on using the app to cancel the payment, and the response does not provide that information, making it irrelevant to the user's specific issue.",none
small_business_owner,suspicious_activity_notification,anxious_security_fear,"Got a push notification about suspicious activity on my account but no details. I'm really worried my account's been compromised, especially with all the scams going around. Can I talk to someone about this? I need to sort it out fast.","I recommend you reach out to Revolut Support via the in-app chat for immediate assistance regarding the suspicious activity on your account. You can also freeze your card by tapping the card icon in the top-right corner of the app, selecting the card you want to freeze, and tapping 'Freeze'. This will help secure your account while you sort out the issue.",relevance,True,"The RAG-generated answer directly addresses the customer's concern about suspicious activity on their account. It provides clear instructions on how to contact Revolut Support for immediate assistance, which is what the customer is asking for. Additionally, it offers a proactive step to secure the account by freezing the card, which is relevant to the customer's concern about potential compromise. The response is focused and does not include unrelated information, thus fully addressing the customer's query.",True,"The RAG answer directly addresses the user's concern about suspicious activity on their account by recommending they contact Revolut Support for immediate assistance. It also provides a practical step to secure their account by freezing the card, which is relevant to the user's worry about potential compromise. The response is specific to the user's issue and does not deviate to unrelated topics.",none
small_business_owner,crypto_purchase_failed,anxious_security_fear,"I'm trying to buy Bitcoin but keep getting this generic error. I've got enough balance, so what's blocking this purchase? With all the fraud warnings lately, I need to know what's going on ASAP. Can someone help me out, not just an automated response?","If you're encountering a generic error while trying to buy Bitcoin, it could be due to several reasons:

1. **Insufficient Funds**: Ensure that you have enough balance in your account.
2. **Exceeded Exchange Limits**: Check if you've exceeded any exchange limits.

To troubleshoot, you can try the following steps:
- Verify that your card details are correct.
- Ensure that there are no security concerns with your card.
- Try purchasing crypto from the 'Crypto' section using your account balance.

If the issue persists, please reach out to us for further assistance.",relevance,False,"The RAG-generated answer does not directly address the customer's specific concern about the generic error message they are receiving. While it provides general troubleshooting steps, it fails to acknowledge the customer's mention of having enough balance and does not address the customer's concern about fraud warnings or the need for non-automated assistance. The response lacks personalization and does not offer a direct solution or explanation for the error message, nor does it provide assurance regarding fraud concerns.",False,"The RAG answer does not directly address the user's specific issue of encountering a generic error while trying to buy Bitcoin. Instead, it provides generic troubleshooting steps that could apply to various situations, such as checking card details and security concerns, without addressing the user's request for a specific explanation of the error or the urgency due to fraud warnings. The response lacks a direct connection to the user's context and intent.",none
busy_parent_on_mobile,cancel_subscription_not_working,typing_from_phone_with_typos,hey im trying to cancel my gym payment but cant find how to do it in the app can you help me plz im walking to pick up the kids and need this sorted fast thanks,I don't have enough information to help with that.,relevance,False,"The RAG-generated answer does not directly address the customer's question. The customer is asking for assistance with canceling a gym payment through the app, but the response simply states a lack of information without providing any guidance or steps to resolve the issue. A relevant answer would offer instructions on how to cancel the payment or suggest contacting customer support for further assistance.",False,"The RAG answer does not address the user's specific issue of canceling a gym payment in the app. Instead, it states a lack of information, which does not provide any assistance or guidance to the user. The response fails to be responsive to the user's intent and context, as they are seeking immediate help with a specific action.",none
non_native_english_worker,transfer_pending_stuck,anxious_security_fear,"Hey, I sent money to my friend 2 days ago, but it still showing pending. We both didn't get it. I worry about scam and security, what happening? Can I cancel it if it not go through? Please help!","Your transfer may still be pending for several reasons, such as being sent on a weekend, additional processing checks, or incorrect recipient details. A transfer can remain pending for up to 72 hours, and in most cases, it will eventually be marked as completed.

To check the status of your transfer, you can use the outbound transfer status tool in the Revolut app.

If you want to cancel the transfer, you can do so if it's eligible. Here’s how:
1. Go to 'Payments' on the bottom menu.
2. Select the person you sent the pending transfer to.
3. On the payments screen, select the pending transfer.
4. Tap 'Cancel'.

If you can't cancel it, it might be under review by our automated security system. In that case, you may need to answer some questions in-app and wait for the review to complete.

If the transfer fails, the funds should be reverted back to your account promptly. If you have further concerns about potential fraud, you can report the transfer as fraud in the app.",relevance,True,"The RAG-generated answer directly addresses the customer's concerns about the pending transfer. It explains possible reasons for the delay, provides steps to check the status, and outlines how to cancel the transfer if eligible. Additionally, it reassures the customer about the security review process and offers guidance on reporting potential fraud. The response is comprehensive and relevant to the customer's query.",True,"The RAG answer directly addresses the user's concerns about the pending transfer, providing specific reasons for the delay and steps to check the status and cancel the transfer if eligible. It also reassures the user about the potential for funds to be reverted if the transfer fails, which aligns with the user's worries about scams and security. Overall, the answer is responsive to the user's intent and context.",none
student_abroad,crypto_limit_warning,anxious_security_fear,"hey, i just got a message saying i hit my crypto limit and honestly i’m a bit freaked out with all the scams lately. can u pls tell me what the limit is? is there any way to increase it? i really need to sort this out n feel secure, thx.","Your crypto withdrawal limits can be checked in the app. To view them, follow these steps:

1. Go to 'Crypto' on the bottom menu.
2. Tap 'More'.
3. Select 'Limits and fees'.
4. Tap 'Sending limits'.

Daily limits reset 24 hours after the last withdrawal, and monthly limits reset 30 days after the last withdrawal. 

If you want to increase your limits, you may need to adjust your Wealth protection limits, which you can set and control in the app. For more information on that, please visit the relevant FAQ in the app. 

If you have any further concerns about security or scams, please let me know!",relevance,True,"The RAG-generated answer directly addresses the customer's query by explaining how to check the crypto withdrawal limits in the app, which is the primary concern of the customer. It also provides information on how to potentially increase these limits by adjusting Wealth protection limits. Additionally, the response acknowledges the customer's concern about security and scams, offering further assistance if needed. This comprehensive response covers both the customer's request for information on the limit and the possibility of increasing it, thus meeting the evaluation criteria.",True,"The RAG answer directly addresses the user's specific issue regarding their crypto withdrawal limit by providing clear steps to check the limit and information on how to potentially increase it. It is responsive to the user's intent and context, particularly their concern about security and scams, and does not deviate from the question asked.",none
busy_parent_on_mobile,account_limit_reached_warning,empty,hey i tried to top up my account but it says im at my limit can you tell me what the limit is and how i can increase it thanks,I don't have enough information to help with that.,relevance,False,"The RAG-generated answer does not directly address the customer's question. The customer asked for information about their account limit and how to increase it, but the response simply states a lack of information without attempting to provide any guidance or suggest next steps. A relevant answer would at least acknowledge the query and suggest contacting customer support or checking account settings for more details.",False,"The RAG answer does not address the user's specific issue regarding their account limit and how to increase it. Instead, it states a lack of information, which does not provide any relevant assistance or guidance to the user's query.",none
student_abroad,account_limit_reached_warning,poor_internet_connection,"hey i wanna top up my account but it says i hit my limit??? can u pls tell me what the limit is and how i can increase it thx. im on the train so can't chat long, pls reply quick!",I don't have enough information to help with that.,relevance,False,"The RAG-generated answer does not address the customer's question at all. The customer asked for information about their account limit and how to increase it, but the response simply states a lack of information without attempting to provide any assistance or guidance. The answer fails to address any part of the customer's query, making it irrelevant to the request.",False,"The RAG answer does not address the user's specific issue regarding their account limit and how to increase it. Instead, it states a lack of information, which does not provide any relevant assistance or guidance to the user's query.",none
crypto_day_trader,pending_verification_too_long,angry_after_waiting,"Yo, I did the verification 3 days ago and I'm still pending?? I can't use my account properly and this is getting ridiculous! I've tried reaching out before and just got stuck on hold. What’s the timeline here?? I need this sorted NOW or I’m out!","Your identity verification process usually takes up to 1 business day, but it can take up to 7 business days in some cases. Since it's been 3 days, please be patient as we complete the verification. You will receive a notification via email and in-app once it's done. If it remains pending beyond 7 business days, consider reaching out to our support team through the in-app chat for further assistance.",relevance,True,"The RAG-generated answer directly addresses the customer's question by explaining the typical timeline for the identity verification process, which is the main concern of the customer. It acknowledges the 3-day wait and provides information on the potential maximum wait time of 7 business days. Additionally, it offers a course of action if the issue persists beyond this period, which is relevant to the customer's frustration and urgency. The response is focused on the customer's query and does not introduce unrelated topics.",False,"The answer provides general information about the identity verification process and timelines but does not directly address the user's specific frustration about their pending verification after 3 days. It fails to acknowledge the urgency expressed by the user and does not offer a solution to expedite the process or address their immediate concerns. Therefore, it does not fully respond to the user's intent and context.",none
frequent_traveler,subscription_charge_dispute,anxious_security_fear,"hey, i cancelled my netflix subscription but still got charged this month. can u help me get a refund and make sure this doesn’t happen again? also, i’ve been hearing about scams lately, so pls confirm that this is secure. i’d prefer to talk to a human about it.","To address your Netflix subscription issue, you will need to contact Netflix directly to ensure your subscription is fully canceled. Blocking payments in the Revolut app does not cancel the subscription itself. 

To prevent future charges from Netflix, you can block the merchant in the Revolut app. Here’s how:

1. Tap your profile icon in the top-left corner.
2. Select 'Security'.
3. Choose 'Payments' and then 'Blocked payments'.
4. Tap 'Add new' above 'Merchants' and select a previous payment from Netflix.

Regarding the charge you received this month, if you believe it was unauthorized, you can report it as fraudulent:

1. Go to 'Home' on the bottom menu.
2. Select the transaction from your transaction history.
3. Tap 'Get help'.
4. Choose 'Report this payment as fraudulent' and follow the steps.

As for your concerns about scams, it's important to stay vigilant. Ensure you do not share any personal information and verify any communications you receive. If you prefer to talk to a human, please reach out to Revolut's customer support directly through the app or website.

I hope this helps!",relevance,False,"The RAG-generated answer does not directly address the customer's request for a refund or ensure that the subscription cancellation is confirmed. It provides instructions on blocking payments and reporting fraudulent transactions, which are not directly related to the customer's request for a refund or confirmation of cancellation. Additionally, while it mentions contacting Netflix, it does not guide the customer on how to secure a refund or confirm the cancellation with Netflix. The response also fails to adequately address the customer's concern about security and preference to speak with a human, only briefly mentioning contacting Revolut's customer support without providing specific guidance on how to do so.",False,"The answer does not directly address the user's request for a refund from Netflix or confirm the security of the process. Instead, it focuses on blocking payments through the Revolut app and reporting fraudulent charges, which is not the core issue the user is concerned about. Additionally, it does not provide a clear path for contacting Netflix or addressing the user's preference to speak with a human, making it less relevant to the user's specific situation.",none
uk_freelance_designer,crypto_purchase_failed,empty,"Hi there, I'm trying to buy some Bitcoin through the app, but I keep getting a generic error message. I've got enough balance, so I'm not sure what's blocking the purchase. Can you help me sort this out? Cheers!",I don't have enough information to help with that.,relevance,False,"The RAG-generated answer does not directly address the customer's question. The customer is seeking assistance with a specific issue related to purchasing Bitcoin through the app, and the response fails to provide any guidance or steps to resolve the issue. It neither acknowledges the problem nor offers any potential solutions or next steps, such as checking app settings, contacting support, or verifying account details. Therefore, it does not meet the evaluation criteria of directly responding to the customer's query.",False,"The RAG answer does not address the user's specific issue regarding the generic error message encountered while trying to buy Bitcoin. Instead, it states a lack of information without providing any guidance or assistance related to the user's problem, which is not responsive to the user's intent.",none
gig_economy_courier,account_limit_reached_warning,typing_from_phone_with_typos,hey i can’t top up more money my account limit is blocking me idk what the limit is or how to up it plz help im in a rush running late for a delivery!,"It seems your account may have a temporary block on top-ups due to reasons like insufficient funds or security concerns. Unfortunately, I can't provide the exact limit or how to increase it. I recommend contacting your bank or card issuer for more details on the block.

In the meantime, you can try adding money using a different card, or through methods like Apple Pay, Google Pay, or bank transfers. For more information on adding money, you can refer to the relevant sections in the app.",relevance,False,"The RAG-generated answer does not directly address the customer's question about the account limit and how to increase it. While it suggests contacting the bank or card issuer for more details, it fails to provide any information on what the limit might be or how to increase it, which are the main concerns of the customer. Additionally, the suggestion to use alternative payment methods does not address the customer's immediate need to understand and potentially increase their account limit. Therefore, the response is not fully relevant to the customer's query.",False,"The RAG answer does not directly address the user's specific issue of not knowing the account limit or how to increase it. Instead, it provides generic advice about potential reasons for the block and suggests contacting the bank, which does not resolve the user's immediate concern. The answer also includes alternative methods for adding money, which is not what the user asked for. Overall, it fails to respond to the user's intent and context.",none
student_abroad,instant_transfer_limit_reached,anxious_security_fear,"hey i just tried to do an instant transfer but got a msg about a limit?? can u pls tell me what the limit is and when it resets, im really cautious after hearing so many scam stories lately. i need to make this transfer asap and not sure if i can trust the app right now, can i chat with a real person? thx",I don't have enough information to help with that.,relevance,False,"The RAG-generated answer does not address any part of the customer's query. The customer asked about the transfer limit, when it resets, and expressed concerns about security and the need to speak with a real person. The response 'I don't have enough information to help with that' does not provide any relevant information or guidance on these points, nor does it attempt to direct the customer to a source where they might find the answers. Therefore, it fails to meet the evaluation criteria.",False,"The RAG answer does not address the user's specific issue regarding the limit on instant transfers or when it resets. Instead, it states a lack of information, which does not respond to the user's intent or concern about making a transfer and their trust in the app. The answer fails to provide relevant information or guidance related to the user's query.",none
frequent_traveler,account_limit_reached_warning,empty,"hey, i can't top up my account anymore because of a limit, can you tell me what the limit is and how i can increase it? thanks!",I don't have enough information to help with that.,relevance,False,"The RAG-generated answer does not directly address the customer's question. The customer asked for specific information about the account limit and how to increase it. The response, 'I don't have enough information to help with that,' does not provide any relevant information or guidance on the issue. It neither addresses the limit nor offers steps to increase it, failing to meet the evaluation criteria.",False,"The RAG answer does not address the user's specific issue regarding the account top-up limit. It fails to provide information about the limit or how to increase it, which are the core concerns of the user's query. Instead, it indicates a lack of information, which does not respond to the user's intent.",none
busy_parent_on_mobile,cancel_subscription_not_working,angry_after_waiting,I’ve tried to cancel my gym payment like 5 times now and I can't find the option in the app!!! This is so frustrating and if I can't get this sorted out ASAP I might have to switch to another bank!!!,I don't have enough information to help with that.,relevance,False,"The RAG-generated answer does not directly address the customer's question about canceling their gym payment through the app. The response is vague and does not provide any guidance or steps to resolve the issue. It fails to acknowledge the customer's frustration or offer any assistance, such as directing them to customer support or providing troubleshooting steps. Therefore, it does not meet the evaluation criteria of directly responding to the customer's query.",False,"The RAG answer does not address the user's specific issue of canceling their gym payment. Instead, it states a lack of information, which does not provide any assistance or guidance related to the user's frustration and urgency regarding the cancellation process.",none
busy_parent_on_mobile,pending_verification_too_long,typing_from_phone_with_typos,hey i did the verification 3 days ago but my account still says pending i need to access full features for work and kids stuff can you tell me why its taking so long or if i can speed it up please,"Your verification process may take up to 7 business days, although it usually completes within 1 business day. If your account still shows pending after 3 days, please check your emails or in-app notifications for any requests for additional information. If you don’t see any prompts, it’s possible we already have everything we need. Unfortunately, there isn't a way to speed up the process. We appreciate your patience.",relevance,True,"The RAG-generated answer directly addresses the customer's question by explaining the typical duration of the verification process and advising the customer to check for any requests for additional information. It also clarifies that there is no way to expedite the process, which directly responds to the customer's inquiry about speeding it up. The answer is relevant and focused on the customer's concerns about the pending status of their account verification.",True,"The RAG answer directly addresses the user's concern about the pending verification status and provides relevant information about the typical duration of the process. It also suggests checking for additional information requests, which aligns with the user's intent to understand the delay and seek a solution. The answer does not deviate from the user's question and is specific to the issue raised.",none
crypto_day_trader,pending_verification_too_long,non_native_broken_english,"I finish verification 3 days ago but my account still pending. I can’t use full features, it’s so frustrating! Can you tell me when it be done or how to make it faster?","Your verification process usually takes up to 1 business day, but it can take up to 7 business days in some cases. Since it's been 3 days, please be patient as it may still be under review. You will receive a notification via email and in-app once it's completed. If you need further assistance, you can contact our customer support team using the in-app chat.",relevance,True,The RAG-generated answer directly addresses the customer's question by explaining the typical verification timeline and acknowledging that it can take up to 7 business days. It reassures the customer that they will be notified once the process is complete and provides an option to contact customer support for further assistance. This response is relevant and directly related to the customer's inquiry about the status of their account verification and how to expedite the process.,False,"The answer provides general information about the verification process and its typical duration, but it does not directly address the user's specific concern about their account still being pending after 3 days. It fails to provide a clear timeline for when the user can expect their account to be fully functional or any actionable steps to expedite the process, which is what the user is seeking.",none
uk_freelance_designer,business_account_upgrade_question,anxious_security_fear,"Hi there, I've been getting some fraud warnings lately and it's made me super cautious about my account. My freelance income is growing and I'm wondering when I should upgrade to a business account and what security changes that would bring. I’d prefer to chat with a human about this if possible, as I'm a bit worried about scams. Cheers!",I don't have enough information to help with that.,relevance,False,"The RAG-generated answer does not address the customer's query at all. The customer is asking about when to upgrade to a business account and the security changes that would entail, as well as expressing a preference to speak with a human due to concerns about scams. The response fails to provide any information or guidance on these topics and does not acknowledge the customer's preference for human interaction.",False,"The RAG answer does not address the user's specific issue regarding upgrading to a business account and the associated security changes. Instead, it states a lack of information, which does not respond to the user's intent or concerns about fraud warnings and the desire to discuss the matter with a human.",none
small_business_owner,cancel_subscription_not_working,anxious_security_fear,"Hey, I set up a recurring payment to my gym but can't find the option to cancel it in the app. With all the fraud stuff going on, I wanna make sure I'm not getting charged for something I don't use anymore. Can someone help me with this ASAP?","To cancel your recurring payment to the gym, you will need to contact the merchant directly, as blocking a subscription or merchant in the app does not cancel the subscription. Here are the steps to view your subscriptions:

1. Go to 'Payments' on the bottom menu.
2. Tap the calendar icon in the top right corner.
3. Select the subscription to view its details.

If you want to block future payments to the merchant, you can do so by following these steps:

1. Tap your profile icon in the top-left corner.
2. Select 'Security'.
3. Choose 'Payments' and then 'Blocked payments'.
4. Tap 'Add new' above 'Subscriptions' or 'Merchants' sections and select a previous payment from the merchant you want to block.

However, remember that blocking does not cancel the subscription. You must contact the gym directly to ensure the subscription is fully canceled.",relevance,True,"The RAG-generated answer directly addresses the customer's query by explaining that they need to contact the gym directly to cancel the recurring payment, which is the core concern of the customer. It also provides additional relevant information on how to view subscriptions and block future payments, which aligns with the customer's concern about unauthorized charges. The response is comprehensive and stays focused on the customer's issue without introducing unrelated topics.",True,"The RAG answer directly addresses the user's issue of canceling a recurring payment to the gym by providing specific steps to view subscriptions and emphasizing the need to contact the gym directly for cancellation. It is responsive to the user's intent and context regarding concerns about being charged for a service they no longer use, and it does not deviate to unrelated topics.",none
frequent_traveler,crypto_purchase_failed,poor_internet_connection,"hey, trying to buy bitcoin but getting a generic error. i’ve got enough balance. what’s blocking the purchase? on a train and signal is weak, plz help.","If you're getting a generic error while trying to buy Bitcoin, here are some steps you can try:

1. **Check your card details**: Ensure that all card information is correct and try again.
2. **3DS Authentication**: Make sure that 3DS authentication is working correctly in your banking app.
3. **Purchase from the Crypto section**: If you have a Revolut account, try purchasing crypto directly from the 'Crypto' section using your account balance.

If none of these steps resolve the issue, please reach out to us for further assistance.",relevance,True,"The RAG-generated answer directly addresses the customer's issue of encountering a generic error while trying to buy Bitcoin. It provides specific troubleshooting steps that are relevant to the situation, such as checking card details, ensuring 3DS authentication is working, and purchasing from the Crypto section if using a Revolut account. These suggestions are pertinent to resolving potential issues that could be causing the error. Additionally, the answer offers further assistance if the problem persists, which is helpful given the customer's situation of having a weak signal on a train.",False,"The answer provides general troubleshooting steps for purchasing Bitcoin but does not specifically address the user's issue of receiving a generic error while trying to buy Bitcoin, especially considering their weak signal and urgency. It fails to directly respond to the user's context and intent, which is to understand what might be blocking the purchase given their situation.",none
busy_parent_on_mobile,business_account_upgrade_question,typing_from_phone_with_typos,hey so my freelance income is getting bigger and im wondering when i should upgrade to a business account and what changes that will mean for me can you help me figure this out quick thanks,"You should consider upgrading to a Revolut Business account if your freelance income is growing significantly and you need advanced features such as team cards, automated payments, and multi-user access. Revolut Business is designed for businesses of all sizes, including legal entities, while Revolut Pro is tailored for freelancers and sole traders.

To upgrade, you can sign up for a Business account through the Revolut Business app or by visiting the sign-up page [here](https://business.revolut.com/signup?promo=RevFAQ&pid=internal&utm_source=internal&c=RevFAQ&utm_campaign=RevFAQ&geo-redirect). You can use the same phone number and email as your personal account.

The main changes with a Business account include access to a wider range of financial tools, the ability to manage team spending, and more comprehensive payment solutions. If you are still operating as a freelancer or sole trader, Revolut Pro may still be sufficient for your needs.",relevance,True,"The RAG-generated answer directly addresses the customer's query about when to upgrade to a business account and what changes it will entail. It provides specific criteria for considering an upgrade, such as the need for advanced features and significant income growth. It also explains the differences between Revolut Business and Revolut Pro, which is relevant to the customer's situation as a freelancer. Additionally, the answer includes information on how to upgrade, which is pertinent to the customer's request for quick assistance. Overall, the response is relevant and comprehensive in addressing the customer's question.",True,"The RAG answer directly addresses the user's question about when to upgrade to a business account and explains the implications of that upgrade. It provides specific information relevant to the user's freelance income situation and outlines the features of a Revolut Business account compared to Revolut Pro, which is pertinent to the user's context. The answer does not deviate from the user's core issue and is responsive to their intent.",none
crypto_day_trader,instant_transfer_limit_reached,non_native_broken_english,"hi, i try to send money but got limit message. what is limit and when reset? need to transfer now, market moving fast!","The limit for sending money depends on your destination country and base currency. Most currencies have no transfer limits, but if there are any exceptions, they will be shown in the Revolut app before you send money. 

If you have set a Wealth Protection limit for transfers, it will refresh every 24 hours. You can check your limits and reset dates in the 'Your plan' section of the app. If you reach your limit, you can authorize funds to leave your account by performing a selfie check.

To manage your limits, tap your profile icon in the top left corner, select ‘Security’, then ‘Wealth protection’ to adjust your settings.",relevance,False,"The RAG-generated answer provides some relevant information about transfer limits and how to manage them, but it does not directly address the customer's specific questions about what the current limit is and when it resets. The customer is looking for immediate information on their specific limit and reset time to make a transfer quickly, which the answer fails to provide. Additionally, the mention of 'Wealth Protection' and 'selfie check' might not be directly relevant to the customer's situation, as they did not mention these features in their query.",False,"The RAG answer provides information about limits for sending money and how to manage them, but it does not directly address the user's urgent need to know when the limit will reset. The user is looking for immediate assistance due to a time-sensitive situation ('market moving fast'), and the answer does not provide a clear timeframe or specific guidance on when they can transfer money again. Additionally, the mention of the Wealth Protection limit and selfie check may not be relevant to the user's immediate concern about the limit message.",none
uk_freelance_designer,unrecognized_transaction,anxious_security_fear,"Hi, I just noticed a transaction in my history that I definitely don't remember making, and with all the fraud warnings going around, I'm really worried it might be a scam. Can you help me dispute this charge? I’d prefer to speak to a human about it, as I don’t trust automated responses right now. Cheers.","To dispute the charge you don't recognize, please follow these steps in the Revolut app:

1. Tap on the transaction in your transactions list.
2. Tap 'Get help'.
3. Choose 'Report this payment as fraudulent'.
4. Follow the steps to raise a claim and select the option that best describes your situation.

After you submit the form, your card will be terminated for security. We will contact you as soon as possible regarding your claim, and you can track its progress in the app by tapping the reported transaction.

If you prefer to speak to a human, please request a live agent in the in-app chat for further assistance.",relevance,True,The RAG-generated answer directly addresses the customer's query by providing clear steps to dispute the charge within the Revolut app. It also acknowledges the customer's preference to speak to a human by instructing them on how to request a live agent in the in-app chat. This response is relevant and covers both the immediate action needed to dispute the charge and the customer's desire for human interaction.,True,"The RAG answer directly addresses the user's concern about disputing an unrecognized transaction and provides specific steps to do so. It also acknowledges the user's preference to speak to a human by suggesting they request a live agent in the in-app chat, which aligns with the user's intent and context. Therefore, the answer is relevant and responsive to the user's actual issue.",none
gig_economy_courier,card_not_working_abroad,typing_from_phone_with_typos,hey my card not working in thailand it just declined i didnt change anything is it frozen or merchant problem? need help fast im busy with kids and coffee here!,"Your card may be declined due to potential fraud detection by our security system or issues with the merchant. To check if your card is frozen, you can complete the in-app questionnaire by going to the home page of your Revolut app and tapping the relevant tile. 

If the transaction is not visible in your app, it could be due to merchant restrictions or technical issues on their side. I recommend reaching out to the merchant first. If they can't help, you can tap the declined transaction and select 'Troubleshoot my declined transaction' for further assistance. 

If you suspect your card is damaged, consider ordering a replacement card in-app.",relevance,True,"The RAG-generated answer directly addresses the customer's question by explaining potential reasons for the card being declined, such as fraud detection or merchant issues. It provides clear steps for the customer to check if the card is frozen through the app and suggests troubleshooting options if the transaction is not visible. Additionally, it advises on contacting the merchant and offers a solution if the card is damaged. The response is relevant and covers the main concerns raised by the customer.",True,"The RAG answer directly addresses the user's issue regarding their card not working in Thailand. It provides specific reasons for the decline (potential fraud detection or merchant issues) and offers actionable steps to check if the card is frozen and how to troubleshoot the transaction. The response is relevant to the user's context of needing urgent help while busy with kids and coffee, and it does not deviate to unrelated topics.",none
crypto_day_trader,subscription_charge_dispute,non_native_broken_english,"hi, i cancel netflix but still charge this month. i want refund and make sure it no happen again. please help me fast, i check my account all time.","To address your issue with Netflix, you need to contact them directly to request a cancellation of your subscription. Blocking payments in the Revolut app does not cancel the subscription itself.

To prevent future charges from Netflix, you can block the merchant in the Revolut app:

1. Tap your profile icon in the top-left corner.
2. Select 'Security'.
3. Choose 'Payments' and then 'Blocked payments'.
4. Tap 'Add new' above the 'Merchants' section and select a previous payment from Netflix.

For the charge that has already occurred, you will need to reach out to Netflix for a refund. I recommend checking their customer support for assistance with that.",relevance,False,"The RAG-generated answer does not directly address the customer's request for a refund and assurance that the issue will not happen again. While it provides instructions on how to block future payments through the Revolut app, it fails to guide the customer on how to ensure their Netflix subscription is properly canceled. Additionally, it does not offer any specific steps or contact information for obtaining a refund from Netflix, which is a critical part of the customer's query. The response should have included more detailed guidance on how to contact Netflix for both cancellation confirmation and refund processing.",False,"The answer does not directly address the user's request for a refund and assurance that future charges will not occur. While it provides steps to block payments and suggests contacting Netflix, it fails to specifically address the user's concern about the recent charge and the need for a refund, which is the core issue they are facing.",none
crypto_day_trader,joint_account_not_allowed,angry_after_waiting,"I’ve been trying to figure out how to share my account with my wife, but you guys don’t offer that?? I’m seriously done waiting on hold and getting no answers! If I can’t get this sorted ASAP, I might just switch to a different app!",I don't have enough information to help with that.,relevance,False,"The RAG-generated answer does not directly address the customer's question about sharing their account with their wife. It fails to provide any information or guidance on whether account sharing is possible or how to proceed. Instead, it simply states a lack of information, which does not help the customer resolve their issue or provide any direction. The response is evasive and does not engage with the customer's specific concern.",False,"The RAG answer does not address the user's specific issue of sharing an account with their wife. Instead, it states a lack of information, which does not respond to the user's intent or provide any relevant guidance. This fails to address the core concern of the user, who is frustrated with the lack of support and is considering switching apps.",none
frequent_traveler,cancel_subscription_not_working,non_native_broken_english,"hi, i need help to cancel my gym payment. i set it up but now i dont find option in app. can you help me? thanks.",I don't have enough information to help with that.,relevance,False,"The RAG-generated answer does not directly address the customer's question about canceling their gym payment. The customer is seeking assistance with a specific issue related to finding the cancellation option in the app, but the response simply states a lack of information without offering any guidance or steps to resolve the issue. A relevant answer would provide instructions, suggest contacting customer support, or offer alternative solutions.",False,"The RAG answer does not address the user's specific issue of canceling a gym payment through the app. Instead, it states a lack of information, which does not provide any assistance or guidance related to the user's request. This response fails to be relevant to the user's intent and context.",none
frequent_traveler,crypto_purchase_failed,non_native_broken_english,"hi, i try to buy bitcoin but error come. i have enough money in my account, why i cannot buy? please help me.","It sounds like your attempt to buy Bitcoin may be failing due to insufficient funds in the relevant currency account or assigned Pocket. Please double-check that you have enough money in your account specifically for the purchase. 

If you are sure you have enough funds, you might also want to ensure that your card details are correct and that there are no issues with 3DS authentication. If the problem persists, try purchasing crypto from the 'Crypto' section using your account balance. 

If none of these steps resolve the issue, please reach out to us for further assistance.",relevance,True,"The RAG-generated answer directly addresses the customer's question by suggesting possible reasons for the error when trying to buy Bitcoin, such as insufficient funds in the relevant currency account or issues with card details and 3DS authentication. It also provides actionable steps for the customer to verify their account balance and card details, and suggests trying to purchase from the 'Crypto' section. Additionally, it offers further assistance if the problem persists, which is relevant to the customer's request for help.",False,"The RAG answer does not directly address the user's specific issue of receiving an error when trying to buy Bitcoin despite having enough money in their account. Instead, it suggests checking for insufficient funds and card details, which may not be relevant to the user's situation. The answer also introduces generic troubleshooting steps that could apply to various scenarios, rather than focusing on the user's specific problem.",none
crypto_day_trader,subscription_charge_dispute,angry_after_waiting,"Yo, I canceled my Netflix sub ages ago but got charged again this month! I’ve tried to sort this out like 3 times already and I'm getting rekt here! I need a refund ASAP and I wanna make sure this doesn’t happen again, or I’m seriously thinking of bouncing from Revolut!","To resolve the issue with your Netflix subscription charge, you should first contact Netflix directly to ensure that your subscription is fully canceled. Blocking the payment in the Revolut app does not cancel the subscription itself.

If you want to dispute the charge, follow these steps in your Revolut app:
1. Tap on the transaction in your transaction list.
2. Tap 'Get help'.
3. Select the issue and complete the form to submit your dispute.

To prevent this from happening again, you can block future payments to Netflix:
1. Tap your profile icon in the top-left corner.
2. Select 'Security'.
3. Choose 'Payments' and then 'Blocked payments'.
4. Tap 'Add new' and select Netflix from your previous payments.

Make sure to contact Netflix to confirm the cancellation of your subscription to avoid further charges.",relevance,True,"The RAG-generated answer directly addresses the customer's concerns by providing steps to dispute the charge through the Revolut app and advising on how to block future payments to Netflix. It also emphasizes the importance of contacting Netflix to ensure the subscription is fully canceled, which is crucial to prevent further charges. The response is relevant and covers the main aspects of the customer's query, including seeking a refund and preventing future charges.",True,"The RAG answer directly addresses the user's issue regarding the unexpected charge from Netflix after cancellation. It provides specific steps to contact Netflix for confirmation of cancellation and outlines how to dispute the charge through the Revolut app. Additionally, it offers preventive measures to avoid future charges, which aligns with the user's intent to ensure this does not happen again. The answer is relevant and responsive to the user's concerns.",none
non_native_english_worker,payment_declined_large_amount,empty,"Hi, I tried to buy some stuff with my card but it declined. I have enough money on account, why it not work? Need help, please.","Your card payment may have been declined for several reasons, even if you have enough money in your account. Here are some steps you can take to troubleshoot the issue:

1. **Check Currency Account**: Ensure that your card is linked to a currency account with sufficient funds. If it's linked to an account with a low balance, the payment will be declined. You can check this by selecting the card, tapping 'Settings', and then 'Spend from'.

2. **Check Pocket Balance**: If your card is linked to a Pocket, make sure that the Pocket has enough balance. You can view your Pocket balance by tapping on 'Accounts' below your balance and going to 'Pockets'.

3. **Review Declined Transaction**: Open your transactions list in the app by tapping 'See all' below your most recent transactions. Tap the declined payment to see the transaction's details and check the 'Status' section for the reason.

4. **Merchant Issues**: Sometimes, the merchant may have restrictions or technical issues. If you can't see the declined payment in your app, it might be due to the merchant's side. You can fill out this form [here](https://app.revolut.com/form/13ef84b4-1e3b-48eb-8e8b-0030e7e08adc?faqEntryPoint=question.why-has-my-card-payment-been-declined) to reach out to the merchant for resolution.

5. **Security System**: If our security system flagged the transaction as potential fraud, you may need to complete an in-app questionnaire to unblock the merchant. Check for any notifications in your app regarding this.

If you've checked all these factors and still need assistance, please let me know!",relevance,True,"The RAG-generated answer directly addresses the customer's question about why their card was declined despite having enough money in their account. It provides several potential reasons for the decline, such as issues with the currency account, Pocket balance, merchant restrictions, and security system flags. The answer also offers actionable steps for the customer to troubleshoot the issue, such as checking account settings, reviewing transaction details, and contacting the merchant if necessary. This comprehensive response is relevant and directly related to the customer's query.",True,"The RAG answer directly addresses the user's issue of a declined card payment despite having sufficient funds. It provides specific troubleshooting steps related to the user's situation, such as checking account balances, reviewing declined transactions, and considering merchant issues. The response is relevant to the user's intent and context, and it does not deviate from the core issue presented in the query.",none
student_abroad,daily_top_up_limit_reached,typing_from_phone_with_typos,hey i need to add more funds today but i hit the limit when does that reset and is there any way to get around it like can i do a transfer or something pls let me know thx,"Your withdrawal limit resets on a rolling monthly basis, based on the day your current price plan began. To check your exact limit refresh date and remaining allowance, tap your profile icon in the top-left corner, select 'Your plan', and look under the 'Your limits' section.

Unfortunately, there is no way to bypass the withdrawal limit. If you need to add more funds, you may consider making a transfer, but I don't have enough information to help with that.",relevance,False,"The RAG-generated answer does not directly address the customer's query about adding more funds and hitting a limit. The customer is asking about a limit reset and potential ways to bypass it, specifically mentioning transfers. The response incorrectly addresses a 'withdrawal limit' instead of a 'funding limit' and fails to provide clear guidance on whether a transfer is a viable option for adding more funds. The answer lacks clarity and does not fully address the customer's needs.",False,"The answer provides information about the withdrawal limit reset and how to check it, which is relevant to the user's question. However, it fails to directly address the user's request for a way to bypass the limit or provide specific guidance on making a transfer. The mention of considering a transfer is vague and does not adequately respond to the user's intent to find a solution to their immediate issue.",none
crypto_day_trader,cancel_subscription_not_working,poor_internet_connection,"yo, can’t find how to cancel my gym payment in the app, keep looking but no luck. im on a train and signal is weak, pls help asap!",I don't have enough information to help with that.,relevance,False,"The RAG-generated answer does not directly address the customer's question about how to cancel their gym payment in the app. The response simply states a lack of information without attempting to provide any guidance or steps that could help the customer, such as suggesting where to find the cancellation option in the app or advising them to contact customer support. Therefore, it fails to meet the evaluation criteria of directly responding to the customer's query.",False,"The RAG answer does not address the user's specific issue of canceling a gym payment in the app. Instead, it states a lack of information, which does not provide any assistance or guidance related to the user's request. This response fails to be relevant to the user's intent and context.",none
crypto_day_trader,instant_transfer_limit_reached,angry_after_waiting,"Yo, I keep getting hit with this transfer limit message and I need to send funds NOW! What’s the limit and when does it reset? I’ve already wasted too much time trying to sort this out, fix it or I’m outta here!","The transfer limits for your account are set by you through the Wealth Protection feature. These limits refresh every 24 hours. To check your current limits and when they reset, follow these steps:

1. Tap your profile icon in the top left corner.
2. Select ‘Security’.
3. Select ‘Wealth protection’.

If you reach your limit, you can authorize additional funds to leave your account by completing a selfie check. If you need to adjust your limits, you can do so in the same section. 

If you have further questions or need assistance with specific limits, please let me know!",relevance,True,"The RAG-generated answer directly addresses the customer's question by explaining that the transfer limits are set through the Wealth Protection feature and refresh every 24 hours. It provides clear instructions on how to check and adjust these limits, which is relevant to the customer's need to understand the limit and when it resets. Additionally, it offers a solution for authorizing additional funds if the limit is reached, which is pertinent to the customer's urgency in sending funds. The response is comprehensive and relevant to the query.",True,"The RAG answer directly addresses the user's issue regarding transfer limits by explaining how to check and adjust them. It provides specific steps to follow, which aligns with the user's intent to resolve the transfer limit message they are encountering. The answer does not deviate from the user's question and is relevant to their immediate concern.",none
frequent_traveler,card_lost_need_freeze,anxious_security_fear,"hey, i lost my revolut card while traveling and i need to freeze it ASAP. i’m really concerned about security after hearing about scams lately. can you help me with this or do i have to deal with the bot?","To freeze your Revolut card, follow these steps:

1. Open the Revolut mobile app.
2. Go to 'Home' on the bottom menu.
3. Tap the card icon in the top-right corner.
4. Choose the card you wish to freeze.
5. Tap 'Freeze'.

Alternatively, if you still have access to your account, you can also freeze your card by:

1. Tapping your profile icon in the top-left corner.
2. Selecting 'Security' and then 'Lost card'.
3. Selecting the card and tapping 'Freeze'.

If you don't have access to your account, you can report a lost device by visiting [this link](https://app.revolut.com/lost-device) and following the on-screen instructions.

If you need further assistance, feel free to reach out to support@revolut.com.",relevance,True,"The RAG-generated answer directly addresses the customer's concern about freezing their Revolut card. It provides clear, step-by-step instructions on how to freeze the card using the Revolut app, which is the primary concern of the customer. Additionally, it offers an alternative method if the customer does not have access to their account and provides a contact email for further assistance. The response is relevant, comprehensive, and does not include unrelated information.",True,"The RAG answer directly addresses the user's issue of needing to freeze their lost Revolut card. It provides clear, step-by-step instructions on how to freeze the card through the app, which is exactly what the user is asking for. Additionally, it offers an alternative solution for reporting a lost device if the user does not have access to their account, which is relevant to the user's concern about security. The answer is responsive to the user's intent and context, and does not deviate to a different question or topic.",none
non_native_english_worker,payment_declined_large_amount,typing_from_phone_with_typos,"hey, I try to buy something big but card declined, no reason given, I have enough money, can you help me? kids running around and I need fix this fast!","It sounds like your card payment was declined, and there could be several reasons for this. Here are some steps you can take to resolve the issue quickly:

1. **Check Transaction Details**: From your home screen, open your transactions list by tapping 'See all' below your most recent transactions. Tap the declined payment to see the transaction's details. The reason for the decline should be visible in the 'Status' section.

2. **Troubleshoot the Decline**: If you don't see the declined transaction in your app, it may be due to merchant restrictions or technical issues. You can tap the transaction and select 'Troubleshoot my declined transaction' to answer a few questions about it.

3. **Reach Out to the Merchant**: Since we have no visibility of the decline reason, it's recommended to contact the merchant directly for assistance.

4. **Fill Out a Form**: If the merchant is unable to help, you can fill out this form [here](https://app.revolut.com/form/13ef84b4-1e3b-48eb-8e8b-0030e7e08adc?faqEntryPoint=question.why-has-my-card-payment-been-declined) to help us raise your case directly with them.

If you continue to experience issues, please let us know, and we’ll look into it further for you.",relevance,True,"The RAG-generated answer directly addresses the customer's query about a card decline. It provides a step-by-step guide on how to check the transaction details, troubleshoot the issue, and suggests contacting the merchant for further assistance. Additionally, it offers a form to fill out if the merchant cannot help, which is relevant to resolving the issue. The response is focused on the customer's problem and offers practical solutions, meeting the evaluation criteria.",True,"The RAG answer directly addresses the user's issue of a declined card payment by providing specific steps to troubleshoot and resolve the problem. It acknowledges the urgency of the situation and offers actionable advice tailored to the user's context, ensuring that it is responsive to their intent and needs.",none
student_abroad,pending_verification_too_long,anxious_security_fear,"hey, i verified my account 3 days ago but it still says pending. i can’t access anything and with all the scams going on, i’m super concerned. can u pls tell me how long it’ll take or if there’s a way to speed this up? need to feel secure here, thx!","The verification process usually takes up to 1 business day, but it can take up to 7 business days in some cases. Since you verified your account 3 days ago, it may still be within the normal timeframe. You will be notified via email and an in-app notification once it's completed. If you have not received any prompts for additional information, please check your emails for updates. If you need further assistance, you can contact customer support through the in-app chat. Thank you for your patience.",relevance,True,"The RAG-generated answer directly addresses the customer's query by explaining the typical timeframe for account verification, which is up to 7 business days. It acknowledges that the customer's situation is still within the normal timeframe since only 3 days have passed. The answer also provides guidance on what to expect next, such as email and in-app notifications, and suggests checking emails for updates. Additionally, it offers a solution for further assistance by directing the customer to contact support through the in-app chat. This response is relevant and directly addresses the customer's concerns about the verification process and security.",True,"The answer directly addresses the user's concern about the pending verification status and provides relevant information about the typical timeframe for verification. It acknowledges the user's anxiety regarding security and offers guidance on what to expect and how to seek further assistance, which aligns with the user's intent and context.",none
crypto_day_trader,account_limit_reached_warning,non_native_broken_english,"Hi, I try to top up my account but it say limit reached. What is limit? How I can increase it? I need more money for trading, very urgent!","The limit you are encountering is likely related to the maximum order limit for trading. You can place buy orders up to 100,000 units of the relevant currency at any given time. If you have a Trading Pro subscription, this limit increases to 250,000 units.

To increase your limit, consider subscribing to the Trading Pro service, which offers higher order limits. You can find more information about Trading Pro features [here](https://help.revolut.com/help/wealth/trading-pro/what-is-trading-pro).

If you need immediate assistance with topping up your account, please check your current limits in the 'Your plan' section of the app.",relevance,False,"The RAG-generated answer does not directly address the customer's query about the account top-up limit. The customer is asking about the limit related to topping up their account, not the trading order limit. The response incorrectly assumes the issue is with trading order limits and suggests subscribing to a Trading Pro service, which is unrelated to the customer's immediate concern about topping up their account. The answer fails to provide information on what the top-up limit is and how it can be increased, which are the main points of the customer's query.",True,"The RAG answer directly addresses the user's issue regarding the limit they encountered while trying to top up their account. It explains what the limit is and provides a specific solution for increasing it by suggesting the Trading Pro subscription. Additionally, it offers guidance on checking current limits in the app, which is relevant to the user's urgent need for more money for trading.",none
small_business_owner,exchange_rate_markup_question,empty,"Hey, I noticed the exchange rate in the app is different from what I see on Google or Reuters. Does Revolut add a markup on these rates? I need to be sure for my supplier payments.","Revolut offers competitive exchange rates based on data from multiple independent sources. However, there is a difference between the buy and sell prices, known as the spread, which includes a mark-up applied by Revolut per order. This means that the rates you see in the app may differ from those on Google or Reuters due to this mark-up.

Before making any exchanges, you can review the rate and any applicable fees in the app. To check the current exchange rates, you can go to the currency converter on our website or within the app by adding the Watchlist widget.",relevance,True,"The RAG-generated answer directly addresses the customer's question about whether Revolut adds a markup on exchange rates. It explains that the difference between the buy and sell prices, known as the spread, includes a markup applied by Revolut. Additionally, it provides guidance on how to review the rates and any applicable fees in the app, which is relevant to the customer's concern about supplier payments. The answer is focused and does not include unrelated information, making it a complete and relevant response to the query.",True,"The RAG answer directly addresses the user's concern about the difference in exchange rates and confirms that Revolut applies a markup, which is relevant to the user's question about supplier payments. It explains the concept of the spread and provides guidance on how to check rates, aligning with the user's intent and context.",none
crypto_day_trader,pending_verification_too_long,anxious_security_fear,"Hey, I completed my verification 3 days ago and my account still says pending. This is super frustrating, especially with all the scams going around. I can't access full features and I need to know when this will be sorted or if there's a way to speed it up. I don’t trust automated replies, can I get a human on this?","Your verification status may take up to 7 business days to complete. Since it has been 3 days, please be patient as it is still within the expected timeframe. You will receive a notification via email and in-app once it is completed.

If you need assistance or want to check the status, you can contact our customer support team through the in-app chat. Just type 'Live agent' to request help from a human representative.",relevance,True,"The RAG-generated answer directly addresses the customer's query by explaining that the verification process can take up to 7 business days, which is relevant to the customer's concern about the pending status after 3 days. It also provides a solution for contacting a human representative, which aligns with the customer's request to avoid automated replies and speak to a human. The response is relevant and covers the main aspects of the customer's question.",False,"The answer provides information about the verification process and suggests contacting customer support, but it does not directly address the user's frustration or urgency regarding the pending status of their account. It fails to acknowledge the user's specific concern about the delay and the need for a human response, which is central to their query.",none
non_native_english_worker,subscription_charge_dispute,angry_after_waiting,I cancelled Netflix long time ago but still got charged this month! I called and waited but no help! I want refund now and make sure this not happen again or I close account!,"To address the charge from Netflix, you should first contact them directly to resolve the issue, as most problems like cancellations and refunds are best handled with the merchant. If you are unable to get a resolution from Netflix, you can dispute the transaction in your Revolut app by following these steps:

1. Tap the transaction in your transactions list.
2. Tap 'Get help'.
3. Select the issue.
4. Complete and submit the form.

If you need a refund for a charge that was applied to a closed account, you can email us at support@revolut.com with the necessary information, including a bank statement and confirmation from Netflix showing the refund was applied.

To prevent this from happening again, ensure that you have properly cancelled your Netflix subscription and keep an eye on your transactions. If you continue to experience issues, please let us know.",relevance,True,The RAG-generated answer directly addresses the customer's query by providing steps to resolve the issue with Netflix and instructions on how to dispute the transaction through the Revolut app. It also offers guidance on obtaining a refund if the charge was applied to a closed account and advises on preventing future occurrences. The response is relevant and covers the main concerns raised by the customer: obtaining a refund and preventing future charges.,False,"The RAG answer provides general advice on how to contact Netflix and dispute a transaction, but it does not directly address the user's specific issue of being charged after cancellation. It also includes steps related to Revolut, which may not be relevant to the user's primary concern about Netflix. The answer does not fully acknowledge the user's request for a refund or assurance that this will not happen again, making it less relevant to the user's actual issue.",none
gig_economy_courier,instant_transfer_limit_reached,typing_from_phone_with_typos,"hey, im trying to send money instantly but got this limit msg, what’s the limit and when it resets? i need to know fast, im busy with kids and work, thx!","The limits for sending money depend on your destination country and base currency. Most currencies have no transfer limits, but if you encounter a limit message, it may be due to specific exceptions. You can check your limits and reset dates in the 'Your plan' section of the app. If you need more detailed information, please refer to our Terms and Conditions.",relevance,False,"The RAG-generated answer does not directly address the customer's specific questions about the exact limit and when it resets. While it provides general information about transfer limits and suggests checking the app for details, it fails to give a direct answer or guidance on how to find the specific limit and reset time. The customer is looking for a quick and specific response due to their busy schedule, and the answer does not meet this need.",False,"The answer does not directly address the user's specific issue regarding the limit they encountered when trying to send money. It provides general information about limits and where to find more details, but it fails to give a clear answer about what the specific limit is and when it resets, which is what the user is urgently asking for.",none
crypto_day_trader,daily_top_up_limit_reached,typing_from_phone_with_typos,"hey im tryin to add more funds but hit the limit again when does it reset?? need to buy the dip today fr, any workarounds?? plz help me out here, im multitasking and cant wait long thx!","Your daily limits for buying crypto reset 24 hours after your last transaction. If you've hit your limit, you'll need to wait until it resets. Unfortunately, I don't have any workarounds for this situation. You can check your limits by going to 'Crypto' on the bottom menu, tapping 'More', selecting 'Limits and fees', and then tapping 'Sending limits'.",relevance,True,"The RAG-generated answer directly addresses the customer's question by explaining when the daily limits reset, which is 24 hours after the last transaction. It also clarifies that there are no workarounds for the situation, which is relevant to the customer's request for alternatives. Additionally, it provides guidance on how to check the limits, which is useful information for the customer. The response is focused on the customer's query and does not include unrelated information.",True,"The RAG answer directly addresses the user's issue regarding the reset of daily limits for adding funds. It provides specific information about the 24-hour reset period and explains the process to check limits, which is relevant to the user's intent and context. The answer does not deviate from the user's question or provide generic information, thus it is relevant.",none
busy_parent_on_mobile,crypto_limit_warning,non_native_broken_english,hi i got message sayin i reach crypto limit what is limit can i make it bigger i need help plz,"Your crypto withdrawal limits are set to prevent monetary loss and protect your account. To check your current limits, follow these steps:

1. Go to 'Crypto' on the bottom menu.
2. Tap 'More'.
3. Select 'Limits and fees'.
4. Tap 'Sending limits'.

If you want to increase your Wealth Protection limits, you can do so in-app by:

1. Tapping your profile icon in the top left corner.
2. Selecting ‘Security’.
3. Selecting 'Wealth protection'.
4. Adjusting the limit you wish to set or turning the toggle off to disable it.

Keep in mind that limits are periodically reviewed and may be adjusted based on account activity.",relevance,True,"The RAG-generated answer directly addresses the customer's query about crypto limits. It explains how to check the current limits and provides steps to potentially increase them. The response is relevant and provides actionable steps, which aligns with the customer's request for help in understanding and possibly adjusting their crypto limits.",True,"The RAG answer directly addresses the user's issue regarding their crypto withdrawal limits and provides specific steps to check and potentially increase those limits. It is responsive to the user's intent and context, focusing on the user's concern about the limit and how to manage it, without deviating to unrelated topics.",none
non_native_english_worker,account_limit_reached_warning,non_native_broken_english,"Hi, I can’t add more money to my account. What limit I have and how I can make it bigger? I need send to family in Ukraine, very important. Thanks!","To send money to Ukraine, you can make bank transfers or card transfers. For card transfers, you are allowed one fee-free transfer per month; subsequent transfers incur a 1% fee. 

Regarding limits, there is a monthly limit of ₴100,000 for card top-ups from Ukraine, which now counts towards this limit due to recent changes. You should check with your card issuer for specific limits that apply to your transactions.

If you need to increase your transfer limits, you may want to look into Wealth Protection limits, which you can manage in-app. Unfortunately, the maximum and minimum transfer limits for bank transfers cannot be changed.

If you are experiencing issues adding money, consider using a Mastercard for topping up, as it may not be affected by the same restrictions as Visa. 

For further assistance, you can check your transactions in the app or refer to the relevant FAQs.",relevance,False,"The RAG-generated answer provides information on how to send money to Ukraine and mentions transfer limits, but it does not directly address the customer's specific question about their account limit and how to increase it. The customer is asking about adding money to their account and the associated limits, not about sending money or transfer fees. The response should have focused on the account top-up limits and the process to increase those limits, rather than discussing transfer methods and fees.",True,"The RAG answer directly addresses the user's issue of not being able to add more money to their account by providing information about transfer limits and options for increasing those limits. It also offers specific advice on how to proceed with sending money to Ukraine, which aligns with the user's intent and context. The answer does not deviate from the user's question and provides relevant details that are specific to their situation.",none
student_abroad,daily_top_up_limit_reached,empty,"hey, i need to add more funds today but hit my limit. when does it reset? is there any workaround? thx!","Your ATM withdrawal limit resets on a rolling monthly basis, based on the day your current price plan began. To check your exact limit refresh date and remaining allowance, tap your profile icon in the top-left corner, select 'Your plan,' and look under the 'Your limits' section.

Unfortunately, there is no workaround to bypass the limit. If you need a temporary increase, you can request it by tapping the 'Increase limit' button in the app.",relevance,False,"The RAG-generated answer incorrectly addresses the customer's query by discussing ATM withdrawal limits, which is not relevant to the customer's issue of adding more funds. The customer is asking about a limit related to adding funds, not withdrawing them. Additionally, the response does not provide information on when the limit for adding funds resets or any potential workarounds for this specific issue. Therefore, the answer does not directly address the customer's question.",True,The RAG answer directly addresses the user's question about when their limit resets and provides specific instructions on how to check their limit refresh date. It also responds to the user's inquiry about workarounds by stating that there is no workaround but offers a method to request a temporary increase. This shows that the answer is relevant to the user's specific issue.,none
frequent_traveler,pending_verification_too_long,empty,"hey, i completed my verification 3 days ago but my account is still pending. when can i access all the features? is there a way to speed this up?","Your verification process typically takes up to 1 business day, but it can take up to 7 business days in some cases. Since it has been 3 days, I recommend being patient as it may still be processing. Unfortunately, there is no way to speed up the verification process. You will receive a notification via email and in-app once your verification is complete.",relevance,True,"The RAG-generated answer directly addresses the customer's query by explaining the typical and maximum timeframes for the verification process, acknowledging the current status of the customer's verification, and clarifying that there is no way to expedite the process. It also informs the customer about how they will be notified once the verification is complete. The response is relevant and directly related to the customer's question about the pending status and potential ways to speed up the process.",False,"The answer provides information about the typical duration of the verification process and states that there is no way to speed it up. However, it does not directly address the user's specific concern about accessing features after verification or provide any actionable steps to resolve the pending status. The response is somewhat generic and does not fully engage with the user's intent to understand when they can access features or if there are any options to expedite the process.",none
gig_economy_courier,card_not_working_abroad,poor_internet_connection,"hey my card declined in thailand, not changed settings. is it frozen or merchant issue? pls help, no signal here.","Your card may be declined due to several reasons, including merchant issues or potential security blocks. Since you can't see the declined transaction in your app, it could be due to a technical disruption on the merchant's side or regional restrictions.

To troubleshoot, I recommend reaching out to the merchant first. If they can't assist you, you can tap the declined transaction in your app to see more details or fill out this form to help us raise your case directly with the merchant: [Merchant Issue Form](https://app.revolut.com/form/13ef84b4-1e3b-48eb-8e8b-0030e7e08adc?faqEntryPoint=question.declined-payment-is-not-visible-in-transactions-list).

If your card is frozen due to security reasons, you will need to complete the in-app questionnaire to unblock it. You can access this questionnaire from the home page of your Revolut app.",relevance,True,"The RAG-generated answer directly addresses the customer's question by explaining potential reasons for the card decline, such as merchant issues or security blocks. It provides actionable steps for the customer to troubleshoot the issue, including contacting the merchant and checking the app for more details. Additionally, it offers guidance on what to do if the card is frozen due to security reasons. The response is relevant and covers the possible scenarios the customer is concerned about.",False,"The answer provides general information about potential reasons for a card decline but does not directly address the user's specific concern about whether the card is frozen or if the issue is with the merchant. It suggests reaching out to the merchant and troubleshooting steps, which may not be relevant given the user's context of being in Thailand with no signal. The response lacks a direct answer to the user's question about the status of their card.",none
non_native_english_worker,instant_transfer_limit_reached,poor_internet_connection,"hey, i try send money home but got message about limit. what limit? when it reset? i need it now, train signal bad, please answer fast.","The limit you're encountering could be related to the maximum amount you can withdraw or send, which depends on your destination country and base currency. For withdrawals, you can withdraw up to £3,000 (or equivalent) within a 24-hour period. 

To check your specific limits and when they reset, go to the 'Your plan' section in the Revolut app. If you need further assistance, I recommend checking that section for detailed information.",relevance,True,"The RAG-generated answer directly addresses the customer's question about the limit they encountered when trying to send money. It explains that the limit could be related to the maximum amount that can be withdrawn or sent, which varies by destination country and currency. It also provides specific information about withdrawal limits and advises the customer to check the 'Your plan' section in the Revolut app for their specific limits and reset times. This guidance is relevant and directly related to the customer's query, even though it does not provide an exact reset time, it directs the customer to where they can find this information.",False,"The answer provides general information about withdrawal limits and suggests checking the app for specific details, but it does not directly address the user's specific question about the limit they encountered or when it resets. The user is looking for immediate and specific information regarding their situation, which the answer fails to provide.",none
crypto_day_trader,crypto_withdrawal_pending,empty,"Hey, I sent some crypto to an external wallet 12 hours ago and it's still pending! I'm really worried it's lost or something. Can you check what's going on?","To check the status of your pending crypto withdrawal, please follow these steps:

1. Go to 'Crypto' on the bottom menu.
2. Scroll to the transactions list or select the crypto you withdrew.
3. Find your withdrawal transaction and tap on it to see the reason why it's pending.

Your withdrawal could be pending due to internal assessment, broadcasting to the network, or confirmation on-chain. If it remains pending for too long, it may be due to high traffic on the blockchain network. You can monitor your transaction on the blockchain scanner by tapping 'Blockchain hash' on the transaction, then 'View my transaction'.

If the transaction is shown as completed on the explorer but the funds haven't arrived in your receiving wallet, you may need to reach out to the provider of that wallet for further support.",relevance,True,"The RAG-generated answer directly addresses the customer's concern about the pending crypto transaction. It provides clear steps for the customer to check the status of their withdrawal and explains possible reasons for the delay. Additionally, it offers guidance on what to do if the transaction is completed on the blockchain but not reflected in the receiving wallet. The response is relevant and focused on the customer's issue without introducing unrelated topics.",True,"The RAG answer directly addresses the user's concern about a pending crypto transaction by providing specific steps to check the status of the withdrawal. It explains potential reasons for the pending status and suggests monitoring the transaction on a blockchain scanner, which is relevant to the user's issue. The answer does not deviate from the user's question or provide generic information, thus effectively responding to the user's intent and context.",none
non_native_english_worker,cancel_subscription_not_working,empty,"Hi, I need help. I set up gym payment every month but I can't find how to cancel it in app. Can you tell me how to do this? Thanks.","To cancel your gym subscription, you will need to contact the merchant directly, as blocking a subscription in the app does not cancel it. If you have set up a Direct Debit for the gym payment, you can cancel it by following these steps:

1. Go to 'Payments' on the bottom menu.
2. Tap the calendar icon in the top-right.
3. Tap on the active Direct Debit for the gym.
4. Tap 'Cancel future payments'.

If you need further assistance, please reach out to the gym directly.",relevance,True,"The RAG-generated answer directly addresses the customer's question about how to cancel their gym payment. It provides clear instructions on how to cancel a Direct Debit through the app, which is relevant to the customer's query about managing their gym payment. Additionally, it advises the customer to contact the gym directly, which is pertinent advice if the payment cannot be canceled through the app. The response is focused and does not include unrelated information, making it a relevant and complete answer to the customer's question.",False,"The answer does not directly address the user's request for help with canceling the gym payment in the app. While it provides steps for canceling a Direct Debit, it does not clarify how to cancel the subscription specifically within the app, which is the user's main concern. Additionally, it suggests contacting the merchant, which diverts from the user's request for in-app instructions.",none
crypto_day_trader,business_account_upgrade_question,anxious_security_fear,"hey, I’ve been getting these fraud warnings and I’m super paranoid about my funds. my freelance income is growing and I need to know when I should upgrade to a business account. what changes come with it? I don’t want to risk getting rekt, so pls send a human to help me out fast!",I don't have enough information to help with that.,relevance,False,"The RAG-generated answer does not address the customer's query at all. The customer is asking about when to upgrade to a business account and what changes come with it, as well as expressing a need for immediate human assistance due to concerns about fraud warnings. The response fails to provide any information or guidance on these topics, nor does it acknowledge the request for human assistance. Therefore, it does not meet the evaluation criteria of directly responding to the customer's question.",False,"The RAG answer does not address the user's specific issue regarding fraud warnings, the need for a business account, or the changes that come with it. Instead, it states a lack of information, which does not respond to the user's concerns or intent.",none
busy_parent_on_mobile,apple_pay_not_working,typing_from_phone_with_typos,hey im trying to add my revolut card to apple pay but i keep getting this error message like what is going on card works for regular purchases so idk why this is happening help me out plz,"To successfully add your Revolut card to Apple Pay, please ensure the following:

1. Your account is fully verified.
2. Your account balance isn't negative.
3. You are using a supported card type (Visa or Mastercard).
4. You don't have the same card digitalized on too many devices.
5. The card you're trying to add isn't frozen or terminated.

If you continue to experience issues, try deleting the card from Apple Pay and re-adding it. If the problem persists, please check these steps and ensure everything is in order.",relevance,True,"The RAG-generated answer directly addresses the customer's issue by providing a list of potential reasons why the Revolut card might not be adding to Apple Pay. It suggests checking account verification, balance, card type, digitalization limits, and card status, which are all relevant to the problem described. Additionally, it offers a troubleshooting step of deleting and re-adding the card. This response is comprehensive and relevant to the customer's query.",True,"The RAG answer directly addresses the user's issue of adding their Revolut card to Apple Pay by providing specific troubleshooting steps related to the error they are experiencing. It is responsive to the user's intent and context, focusing on the problem of the card not being added despite working for regular purchases. The answer does not deviate to unrelated topics or provide generic advice, making it relevant to the user's query.",none
frequent_traveler,weekend_transfer_fee,non_native_broken_english,"hi, i made transfer on saturday and got charged fee. why weekend make difference? i dont understand.","Transfers made on weekends may incur additional fees depending on your plan. For Standard customers, there is a 1% fee on all exchanges made between 5pm Friday and 6pm Sunday, Eastern Time (ET). Plus customers are charged 0.5%. Premium, Metal, and Ultra customers do not have to pay additional fees on weekends. You can check your specific fees and allowances in the 'Your plan' section of the app.",relevance,True,"The RAG-generated answer directly addresses the customer's question by explaining that transfers made on weekends may incur additional fees depending on the customer's plan. It provides specific details about the fees for different customer tiers (Standard, Plus, Premium, Metal, and Ultra) and advises the customer to check their specific fees in the app. This response is relevant and directly related to the customer's inquiry about why there was a fee for a transfer made on a Saturday.",True,"The answer directly addresses the user's question about why they were charged a fee for a transfer made on the weekend. It explains the fee structure based on the user's plan and clarifies the specific time frame during which the fees apply, thus responding to the user's intent and context.",none
crypto_day_trader,instant_transfer_limit_reached,empty,"Hey, I just tried to make an instant transfer but got hit with a limit msg. What's the limit and when does it reset? This is so frustrating!","The limit for instant transfers is set by you through Wealth Protection limits, which refresh every 24 hours. If you reach your limit, you can authorize additional funds by completing a selfie check. To check or adjust your limits, tap your profile icon in the top left corner, select ‘Security’, then ‘Wealth protection’. 

If you need more specific information about your current limit, please check the 'Your plan' section in the app.",relevance,True,"The RAG-generated answer directly addresses the customer's question by explaining that the limit for instant transfers is set through Wealth Protection limits, which refresh every 24 hours. It also provides guidance on how to check or adjust these limits and suggests checking the 'Your plan' section for more specific information. This response is relevant and directly related to the customer's query about the transfer limit and its reset time.",True,"The RAG answer directly addresses the user's issue regarding the limit for instant transfers and provides specific information about how the limit is set, when it resets, and how to check or adjust it. It is responsive to the user's intent and context, focusing on the specific problem they are facing without deviating to unrelated topics.",none
crypto_day_trader,transfer_pending_stuck,poor_internet_connection,"sent money to my mate 2 days ago, still pending?? wtf, neither of us got it. need to kno why delay and how to cancel if it's stuck. plz help, on train so can't chat much!","Your transfer may be pending for several reasons, such as being sent on a weekend, additional processing checks, or incorrect recipient details. Transfers can remain pending for up to 72 hours, and if it doesn't go through, the funds should be reverted back to your account.

To check the status of your transfer, use the outbound transfer status tool in the Revolut app. If the transfer remains pending for 48 hours, it will be automatically canceled and the funds returned to your account.

If you need to cancel it manually, you cannot do so before the 48-hour mark, as pending payments cannot be canceled on our end. If it doesn't resolve, you can contact support for further assistance.",relevance,True,"The RAG-generated answer directly addresses the customer's query by explaining potential reasons for the delay, the typical timeframe for pending transfers, and the process for cancellation. It provides guidance on checking the transfer status and clarifies that manual cancellation is not possible before 48 hours. The response is relevant and covers the key aspects of the customer's concerns about the delay and cancellation process.",True,"The answer directly addresses the user's issue regarding the pending money transfer, explaining possible reasons for the delay and providing information on how to check the status and cancel the transfer if necessary. It is responsive to the user's intent and context, specifically addressing their concerns about the delay and cancellation process.",none
crypto_day_trader,crypto_limit_warning,empty,"Hey, I just got a msg about hitting my crypto limit and I'm super confused. Can you tell me what the limit is and if I can get it raised? Thanks!","Your crypto withdrawal limits can be checked in the app. To view them, follow these steps:

1. Go to 'Crypto' on the bottom menu.
2. Tap 'More'.
3. Select 'Limits and fees'.
4. Tap 'Sending limits'.

Daily limits reset 24 hours after the last withdrawal, and monthly limits reset 30 days after the last withdrawal.

If you want to raise your limits, note that they are periodically reviewed and may be adjusted based on your account activity and potential risk factors. You can also check if there are any Wealth protection limits set in your app, which you control.

If you need further assistance, please let me know!",relevance,True,The RAG-generated answer directly addresses the customer's question by explaining how to check the crypto withdrawal limits in the app and providing information on how limits are reset. It also addresses the possibility of raising the limits by mentioning that they are periodically reviewed and may be adjusted based on account activity and risk factors. This directly responds to the customer's confusion about the limit and their inquiry about raising it.,True,The RAG answer directly addresses the user's confusion about their crypto withdrawal limits by providing specific steps to check the limits in the app. It also responds to the user's inquiry about raising the limits by explaining the review process and factors that may affect limit adjustments. The answer is relevant to the user's specific issue and does not deviate to unrelated topics.,none
busy_parent_on_mobile,verify_identity_failed,non_native_broken_english,hi I send my documents for verify but you say no and I dont understand why can you tell me what wrong and how to fix it please my kids waiting thank you,"Your document may have been rejected for several reasons. To successfully verify your identity, ensure that your document meets the following criteria:

1. It is a supported identity document type.
2. It is not handwritten.
3. It is not expired, damaged, or hard to read.
4. The personal information on the document matches the information in your Revolut account.

To fix the issue, check the in-app submission screen for the types of documents we accept and ensure your document is clear and easy to read. If you need to submit a new document, follow the prompts in the app or check your email for any updates from us. If you have further questions, please contact our customer support team using the in-app chat.",relevance,True,"The RAG-generated answer directly addresses the customer's question by explaining potential reasons for document rejection and providing steps to resolve the issue. It outlines the criteria for document acceptance and advises the customer to check the app for accepted document types and clarity requirements. Additionally, it suggests contacting customer support for further assistance, which is relevant to the customer's request for help in understanding and fixing the issue.",True,"The RAG answer directly addresses the user's issue regarding the rejection of their documents for verification. It provides specific criteria that could lead to rejection and offers actionable steps to resolve the problem, which aligns with the user's request for clarification and guidance on how to fix the issue. The response is relevant and responsive to the user's intent and context.",none
gig_economy_courier,atm_withdrawal_fee_unknown,angry_after_waiting,"Hey, I just withdrew cash in Spain and got charged a big fee! I already called and waited but no one helped me understand this. Why am I getting hit with these fees? This is so frustrating, I might just close my account if this keeps happening!","The fees you encountered for your cash withdrawal in Spain could be due to several factors. Revolut charges a cash withdrawal fee based on your plan, which is waived for a certain number of withdrawals each month. For example, if you're on the Standard plan, you have a limit of £200 or 5 withdrawals. After that, a 2% or £1 fee applies. 

Additionally, ATMs may charge their own fees, which are separate from Revolut's fees. To check if Revolut charged you a fee, you can view the transaction details in your app by going to 'Home', tapping 'See all' to open your transactions list, and selecting the withdrawal in question.

Also, be mindful of Dynamic Currency Conversion (DCC). If you were offered the option to withdraw in a different currency and accepted it, the ATM provider may have applied their own exchange rate, which can lead to higher fees. Always choose to be charged in the local currency to avoid this.

If you believe you were charged incorrectly, you can tap 'Get help' after selecting the transaction in your history for further assistance.",relevance,True,"The RAG-generated answer directly addresses the customer's question about the fees incurred during a cash withdrawal in Spain. It explains the potential reasons for the fees, including Revolut's withdrawal limits and fees, ATM fees, and the impact of Dynamic Currency Conversion (DCC). The answer also provides guidance on how to verify the fees in the app and what to do if the customer believes they were charged incorrectly. This response is relevant and comprehensive, covering the main aspects of the customer's concern.",True,"The RAG answer directly addresses the user's concern about the fees incurred during a cash withdrawal in Spain. It explains the potential reasons for the fees, including the user's plan limits and ATM charges, which are relevant to the user's specific issue. The answer also provides actionable steps for the user to check their transaction details and seek further assistance, aligning with the user's intent and context. Therefore, it does not deviate from the user's question.",none
student_abroad,wrong_recipient_no_refund,angry_after_waiting,"hey, i sent EUR500 to the wrong number and the person hasn't accepted it yet! i’ve tried sorting this out multiple times and been on hold forever, pls tell me how to cancel or reverse it or i'm seriously thinking of switching banks! thx!","Since the transfer to the wrong Revolut customer is usually instant and cannot be canceled once processed, you will need to ask the recipient to return the money. You can do this by reaching out to them via the chat in the Revolut app:

1. Go to the bottom menu and select ""Payments.""
2. Choose the person you sent money to.
3. A chat window will open where you can message the recipient.

If the recipient isn't responding, you can contact our customer support team, and we will try to reach out to them on your behalf. However, we cannot guarantee they will respond or agree to return the funds.",relevance,True,"The RAG-generated answer directly addresses the customer's query about reversing a transfer to the wrong number. It explains that the transfer cannot be canceled once processed and provides a step-by-step guide on how to request the recipient to return the money via the Revolut app. Additionally, it offers an alternative solution by suggesting contacting customer support if the recipient is unresponsive. The response is relevant and focused on the customer's issue without discussing unrelated topics.",True,"The RAG answer directly addresses the user's issue of wanting to cancel or reverse a money transfer sent to the wrong number. It provides specific steps on how to request the recipient to return the money and mentions contacting customer support for further assistance, which aligns with the user's intent and context. The answer does not deviate to a different question or topic.",none
gig_economy_courier,crypto_limit_warning,poor_internet_connection,"hey, got msg about crypto limit, what is it? can it be higher? im on train, need to know fast, thx!","Your crypto withdrawal limits are set to prevent monetary loss and protect your account. You can check your specific limits by following these steps:

1. Go to 'Crypto' on the bottom menu.
2. Tap 'More'.
3. Select 'Limits and fees'.
4. Tap 'Sending limits'.

Daily limits reset 24 hours after the last withdrawal, and monthly limits reset 30 days after the last withdrawal. 

If you want to know if your limits can be higher, they are periodically reviewed and may be adjusted based on account activity and risk factors.",relevance,True,"The RAG-generated answer directly addresses the customer's question about crypto withdrawal limits. It explains what the limits are for, provides steps to check the specific limits, and mentions that limits can be reviewed and potentially adjusted based on account activity and risk factors. This information is relevant to the customer's inquiry about the possibility of having higher limits. The response is concise and provides actionable steps, which is suitable given the customer's request for a quick answer.",True,"The answer directly addresses the user's question about crypto limits by providing specific steps to check their limits and explaining the conditions under which limits can be higher. It is responsive to the user's intent and context, especially considering the urgency expressed in the query.",none
gig_economy_courier,account_limit_reached_warning,anxious_security_fear,"hey, I can’t top up my account, got limit issue. what is my limit? how can I increase it? I heard about scams and frauds, so I wanna be sure it's all safe. pls help fast, I need this sorted now!","To check your account limits, go to the 'Your plan' section in the Revolut app. This will show you your fees and limit reset dates. 

If you want to increase your limits, you can preview upgrade options in the same section, but note that plan upgrades won’t increase your daily exchange or withdrawal limits.

For safety, ensure you follow best practices when using your account, such as not sharing personal information and being cautious of suspicious communications. If you have further concerns about security, reach out to Revolut Support via the in-app chat.",relevance,True,"The RAG-generated answer directly addresses the customer's questions. It provides instructions on how to check account limits and mentions that plan upgrades won't increase daily exchange or withdrawal limits, which is relevant to the customer's inquiry about increasing limits. Additionally, it addresses the customer's concern about safety by advising on best practices and suggesting contacting Revolut Support for further security concerns. The response is relevant and covers all aspects of the customer's query.",False,"The answer provides information about checking account limits and upgrading options, which partially addresses the user's inquiry about their limit and how to increase it. However, it does not directly answer the user's specific question about what their current limit is. Additionally, while it mentions safety practices, it does not fully address the user's concerns about scams and frauds in relation to their account. Overall, the response does not fully meet the user's intent and context.",none
busy_parent_on_mobile,wrong_recipient_no_refund,poor_internet_connection,hey i sent 500 euro to wrong number can i cancel it or reverse it recipient hasn’t accepted yet please help urgent train signal bad,"If you sent €500 to the wrong Revolut customer and the recipient hasn't accepted it yet, you cannot cancel the transfer. Once processed, transfers are usually instant and cannot be reversed. You should reach out to the recipient via the chat in the Revolut app to request the return of the funds. 

To use the chat:
1. Go to the 'Payments' section in the bottom menu.
2. Select the person you sent money to.
3. A chat window will open for you to message them.

If the recipient isn't responding, you can contact our customer support team, but we can't guarantee they will respond or agree to return the funds.",relevance,True,"The RAG-generated answer directly addresses the customer's query about canceling or reversing a transfer sent to the wrong number. It explains that the transfer cannot be canceled or reversed once processed, which is relevant to the customer's situation. The answer also provides a practical solution by advising the customer to contact the recipient through the Revolut app and outlines the steps to do so. Additionally, it suggests contacting customer support if the recipient does not respond, covering all aspects of the customer's urgent request for help.",True,"The RAG answer directly addresses the user's issue of sending €500 to the wrong number and provides specific guidance on what to do next, including the steps to contact the recipient and the limitations regarding cancellation. It is responsive to the user's intent and context, focusing on the urgency of the situation and the inability to reverse the transfer, which aligns with the user's concern.",none
frequent_traveler,payment_declined_large_amount,angry_after_waiting,"hey, my card got declined for a big purchase but i’ve got enough funds! this is the third time this happens and i’ve been on hold for ages! i need this fixed immediately or i’m switching to another provider!","Your card may be declined for several reasons, even if you have enough funds. Here are some steps you can take to troubleshoot the issue:

1. **Check Currency Account**: Ensure that your card is linked to a currency account with sufficient funds. If the card is linked to a currency account or a Pocket with a low balance, the payment will be declined. You can check this by going to 'Accounts' below your balance and selecting 'Pockets' or by tapping on the transaction in the app.

2. **Review Declined Payments**: To see why a payment was declined, open your transactions list from the home screen, tap 'See all', and then select the declined payment to view the details in the 'Status' section.

3. **Security System**: If your transaction was flagged by our security system, you may need to complete an in-app questionnaire to unblock the merchant. You can access this questionnaire from the home page of your Revolut app or through a push notification/email.

If you continue to experience issues, consider contacting your bank or card issuer for more information, as they may have additional insights into the declines.",relevance,True,"The RAG-generated answer directly addresses the customer's issue of a card being declined despite having sufficient funds. It provides several potential reasons for the decline, such as issues with the currency account, security system flags, and offers steps to troubleshoot the problem. Additionally, it suggests contacting the bank or card issuer for further assistance, which is relevant to resolving the customer's frustration and urgency expressed in the query. The response is comprehensive and relevant to the customer's situation.",False,"The RAG answer provides general troubleshooting steps for card declines but does not directly address the user's specific issue of repeated declines despite having sufficient funds. It fails to acknowledge the user's frustration and urgency, and it does not offer a solution to fix the problem immediately, which is the core concern expressed in the query.",none
crypto_day_trader,suspicious_activity_notification,non_native_broken_english,"Hey, I get notif about strange activity on my account but no more info. I worry my account is hacked or something. Can you tell me what happen?","It sounds like your account may be under review due to routine security checks. During this time, some account activities may be temporarily restricted. No action is required from you, and if we need additional information, we will reach out to you. If you have received a transfer from an unknown sender, please contact our Customer Support team in the app for guidance on how to keep your account safe.",relevance,False,"The RAG-generated answer does not directly address the customer's concern about strange activity on their account. While it mentions routine security checks and advises contacting Customer Support if a transfer from an unknown sender is received, it does not provide specific information about the strange activity notification the customer received. The response lacks clarity on whether the account is indeed hacked or what specific actions the customer should take regarding the notification they received.",False,"The RAG answer does not directly address the user's concern about strange activity on their account and the possibility of it being hacked. Instead, it provides a generic response about routine security checks and suggests contacting Customer Support without specifically addressing the user's worry about potential hacking. This fails to respond to the user's intent and context.",none
frequent_traveler,crypto_limit_warning,typing_from_phone_with_typos,"hey, just got a msg about reaching my crypto limit, what is it exactly? can it be increased? trying to figure this out while juggling kids and coffee here, thanks!","Your crypto withdrawal limits are set to prevent monetary loss and protect your account. You can check your specific limits by following these steps:

1. Go to 'Crypto' on the bottom menu.
2. Tap 'More'.
3. Select 'Limits and fees'.
4. Tap 'Sending limits'.

Limits are periodically reviewed and may be adjusted based on your account activity. If you want to increase your limits, you may need to adjust your Wealth protection limits in-app. For more information on that, please visit the relevant FAQ in the app.",relevance,True,"The RAG-generated answer directly addresses the customer's query about their crypto limit by explaining what the limits are for and providing steps to check their specific limits. It also addresses the customer's question about increasing the limit by mentioning that limits are reviewed and may be adjusted based on account activity, and suggests adjusting Wealth protection limits in-app. The answer is relevant and provides actionable steps, making it a suitable response to the customer's question.",True,"The RAG answer directly addresses the user's question about crypto limits by explaining what they are and providing specific steps to check them. It also responds to the user's inquiry about increasing the limits, offering guidance on how to do so. The answer is relevant to the user's context and intent, without deviating to unrelated topics.",none
non_native_english_worker,suspicious_activity_notification,non_native_broken_english,"Hey, I get message about suspicious activity in my account but no details. I worry my account is hacked. Can you help me understand what happen?","Your account may be under review due to periodic checks we conduct as a regulated financial institution. During this review, some account activities may be temporarily restricted, and no action is required from you at this stage. If we need additional information, we will reach out to you.

If you suspect any suspicious activity or have received unexpected transfers, please contact our Customer Support team through the in-app chat for further assistance.",relevance,True,"The RAG-generated answer directly addresses the customer's concern about suspicious activity in their account. It explains that the account may be under review due to periodic checks and reassures the customer that no immediate action is required. Additionally, it provides guidance on what to do if the customer suspects any suspicious activity, advising them to contact Customer Support. This response is relevant and directly related to the customer's query.",False,"The RAG answer does not directly address the user's concern about suspicious activity in their account or provide specific details regarding the message they received. Instead, it discusses account reviews and restrictions, which may not be relevant to the user's immediate worry about potential hacking. The answer lacks responsiveness to the user's intent and misses the core issue of understanding the suspicious activity message.",none
student_abroad,account_limit_reached_warning,typing_from_phone_with_typos,hey i’m trying to top up my account but it says i hit some limit?? what’s the limit and how can i make it higher pls i need to send money like now thx,I don't have enough information to help with that.,relevance,False,"The RAG-generated answer does not directly address the customer's question. The customer is asking about the limit on their account and how to increase it, but the response simply states a lack of information without attempting to address the specific query. A relevant answer would provide details on the account limit and steps to increase it or direct the customer to where they can find this information.",False,"The RAG answer does not address the user's specific issue regarding the account limit and how to increase it. Instead, it states a lack of information, which does not provide any relevant assistance or guidance to the user's query.",none
gig_economy_courier,apple_pay_not_working,anxious_security_fear,"Hey, I tried to add my Revolut card to Apple Pay but get error msg. Card works fine for shopping, but I'm worried about security after hearing scams. Can someone help me with this? I need it for my deliveries!","To successfully add your Revolut card to Apple Pay, please ensure the following:

1. Your account is fully verified.
2. Your account balance isn't negative.
3. You are using a supported card type (Visa or Mastercard).
4. You don't have the same card digitized on too many devices.
5. The card you're trying to add isn't frozen or terminated.

If you continue to experience issues, try deleting the card from Apple Pay and re-adding it. You can set up Apple Pay in the Revolut app by going to 'Home', tapping the cards icon, selecting your card, and then tapping 'Add to Apple Wallet'. 

If you have further concerns about security, I don't have enough information to help with that.",relevance,True,"The RAG-generated answer directly addresses the customer's issue with adding their Revolut card to Apple Pay by providing a checklist of potential reasons for the error and a step-by-step guide on how to add the card. It also suggests a troubleshooting step of deleting and re-adding the card. While the response briefly mentions a lack of information to address security concerns, it does not evade the main question about adding the card to Apple Pay. Therefore, the answer is relevant and adequately addresses the customer's query.",False,"The RAG answer provides detailed steps on how to add the Revolut card to Apple Pay, which is relevant to the user's issue of receiving an error message. However, it fails to address the user's concerns about security and scams, which are also a significant part of their query. The answer does not fully respond to the user's intent and misses the core issue of security that the user is worried about.",none
busy_parent_on_mobile,verify_identity_failed,angry_after_waiting,hey ive tried to verify my account like 5 times now and i keep getting rejected with no reason! this is so frustrating i need to know what went wrong and how to fix it or im seriously thinking about switching to another app!,"To resolve your account verification issues, please ensure that your identity document meets the following criteria:

1. It is a supported identity document type.
2. It is not handwritten.
3. It is not expired, damaged, or hard to read.
4. The personal information on the document matches the information in your Revolut account.

If you have already checked these criteria and are still facing issues, you should receive notifications via email or in-app about providing proof of identity. Follow the steps in those notifications to submit your documents. If you don't see any prompts, check your emails for updates from us.

If your document has been rejected, you may need to resubmit a clearer version or a different document. If you have a duplicate account, that could also affect your verification process.

If you continue to experience problems, please contact our customer support team through the in-app chat for further assistance.",relevance,True,"The RAG-generated answer directly addresses the customer's query by providing specific criteria for account verification, which could be the reason for the repeated rejections. It also advises the customer on what to do if they have already checked these criteria and are still facing issues, such as checking for notifications or contacting customer support. The response is relevant and focused on resolving the customer's frustration with the verification process.",True,"The RAG answer directly addresses the user's issue of repeated account verification rejections by providing specific criteria to check and steps to take if the verification fails. It responds to the user's frustration and intent to resolve the problem, rather than diverting to a different topic or providing generic advice.",none
small_business_owner,account_limit_reached_warning,typing_from_phone_with_typos,"hey i tried to top up my account but it says ive hit the limit what is the limit and how can i increase it? need to get this sorted fast, got suppliers waiting!",I don't have enough information to help with that.,relevance,False,"The RAG-generated answer does not address the customer's question at all. The customer asked about the limit on their account top-up and how to increase it. The response simply states a lack of information without providing any guidance or direction on how to resolve the issue, such as suggesting contacting customer support or checking account settings. Therefore, it fails to meet the evaluation criteria of directly responding to the customer's query.",False,"The RAG answer does not address the user's specific issue regarding the account top-up limit or how to increase it. Instead, it states a lack of information, which does not provide any relevant assistance or guidance to the user's query.",none
small_business_owner,atm_withdrawal_fee_unknown,angry_after_waiting,"I've been trying to sort this cash withdrawal fee issue for days now! I didn't expect the charges when I took out cash abroad, and it's really affecting my bottom line. Can you please explain your fee structure ASAP before I consider switching to another service!","Revolut charges fees for cash withdrawals based on your plan. Here’s a breakdown of the fee structure:

- **Standard Plan**: £200 (or 5 withdrawals, whichever comes first) fee-free. After that, a 2% or £1 fee applies.
- **Plus Plan**: £200 fee-free, with the same charges after exceeding the limit.
- **Premium Plan**: £400 fee-free, with the same charges after exceeding the limit.
- **Metal Plan**: £800 fee-free, with the same charges after exceeding the limit.
- **Ultra Plan**: £2,000 fee-free, with the same charges after exceeding the limit.

Additionally, if you convert money before withdrawing or if it’s converted at the time of withdrawal, you may incur currency exchange fees and weekend fees depending on your plan. 

To check your withdrawal allowance and any fees charged, you can tap the ATM withdrawal in your transactions list in the app. If no fee is shown, then Revolut did not charge one. 

If you need further assistance, please let me know!",relevance,True,"The RAG-generated answer directly addresses the customer's question by providing a detailed breakdown of the cash withdrawal fee structure for different Revolut plans. It explains the fee-free limits and the charges that apply after exceeding those limits, which is the core of the customer's concern. Additionally, it mentions potential currency exchange and weekend fees, which are relevant to withdrawals abroad. The answer also guides the customer on how to check their withdrawal allowance and fees in the app, offering a practical solution to verify charges. Overall, the response is comprehensive and relevant to the customer's query about unexpected charges during cash withdrawals abroad.",True,"The RAG answer directly addresses the user's concern about cash withdrawal fees by providing a detailed breakdown of the fee structure based on different plans. It responds to the user's request for an explanation of the fee structure and is relevant to the specific issue they are facing. The answer does not deviate from the user's question and provides actionable information, which aligns with the user's intent.",none
small_business_owner,pending_verification_too_long,typing_from_phone_with_typos,hey just checked my account still pending after 3 days since verification can’t access full features here need this sorted ASAP or at least a timeline or something plz this is killing me with work and kids to manage,"Your verification process typically takes up to 1 business day, but it can take up to 7 business days in some cases. Since it has been 3 days, I recommend checking your email for any updates or notifications in the app regarding your verification status. If you still see no updates, please be patient as we complete the process. If you need immediate assistance, you can contact customer support via the in-app chat.",relevance,True,"The RAG-generated answer directly addresses the customer's query by explaining the typical and maximum timeframes for the verification process. It advises the customer to check their email and app for updates, which is relevant to their concern about the pending status. Additionally, it provides a course of action by suggesting contacting customer support for immediate assistance. The response is relevant and directly related to the customer's issue, fulfilling the evaluation criteria.",False,"The answer provides general information about the verification process and suggests checking for updates, but it does not directly address the user's urgent need for a timeline or immediate resolution regarding their pending account status. The user is looking for specific assistance due to the impact on their work and family, which the answer fails to acknowledge or address adequately.",none
gig_economy_courier,unrecognized_transaction,non_native_broken_english,"Hi, I see charge in my history I dont remember. I worry maybe fraud? How I can dispute this charge? Please help fast, I need my money.","To dispute a charge you don't recognize, follow these steps in your Revolut app:

1. Tap the transaction in your transactions list.
2. Tap 'Get help'.
3. Choose 'Report this payment as fraudulent' if you suspect fraud, or select an appropriate issue if it's a different concern.
4. Complete and submit the form.

After submitting, your card will be terminated, and you can track the progress of your claim in the app. If you have any further questions, please let us know.",relevance,True,"The RAG-generated answer directly addresses the customer's query about disputing a charge they don't recognize. It provides a clear step-by-step guide on how to report the transaction as fraudulent within the Revolut app, which is the main concern of the customer. Additionally, it informs the customer about the subsequent actions, such as card termination and tracking the claim, which are relevant to the process of disputing a charge. The response is focused and does not include unrelated information, making it a complete and relevant answer to the customer's question.",True,"The RAG answer directly addresses the user's concern about disputing a charge they do not recognize, providing specific steps to take within the Revolut app. It is responsive to the user's intent to resolve a potential fraud issue and does not deviate from the core question asked.",none
non_native_english_worker,suspicious_activity_notification,empty,"Hey, I got push notification about suspicious activity on my account but no details. I worry my account is hacked or something. Can you help me understand what happen?","It sounds like your account may be under review due to suspicious activity. As a regulated financial institution, we conduct periodic account reviews to ensure compliance with regulations and perform routine security checks. During this time, some account activities may be temporarily restricted.

You don't need to take any action right now. If we require additional information from you, we will reach out. If you have received any unexpected transfers or communications, please contact our Customer Support team through the in-app chat for further assistance.",relevance,True,"The RAG-generated answer directly addresses the customer's concern about the suspicious activity notification. It explains that the account may be under review due to routine security checks and reassures the customer that no immediate action is needed unless further information is requested. Additionally, it provides guidance on what to do if unexpected transfers or communications are received, which is relevant to the customer's concern about potential hacking.",False,"The RAG answer does not directly address the user's concern about the push notification regarding suspicious activity on their account. Instead, it provides a generic response about account reviews and security checks, which does not clarify the specific situation the user is worried about. The user is seeking details about the suspicious activity, and the answer fails to provide that information, making it irrelevant to the user's actual issue.",none
non_native_english_worker,card_not_working_abroad,angry_after_waiting,"My card decline in Thailand! I not change any settings! I already wait on hold many times, no help! Is my card frozen or merchant problem? I need money send home, fix this now or I close account!","Your card may be declined due to our security system identifying potential fraud, or it could be a merchant issue. To check if your card is frozen, please complete the in-app questionnaire. You can access it by going to the home page of your Revolut app and tapping the relevant tile. 

If the transaction is blocked due to a potential scam, you can unblock the merchant after completing the questionnaire. If you don't see the declined transaction in your app, it could be due to merchant restrictions or technical issues on their side. 

If you need further assistance, you can fill out this form to raise your case directly with the merchant: [Merchant Case Form](https://app.revolut.com/form/13ef84b4-1e3b-48eb-8e8b-0030e7e08adc?faqEntryPoint=question.declined-payment-is-not-visible-in-transactions-list). 

Please take these steps to resolve the issue.",relevance,True,"The RAG-generated answer directly addresses the customer's question by explaining potential reasons for the card decline, such as security measures or merchant issues. It provides clear instructions on how to check if the card is frozen through the in-app questionnaire and offers a solution if the transaction is blocked due to a potential scam. Additionally, it provides a link to a form for further assistance if the issue is with the merchant. The response is relevant and covers the main concerns raised by the customer.",True,"The RAG answer directly addresses the user's issue regarding the card decline in Thailand. It provides possible reasons for the decline, such as security measures or merchant issues, and offers specific steps to check if the card is frozen and how to unblock the merchant. The response is relevant to the user's intent and context, focusing on resolving the problem of accessing funds while abroad.",none
crypto_day_trader,swift_transfer_asking_info,typing_from_phone_with_typos,"hey need to send a SWIFT transfer but can’t find my IBAN or BIC in the app, where is it?? im kinda in a rush here walking kids and juggling coffee so pls help ASAP thx!","To find your IBAN and BIC in the Revolut app, follow these steps:

1. Go to 'Home' on the bottom menu.
2. Tap 'Accounts'.
3. Select the currency you wish to receive money in.
4. Below your account balance, tap 'Details'.
5. Choose 'Local' or 'International' to view your IBAN and BIC.

Make sure to share these details with the sender or sender bank for your SWIFT transfer.",relevance,True,"The RAG-generated answer directly addresses the customer's question by providing clear, step-by-step instructions on how to find the IBAN and BIC in the Revolut app. This is exactly what the customer was asking for, and the response is relevant and focused on the query without introducing unrelated information.",True,"The RAG answer directly addresses the user's specific issue of finding their IBAN and BIC in the app. It provides clear, step-by-step instructions that are responsive to the user's intent and context, which is to quickly locate this information for a SWIFT transfer. The answer does not deviate from the user's question or provide generic information, making it relevant and helpful.",none
gig_economy_courier,crypto_limit_warning,anxious_security_fear,"hey, I got msg sayin I hit crypto limit, what is it exactly? can I get it higher? im worried after hearing about scams and fraud, need to be sure my account is safe. pls help fast, don’t trust bots!","You've hit your crypto withdrawal limit, which is set to prevent monetary loss and protect your account. These limits are reviewed periodically and can be adjusted based on your account activity and potential risk factors.

To check your specific limits, follow these steps:
1. Go to 'Crypto' on the bottom menu.
2. Tap 'More'.
3. Select 'Limits and fees'.
4. Tap 'Sending limits'.

If you want to increase your limits, you can adjust your Wealth protection limits in the app. For more information on this, please visit the relevant FAQ in the app.

Regarding your concerns about scams and fraud, it's important to stay vigilant. Ensure you do not share your personal information and always verify any investment opportunities. If you suspect any fraudulent activity, follow the steps to secure your account and report any suspicious transactions.",relevance,True,"The RAG-generated answer directly addresses the customer's query about the crypto limit by explaining what the limit is and how it functions to protect the account. It also provides steps to check the specific limits and offers guidance on how to potentially increase them. Additionally, the response addresses the customer's concerns about scams and fraud by advising on vigilance and providing steps to secure the account, which aligns with the customer's request for assurance about account safety. Overall, the answer is relevant and comprehensive in addressing the customer's concerns.",True,"The RAG answer directly addresses the user's issue regarding hitting a crypto withdrawal limit and provides specific steps to check and potentially increase that limit. It also acknowledges the user's concerns about scams and fraud, offering relevant advice on account safety. The response is tailored to the user's query and does not deviate to unrelated topics.",none
busy_parent_on_mobile,pending_verification_too_long,non_native_broken_english,hi my account still pending after 3 days i finish verification but not have full features can you tell me when it ready or how make it faster please,"Your verification process may take up to 7 business days. Since it's been 3 days, please be patient as we complete your identity verification. You will receive a notification via email and in-app once it's done. If you need to check the status of your verification, look for any notifications in the app or check your email for updates. If you have not received any prompts or updates, you may want to contact our customer support team through the in-app chat for further assistance.",relevance,True,"The RAG-generated answer directly addresses the customer's question by explaining that the verification process can take up to 7 business days and that it has only been 3 days so far. It advises the customer to be patient and provides information on how they will be notified once the process is complete. Additionally, it offers guidance on how to check the status of the verification and suggests contacting customer support for further assistance if needed. This response is relevant and covers the customer's concerns about the pending status and how to potentially expedite the process.",False,"The RAG answer provides information about the verification process duration and suggests checking for notifications, but it does not directly address the user's request for a specific timeline for when their account will be ready or how to expedite the process. The user is looking for a more immediate solution or timeframe, which the answer does not provide.",none
student_abroad,verify_identity_failed,angry_after_waiting,"hey, i submitted my docs for verification like a week ago and got rejected but no idea why! i've tried sorting this out already and it's super frustrating!! i need to know what went wrong so i can fix it and resubmit, pls help or i might have to switch to another provider!","To understand why your document was rejected, please ensure that it meets the following criteria:

1. It is a supported identity document type.
2. It is not handwritten.
3. It is not expired, damaged, or hard to read.
4. The personal information on the document matches the information in your Revolut account.

If your document does not meet these requirements, you will need to correct the issue and resubmit. If you need further assistance, please check your emails for any updates from us or contact our customer support team using the in-app chat for more specific guidance.",relevance,True,"The RAG-generated answer directly addresses the customer's question by providing a list of common reasons why a document might be rejected, which helps the customer understand potential issues with their submission. It also advises the customer to check their emails for specific updates or to contact customer support for further assistance, which aligns with the customer's request for help in understanding what went wrong. The response is relevant and focused on the customer's issue without introducing unrelated topics.",True,The RAG answer directly addresses the user's issue by providing specific criteria that could explain why their document was rejected. It is responsive to the user's intent to understand the rejection and offers actionable steps to resolve the problem. The answer does not deviate from the user's question and focuses on the core issue of document verification.,none
gig_economy_courier,cancel_subscription_not_working,angry_after_waiting,"Hey, I need help!!! I’ve tried so many times to cancel my gym payment but there’s no option in the app! I'm getting really frustrated, if this doesn’t get sorted I might have to switch to another bank!",I don't have enough information to help with that.,relevance,False,"The RAG-generated answer does not directly address the customer's question about canceling their gym payment. The customer is expressing frustration and seeking assistance with a specific issue, but the response fails to provide any guidance or steps to resolve the problem. Instead, it states a lack of information without attempting to gather more details or offer a solution, which does not meet the evaluation criteria of directly responding to the customer's query.",False,"The RAG answer does not address the user's specific issue regarding the inability to cancel their gym payment through the app. Instead, it states a lack of information, which does not provide any assistance or guidance related to the user's frustration and concern about potentially switching banks. Therefore, it fails to respond to the user's intent and context.",none
crypto_day_trader,virtual_card_missing,non_native_broken_english,"hey, I need help. I want make virtual card for online safety but I can't find where in app. please help me, I check everyday and still no find.","To create a virtual card in the Revolut app, follow these steps:

1. From your home screen, tap the cards icon in the top-right corner.
2. Look for the option to create a new virtual card. 

If you still can't find it, ensure that you haven't reached the limit of creating more than 4 cards in a month. If you need further assistance, please let me know!",relevance,True,The RAG-generated answer directly addresses the customer's query by providing clear instructions on how to create a virtual card in the Revolut app. It also anticipates a potential issue the customer might face (reaching the card creation limit) and offers further assistance if needed. This response is relevant and directly related to the customer's request for help in finding the virtual card creation option in the app.,True,"The RAG answer directly addresses the user's specific problem of finding how to create a virtual card in the app. It provides clear, step-by-step instructions relevant to the user's request and also considers potential limitations that might be causing the issue. The response is focused on the user's intent and context, making it relevant to the query.",none
non_native_english_worker,weekend_transfer_fee,anxious_security_fear,"I sent money on Saturday and got charged fee. Why weekend matter? I hear scams, so I worry about security. Please help me with this, I need human support, not robot.","The reason you were charged a fee for the money sent on Saturday is due to weekend fees associated with currency exchanges. Depending on your plan, you may incur a fee on all exchanges made on weekends between 5pm Friday and 6pm Sunday, Eastern Time (ET). For Standard customers, this fee is 1%, and for Plus customers, it is 0.5%. Premium, Metal, and Ultra customers do not have to pay additional fees on weekends.

If you have concerns about security or suspect a scam, please secure your account by freezing your card in the app and contacting our customer support for further assistance.",relevance,True,"The RAG-generated answer directly addresses the customer's query by explaining why a fee was charged for sending money on a Saturday, specifically mentioning weekend fees associated with currency exchanges. It also provides information on the fee structure based on customer plans, which is relevant to the customer's concern about being charged. Additionally, the answer addresses the customer's security concerns by advising them to secure their account and contact customer support, which aligns with the customer's request for human support. Therefore, the response is comprehensive and relevant to the customer's questions.",False,"The answer partially addresses the user's concern about the fee charged for sending money on Saturday, explaining the reason behind the weekend fees. However, it does not adequately address the user's worries about scams and security, which are significant parts of their query. Additionally, the user explicitly requested human support, but the answer does not provide a clear pathway to that support, making it less relevant to the user's overall issue.",none
busy_parent_on_mobile,crypto_limit_warning,anxious_security_fear,hey I got this message about hitting my crypto limit can u tell me what that is and if it can be raised I’m really worried about security after hearing all these scam stories can I talk to a human about this pls,"Your crypto limit refers to the daily and monthly limits on crypto withdrawals, which are in place to prevent monetary loss and protect your account. These limits can be reviewed and adjusted based on your account activity and potential risk factors. 

To check your current limits, follow these steps:
1. Go to 'Crypto' on the bottom menu.
2. Tap 'More'.
3. Select 'Limits and fees'.
4. Tap 'Sending limits'.

If you want to raise your limits, you may need to adjust your Wealth Protection limits in the app. Here's how:
1. Tap your profile icon in the top left corner.
2. Select ‘Security’.
3. Select 'Wealth protection'.
4. Adjust the limit as desired.

If you have concerns about security or wish to speak to a human, I recommend reaching out through the app or using the 'Tell us something' form for more personalized support.",relevance,True,"The RAG-generated answer directly addresses the customer's query by explaining what a crypto limit is and how it can be adjusted. It provides clear instructions on how to check and potentially raise these limits. Additionally, it acknowledges the customer's concern about security and provides guidance on how to contact a human for further assistance, thus covering all aspects of the customer's question.",True,"The RAG answer directly addresses the user's concern about the crypto limit, explaining what it is and how it can be raised. It also acknowledges the user's worries about security and provides a way to contact human support, which aligns with the user's intent and context.",none
small_business_owner,virtual_card_missing,poor_internet_connection,"hey, I need to create a virtual card for online safety but can't find it in the app. I'm on the train and signal is weak. can u help? thx.","To create a virtual card in the Revolut app, follow these steps:

1. Go to 'Home' on the bottom menu.
2. Tap the cards icon in the top-right corner.
3. Tap 'Add new'.
4. Choose 'Debit', 'Joint', or 'Pro' at the top.
5. Select 'Virtual'.
6. Choose a colour.
7. Tap 'Get card for free' to instantly create your virtual card.

If you're having trouble due to a weak signal, try to find a better connection to complete these steps.",relevance,True,"The RAG-generated answer directly addresses the customer's query by providing a step-by-step guide on how to create a virtual card in the Revolut app. It acknowledges the customer's concern about weak signal and suggests finding a better connection, which is relevant to the customer's situation. The response is focused and does not include unrelated information, making it a suitable and complete answer to the customer's question.",True,"The RAG answer directly addresses the user's request for help in creating a virtual card in the app. It provides specific steps to follow, which is responsive to the user's intent. Additionally, it acknowledges the user's situation regarding weak signal and suggests finding a better connection, which is relevant to their context. Therefore, the answer does not deviate from the user's actual issue.",none
small_business_owner,suspicious_activity_notification,non_native_broken_english,I get notification about suspicious activity but no details. I worry my account is hacked. Can you tell me what happen?,I don't have enough information to help with that.,relevance,False,"The RAG-generated answer does not directly address the customer's question. The customer is concerned about a notification of suspicious activity and is seeking details or confirmation about potential hacking. The response simply states a lack of information without offering any guidance or next steps, such as suggesting the customer contact support or check their account for unusual activity. Therefore, it fails to meet the evaluation criteria of directly responding to the customer's concern.",False,"The RAG answer does not address the user's specific concern about suspicious activity notifications and the potential hacking of their account. Instead, it states a lack of information, which does not provide any relevant details or reassurance regarding the user's issue.",none
non_native_english_worker,transfer_pending_stuck,empty,"Hey, I send money to my friend 2 days ago and still show pending. Neither of us got it. Can you tell me why it take so long and how I can cancel if need?","Your transfer may be pending for several reasons, such as being sent on a weekend or public holiday, additional processing checks, or incorrect recipient details. Transfers can remain pending for up to 72 hours, and in most cases, they are completed within a few hours.

To check the status of your transfer, use the outbound transfer status tool in the Revolut app. 

If you want to cancel the transfer, follow these steps:
1. Go to 'Payments' on the bottom menu.
2. Select the person you sent the pending transfer to.
3. On the payments screen, select the pending transfer.
4. Tap 'Cancel' if eligible.

If you can't cancel it, it may be under review by our automated security system. You may need to answer some questions in-app about the transfer or beneficiary. If the transfer remains pending for 48 hours, it will be automatically cancelled, and the funds will be returned to your account.",relevance,True,"The RAG-generated answer directly addresses the customer's query by explaining potential reasons for the pending status of the transfer, such as weekends, public holidays, processing checks, or incorrect recipient details. It also provides a clear procedure for checking the status of the transfer and steps to cancel it if necessary. Additionally, it informs the customer about the possibility of the transfer being under review and the automatic cancellation policy after 48 hours. The response is comprehensive and relevant to the customer's concerns about the delay and cancellation process.",True,"The RAG answer directly addresses the user's issue regarding the pending money transfer by explaining potential reasons for the delay and providing specific steps to check the status and cancel the transfer if needed. It is responsive to the user's intent and context, focusing on the user's specific situation without deviating to unrelated topics.",none
frequent_traveler,subscription_charge_dispute,angry_after_waiting,"hey, i canceled my netflix subscription but got charged again this month! i've tried resolving this multiple times and it's super frustrating! i need a refund and confirmation that this won't happen again, or i'm seriously considering closing my account!","To resolve the issue with your Netflix subscription charge, you should first contact Netflix directly to confirm the cancellation of your subscription. Blocking the payment in the Revolut app does not cancel the subscription; you need to ensure that Netflix has processed your cancellation.

If you still wish to pursue a refund after contacting Netflix and if they confirm that a refund is due, you can dispute the transaction in your Revolut app by following these steps:

1. Tap the transaction in your transactions list.
2. Tap 'Get help.'
3. Select the issue and complete the form to submit your dispute.

Additionally, to prevent future charges from Netflix, you can block the merchant in your Revolut app:

1. Tap your profile icon in the top-left corner.
2. Select 'Security.'
3. Choose 'Payments' and 'Blocked payments.'
4. Tap 'Add new' and select Netflix from your previous payments.

If you need further assistance, please reach out to Revolut support.",relevance,True,"The RAG-generated answer directly addresses the customer's query by providing steps to confirm the cancellation with Netflix and instructions on how to dispute the charge through the Revolut app. It also offers a solution to prevent future charges by blocking the merchant. While it does not explicitly confirm that the issue won't happen again, it provides actionable steps to ensure the cancellation is processed and future charges are blocked, which aligns with the customer's request for resolution and prevention of further issues.",True,"The RAG answer directly addresses the user's issue regarding the unexpected charge after canceling their Netflix subscription. It provides specific steps to contact Netflix for confirmation of the cancellation and outlines how to dispute the charge through the Revolut app. Additionally, it offers guidance on preventing future charges, which aligns with the user's request for assurance that this won't happen again. The response is relevant and responsive to the user's intent and context.",none
small_business_owner,swift_transfer_asking_info,non_native_broken_english,I need send money international by SWIFT but I not see IBAN or BIC code in app. Where I find this?,"To find your IBAN and BIC code for international SWIFT transfers, follow these steps:

1. Go to 'Home' on the bottom menu of your Revolut app.
2. Tap 'Accounts'.
3. Select the currency you wish to receive money in.
4. Below your account balance, tap 'Details'.
5. Choose 'International' to view your IBAN and BIC details.

Make sure to share these details with the sender or sender bank.",relevance,True,"The RAG-generated answer directly addresses the customer's question by providing clear, step-by-step instructions on how to find the IBAN and BIC code within the Revolut app. This information is relevant and directly responds to the customer's need to locate these details for international SWIFT transfers. The answer does not include unrelated information and fully addresses the customer's query.",True,"The RAG answer directly addresses the user's specific issue of finding the IBAN and BIC code in the app for international SWIFT transfers. It provides clear, step-by-step instructions that are relevant to the user's query and intent, ensuring that the answer is not generic or off-topic.",none
frequent_traveler,daily_top_up_limit_reached,poor_internet_connection,"hey, i'm trying to add more funds but hit my limit. when does that reset? any workarounds? signal's weak, so pls reply quick. thx!","Your limits for adding funds reset as follows: daily limits reset 24 hours after your last withdrawal, and monthly limits reset 30 days after your last withdrawal. Unfortunately, I don't have specific information about your current limits or when they will reset.

As a workaround, you can try adding money through other methods such as using a different card, Apple Pay, or Google Pay. You can also consider bank transfers or internal transfers from other Revolut customers.",relevance,True,"The RAG-generated answer directly addresses the customer's question by explaining when the limits reset, which is the primary concern of the customer. It also provides potential workarounds for adding funds, which is relevant to the customer's request for alternatives. The response is concise and relevant, considering the customer's request for a quick reply due to weak signal.",True,"The answer directly addresses the user's question about when their limits for adding funds reset and provides relevant workarounds for adding money. It responds to the user's intent and context, specifically mentioning the reset times and alternative methods to add funds, which aligns with the user's concern about hitting their limit.",none
student_abroad,apple_pay_not_working,poor_internet_connection,"hey, trying to add my revolut card to apple pay but getting an error msg. card works fine for other stuff tho. in a train with bad signal, pls help quick thx!","To successfully add your Revolut card to Apple Pay, please ensure the following:

1. Your account is fully verified.
2. Your account balance isn't negative.
3. You are using a supported card type (Visa or Mastercard).
4. You don't have the same card digitalized on too many devices.
5. The card you are trying to add isn't frozen or terminated.

If you continue to experience issues, try deleting the card from Apple Pay and re-adding it. You can also check for any error messages in your transactions list in the Revolut app for more details.",relevance,True,"The RAG-generated answer directly addresses the customer's issue of adding a Revolut card to Apple Pay. It provides a list of potential reasons why the card might not be adding successfully, which is relevant to the customer's problem. The answer also suggests a troubleshooting step of deleting and re-adding the card, which is practical advice given the customer's situation. Although the customer mentioned being on a train with bad signal, the response focuses on the card issue itself, which is appropriate given the context of the query.",True,"The RAG answer directly addresses the user's issue of adding their Revolut card to Apple Pay by providing specific steps to troubleshoot the problem. It responds to the user's intent and context, considering the urgency of the situation. The answer does not deviate from the user's question and focuses on resolving the error message encountered while trying to add the card.",none
student_abroad,verify_identity_failed,poor_internet_connection,"hey, i submitted my docs for verification but got rejected without a clear reason, can u pls tell me what went wrong so i can fix it and resubmit? thx, im on a train and the signal is bad so just need a quick reply","Your document may have been rejected because it didn't meet the format, clarity, or content requirements. To fix this, ensure that you provide proof of business activity that includes your name and matches the business information in your application. Accepted documents include:

- A URL linked to your business activity (website, social media, etc.)
- Proof of registration
- License or professional qualification certification
- Certified financials
- Client contracts or invoices
- Terms and conditions

Make sure the documents are clear and readable before resubmitting.",relevance,True,The RAG-generated answer directly addresses the customer's question by providing potential reasons for the document rejection and offering specific guidance on how to fix the issue. It lists the types of documents that are acceptable and advises the customer to ensure clarity and readability before resubmitting. This response is relevant and helpful given the customer's request for a quick explanation due to poor signal conditions.,False,"The answer provides general reasons for document rejection and suggestions for improvement, but it does not address the user's specific request for clarity on what went wrong with their particular submission. The user is looking for a specific explanation regarding their rejected documents, not a list of potential issues that could apply to anyone's submission.",none
crypto_day_trader,pending_verification_too_long,typing_from_phone_with_typos,hey I finished verification like 3 days ago and my account still says pending wtf I can’t use full features or trade and I’m really anxious to get in the market plz give me a timeline or something to speed this up I’m juggling too much rn and need this sorted ASAP,"Your verification process usually takes up to 1 business day, but it can take up to 7 business days in some cases. Since it's been 3 days, I recommend being patient a little longer. You will receive a notification via email and in-app once it's completed. If you need immediate assistance, you can contact customer support through the in-app chat.",relevance,True,"The RAG-generated answer directly addresses the customer's query by explaining the typical timeline for the verification process and acknowledging that it can take up to 7 business days. It also informs the customer that they will receive a notification once the process is complete. Additionally, it provides a suggestion for immediate assistance by contacting customer support through the in-app chat. This response is relevant and directly related to the customer's concern about the pending verification status and their request for a timeline or way to expedite the process.",False,"The RAG answer provides general information about the verification process and timelines but does not directly address the user's specific concern about their account still being pending after 3 days. It fails to acknowledge the user's anxiety and urgency for a resolution, and it does not provide a clear timeline or actionable steps to expedite the process, which is what the user is seeking.",none
crypto_day_trader,exchange_rate_markup_question,typing_from_phone_with_typos,yo why is the exchange rate on revolut diff from google like am i getting rekt here or is there a markup?? trying to figure this out while juggling kids and coffee so plz help me fast thx!,"The exchange rate on Revolut may differ from what you see on Google because Revolut's rates are based on data from multiple independent sources and can vary due to market conditions. Additionally, there is a difference between buy and sell prices, known as a spread, which can include a markup. 

To check the current exchange rates, you can view them in the Revolut app by going to 'Home', scrolling down to '+ Add widgets', and adding the 'Watchlist' widget. This will allow you to monitor the rates for different currencies. 

Before making an exchange, you can review the rate and any applicable fees in the app to ensure you know the total cost.",relevance,True,"The RAG-generated answer directly addresses the customer's question about why the exchange rate on Revolut differs from Google. It explains that Revolut's rates are based on multiple sources and market conditions, and mentions the spread which can include a markup. Additionally, it provides practical advice on how to check current exchange rates and review any applicable fees in the Revolut app, which is relevant to the customer's concern about potential markups. The response is clear, relevant, and provides actionable information, making it a suitable answer to the customer's query.",True,"The RAG answer directly addresses the user's concern about the difference in exchange rates between Revolut and Google, explaining the reasons for the discrepancy, including market conditions and the concept of a spread. It also provides practical advice on how to check current rates and fees in the Revolut app, which is responsive to the user's intent for quick assistance. Therefore, it does not deviate from the user's actual issue.",none
non_native_english_worker,payment_declined_large_amount,non_native_broken_english,"Hi, I try buy new phone with my card but payment decline. I have enough money in account. Why it not work? I don’t understand.","Your payment may have been declined for several reasons, even if you have enough money in your account. Here are some steps you can take to troubleshoot the issue:

1. **Check Currency Account**: Ensure that your card is linked to a currency account with sufficient balance. If the card is linked to an account with a low balance, the payment will be declined. You can check this by selecting the card → tapping 'Settings' → 'Spend from'.

2. **Check Pockets**: If your card is linked to a Pocket, make sure that the Pocket has enough balance. You can view your Pocket balance by tapping on 'Accounts' below your balance and going to 'Pockets'.

3. **Review Declined Payment**: From your home screen, open your transactions list by tapping 'See all' below your most recent transactions. Tap the declined payment to see the transaction's details and the reason for the decline in the 'Status' section.

4. **Merchant Issues**: Sometimes, the merchant may have restrictions or technical issues. If you can't find the reason for the decline, consider reaching out to the merchant directly.

5. **Security System**: If our security system flagged the transaction as potential fraud, you may need to complete an in-app questionnaire to review the payment. Check for any notifications in your app regarding this.

If you still need assistance, you can fill out this form to help us reach out to the merchant: [Merchant Support Form](https://app.revolut.com/form/13ef84b4-1e3b-48eb-8e8b-0030e7e08adc?faqEntryPoint=question.why-has-my-card-payment-been-declined).",relevance,True,"The RAG-generated answer directly addresses the customer's question about why their card payment was declined despite having enough money in their account. It provides several potential reasons for the decline, such as issues with the currency account, linked Pockets, merchant restrictions, and security system flags. Additionally, it offers actionable steps for the customer to troubleshoot the issue, including checking account settings, reviewing the declined payment details, and contacting the merchant. The answer is comprehensive and relevant to the customer's query, making it a suitable response.",True,"The RAG answer directly addresses the user's issue of a declined payment despite having sufficient funds. It provides specific troubleshooting steps related to the user's situation, such as checking account balances, reviewing declined payments, and considering merchant issues. The response is relevant and responsive to the user's intent and context, without deviating to unrelated topics.",none
non_native_english_worker,crypto_purchase_failed,non_native_broken_english,"Hi, I try buy Bitcoin but get error, no reason. I have enough money in account. What problem? I need help fast, sending money home important.",I don't have enough information to help with that.,relevance,False,"The RAG-generated answer does not directly address the customer's question. The customer is experiencing an error while trying to buy Bitcoin and is seeking assistance to resolve it. The response 'I don't have enough information to help with that' does not provide any guidance or steps to troubleshoot the issue, nor does it ask for additional information that might be needed to assist the customer. Therefore, it fails to meet the evaluation criteria of directly responding to the customer's query.",False,"The RAG answer does not address the user's specific issue regarding the error encountered while trying to buy Bitcoin. Instead, it states a lack of information, which does not provide any assistance or guidance related to the user's problem. The answer fails to respond to the user's intent and context, which is to understand and resolve the error they are facing.",none
uk_freelance_designer,joint_account_not_allowed,empty,"Hi there, I want to share my Revolut account with my partner, but I know that isn't possible. Do you have any suggestions for how we can manage our finances together without incurring extra fees? Cheers!","You can manage your finances together by opening a Joint account with your partner. This allows both of you to add, withdraw, manage, and spend money from the same account. 

To open a Joint account, both of you need to:
1. Be at least 18 years old.
2. Have personal Revolut accounts and passed identity verification.
3. Live in the same country.
4. Ensure both account holders belong to the same Revolut entity.

To apply for a Joint account in the app:
1. Go to 'Home' on the bottom menu.
2. Below your balance, tap 'Accounts' and 'Add new'.
3. Select 'Joint' and follow the instructions.

Once you have the Joint account, you can also split bills with each other without incurring extra fees by using the ""Split bill"" feature in the app. 

For more details, you can read the Joint Accounts T&Cs [here](https://www.revolut.com/legal/joint-accounts/?geo-redirect=true).",relevance,False,"The RAG-generated answer suggests opening a Joint account, which is not a feature currently offered by Revolut. The customer explicitly mentioned that sharing a Revolut account is not possible, indicating awareness of the limitations. The response should have provided alternative solutions for managing finances together without incurring extra fees, such as using shared budgeting apps or features within Revolut that allow for easy money transfers or bill splitting. The answer does not directly address the customer's query as it suggests a non-existent feature, thus failing to provide a relevant solution.",False,"The answer suggests opening a Joint account, which directly contradicts the user's statement that sharing a Revolut account isn't possible. The user is looking for ways to manage finances together without incurring extra fees, but the answer does not address the user's concern about account sharing and instead proposes a solution that the user has already indicated is not feasible. Therefore, it does not directly address the user's actual issue.",none
uk_freelance_designer,joint_account_not_allowed,angry_after_waiting,"I've been trying to sort out a way to share my account with my spouse, but it seems Revolut doesn't offer that! I've waited on hold and contacted support multiple times with no luck, and it's really frustrating. If I can't get this sorted ASAP, I might have to consider switching to a different provider, mate!",I don't have enough information to help with that.,relevance,False,The RAG-generated answer does not directly address the customer's query about sharing their Revolut account with their spouse. The customer is expressing frustration and seeking a solution or confirmation regarding account sharing capabilities. The response 'I don't have enough information to help with that' neither provides any information about Revolut's policies on account sharing nor offers any guidance or next steps for the customer. It fails to address the customer's concern or provide any relevant information.,False,"The RAG answer does not address the user's specific issue regarding sharing an account with their spouse and the frustration they are experiencing with Revolut's support. Instead, it states a lack of information, which does not respond to the user's intent or context. Therefore, it fails to address the core issue the user is concerned about.",none
busy_parent_on_mobile,transfer_pending_stuck,poor_internet_connection,sent money to friend 2 days ago still pending neither of us got it need to know why and how to cancel if needed please help no signal here,"Your transfer may be pending for several reasons, such as being sent on a weekend, additional processing checks, or incorrect recipient details. Transfers can remain pending for up to 72 hours, and in most cases, they will eventually be marked as completed.

To check the status of your transfer, use the outbound transfer status tool in the Revolut app. If you want to cancel the pending transfer, follow these steps:

1. Go to 'Payments' on the bottom menu.
2. Select the person you sent the pending transfer to.
3. On the payments screen, select the pending transfer.
4. Tap 'Cancel' if the option is available.

If you cannot cancel the transfer, it may be under review by our automated security system. In that case, you will need to answer any questions prompted in the app and wait for the review to complete. If you have further questions, please contact Revolut Support.",relevance,True,The RAG-generated answer directly addresses the customer's query by explaining potential reasons for the pending status of the transfer and providing clear instructions on how to check the status and cancel the transfer if possible. It also advises on what to do if the transfer cannot be canceled due to a security review. The response is relevant and covers the main aspects of the customer's question.,True,"The RAG answer directly addresses the user's issue regarding a pending money transfer, explaining potential reasons for the delay and providing specific steps to check the status and cancel the transfer if needed. It is responsive to the user's intent and context, and does not deviate from the core issue of the pending transfer.",none
small_business_owner,account_limit_reached_warning,empty,"Hey, I'm trying to top up my account for some urgent supplier payments but hitting a limit issue. What's the max I can add and how do I bump that up? Need this sorted fast!","The maximum amount you can add to your account may depend on your specific limits, which you can check in the 'Your plan' section of the app. If you're hitting a limit issue, you may want to consider using a different card or payment method, such as Apple Pay or Google Pay, to top up your account.

If you need to increase your limits, you can preview upgrade options in the same section, but note that plan upgrades won’t increase your daily exchange or withdrawal limits. If you continue to experience issues, please contact your bank or card issuer for more information.",relevance,False,"The RAG-generated answer does not directly address the customer's query about the maximum amount they can add to their account and how to increase that limit. While it suggests checking the 'Your plan' section for specific limits and mentions using alternative payment methods, it fails to provide clear guidance on how to increase the top-up limit specifically for urgent supplier payments. Additionally, the suggestion to contact the bank or card issuer is not directly relevant to the customer's immediate need to increase their account top-up limit.",False,"The answer provides some relevant information about checking limits and suggests alternative payment methods, but it does not directly address the user's specific request about the maximum amount they can add or how to increase that limit. Additionally, it introduces the option of using different payment methods, which is not the core issue the user is concerned about. Therefore, it does not fully meet the relevance criteria.",none
non_native_english_worker,joint_account_not_allowed,typing_from_phone_with_typos,"hey, i want share my revolut account with my wife but it not possible? any other way to do this or what i can do? need help fast, kids are crazy right now!",I don't have enough information to help with that.,relevance,False,"The RAG-generated answer does not directly address the customer's question about sharing a Revolut account with their wife. The response is vague and does not provide any guidance or information related to the customer's issue. It neither confirms nor denies the possibility of sharing the account, nor does it offer alternative solutions or steps to take. Therefore, it fails to meet the evaluation criteria of directly responding to the customer's query.",False,"The RAG answer does not address the user's specific issue of sharing a Revolut account with their wife. Instead, it states a lack of information, which does not provide any guidance or solutions related to the user's query. This response fails to be relevant as it does not engage with the user's intent or context.",none
crypto_day_trader,virtual_card_missing,poor_internet_connection,"hey, can’t find how to make a virtual card in the app, need it for online safety ASAP. signal is weak on this train so plz help quick! thx!","To create a virtual card in the Revolut app, follow these steps:

1. Open the Revolut app.
2. Tap the cards icon in the top-right corner of the home screen.
3. Select the option to create a new virtual card.
4. Choose between a multi-use card or a single-use card based on your needs.

Once created, you can view your virtual card details, including the card number, expiry date, and CVV, for online purchases. If you need it for online safety, consider using a single-use virtual card for one-time transactions.",relevance,True,"The RAG-generated answer directly addresses the customer's query by providing clear, step-by-step instructions on how to create a virtual card in the Revolut app. It also offers additional advice on choosing between a multi-use or single-use card, which is relevant to the customer's concern about online safety. The response is concise and focused on the customer's request, without introducing unrelated topics.",True,"The RAG answer directly addresses the user's request for assistance in creating a virtual card in the app. It provides specific steps to follow, which aligns with the user's intent and urgency for online safety. The answer does not deviate from the user's question and is relevant to the issue at hand.",none
